user_id,amount,location,label,explanation
5354,255.43,RareStoreX,ANOMALY,"This transaction occurred at an unusual location ('RareStoreX'), which is not typical for normal spending."
4094,219.44,StoreC,NORMAL,This transaction amount ($219.44) is typical for normal spending behavior.
3401,20.0,StoreB,NORMAL,This transaction amount ($20.0) is typical for normal spending behavior.
2868,138.54,StoreB,NORMAL,This transaction amount ($138.54) is typical for normal spending behavior.
3732,158.63,StoreB,NORMAL,This transaction amount ($158.63) falls within the typical range of spending.
1594,93.44,StoreB,NORMAL,This transaction amount ($93.44) is typical for normal spending behavior.
4447,263.14,OutlierMallY,ANOMALY,"This transaction occurred at an unusual location ('OutlierMallY'), which is not typical for normal spending."
1180,3.73,StoreA,ANOMALY,This transaction amount ($3.73) is extremely low and may indicate refund fraud or abnormal behavior.
2842,0.7,StoreB,ANOMALY,This transaction amount ($0.7) is extremely low and may indicate refund fraud or abnormal behavior.
7670,5396.79,StoreC,ANOMALY,This transaction amount ($5396.79) is unusually high compared to normal spending levels.
8557,136.26,StoreA,NORMAL,This transaction amount ($136.26) is typical for normal spending behavior.
6131,89.56,RareStoreX,ANOMALY,"This transaction occurred at an unusual location ('RareStoreX'), which is not typical for normal spending."
2653,199.63,StoreC,NORMAL,This transaction amount ($199.63) falls within the typical range of spending.
3801,212.44,StoreC,NORMAL,This transaction amount ($212.44) is typical for normal spending behavior.
1325,7759.43,StoreA,ANOMALY,This transaction amount ($7759.43) is unusually high compared to normal spending levels.
1242,222.06,StoreA,NORMAL,This transaction amount ($222.06) is typical for normal spending behavior.
4810,2.36,StoreB,ANOMALY,This transaction amount ($2.36) is extremely low and may indicate refund fraud or abnormal behavior.
7152,240.81,StoreA,NORMAL,This transaction amount ($240.81) is typical for normal spending behavior.
1873,176.5,StoreB,NORMAL,This transaction amount ($176.5) is typical for normal spending behavior.
8759,194.24,StoreA,NORMAL,This transaction amount ($194.24) is typical for normal spending behavior.
8902,111.99,StoreB,NORMAL,This transaction amount ($111.99) is typical for normal spending behavior.
5018,77.0,StoreB,NORMAL,This transaction amount ($77.0) is typical for normal spending behavior.
3383,109.13,StoreC,NORMAL,This transaction amount ($109.13) is typical for normal spending behavior.
1641,174.76,StoreA,NORMAL,This transaction amount ($174.76) is typical for normal spending behavior.
7829,4.29,StoreC,ANOMALY,This transaction amount ($4.29) is extremely low and may indicate refund fraud or abnormal behavior.
2386,302.7,StoreA,NORMAL,This transaction amount ($302.7) is typical for normal spending behavior.
5076,169.33,StoreB,NORMAL,This transaction amount ($169.33) is typical for normal spending behavior.
1660,149.1,StoreB,NORMAL,This transaction amount ($149.1) falls within the typical range of spending.
4281,170.37,StoreC,NORMAL,This transaction amount ($170.37) is typical for normal spending behavior.
9015,147.14,StoreB,NORMAL,This transaction amount ($147.14) is typical for normal spending behavior.
5953,250.34,StoreA,NORMAL,This transaction amount ($250.34) is typical for normal spending behavior.
3261,324.52,StoreB,NORMAL,This transaction amount ($324.52) is typical for normal spending behavior.
8765,3034.9,StoreB,ANOMALY,This transaction amount ($3034.9) is unusually high compared to normal spending levels.
4882,3769.5,StoreA,ANOMALY,This transaction amount ($3769.5) is unusually high compared to normal spending levels.
1329,107.16,StoreB,NORMAL,This transaction amount ($107.16) is typical for normal spending behavior.
5378,221.9,StoreA,NORMAL,This transaction amount ($221.9) is typical for normal spending behavior.
1521,111.58,StoreB,NORMAL,This transaction amount ($111.58) falls within the typical range of spending.
4758,213.84,StoreA,NORMAL,This transaction amount ($213.84) is typical for normal spending behavior.
4632,3.15,StoreB,ANOMALY,This transaction amount ($3.15) is extremely low and may indicate refund fraud or abnormal behavior.
1110,7860.35,StoreC,ANOMALY,This transaction amount ($7860.35) is unusually high compared to normal spending levels.
8960,167.98,StoreA,NORMAL,This transaction amount ($167.98) is typical for normal spending behavior.
6959,230.48,StoreC,NORMAL,This transaction amount ($230.48) is typical for normal spending behavior.
8311,179.93,StoreB,NORMAL,This transaction amount ($179.93) is typical for normal spending behavior.
6463,154.88,StoreA,NORMAL,This transaction amount ($154.88) is typical for normal spending behavior.
7073,7915.77,StoreA,ANOMALY,This transaction amount ($7915.77) is unusually high compared to normal spending levels.
5995,227.21,StoreA,NORMAL,This transaction amount ($227.21) is typical for normal spending behavior.
4872,133.86,StoreC,NORMAL,This transaction amount ($133.86) is typical for normal spending behavior.
1765,167.67,StoreC,NORMAL,This transaction amount ($167.67) is typical for normal spending behavior.
4953,4.79,StoreB,ANOMALY,This transaction amount ($4.79) is extremely low and may indicate refund fraud or abnormal behavior.
7727,287.21,StoreA,NORMAL,This transaction amount ($287.21) is typical for normal spending behavior.
6080,232.41,OutlierMallY,ANOMALY,"This transaction occurred at an unusual location ('OutlierMallY'), which is not typical for normal spending."
7273,82.42,StoreA,NORMAL,This transaction amount ($82.42) is typical for normal spending behavior.
4954,230.34,StoreB,NORMAL,This transaction amount ($230.34) is typical for normal spending behavior.
4628,248.65,StoreA,NORMAL,This transaction amount ($248.65) is typical for normal spending behavior.
9468,127.7,StoreC,NORMAL,This transaction amount ($127.7) falls within the typical range of spending.
4407,168.45,StoreA,NORMAL,This transaction amount ($168.45) is typical for normal spending behavior.
3603,169.35,StoreA,NORMAL,This transaction amount ($169.35) falls within the typical range of spending.
4395,214.89,StoreC,NORMAL,This transaction amount ($214.89) is typical for normal spending behavior.
6988,229.46,StoreB,NORMAL,This transaction amount ($229.46) is typical for normal spending behavior.
6191,198.54,StoreC,NORMAL,This transaction amount ($198.54) is typical for normal spending behavior.
7130,51.7,StoreA,NORMAL,This transaction amount ($51.7) is typical for normal spending behavior.
8550,218.1,StoreC,NORMAL,This transaction amount ($218.1) is typical for normal spending behavior.
3370,259.78,StoreC,NORMAL,This transaction amount ($259.78) is typical for normal spending behavior.
7056,187.84,StoreB,NORMAL,This transaction amount ($187.84) falls within the typical range of spending.
4988,325.31,StoreA,NORMAL,This transaction amount ($325.31) is typical for normal spending behavior.
1295,6839.91,StoreA,ANOMALY,This transaction amount ($6839.91) is unusually high compared to normal spending levels.
6728,141.45,StoreC,NORMAL,This transaction amount ($141.45) is typical for normal spending behavior.
6412,82.51,StoreB,NORMAL,This transaction amount ($82.51) falls within the typical range of spending.
1723,105.19,StoreA,NORMAL,This transaction amount ($105.19) falls within the typical range of spending.
7491,3022.13,StoreB,ANOMALY,This transaction amount ($3022.13) is unusually high compared to normal spending levels.
2830,194.13,StoreB,NORMAL,This transaction amount ($194.13) is typical for normal spending behavior.
5261,207.36,StoreB,NORMAL,This transaction amount ($207.36) is typical for normal spending behavior.
2617,88.4,StoreC,NORMAL,This transaction amount ($88.4) falls within the typical range of spending.
4345,285.59,RareStoreX,ANOMALY,"This transaction occurred at an unusual location ('RareStoreX'), which is not typical for normal spending."
5048,132.24,OutlierMallY,ANOMALY,"This transaction occurred at an unusual location ('OutlierMallY'), which is not typical for normal spending."
1329,140.34,StoreC,NORMAL,This transaction amount ($140.34) is typical for normal spending behavior.
6829,304.98,StoreB,NORMAL,This transaction amount ($304.98) is typical for normal spending behavior.
7262,66.64,StoreA,NORMAL,This transaction amount ($66.64) falls within the typical range of spending.
7499,358.66,StoreA,NORMAL,This transaction amount ($358.66) is typical for normal spending behavior.
8631,229.27,StoreA,NORMAL,This transaction amount ($229.27) is typical for normal spending behavior.
6311,219.45,StoreA,NORMAL,This transaction amount ($219.45) is typical for normal spending behavior.
6911,227.47,StoreC,NORMAL,This transaction amount ($227.47) is typical for normal spending behavior.
7626,111.77,StoreA,NORMAL,This transaction amount ($111.77) falls within the typical range of spending.
3023,131.67,RareStoreX,ANOMALY,"This transaction occurred at an unusual location ('RareStoreX'), which is not typical for normal spending."
2663,168.13,StoreB,NORMAL,This transaction amount ($168.13) is typical for normal spending behavior.
6283,81.98,StoreC,NORMAL,This transaction amount ($81.98) is typical for normal spending behavior.
1025,3465.0,StoreC,ANOMALY,This transaction amount ($3465.0) is unusually high compared to normal spending levels.
1551,94.48,StoreC,NORMAL,This transaction amount ($94.48) is typical for normal spending behavior.
4661,163.62,OutlierMallY,ANOMALY,"This transaction occurred at an unusual location ('OutlierMallY'), which is not typical for normal spending."
5234,78.61,StoreB,NORMAL,This transaction amount ($78.61) falls within the typical range of spending.
8980,250.98,StoreB,NORMAL,This transaction amount ($250.98) is typical for normal spending behavior.
2724,227.35,StoreB,NORMAL,This transaction amount ($227.35) is typical for normal spending behavior.
8244,198.83,StoreB,NORMAL,This transaction amount ($198.83) is typical for normal spending behavior.
1730,255.3,StoreB,NORMAL,This transaction amount ($255.3) is typical for normal spending behavior.
4255,146.84,RareStoreX,ANOMALY,"This transaction occurred at an unusual location ('RareStoreX'), which is not typical for normal spending."
2631,161.01,StoreA,NORMAL,This transaction amount ($161.01) is typical for normal spending behavior.
1684,69.17,StoreC,NORMAL,This transaction amount ($69.17) falls within the typical range of spending.
9152,59.73,StoreC,NORMAL,This transaction amount ($59.73) falls within the typical range of spending.
4861,118.8,StoreB,NORMAL,This transaction amount ($118.8) falls within the typical range of spending.
3924,190.14,StoreA,NORMAL,This transaction amount ($190.14) is typical for normal spending behavior.
3478,146.75,StoreB,NORMAL,This transaction amount ($146.75) falls within the typical range of spending.
6909,173.96,StoreB,NORMAL,This transaction amount ($173.96) falls within the typical range of spending.
4996,4548.01,StoreA,ANOMALY,This transaction amount ($4548.01) is unusually high compared to normal spending levels.
6310,202.05,StoreB,NORMAL,This transaction amount ($202.05) is typical for normal spending behavior.
5511,195.56,StoreC,NORMAL,This transaction amount ($195.56) is typical for normal spending behavior.
6710,3708.21,StoreA,ANOMALY,This transaction amount ($3708.21) is unusually high compared to normal spending levels.
5616,236.4,StoreB,NORMAL,This transaction amount ($236.4) is typical for normal spending behavior.
5752,95.79,StoreA,NORMAL,This transaction amount ($95.79) falls within the typical range of spending.
1120,313.87,StoreB,NORMAL,This transaction amount ($313.87) is typical for normal spending behavior.
2601,4.55,StoreA,ANOMALY,This transaction amount ($4.55) is extremely low and may indicate refund fraud or abnormal behavior.
5050,193.73,StoreB,NORMAL,This transaction amount ($193.73) is typical for normal spending behavior.
4754,6537.59,StoreA,ANOMALY,This transaction amount ($6537.59) is unusually high compared to normal spending levels.
3486,46.26,StoreC,NORMAL,This transaction amount ($46.26) is typical for normal spending behavior.
7817,3.63,StoreB,ANOMALY,This transaction amount ($3.63) is extremely low and may indicate refund fraud or abnormal behavior.
1565,220.1,StoreB,NORMAL,This transaction amount ($220.1) is typical for normal spending behavior.
1663,6388.01,StoreA,ANOMALY,This transaction amount ($6388.01) is unusually high compared to normal spending levels.
6893,128.83,StoreB,NORMAL,This transaction amount ($128.83) falls within the typical range of spending.
8595,193.99,StoreB,NORMAL,This transaction amount ($193.99) is typical for normal spending behavior.
4823,156.18,StoreB,NORMAL,This transaction amount ($156.18) is typical for normal spending behavior.
6739,160.89,StoreB,NORMAL,This transaction amount ($160.89) is typical for normal spending behavior.
7380,251.15,StoreC,NORMAL,This transaction amount ($251.15) is typical for normal spending behavior.
6194,1.86,StoreC,ANOMALY,This transaction amount ($1.86) is extremely low and may indicate refund fraud or abnormal behavior.
8589,6642.8,StoreA,ANOMALY,This transaction amount ($6642.8) is unusually high compared to normal spending levels.
1749,1.62,StoreC,ANOMALY,This transaction amount ($1.62) is extremely low and may indicate refund fraud or abnormal behavior.
7708,192.58,StoreA,NORMAL,This transaction amount ($192.58) is typical for normal spending behavior.
6365,4.0,StoreB,ANOMALY,This transaction amount ($4.0) is extremely low and may indicate refund fraud or abnormal behavior.
2331,289.7,StoreB,NORMAL,This transaction amount ($289.7) is typical for normal spending behavior.
4475,171.57,StoreA,NORMAL,This transaction amount ($171.57) is typical for normal spending behavior.
8647,127.42,StoreA,NORMAL,This transaction amount ($127.42) is typical for normal spending behavior.
6355,261.62,StoreA,NORMAL,This transaction amount ($261.62) is typical for normal spending behavior.
2888,233.93,StoreC,NORMAL,This transaction amount ($233.93) is typical for normal spending behavior.
7294,7323.44,StoreB,ANOMALY,This transaction amount ($7323.44) is unusually high compared to normal spending levels.
2571,5043.94,StoreB,ANOMALY,This transaction amount ($5043.94) is unusually high compared to normal spending levels.
3759,125.65,StoreC,NORMAL,This transaction amount ($125.65) is typical for normal spending behavior.
6031,82.37,StoreC,NORMAL,This transaction amount ($82.37) falls within the typical range of spending.
5515,287.85,StoreC,NORMAL,This transaction amount ($287.85) is typical for normal spending behavior.
8872,159.46,StoreC,NORMAL,This transaction amount ($159.46) is typical for normal spending behavior.
4810,227.44,StoreC,NORMAL,This transaction amount ($227.44) is typical for normal spending behavior.
5745,2.85,StoreC,ANOMALY,This transaction amount ($2.85) is extremely low and may indicate refund fraud or abnormal behavior.
3162,284.63,StoreB,NORMAL,This transaction amount ($284.63) is typical for normal spending behavior.
2992,168.17,StoreA,NORMAL,This transaction amount ($168.17) is typical for normal spending behavior.
2641,80.75,StoreC,NORMAL,This transaction amount ($80.75) is typical for normal spending behavior.
5033,3.67,StoreB,ANOMALY,This transaction amount ($3.67) is extremely low and may indicate refund fraud or abnormal behavior.
8975,5055.45,StoreA,ANOMALY,This transaction amount ($5055.45) is unusually high compared to normal spending levels.
5027,261.41,StoreA,NORMAL,This transaction amount ($261.41) is typical for normal spending behavior.
8083,193.81,StoreC,NORMAL,This transaction amount ($193.81) is typical for normal spending behavior.
9277,57.47,StoreB,NORMAL,This transaction amount ($57.47) falls within the typical range of spending.
8500,1.35,StoreA,ANOMALY,This transaction amount ($1.35) is extremely low and may indicate refund fraud or abnormal behavior.
6166,143.21,StoreC,NORMAL,This transaction amount ($143.21) falls within the typical range of spending.
3371,4909.17,StoreC,ANOMALY,This transaction amount ($4909.17) is unusually high compared to normal spending levels.
4764,272.11,RareStoreX,ANOMALY,"This transaction occurred at an unusual location ('RareStoreX'), which is not typical for normal spending."
5412,120.97,StoreA,NORMAL,This transaction amount ($120.97) is typical for normal spending behavior.
4003,194.7,StoreC,NORMAL,This transaction amount ($194.7) is typical for normal spending behavior.
1560,289.05,StoreC,NORMAL,This transaction amount ($289.05) is typical for normal spending behavior.
3428,139.9,StoreA,NORMAL,This transaction amount ($139.9) is typical for normal spending behavior.
7256,196.36,StoreC,NORMAL,This transaction amount ($196.36) is typical for normal spending behavior.
8734,154.34,OutlierMallY,ANOMALY,"This transaction occurred at an unusual location ('OutlierMallY'), which is not typical for normal spending."
1711,214.45,StoreC,NORMAL,This transaction amount ($214.45) is typical for normal spending behavior.
3384,210.59,StoreA,NORMAL,This transaction amount ($210.59) is typical for normal spending behavior.
5923,54.66,StoreC,NORMAL,This transaction amount ($54.66) falls within the typical range of spending.
3810,137.89,StoreC,NORMAL,This transaction amount ($137.89) is typical for normal spending behavior.
1235,302.13,StoreA,NORMAL,This transaction amount ($302.13) is typical for normal spending behavior.
1301,1.05,StoreB,ANOMALY,This transaction amount ($1.05) is extremely low and may indicate refund fraud or abnormal behavior.
6888,7627.47,StoreA,ANOMALY,This transaction amount ($7627.47) is unusually high compared to normal spending levels.
9118,117.19,StoreB,NORMAL,This transaction amount ($117.19) is typical for normal spending behavior.
8936,3.59,StoreB,ANOMALY,This transaction amount ($3.59) is extremely low and may indicate refund fraud or abnormal behavior.
8232,6089.79,StoreA,ANOMALY,This transaction amount ($6089.79) is unusually high compared to normal spending levels.
2224,23.58,StoreA,NORMAL,This transaction amount ($23.58) is typical for normal spending behavior.
8265,6281.81,StoreC,ANOMALY,This transaction amount ($6281.81) is unusually high compared to normal spending levels.
8234,237.53,StoreB,NORMAL,This transaction amount ($237.53) is typical for normal spending behavior.
3243,165.45,StoreB,NORMAL,This transaction amount ($165.45) is typical for normal spending behavior.
1678,233.78,StoreC,NORMAL,This transaction amount ($233.78) is typical for normal spending behavior.
4257,105.42,StoreA,NORMAL,This transaction amount ($105.42) is typical for normal spending behavior.
9907,130.8,StoreA,NORMAL,This transaction amount ($130.8) is typical for normal spending behavior.
6351,4.94,StoreB,ANOMALY,This transaction amount ($4.94) is extremely low and may indicate refund fraud or abnormal behavior.
5310,209.47,StoreC,NORMAL,This transaction amount ($209.47) is typical for normal spending behavior.
2798,74.3,StoreA,NORMAL,This transaction amount ($74.3) falls within the typical range of spending.
7389,2.16,StoreA,ANOMALY,This transaction amount ($2.16) is extremely low and may indicate refund fraud or abnormal behavior.
8689,195.17,StoreB,NORMAL,This transaction amount ($195.17) falls within the typical range of spending.
2859,5186.85,StoreB,ANOMALY,This transaction amount ($5186.85) is unusually high compared to normal spending levels.
9930,244.08,StoreA,NORMAL,This transaction amount ($244.08) is typical for normal spending behavior.
7655,1.05,StoreC,ANOMALY,This transaction amount ($1.05) is extremely low and may indicate refund fraud or abnormal behavior.
2860,282.01,StoreB,NORMAL,This transaction amount ($282.01) is typical for normal spending behavior.
2429,1.36,StoreB,ANOMALY,This transaction amount ($1.36) is extremely low and may indicate refund fraud or abnormal behavior.
6914,168.43,StoreB,NORMAL,This transaction amount ($168.43) is typical for normal spending behavior.
4994,186.41,StoreC,NORMAL,This transaction amount ($186.41) is typical for normal spending behavior.
5735,139.5,StoreC,NORMAL,This transaction amount ($139.5) falls within the typical range of spending.
1145,218.48,StoreB,NORMAL,This transaction amount ($218.48) is typical for normal spending behavior.
8466,4.52,StoreA,ANOMALY,This transaction amount ($4.52) is extremely low and may indicate refund fraud or abnormal behavior.
9308,1.71,StoreB,ANOMALY,This transaction amount ($1.71) is extremely low and may indicate refund fraud or abnormal behavior.
3150,3651.86,StoreC,ANOMALY,This transaction amount ($3651.86) is unusually high compared to normal spending levels.
1231,144.49,RareStoreX,ANOMALY,"This transaction occurred at an unusual location ('RareStoreX'), which is not typical for normal spending."
7409,166.94,OutlierMallY,ANOMALY,"This transaction occurred at an unusual location ('OutlierMallY'), which is not typical for normal spending."
4819,3.37,StoreB,ANOMALY,This transaction amount ($3.37) is extremely low and may indicate refund fraud or abnormal behavior.
2159,197.27,StoreA,NORMAL,This transaction amount ($197.27) is typical for normal spending behavior.
7614,174.24,StoreC,NORMAL,This transaction amount ($174.24) is typical for normal spending behavior.
2120,6820.95,StoreA,ANOMALY,This transaction amount ($6820.95) is unusually high compared to normal spending levels.
4005,3.08,StoreB,ANOMALY,This transaction amount ($3.08) is extremely low and may indicate refund fraud or abnormal behavior.
5273,202.84,StoreB,NORMAL,This transaction amount ($202.84) is typical for normal spending behavior.
8304,4648.86,StoreB,ANOMALY,This transaction amount ($4648.86) is unusually high compared to normal spending levels.
8565,208.7,StoreC,NORMAL,This transaction amount ($208.7) is typical for normal spending behavior.
2274,7191.08,StoreB,ANOMALY,This transaction amount ($7191.08) is unusually high compared to normal spending levels.
4773,198.14,StoreB,NORMAL,This transaction amount ($198.14) is typical for normal spending behavior.
5326,7779.65,StoreC,ANOMALY,This transaction amount ($7779.65) is unusually high compared to normal spending levels.
5094,194.05,StoreB,NORMAL,This transaction amount ($194.05) is typical for normal spending behavior.
5233,127.43,StoreC,NORMAL,This transaction amount ($127.43) is typical for normal spending behavior.
6556,202.08,StoreC,NORMAL,This transaction amount ($202.08) is typical for normal spending behavior.
1962,4844.54,StoreB,ANOMALY,This transaction amount ($4844.54) is unusually high compared to normal spending levels.
8177,180.02,StoreC,NORMAL,This transaction amount ($180.02) falls within the typical range of spending.
4772,213.45,StoreA,NORMAL,This transaction amount ($213.45) is typical for normal spending behavior.
9434,179.77,StoreC,NORMAL,This transaction amount ($179.77) is typical for normal spending behavior.
3215,1.85,StoreC,ANOMALY,This transaction amount ($1.85) is extremely low and may indicate refund fraud or abnormal behavior.
4770,215.19,StoreB,NORMAL,This transaction amount ($215.19) is typical for normal spending behavior.
9747,6732.8,StoreA,ANOMALY,This transaction amount ($6732.8) is unusually high compared to normal spending levels.
2996,233.34,StoreB,NORMAL,This transaction amount ($233.34) is typical for normal spending behavior.
2568,183.73,StoreB,NORMAL,This transaction amount ($183.73) is typical for normal spending behavior.
4257,242.84,StoreB,NORMAL,This transaction amount ($242.84) is typical for normal spending behavior.
4896,7931.78,StoreA,ANOMALY,This transaction amount ($7931.78) is unusually high compared to normal spending levels.
1125,4402.85,StoreA,ANOMALY,This transaction amount ($4402.85) is unusually high compared to normal spending levels.
1788,214.26,RareStoreX,ANOMALY,"This transaction occurred at an unusual location ('RareStoreX'), which is not typical for normal spending."
1022,2.13,StoreB,ANOMALY,This transaction amount ($2.13) is extremely low and may indicate refund fraud or abnormal behavior.
6353,315.22,RareStoreX,ANOMALY,"This transaction occurred at an unusual location ('RareStoreX'), which is not typical for normal spending."
3507,222.4,StoreA,NORMAL,This transaction amount ($222.4) is typical for normal spending behavior.
6435,217.22,StoreB,NORMAL,This transaction amount ($217.22) is typical for normal spending behavior.
8612,272.23,StoreC,NORMAL,This transaction amount ($272.23) is typical for normal spending behavior.
6324,166.93,StoreC,NORMAL,This transaction amount ($166.93) is typical for normal spending behavior.
8787,160.9,StoreB,NORMAL,This transaction amount ($160.9) is typical for normal spending behavior.
3944,6657.31,StoreC,ANOMALY,This transaction amount ($6657.31) is unusually high compared to normal spending levels.
2824,261.44,StoreA,NORMAL,This transaction amount ($261.44) is typical for normal spending behavior.
6656,154.29,StoreB,NORMAL,This transaction amount ($154.29) falls within the typical range of spending.
8349,92.24,StoreA,NORMAL,This transaction amount ($92.24) falls within the typical range of spending.
3169,338.47,StoreC,NORMAL,This transaction amount ($338.47) is typical for normal spending behavior.
1364,247.42,StoreC,NORMAL,This transaction amount ($247.42) is typical for normal spending behavior.
3283,261.75,StoreC,NORMAL,This transaction amount ($261.75) is typical for normal spending behavior.
3738,355.37,StoreA,NORMAL,This transaction amount ($355.37) is typical for normal spending behavior.
9572,71.86,StoreC,NORMAL,This transaction amount ($71.86) is typical for normal spending behavior.
6087,272.78,RareStoreX,ANOMALY,"This transaction occurred at an unusual location ('RareStoreX'), which is not typical for normal spending."
9812,240.76,StoreA,NORMAL,This transaction amount ($240.76) is typical for normal spending behavior.
4139,115.69,StoreB,NORMAL,This transaction amount ($115.69) falls within the typical range of spending.
4364,67.76,StoreB,NORMAL,This transaction amount ($67.76) falls within the typical range of spending.
8157,207.75,OutlierMallY,ANOMALY,"This transaction occurred at an unusual location ('OutlierMallY'), which is not typical for normal spending."
4916,242.88,StoreA,NORMAL,This transaction amount ($242.88) is typical for normal spending behavior.
9789,139.05,StoreB,NORMAL,This transaction amount ($139.05) is typical for normal spending behavior.
2535,4292.88,StoreC,ANOMALY,This transaction amount ($4292.88) is unusually high compared to normal spending levels.
5644,286.91,StoreA,NORMAL,This transaction amount ($286.91) is typical for normal spending behavior.
5928,104.9,StoreB,NORMAL,This transaction amount ($104.9) falls within the typical range of spending.
8982,175.35,StoreB,NORMAL,This transaction amount ($175.35) is typical for normal spending behavior.
7549,7186.77,StoreA,ANOMALY,This transaction amount ($7186.77) is unusually high compared to normal spending levels.
7370,4.19,StoreC,ANOMALY,This transaction amount ($4.19) is extremely low and may indicate refund fraud or abnormal behavior.
2292,90.92,StoreB,NORMAL,This transaction amount ($90.92) is typical for normal spending behavior.
8446,3858.04,StoreA,ANOMALY,This transaction amount ($3858.04) is unusually high compared to normal spending levels.
4044,185.79,StoreA,NORMAL,This transaction amount ($185.79) is typical for normal spending behavior.
2986,6890.01,StoreB,ANOMALY,This transaction amount ($6890.01) is unusually high compared to normal spending levels.
8165,62.69,StoreC,NORMAL,This transaction amount ($62.69) falls within the typical range of spending.
2525,225.55,StoreB,NORMAL,This transaction amount ($225.55) is typical for normal spending behavior.
7572,238.79,StoreB,NORMAL,This transaction amount ($238.79) is typical for normal spending behavior.
3500,133.37,StoreB,NORMAL,This transaction amount ($133.37) is typical for normal spending behavior.
9799,174.08,OutlierMallY,ANOMALY,"This transaction occurred at an unusual location ('OutlierMallY'), which is not typical for normal spending."
1333,7693.46,StoreC,ANOMALY,This transaction amount ($7693.46) is unusually high compared to normal spending levels.
1761,150.08,StoreA,NORMAL,This transaction amount ($150.08) is typical for normal spending behavior.
8142,134.95,StoreB,NORMAL,This transaction amount ($134.95) falls within the typical range of spending.
5911,232.3,StoreA,NORMAL,This transaction amount ($232.3) is typical for normal spending behavior.
4368,83.45,StoreC,NORMAL,This transaction amount ($83.45) falls within the typical range of spending.
1452,164.04,StoreA,NORMAL,This transaction amount ($164.04) is typical for normal spending behavior.
1154,4.91,StoreA,ANOMALY,This transaction amount ($4.91) is extremely low and may indicate refund fraud or abnormal behavior.
3755,254.55,OutlierMallY,ANOMALY,"This transaction occurred at an unusual location ('OutlierMallY'), which is not typical for normal spending."
1340,258.91,StoreB,NORMAL,This transaction amount ($258.91) is typical for normal spending behavior.
6740,290.21,StoreC,NORMAL,This transaction amount ($290.21) is typical for normal spending behavior.
4766,2834.3,StoreA,ANOMALY,This transaction amount ($2834.3) is unusually high compared to normal spending levels.
4859,64.66,StoreC,NORMAL,This transaction amount ($64.66) falls within the typical range of spending.
1122,215.36,StoreA,NORMAL,This transaction amount ($215.36) is typical for normal spending behavior.
6302,300.47,StoreC,NORMAL,This transaction amount ($300.47) is typical for normal spending behavior.
8393,154.78,StoreA,NORMAL,This transaction amount ($154.78) is typical for normal spending behavior.
8372,291.16,StoreA,NORMAL,This transaction amount ($291.16) is typical for normal spending behavior.
1350,229.36,StoreC,NORMAL,This transaction amount ($229.36) is typical for normal spending behavior.
9399,162.51,StoreC,NORMAL,This transaction amount ($162.51) is typical for normal spending behavior.
2293,240.37,StoreA,NORMAL,This transaction amount ($240.37) is typical for normal spending behavior.
3017,183.16,StoreB,NORMAL,This transaction amount ($183.16) is typical for normal spending behavior.
5144,309.89,StoreA,NORMAL,This transaction amount ($309.89) is typical for normal spending behavior.
1885,207.69,StoreB,NORMAL,This transaction amount ($207.69) is typical for normal spending behavior.
9787,3736.18,StoreB,ANOMALY,This transaction amount ($3736.18) is unusually high compared to normal spending levels.
6207,7593.04,StoreB,ANOMALY,This transaction amount ($7593.04) is unusually high compared to normal spending levels.
4037,58.54,StoreC,NORMAL,This transaction amount ($58.54) falls within the typical range of spending.
3749,7709.75,StoreB,ANOMALY,This transaction amount ($7709.75) is unusually high compared to normal spending levels.
3513,309.56,StoreA,NORMAL,This transaction amount ($309.56) is typical for normal spending behavior.
5953,2709.84,StoreB,ANOMALY,This transaction amount ($2709.84) is unusually high compared to normal spending levels.
9542,5675.7,StoreC,ANOMALY,This transaction amount ($5675.7) is unusually high compared to normal spending levels.
8157,100.27,StoreB,NORMAL,This transaction amount ($100.27) falls within the typical range of spending.
1308,363.21,StoreA,NORMAL,This transaction amount ($363.21) is typical for normal spending behavior.
6563,305.52,StoreC,NORMAL,This transaction amount ($305.52) is typical for normal spending behavior.
6512,220.96,RareStoreX,ANOMALY,"This transaction occurred at an unusual location ('RareStoreX'), which is not typical for normal spending."
5647,219.46,StoreC,NORMAL,This transaction amount ($219.46) is typical for normal spending behavior.
2054,204.02,StoreB,NORMAL,This transaction amount ($204.02) is typical for normal spending behavior.
3113,183.03,OutlierMallY,ANOMALY,"This transaction occurred at an unusual location ('OutlierMallY'), which is not typical for normal spending."
6404,7205.95,StoreB,ANOMALY,This transaction amount ($7205.95) is unusually high compared to normal spending levels.
8961,162.57,StoreC,NORMAL,This transaction amount ($162.57) is typical for normal spending behavior.
7034,279.1,StoreB,NORMAL,This transaction amount ($279.1) is typical for normal spending behavior.
7550,156.43,RareStoreX,ANOMALY,"This transaction occurred at an unusual location ('RareStoreX'), which is not typical for normal spending."
5000,180.15,StoreA,NORMAL,This transaction amount ($180.15) falls within the typical range of spending.
4262,162.87,StoreA,NORMAL,This transaction amount ($162.87) falls within the typical range of spending.
5287,164.26,StoreA,NORMAL,This transaction amount ($164.26) is typical for normal spending behavior.
3276,185.28,StoreC,NORMAL,This transaction amount ($185.28) is typical for normal spending behavior.
3413,161.39,StoreC,NORMAL,This transaction amount ($161.39) is typical for normal spending behavior.
1134,2.31,StoreA,ANOMALY,This transaction amount ($2.31) is extremely low and may indicate refund fraud or abnormal behavior.
3658,123.17,StoreA,NORMAL,This transaction amount ($123.17) is typical for normal spending behavior.
3362,177.99,StoreA,NORMAL,This transaction amount ($177.99) is typical for normal spending behavior.
4289,116.94,StoreC,NORMAL,This transaction amount ($116.94) falls within the typical range of spending.
3860,59.08,StoreC,NORMAL,This transaction amount ($59.08) falls within the typical range of spending.
2363,7311.85,StoreB,ANOMALY,This transaction amount ($7311.85) is unusually high compared to normal spending levels.
1390,87.2,StoreC,NORMAL,This transaction amount ($87.2) is typical for normal spending behavior.
4602,310.29,StoreC,NORMAL,This transaction amount ($310.29) is typical for normal spending behavior.
8115,222.35,RareStoreX,ANOMALY,"This transaction occurred at an unusual location ('RareStoreX'), which is not typical for normal spending."
5052,204.45,StoreB,NORMAL,This transaction amount ($204.45) is typical for normal spending behavior.
3939,123.8,StoreA,NORMAL,This transaction amount ($123.8) is typical for normal spending behavior.
7217,237.36,StoreA,NORMAL,This transaction amount ($237.36) is typical for normal spending behavior.
3440,196.99,StoreB,NORMAL,This transaction amount ($196.99) is typical for normal spending behavior.
6599,155.92,StoreA,NORMAL,This transaction amount ($155.92) is typical for normal spending behavior.
3258,303.16,StoreC,NORMAL,This transaction amount ($303.16) is typical for normal spending behavior.
2566,3.01,StoreA,ANOMALY,This transaction amount ($3.01) is extremely low and may indicate refund fraud or abnormal behavior.
5729,3.4,StoreC,ANOMALY,This transaction amount ($3.4) is extremely low and may indicate refund fraud or abnormal behavior.
6611,173.62,StoreB,NORMAL,This transaction amount ($173.62) is typical for normal spending behavior.
6822,223.6,StoreB,NORMAL,This transaction amount ($223.6) is typical for normal spending behavior.
3178,128.48,StoreB,NORMAL,This transaction amount ($128.48) falls within the typical range of spending.
2948,7747.85,StoreA,ANOMALY,This transaction amount ($7747.85) is unusually high compared to normal spending levels.
6406,217.32,StoreA,NORMAL,This transaction amount ($217.32) is typical for normal spending behavior.
9353,211.66,StoreA,NORMAL,This transaction amount ($211.66) is typical for normal spending behavior.
1560,191.06,StoreC,NORMAL,This transaction amount ($191.06) is typical for normal spending behavior.
7999,199.58,StoreB,NORMAL,This transaction amount ($199.58) is typical for normal spending behavior.
9524,195.7,StoreA,NORMAL,This transaction amount ($195.7) is typical for normal spending behavior.
7943,220.44,StoreC,NORMAL,This transaction amount ($220.44) is typical for normal spending behavior.
9994,215.52,StoreB,NORMAL,This transaction amount ($215.52) is typical for normal spending behavior.
1932,160.93,StoreA,NORMAL,This transaction amount ($160.93) falls within the typical range of spending.
8387,111.07,StoreC,NORMAL,This transaction amount ($111.07) falls within the typical range of spending.
7906,122.19,StoreA,NORMAL,This transaction amount ($122.19) is typical for normal spending behavior.
4727,161.39,StoreB,NORMAL,This transaction amount ($161.39) is typical for normal spending behavior.
5841,187.44,StoreB,NORMAL,This transaction amount ($187.44) is typical for normal spending behavior.
8807,1.54,StoreB,ANOMALY,This transaction amount ($1.54) is extremely low and may indicate refund fraud or abnormal behavior.
9201,207.7,RareStoreX,ANOMALY,"This transaction occurred at an unusual location ('RareStoreX'), which is not typical for normal spending."
2896,4.64,StoreB,ANOMALY,This transaction amount ($4.64) is extremely low and may indicate refund fraud or abnormal behavior.
1471,186.82,StoreA,NORMAL,This transaction amount ($186.82) is typical for normal spending behavior.
9625,276.77,StoreB,NORMAL,This transaction amount ($276.77) is typical for normal spending behavior.
2264,204.25,RareStoreX,ANOMALY,"This transaction occurred at an unusual location ('RareStoreX'), which is not typical for normal spending."
3816,6313.84,StoreC,ANOMALY,This transaction amount ($6313.84) is unusually high compared to normal spending levels.
5298,156.85,StoreB,NORMAL,This transaction amount ($156.85) is typical for normal spending behavior.
5611,112.19,StoreB,NORMAL,This transaction amount ($112.19) is typical for normal spending behavior.
5637,183.2,StoreA,NORMAL,This transaction amount ($183.2) falls within the typical range of spending.
6618,4.38,StoreA,ANOMALY,This transaction amount ($4.38) is extremely low and may indicate refund fraud or abnormal behavior.
6389,200.39,StoreA,NORMAL,This transaction amount ($200.39) is typical for normal spending behavior.
4305,3.76,StoreB,ANOMALY,This transaction amount ($3.76) is extremely low and may indicate refund fraud or abnormal behavior.
9239,53.63,StoreC,NORMAL,This transaction amount ($53.63) falls within the typical range of spending.
1885,145.83,OutlierMallY,ANOMALY,"This transaction occurred at an unusual location ('OutlierMallY'), which is not typical for normal spending."
7222,125.43,StoreB,NORMAL,This transaction amount ($125.43) falls within the typical range of spending.
6579,290.05,StoreB,NORMAL,This transaction amount ($290.05) is typical for normal spending behavior.
7096,4759.64,StoreC,ANOMALY,This transaction amount ($4759.64) is unusually high compared to normal spending levels.
6664,173.0,StoreA,NORMAL,This transaction amount ($173.0) is typical for normal spending behavior.
9239,3838.44,StoreB,ANOMALY,This transaction amount ($3838.44) is unusually high compared to normal spending levels.
8637,288.27,StoreB,NORMAL,This transaction amount ($288.27) is typical for normal spending behavior.
7967,139.35,StoreB,NORMAL,This transaction amount ($139.35) falls within the typical range of spending.
7991,89.37,StoreC,NORMAL,This transaction amount ($89.37) is typical for normal spending behavior.
2348,230.82,StoreA,NORMAL,This transaction amount ($230.82) is typical for normal spending behavior.
7870,223.61,StoreB,NORMAL,This transaction amount ($223.61) is typical for normal spending behavior.
7522,137.77,StoreA,NORMAL,This transaction amount ($137.77) is typical for normal spending behavior.
4875,207.22,StoreC,NORMAL,This transaction amount ($207.22) is typical for normal spending behavior.
4845,282.42,StoreC,NORMAL,This transaction amount ($282.42) is typical for normal spending behavior.
8392,146.94,StoreA,NORMAL,This transaction amount ($146.94) falls within the typical range of spending.
7686,151.03,StoreB,NORMAL,This transaction amount ($151.03) is typical for normal spending behavior.
8956,328.71,StoreA,NORMAL,This transaction amount ($328.71) is typical for normal spending behavior.
9431,144.42,StoreA,NORMAL,This transaction amount ($144.42) is typical for normal spending behavior.
4777,144.36,StoreA,NORMAL,This transaction amount ($144.36) is typical for normal spending behavior.
7936,117.04,StoreC,NORMAL,This transaction amount ($117.04) falls within the typical range of spending.
3831,7011.9,StoreB,ANOMALY,This transaction amount ($7011.9) is unusually high compared to normal spending levels.
2055,215.15,StoreB,NORMAL,This transaction amount ($215.15) is typical for normal spending behavior.
3510,182.58,StoreA,NORMAL,This transaction amount ($182.58) is typical for normal spending behavior.
8641,205.72,StoreC,NORMAL,This transaction amount ($205.72) is typical for normal spending behavior.
6329,198.59,StoreA,NORMAL,This transaction amount ($198.59) is typical for normal spending behavior.
8842,266.86,StoreC,NORMAL,This transaction amount ($266.86) is typical for normal spending behavior.
5838,208.6,StoreA,NORMAL,This transaction amount ($208.6) is typical for normal spending behavior.
1675,191.49,StoreA,NORMAL,This transaction amount ($191.49) falls within the typical range of spending.
6277,3914.13,StoreB,ANOMALY,This transaction amount ($3914.13) is unusually high compared to normal spending levels.
7508,287.82,RareStoreX,ANOMALY,"This transaction occurred at an unusual location ('RareStoreX'), which is not typical for normal spending."
6664,122.44,StoreB,NORMAL,This transaction amount ($122.44) is typical for normal spending behavior.
1560,7238.98,StoreA,ANOMALY,This transaction amount ($7238.98) is unusually high compared to normal spending levels.
4114,58.15,StoreA,NORMAL,This transaction amount ($58.15) falls within the typical range of spending.
9741,305.67,StoreB,NORMAL,This transaction amount ($305.67) is typical for normal spending behavior.
4274,195.95,OutlierMallY,ANOMALY,"This transaction occurred at an unusual location ('OutlierMallY'), which is not typical for normal spending."
2220,290.08,StoreB,NORMAL,This transaction amount ($290.08) is typical for normal spending behavior.
1701,167.89,StoreC,NORMAL,This transaction amount ($167.89) is typical for normal spending behavior.
8739,3.15,StoreC,ANOMALY,This transaction amount ($3.15) is extremely low and may indicate refund fraud or abnormal behavior.
6852,77.79,StoreB,NORMAL,This transaction amount ($77.79) falls within the typical range of spending.
4350,127.55,OutlierMallY,ANOMALY,"This transaction occurred at an unusual location ('OutlierMallY'), which is not typical for normal spending."
3945,5697.62,StoreC,ANOMALY,This transaction amount ($5697.62) is unusually high compared to normal spending levels.
1572,135.93,StoreB,NORMAL,This transaction amount ($135.93) is typical for normal spending behavior.
7996,229.6,StoreA,NORMAL,This transaction amount ($229.6) is typical for normal spending behavior.
2986,167.3,StoreA,NORMAL,This transaction amount ($167.3) is typical for normal spending behavior.
1062,155.8,StoreB,NORMAL,This transaction amount ($155.8) falls within the typical range of spending.
8283,275.17,StoreC,NORMAL,This transaction amount ($275.17) is typical for normal spending behavior.
9841,198.27,OutlierMallY,ANOMALY,"This transaction occurred at an unusual location ('OutlierMallY'), which is not typical for normal spending."
2797,188.86,StoreC,NORMAL,This transaction amount ($188.86) is typical for normal spending behavior.
9632,57.87,StoreC,NORMAL,This transaction amount ($57.87) falls within the typical range of spending.
6432,189.62,StoreA,NORMAL,This transaction amount ($189.62) is typical for normal spending behavior.
5003,186.69,RareStoreX,ANOMALY,"This transaction occurred at an unusual location ('RareStoreX'), which is not typical for normal spending."
2283,116.19,StoreB,NORMAL,This transaction amount ($116.19) falls within the typical range of spending.
2690,66.84,StoreA,NORMAL,This transaction amount ($66.84) is typical for normal spending behavior.
2164,291.85,StoreB,NORMAL,This transaction amount ($291.85) is typical for normal spending behavior.
5570,259.73,StoreA,NORMAL,This transaction amount ($259.73) is typical for normal spending behavior.
4503,254.5,OutlierMallY,ANOMALY,"This transaction occurred at an unusual location ('OutlierMallY'), which is not typical for normal spending."
8077,4.37,StoreB,ANOMALY,This transaction amount ($4.37) is extremely low and may indicate refund fraud or abnormal behavior.
1590,189.77,StoreA,NORMAL,This transaction amount ($189.77) falls within the typical range of spending.
6147,132.64,StoreB,NORMAL,This transaction amount ($132.64) is typical for normal spending behavior.
9974,301.74,StoreA,NORMAL,This transaction amount ($301.74) is typical for normal spending behavior.
1067,115.26,StoreA,NORMAL,This transaction amount ($115.26) is typical for normal spending behavior.
5142,1.2,StoreA,ANOMALY,This transaction amount ($1.2) is extremely low and may indicate refund fraud or abnormal behavior.
8630,221.7,StoreC,NORMAL,This transaction amount ($221.7) is typical for normal spending behavior.
3233,218.59,StoreC,NORMAL,This transaction amount ($218.59) is typical for normal spending behavior.
9961,191.62,StoreA,NORMAL,This transaction amount ($191.62) is typical for normal spending behavior.
6446,7812.47,StoreC,ANOMALY,This transaction amount ($7812.47) is unusually high compared to normal spending levels.
9001,125.3,StoreB,NORMAL,This transaction amount ($125.3) falls within the typical range of spending.
4201,189.5,StoreA,NORMAL,This transaction amount ($189.5) is typical for normal spending behavior.
6202,182.15,StoreC,NORMAL,This transaction amount ($182.15) is typical for normal spending behavior.
2875,184.42,StoreA,NORMAL,This transaction amount ($184.42) is typical for normal spending behavior.
7220,123.52,OutlierMallY,ANOMALY,"This transaction occurred at an unusual location ('OutlierMallY'), which is not typical for normal spending."
1712,2.35,StoreC,ANOMALY,This transaction amount ($2.35) is extremely low and may indicate refund fraud or abnormal behavior.
5534,161.76,StoreB,NORMAL,This transaction amount ($161.76) is typical for normal spending behavior.
1743,6803.43,StoreB,ANOMALY,This transaction amount ($6803.43) is unusually high compared to normal spending levels.
3975,101.28,StoreC,NORMAL,This transaction amount ($101.28) is typical for normal spending behavior.
5631,256.3,StoreB,NORMAL,This transaction amount ($256.3) is typical for normal spending behavior.
9662,4883.52,StoreC,ANOMALY,This transaction amount ($4883.52) is unusually high compared to normal spending levels.
8843,126.96,StoreB,NORMAL,This transaction amount ($126.96) is typical for normal spending behavior.
2693,185.65,StoreB,NORMAL,This transaction amount ($185.65) falls within the typical range of spending.
2238,2966.18,StoreC,ANOMALY,This transaction amount ($2966.18) is unusually high compared to normal spending levels.
7854,103.19,StoreB,NORMAL,This transaction amount ($103.19) is typical for normal spending behavior.
5652,242.5,StoreC,NORMAL,This transaction amount ($242.5) is typical for normal spending behavior.
5076,241.18,StoreC,NORMAL,This transaction amount ($241.18) is typical for normal spending behavior.
9446,160.8,StoreA,NORMAL,This transaction amount ($160.8) is typical for normal spending behavior.
2013,80.11,StoreC,NORMAL,This transaction amount ($80.11) is typical for normal spending behavior.
6434,4907.9,StoreC,ANOMALY,This transaction amount ($4907.9) is unusually high compared to normal spending levels.
6177,2615.94,StoreB,ANOMALY,This transaction amount ($2615.94) is unusually high compared to normal spending levels.
3923,4403.01,StoreB,ANOMALY,This transaction amount ($4403.01) is unusually high compared to normal spending levels.
1994,182.94,StoreA,NORMAL,This transaction amount ($182.94) is typical for normal spending behavior.
9443,4.42,StoreC,ANOMALY,This transaction amount ($4.42) is extremely low and may indicate refund fraud or abnormal behavior.
8150,3.43,StoreA,ANOMALY,This transaction amount ($3.43) is extremely low and may indicate refund fraud or abnormal behavior.
3180,312.7,RareStoreX,ANOMALY,"This transaction occurred at an unusual location ('RareStoreX'), which is not typical for normal spending."
6263,280.43,StoreA,NORMAL,This transaction amount ($280.43) is typical for normal spending behavior.
9817,150.39,StoreC,NORMAL,This transaction amount ($150.39) is typical for normal spending behavior.
2502,286.49,StoreC,NORMAL,This transaction amount ($286.49) is typical for normal spending behavior.
5221,153.33,StoreB,NORMAL,This transaction amount ($153.33) falls within the typical range of spending.
1526,7877.48,StoreC,ANOMALY,This transaction amount ($7877.48) is unusually high compared to normal spending levels.
5768,6130.01,StoreB,ANOMALY,This transaction amount ($6130.01) is unusually high compared to normal spending levels.
5109,109.09,StoreC,NORMAL,This transaction amount ($109.09) is typical for normal spending behavior.
9446,157.08,StoreC,NORMAL,This transaction amount ($157.08) is typical for normal spending behavior.
6315,216.16,StoreA,NORMAL,This transaction amount ($216.16) is typical for normal spending behavior.
4012,5623.04,StoreB,ANOMALY,This transaction amount ($5623.04) is unusually high compared to normal spending levels.
2660,90.1,StoreB,NORMAL,This transaction amount ($90.1) is typical for normal spending behavior.
5536,5338.28,StoreC,ANOMALY,This transaction amount ($5338.28) is unusually high compared to normal spending levels.
3102,236.19,StoreB,NORMAL,This transaction amount ($236.19) is typical for normal spending behavior.
9002,104.95,StoreA,NORMAL,This transaction amount ($104.95) is typical for normal spending behavior.
3807,273.16,RareStoreX,ANOMALY,"This transaction occurred at an unusual location ('RareStoreX'), which is not typical for normal spending."
6230,83.41,StoreC,NORMAL,This transaction amount ($83.41) falls within the typical range of spending.
2892,146.2,StoreA,NORMAL,This transaction amount ($146.2) is typical for normal spending behavior.
7800,91.25,StoreB,NORMAL,This transaction amount ($91.25) falls within the typical range of spending.
4231,189.47,StoreA,NORMAL,This transaction amount ($189.47) is typical for normal spending behavior.
3303,149.94,StoreB,NORMAL,This transaction amount ($149.94) is typical for normal spending behavior.
9330,174.96,StoreC,NORMAL,This transaction amount ($174.96) is typical for normal spending behavior.
8082,65.3,StoreA,NORMAL,This transaction amount ($65.3) falls within the typical range of spending.
3000,111.23,StoreC,NORMAL,This transaction amount ($111.23) is typical for normal spending behavior.
5538,185.66,StoreC,NORMAL,This transaction amount ($185.66) is typical for normal spending behavior.
4785,155.66,StoreB,NORMAL,This transaction amount ($155.66) falls within the typical range of spending.
1571,5139.91,StoreB,ANOMALY,This transaction amount ($5139.91) is unusually high compared to normal spending levels.
5773,6205.63,StoreB,ANOMALY,This transaction amount ($6205.63) is unusually high compared to normal spending levels.
8669,1.2,StoreC,ANOMALY,This transaction amount ($1.2) is extremely low and may indicate refund fraud or abnormal behavior.
2601,311.14,StoreB,NORMAL,This transaction amount ($311.14) is typical for normal spending behavior.
8532,268.96,StoreA,NORMAL,This transaction amount ($268.96) is typical for normal spending behavior.
2645,238.56,StoreB,NORMAL,This transaction amount ($238.56) is typical for normal spending behavior.
2425,205.37,StoreB,NORMAL,This transaction amount ($205.37) is typical for normal spending behavior.
9038,260.38,StoreB,NORMAL,This transaction amount ($260.38) is typical for normal spending behavior.
2937,208.48,StoreC,NORMAL,This transaction amount ($208.48) is typical for normal spending behavior.
5224,222.92,StoreC,NORMAL,This transaction amount ($222.92) is typical for normal spending behavior.
4548,156.32,StoreA,NORMAL,This transaction amount ($156.32) is typical for normal spending behavior.
8485,279.83,StoreA,NORMAL,This transaction amount ($279.83) is typical for normal spending behavior.
4216,133.28,StoreC,NORMAL,This transaction amount ($133.28) is typical for normal spending behavior.
4877,287.98,OutlierMallY,ANOMALY,"This transaction occurred at an unusual location ('OutlierMallY'), which is not typical for normal spending."
3432,50.16,StoreB,NORMAL,This transaction amount ($50.16) falls within the typical range of spending.
8313,252.15,StoreA,NORMAL,This transaction amount ($252.15) is typical for normal spending behavior.
4629,262.24,RareStoreX,ANOMALY,"This transaction occurred at an unusual location ('RareStoreX'), which is not typical for normal spending."
4010,218.85,StoreB,NORMAL,This transaction amount ($218.85) is typical for normal spending behavior.
6204,217.77,StoreC,NORMAL,This transaction amount ($217.77) is typical for normal spending behavior.
2702,206.34,RareStoreX,ANOMALY,"This transaction occurred at an unusual location ('RareStoreX'), which is not typical for normal spending."
3755,171.26,StoreA,NORMAL,This transaction amount ($171.26) falls within the typical range of spending.
9934,48.18,StoreA,NORMAL,This transaction amount ($48.18) is typical for normal spending behavior.
3838,311.95,StoreC,NORMAL,This transaction amount ($311.95) is typical for normal spending behavior.
1437,251.33,StoreA,NORMAL,This transaction amount ($251.33) is typical for normal spending behavior.
8727,167.03,StoreA,NORMAL,This transaction amount ($167.03) is typical for normal spending behavior.
7777,135.64,StoreA,NORMAL,This transaction amount ($135.64) is typical for normal spending behavior.
6119,4308.58,StoreB,ANOMALY,This transaction amount ($4308.58) is unusually high compared to normal spending levels.
6289,192.19,StoreB,NORMAL,This transaction amount ($192.19) is typical for normal spending behavior.
1794,2.46,StoreC,ANOMALY,This transaction amount ($2.46) is extremely low and may indicate refund fraud or abnormal behavior.
8374,280.17,OutlierMallY,ANOMALY,"This transaction occurred at an unusual location ('OutlierMallY'), which is not typical for normal spending."
9625,3528.02,StoreC,ANOMALY,This transaction amount ($3528.02) is unusually high compared to normal spending levels.
4737,171.01,StoreC,NORMAL,This transaction amount ($171.01) is typical for normal spending behavior.
8257,235.71,StoreB,NORMAL,This transaction amount ($235.71) is typical for normal spending behavior.
7261,121.29,StoreA,NORMAL,This transaction amount ($121.29) is typical for normal spending behavior.
2410,282.12,StoreA,NORMAL,This transaction amount ($282.12) is typical for normal spending behavior.
3196,151.42,StoreB,NORMAL,This transaction amount ($151.42) is typical for normal spending behavior.
7255,7802.8,StoreB,ANOMALY,This transaction amount ($7802.8) is unusually high compared to normal spending levels.
9916,180.61,StoreA,NORMAL,This transaction amount ($180.61) falls within the typical range of spending.
1793,171.34,StoreA,NORMAL,This transaction amount ($171.34) is typical for normal spending behavior.
2222,135.06,StoreC,NORMAL,This transaction amount ($135.06) falls within the typical range of spending.
1565,194.2,StoreB,NORMAL,This transaction amount ($194.2) is typical for normal spending behavior.
5232,223.68,StoreA,NORMAL,This transaction amount ($223.68) is typical for normal spending behavior.
9894,143.61,StoreB,NORMAL,This transaction amount ($143.61) is typical for normal spending behavior.
7214,133.66,StoreB,NORMAL,This transaction amount ($133.66) is typical for normal spending behavior.
7705,302.74,RareStoreX,ANOMALY,"This transaction occurred at an unusual location ('RareStoreX'), which is not typical for normal spending."
2550,270.37,StoreA,NORMAL,This transaction amount ($270.37) is typical for normal spending behavior.
9744,322.52,StoreC,NORMAL,This transaction amount ($322.52) is typical for normal spending behavior.
5782,208.19,StoreB,NORMAL,This transaction amount ($208.19) is typical for normal spending behavior.
7905,80.67,StoreC,NORMAL,This transaction amount ($80.67) falls within the typical range of spending.
4718,3.43,StoreB,ANOMALY,This transaction amount ($3.43) is extremely low and may indicate refund fraud or abnormal behavior.
1792,149.65,StoreC,NORMAL,This transaction amount ($149.65) is typical for normal spending behavior.
4718,191.14,StoreA,NORMAL,This transaction amount ($191.14) is typical for normal spending behavior.
5613,181.93,OutlierMallY,ANOMALY,"This transaction occurred at an unusual location ('OutlierMallY'), which is not typical for normal spending."
3210,3.25,StoreC,ANOMALY,This transaction amount ($3.25) is extremely low and may indicate refund fraud or abnormal behavior.
5834,255.21,RareStoreX,ANOMALY,"This transaction occurred at an unusual location ('RareStoreX'), which is not typical for normal spending."
6363,191.03,RareStoreX,ANOMALY,"This transaction occurred at an unusual location ('RareStoreX'), which is not typical for normal spending."
9417,52.62,StoreA,NORMAL,This transaction amount ($52.62) falls within the typical range of spending.
5060,215.48,StoreC,NORMAL,This transaction amount ($215.48) is typical for normal spending behavior.
5939,216.84,StoreA,NORMAL,This transaction amount ($216.84) is typical for normal spending behavior.
6690,3.87,StoreB,ANOMALY,This transaction amount ($3.87) is extremely low and may indicate refund fraud or abnormal behavior.
5939,6097.93,StoreC,ANOMALY,This transaction amount ($6097.93) is unusually high compared to normal spending levels.
4840,180.34,StoreC,NORMAL,This transaction amount ($180.34) is typical for normal spending behavior.
7995,62.75,StoreC,NORMAL,This transaction amount ($62.75) falls within the typical range of spending.
4587,214.14,StoreA,NORMAL,This transaction amount ($214.14) is typical for normal spending behavior.
9526,4412.57,StoreB,ANOMALY,This transaction amount ($4412.57) is unusually high compared to normal spending levels.
7097,7300.8,StoreB,ANOMALY,This transaction amount ($7300.8) is unusually high compared to normal spending levels.
4165,5150.69,StoreA,ANOMALY,This transaction amount ($5150.69) is unusually high compared to normal spending levels.
2167,7482.75,StoreB,ANOMALY,This transaction amount ($7482.75) is unusually high compared to normal spending levels.
8255,142.13,StoreC,NORMAL,This transaction amount ($142.13) is typical for normal spending behavior.
9971,234.59,StoreB,NORMAL,This transaction amount ($234.59) is typical for normal spending behavior.
4253,174.59,OutlierMallY,ANOMALY,"This transaction occurred at an unusual location ('OutlierMallY'), which is not typical for normal spending."
1364,300.41,StoreA,NORMAL,This transaction amount ($300.41) is typical for normal spending behavior.
8630,113.93,StoreA,NORMAL,This transaction amount ($113.93) falls within the typical range of spending.
2463,300.58,StoreA,NORMAL,This transaction amount ($300.58) is typical for normal spending behavior.
9550,102.0,StoreC,NORMAL,This transaction amount ($102.0) falls within the typical range of spending.
1829,4417.84,StoreA,ANOMALY,This transaction amount ($4417.84) is unusually high compared to normal spending levels.
2883,177.85,StoreA,NORMAL,This transaction amount ($177.85) is typical for normal spending behavior.
1275,114.69,StoreC,NORMAL,This transaction amount ($114.69) falls within the typical range of spending.
4636,2.73,StoreA,ANOMALY,This transaction amount ($2.73) is extremely low and may indicate refund fraud or abnormal behavior.
7007,181.19,StoreC,NORMAL,This transaction amount ($181.19) is typical for normal spending behavior.
8595,139.96,StoreC,NORMAL,This transaction amount ($139.96) falls within the typical range of spending.
5550,1.45,StoreB,ANOMALY,This transaction amount ($1.45) is extremely low and may indicate refund fraud or abnormal behavior.
1418,135.11,StoreB,NORMAL,This transaction amount ($135.11) is typical for normal spending behavior.
7711,3.33,StoreC,ANOMALY,This transaction amount ($3.33) is extremely low and may indicate refund fraud or abnormal behavior.
3024,228.74,StoreB,NORMAL,This transaction amount ($228.74) is typical for normal spending behavior.
3096,185.92,StoreA,NORMAL,This transaction amount ($185.92) is typical for normal spending behavior.
5550,198.47,StoreB,NORMAL,This transaction amount ($198.47) is typical for normal spending behavior.
2658,165.02,StoreB,NORMAL,This transaction amount ($165.02) is typical for normal spending behavior.
5464,189.32,StoreC,NORMAL,This transaction amount ($189.32) falls within the typical range of spending.
6930,258.51,StoreB,NORMAL,This transaction amount ($258.51) is typical for normal spending behavior.
7169,189.91,StoreB,NORMAL,This transaction amount ($189.91) is typical for normal spending behavior.
2573,152.97,StoreC,NORMAL,This transaction amount ($152.97) is typical for normal spending behavior.
1265,253.25,OutlierMallY,ANOMALY,"This transaction occurred at an unusual location ('OutlierMallY'), which is not typical for normal spending."
6680,114.52,StoreC,NORMAL,This transaction amount ($114.52) is typical for normal spending behavior.
5640,235.31,StoreA,NORMAL,This transaction amount ($235.31) is typical for normal spending behavior.
3242,156.99,StoreC,NORMAL,This transaction amount ($156.99) is typical for normal spending behavior.
4091,168.55,StoreB,NORMAL,This transaction amount ($168.55) is typical for normal spending behavior.
1489,2.2,StoreC,ANOMALY,This transaction amount ($2.2) is extremely low and may indicate refund fraud or abnormal behavior.
4239,4981.63,StoreB,ANOMALY,This transaction amount ($4981.63) is unusually high compared to normal spending levels.
8126,183.94,StoreB,NORMAL,This transaction amount ($183.94) is typical for normal spending behavior.
3558,3653.56,StoreB,ANOMALY,This transaction amount ($3653.56) is unusually high compared to normal spending levels.
4949,190.85,StoreC,NORMAL,This transaction amount ($190.85) is typical for normal spending behavior.
1071,200.94,StoreB,NORMAL,This transaction amount ($200.94) is typical for normal spending behavior.
4975,67.62,StoreA,NORMAL,This transaction amount ($67.62) falls within the typical range of spending.
1184,126.25,StoreB,NORMAL,This transaction amount ($126.25) falls within the typical range of spending.
1677,213.47,StoreA,NORMAL,This transaction amount ($213.47) is typical for normal spending behavior.
8412,175.04,StoreC,NORMAL,This transaction amount ($175.04) is typical for normal spending behavior.
3389,3.5,StoreB,ANOMALY,This transaction amount ($3.5) is extremely low and may indicate refund fraud or abnormal behavior.
6937,334.51,RareStoreX,ANOMALY,"This transaction occurred at an unusual location ('RareStoreX'), which is not typical for normal spending."
6368,250.66,OutlierMallY,ANOMALY,"This transaction occurred at an unusual location ('OutlierMallY'), which is not typical for normal spending."
9636,161.04,StoreC,NORMAL,This transaction amount ($161.04) is typical for normal spending behavior.
7780,159.93,StoreC,NORMAL,This transaction amount ($159.93) is typical for normal spending behavior.
2995,246.32,StoreA,NORMAL,This transaction amount ($246.32) is typical for normal spending behavior.
1634,252.77,StoreB,NORMAL,This transaction amount ($252.77) is typical for normal spending behavior.
2893,219.57,StoreB,NORMAL,This transaction amount ($219.57) is typical for normal spending behavior.
6830,3.76,StoreA,ANOMALY,This transaction amount ($3.76) is extremely low and may indicate refund fraud or abnormal behavior.
7103,265.45,StoreC,NORMAL,This transaction amount ($265.45) is typical for normal spending behavior.
4671,221.69,StoreC,NORMAL,This transaction amount ($221.69) is typical for normal spending behavior.
6609,2680.59,StoreB,ANOMALY,This transaction amount ($2680.59) is unusually high compared to normal spending levels.
7828,143.27,StoreC,NORMAL,This transaction amount ($143.27) is typical for normal spending behavior.
7581,175.2,StoreB,NORMAL,This transaction amount ($175.2) falls within the typical range of spending.
2964,149.17,StoreA,NORMAL,This transaction amount ($149.17) falls within the typical range of spending.
5460,189.25,StoreB,NORMAL,This transaction amount ($189.25) is typical for normal spending behavior.
9535,156.83,StoreB,NORMAL,This transaction amount ($156.83) falls within the typical range of spending.
8972,151.08,StoreA,NORMAL,This transaction amount ($151.08) is typical for normal spending behavior.
6480,2.12,StoreB,ANOMALY,This transaction amount ($2.12) is extremely low and may indicate refund fraud or abnormal behavior.
5150,331.39,StoreA,NORMAL,This transaction amount ($331.39) is typical for normal spending behavior.
1409,173.33,OutlierMallY,ANOMALY,"This transaction occurred at an unusual location ('OutlierMallY'), which is not typical for normal spending."
7459,1.2,StoreB,ANOMALY,This transaction amount ($1.2) is extremely low and may indicate refund fraud or abnormal behavior.
1004,131.42,StoreA,NORMAL,This transaction amount ($131.42) is typical for normal spending behavior.
5118,243.91,StoreB,NORMAL,This transaction amount ($243.91) is typical for normal spending behavior.
7030,4200.91,StoreB,ANOMALY,This transaction amount ($4200.91) is unusually high compared to normal spending levels.
7680,140.85,StoreC,NORMAL,This transaction amount ($140.85) is typical for normal spending behavior.
9464,7287.23,StoreC,ANOMALY,This transaction amount ($7287.23) is unusually high compared to normal spending levels.
2155,188.54,StoreB,NORMAL,This transaction amount ($188.54) is typical for normal spending behavior.
6372,196.77,RareStoreX,ANOMALY,"This transaction occurred at an unusual location ('RareStoreX'), which is not typical for normal spending."
4724,271.43,StoreC,NORMAL,This transaction amount ($271.43) is typical for normal spending behavior.
6067,281.13,StoreA,NORMAL,This transaction amount ($281.13) is typical for normal spending behavior.
7163,189.03,StoreC,NORMAL,This transaction amount ($189.03) is typical for normal spending behavior.
7103,7960.97,StoreA,ANOMALY,This transaction amount ($7960.97) is unusually high compared to normal spending levels.
5608,74.0,StoreB,NORMAL,This transaction amount ($74.0) is typical for normal spending behavior.
4319,220.99,StoreA,NORMAL,This transaction amount ($220.99) is typical for normal spending behavior.
3669,66.93,StoreC,NORMAL,This transaction amount ($66.93) falls within the typical range of spending.
4457,7919.91,StoreB,ANOMALY,This transaction amount ($7919.91) is unusually high compared to normal spending levels.
4913,2902.46,StoreA,ANOMALY,This transaction amount ($2902.46) is unusually high compared to normal spending levels.
6969,143.1,StoreC,NORMAL,This transaction amount ($143.1) is typical for normal spending behavior.
4774,225.47,RareStoreX,ANOMALY,"This transaction occurred at an unusual location ('RareStoreX'), which is not typical for normal spending."
8152,241.49,RareStoreX,ANOMALY,"This transaction occurred at an unusual location ('RareStoreX'), which is not typical for normal spending."
6544,264.72,StoreC,NORMAL,This transaction amount ($264.72) is typical for normal spending behavior.
6851,264.96,StoreA,NORMAL,This transaction amount ($264.96) is typical for normal spending behavior.
9949,2.3,StoreA,ANOMALY,This transaction amount ($2.3) is extremely low and may indicate refund fraud or abnormal behavior.
3576,149.76,StoreC,NORMAL,This transaction amount ($149.76) is typical for normal spending behavior.
8238,175.74,StoreA,NORMAL,This transaction amount ($175.74) is typical for normal spending behavior.
8862,264.46,StoreB,NORMAL,This transaction amount ($264.46) is typical for normal spending behavior.
6288,179.72,StoreA,NORMAL,This transaction amount ($179.72) falls within the typical range of spending.
7713,222.63,StoreC,NORMAL,This transaction amount ($222.63) is typical for normal spending behavior.
4757,202.61,StoreB,NORMAL,This transaction amount ($202.61) is typical for normal spending behavior.
9630,182.72,StoreB,NORMAL,This transaction amount ($182.72) is typical for normal spending behavior.
5598,187.82,StoreB,NORMAL,This transaction amount ($187.82) is typical for normal spending behavior.
6830,5968.35,StoreB,ANOMALY,This transaction amount ($5968.35) is unusually high compared to normal spending levels.
8868,164.12,StoreA,NORMAL,This transaction amount ($164.12) falls within the typical range of spending.
8102,43.81,StoreB,NORMAL,This transaction amount ($43.81) is typical for normal spending behavior.
4688,153.19,StoreA,NORMAL,This transaction amount ($153.19) is typical for normal spending behavior.
7861,149.41,StoreC,NORMAL,This transaction amount ($149.41) is typical for normal spending behavior.
1769,110.91,StoreB,NORMAL,This transaction amount ($110.91) is typical for normal spending behavior.
1294,203.4,StoreB,NORMAL,This transaction amount ($203.4) is typical for normal spending behavior.
3065,5350.02,StoreC,ANOMALY,This transaction amount ($5350.02) is unusually high compared to normal spending levels.
7603,3.02,StoreA,ANOMALY,This transaction amount ($3.02) is extremely low and may indicate refund fraud or abnormal behavior.
4773,124.04,StoreB,NORMAL,This transaction amount ($124.04) falls within the typical range of spending.
7524,124.55,StoreB,NORMAL,This transaction amount ($124.55) is typical for normal spending behavior.
5412,4438.55,StoreA,ANOMALY,This transaction amount ($4438.55) is unusually high compared to normal spending levels.
1889,279.06,StoreA,NORMAL,This transaction amount ($279.06) is typical for normal spending behavior.
5299,212.92,StoreA,NORMAL,This transaction amount ($212.92) is typical for normal spending behavior.
5712,219.38,StoreC,NORMAL,This transaction amount ($219.38) is typical for normal spending behavior.
9047,211.08,StoreC,NORMAL,This transaction amount ($211.08) is typical for normal spending behavior.
4044,122.7,StoreB,NORMAL,This transaction amount ($122.7) is typical for normal spending behavior.
7310,205.96,StoreA,NORMAL,This transaction amount ($205.96) is typical for normal spending behavior.
1172,196.66,StoreB,NORMAL,This transaction amount ($196.66) is typical for normal spending behavior.
5537,186.98,StoreB,NORMAL,This transaction amount ($186.98) is typical for normal spending behavior.
8022,211.37,StoreC,NORMAL,This transaction amount ($211.37) is typical for normal spending behavior.
2079,302.15,StoreC,NORMAL,This transaction amount ($302.15) is typical for normal spending behavior.
4395,336.35,StoreC,NORMAL,This transaction amount ($336.35) is typical for normal spending behavior.
4392,288.8,StoreA,NORMAL,This transaction amount ($288.8) is typical for normal spending behavior.
2037,4.7,StoreC,ANOMALY,This transaction amount ($4.7) is extremely low and may indicate refund fraud or abnormal behavior.
3302,97.84,StoreA,NORMAL,This transaction amount ($97.84) is typical for normal spending behavior.
7437,325.54,StoreB,NORMAL,This transaction amount ($325.54) is typical for normal spending behavior.
3988,160.88,OutlierMallY,ANOMALY,"This transaction occurred at an unusual location ('OutlierMallY'), which is not typical for normal spending."
7312,6724.18,StoreB,ANOMALY,This transaction amount ($6724.18) is unusually high compared to normal spending levels.
6691,113.46,StoreB,NORMAL,This transaction amount ($113.46) falls within the typical range of spending.
1105,262.83,StoreB,NORMAL,This transaction amount ($262.83) is typical for normal spending behavior.
4688,190.92,StoreC,NORMAL,This transaction amount ($190.92) is typical for normal spending behavior.
7603,3681.18,StoreA,ANOMALY,This transaction amount ($3681.18) is unusually high compared to normal spending levels.
1887,311.63,OutlierMallY,ANOMALY,"This transaction occurred at an unusual location ('OutlierMallY'), which is not typical for normal spending."
2173,139.64,StoreC,NORMAL,This transaction amount ($139.64) is typical for normal spending behavior.
4888,240.75,StoreC,NORMAL,This transaction amount ($240.75) is typical for normal spending behavior.
1845,172.44,StoreC,NORMAL,This transaction amount ($172.44) is typical for normal spending behavior.
8271,7418.25,StoreB,ANOMALY,This transaction amount ($7418.25) is unusually high compared to normal spending levels.
1968,288.65,StoreC,NORMAL,This transaction amount ($288.65) is typical for normal spending behavior.
5320,271.33,StoreA,NORMAL,This transaction amount ($271.33) is typical for normal spending behavior.
7532,54.25,StoreC,NORMAL,This transaction amount ($54.25) falls within the typical range of spending.
3782,1.17,StoreB,ANOMALY,This transaction amount ($1.17) is extremely low and may indicate refund fraud or abnormal behavior.
1600,270.36,StoreC,NORMAL,This transaction amount ($270.36) is typical for normal spending behavior.
4179,232.8,StoreC,NORMAL,This transaction amount ($232.8) is typical for normal spending behavior.
4157,231.33,StoreC,NORMAL,This transaction amount ($231.33) is typical for normal spending behavior.
6220,87.81,StoreC,NORMAL,This transaction amount ($87.81) is typical for normal spending behavior.
2354,230.87,OutlierMallY,ANOMALY,"This transaction occurred at an unusual location ('OutlierMallY'), which is not typical for normal spending."
2606,2.67,StoreC,ANOMALY,This transaction amount ($2.67) is extremely low and may indicate refund fraud or abnormal behavior.
5853,194.52,StoreC,NORMAL,This transaction amount ($194.52) is typical for normal spending behavior.
6061,192.29,StoreB,NORMAL,This transaction amount ($192.29) is typical for normal spending behavior.
1545,168.21,StoreB,NORMAL,This transaction amount ($168.21) is typical for normal spending behavior.
3439,117.63,RareStoreX,ANOMALY,"This transaction occurred at an unusual location ('RareStoreX'), which is not typical for normal spending."
8737,189.18,StoreA,NORMAL,This transaction amount ($189.18) is typical for normal spending behavior.
6519,165.1,StoreC,NORMAL,This transaction amount ($165.1) is typical for normal spending behavior.
7634,298.17,OutlierMallY,ANOMALY,"This transaction occurred at an unusual location ('OutlierMallY'), which is not typical for normal spending."
4960,173.42,StoreB,NORMAL,This transaction amount ($173.42) is typical for normal spending behavior.
2589,102.17,StoreC,NORMAL,This transaction amount ($102.17) is typical for normal spending behavior.
3441,174.79,StoreB,NORMAL,This transaction amount ($174.79) is typical for normal spending behavior.
3332,201.73,OutlierMallY,ANOMALY,"This transaction occurred at an unusual location ('OutlierMallY'), which is not typical for normal spending."
5763,117.69,StoreC,NORMAL,This transaction amount ($117.69) is typical for normal spending behavior.
5152,203.49,StoreC,NORMAL,This transaction amount ($203.49) is typical for normal spending behavior.
7121,238.28,StoreA,NORMAL,This transaction amount ($238.28) is typical for normal spending behavior.
2242,4.59,StoreC,ANOMALY,This transaction amount ($4.59) is extremely low and may indicate refund fraud or abnormal behavior.
1943,159.7,StoreC,NORMAL,This transaction amount ($159.7) is typical for normal spending behavior.
4342,293.88,StoreA,NORMAL,This transaction amount ($293.88) is typical for normal spending behavior.
2307,5798.02,StoreA,ANOMALY,This transaction amount ($5798.02) is unusually high compared to normal spending levels.
2843,73.66,StoreA,NORMAL,This transaction amount ($73.66) is typical for normal spending behavior.
6720,226.43,StoreA,NORMAL,This transaction amount ($226.43) is typical for normal spending behavior.
7686,144.66,OutlierMallY,ANOMALY,"This transaction occurred at an unusual location ('OutlierMallY'), which is not typical for normal spending."
1050,6893.12,StoreA,ANOMALY,This transaction amount ($6893.12) is unusually high compared to normal spending levels.
6110,237.46,RareStoreX,ANOMALY,"This transaction occurred at an unusual location ('RareStoreX'), which is not typical for normal spending."
1415,183.56,StoreC,NORMAL,This transaction amount ($183.56) is typical for normal spending behavior.
2050,187.6,StoreA,NORMAL,This transaction amount ($187.6) is typical for normal spending behavior.
5541,239.14,StoreA,NORMAL,This transaction amount ($239.14) is typical for normal spending behavior.
9657,4.06,StoreB,ANOMALY,This transaction amount ($4.06) is extremely low and may indicate refund fraud or abnormal behavior.
3203,3509.05,StoreC,ANOMALY,This transaction amount ($3509.05) is unusually high compared to normal spending levels.
2400,149.18,StoreC,NORMAL,This transaction amount ($149.18) is typical for normal spending behavior.
8934,229.44,OutlierMallY,ANOMALY,"This transaction occurred at an unusual location ('OutlierMallY'), which is not typical for normal spending."
7722,156.62,RareStoreX,ANOMALY,"This transaction occurred at an unusual location ('RareStoreX'), which is not typical for normal spending."
9733,307.86,StoreC,NORMAL,This transaction amount ($307.86) is typical for normal spending behavior.
1039,150.31,StoreC,NORMAL,This transaction amount ($150.31) is typical for normal spending behavior.
5241,125.37,StoreA,NORMAL,This transaction amount ($125.37) is typical for normal spending behavior.
5886,3.53,StoreB,ANOMALY,This transaction amount ($3.53) is extremely low and may indicate refund fraud or abnormal behavior.
4714,7922.79,StoreA,ANOMALY,This transaction amount ($7922.79) is unusually high compared to normal spending levels.
4329,168.28,StoreA,NORMAL,This transaction amount ($168.28) is typical for normal spending behavior.
7444,1.79,StoreB,ANOMALY,This transaction amount ($1.79) is extremely low and may indicate refund fraud or abnormal behavior.
3686,196.28,StoreC,NORMAL,This transaction amount ($196.28) is typical for normal spending behavior.
8442,257.41,RareStoreX,ANOMALY,"This transaction occurred at an unusual location ('RareStoreX'), which is not typical for normal spending."
6141,185.08,StoreA,NORMAL,This transaction amount ($185.08) is typical for normal spending behavior.
3080,4739.01,StoreA,ANOMALY,This transaction amount ($4739.01) is unusually high compared to normal spending levels.
7071,217.56,StoreA,NORMAL,This transaction amount ($217.56) is typical for normal spending behavior.
1648,281.85,StoreA,NORMAL,This transaction amount ($281.85) is typical for normal spending behavior.
7809,1.0,StoreA,ANOMALY,This transaction amount ($1.0) is extremely low and may indicate refund fraud or abnormal behavior.
2952,70.86,StoreA,NORMAL,This transaction amount ($70.86) falls within the typical range of spending.
7131,157.43,StoreC,NORMAL,This transaction amount ($157.43) is typical for normal spending behavior.
3979,207.39,StoreA,NORMAL,This transaction amount ($207.39) is typical for normal spending behavior.
5253,130.8,StoreC,NORMAL,This transaction amount ($130.8) is typical for normal spending behavior.
7351,258.73,StoreC,NORMAL,This transaction amount ($258.73) is typical for normal spending behavior.
7737,230.9,StoreB,NORMAL,This transaction amount ($230.9) is typical for normal spending behavior.
5661,3126.79,StoreA,ANOMALY,This transaction amount ($3126.79) is unusually high compared to normal spending levels.
2860,214.96,StoreA,NORMAL,This transaction amount ($214.96) is typical for normal spending behavior.
1481,197.39,StoreB,NORMAL,This transaction amount ($197.39) is typical for normal spending behavior.
6235,152.57,StoreC,NORMAL,This transaction amount ($152.57) is typical for normal spending behavior.
3901,211.65,StoreB,NORMAL,This transaction amount ($211.65) is typical for normal spending behavior.
5952,199.33,StoreA,NORMAL,This transaction amount ($199.33) is typical for normal spending behavior.
2952,199.66,RareStoreX,ANOMALY,"This transaction occurred at an unusual location ('RareStoreX'), which is not typical for normal spending."
9860,205.86,StoreB,NORMAL,This transaction amount ($205.86) is typical for normal spending behavior.
3465,235.51,StoreC,NORMAL,This transaction amount ($235.51) is typical for normal spending behavior.
4631,135.36,StoreA,NORMAL,This transaction amount ($135.36) is typical for normal spending behavior.
7981,132.6,RareStoreX,ANOMALY,"This transaction occurred at an unusual location ('RareStoreX'), which is not typical for normal spending."
9169,219.19,StoreA,NORMAL,This transaction amount ($219.19) is typical for normal spending behavior.
2177,4.32,StoreA,ANOMALY,This transaction amount ($4.32) is extremely low and may indicate refund fraud or abnormal behavior.
1209,230.47,StoreB,NORMAL,This transaction amount ($230.47) is typical for normal spending behavior.
5228,251.01,StoreA,NORMAL,This transaction amount ($251.01) is typical for normal spending behavior.
2690,208.06,StoreC,NORMAL,This transaction amount ($208.06) is typical for normal spending behavior.
5402,190.89,StoreC,NORMAL,This transaction amount ($190.89) is typical for normal spending behavior.
4845,102.15,StoreC,NORMAL,This transaction amount ($102.15) falls within the typical range of spending.
1608,153.42,StoreA,NORMAL,This transaction amount ($153.42) falls within the typical range of spending.
3735,154.89,StoreC,NORMAL,This transaction amount ($154.89) is typical for normal spending behavior.
9353,237.88,OutlierMallY,ANOMALY,"This transaction occurred at an unusual location ('OutlierMallY'), which is not typical for normal spending."
3597,176.77,StoreB,NORMAL,This transaction amount ($176.77) is typical for normal spending behavior.
5300,126.52,StoreC,NORMAL,This transaction amount ($126.52) falls within the typical range of spending.
9215,193.42,StoreC,NORMAL,This transaction amount ($193.42) is typical for normal spending behavior.
1328,3528.0,StoreA,ANOMALY,This transaction amount ($3528.0) is unusually high compared to normal spending levels.
3179,7390.03,StoreA,ANOMALY,This transaction amount ($7390.03) is unusually high compared to normal spending levels.
1454,0.94,StoreB,ANOMALY,This transaction amount ($0.94) is extremely low and may indicate refund fraud or abnormal behavior.
4555,164.04,StoreA,NORMAL,This transaction amount ($164.04) is typical for normal spending behavior.
7973,157.59,StoreB,NORMAL,This transaction amount ($157.59) is typical for normal spending behavior.
9186,154.68,StoreA,NORMAL,This transaction amount ($154.68) is typical for normal spending behavior.
8710,184.43,StoreC,NORMAL,This transaction amount ($184.43) is typical for normal spending behavior.
5994,210.28,StoreA,NORMAL,This transaction amount ($210.28) is typical for normal spending behavior.
6906,224.83,StoreC,NORMAL,This transaction amount ($224.83) is typical for normal spending behavior.
4663,106.72,StoreB,NORMAL,This transaction amount ($106.72) falls within the typical range of spending.
1892,67.29,StoreB,NORMAL,This transaction amount ($67.29) is typical for normal spending behavior.
9526,323.37,StoreA,NORMAL,This transaction amount ($323.37) is typical for normal spending behavior.
7719,227.41,StoreA,NORMAL,This transaction amount ($227.41) is typical for normal spending behavior.
1529,2942.84,StoreB,ANOMALY,This transaction amount ($2942.84) is unusually high compared to normal spending levels.
7833,184.72,StoreA,NORMAL,This transaction amount ($184.72) falls within the typical range of spending.
7799,258.96,StoreB,NORMAL,This transaction amount ($258.96) is typical for normal spending behavior.
1737,100.5,StoreC,NORMAL,This transaction amount ($100.5) falls within the typical range of spending.
6438,81.58,StoreB,NORMAL,This transaction amount ($81.58) falls within the typical range of spending.
3096,153.93,StoreB,NORMAL,This transaction amount ($153.93) is typical for normal spending behavior.
3114,172.01,StoreB,NORMAL,This transaction amount ($172.01) is typical for normal spending behavior.
5136,226.2,StoreC,NORMAL,This transaction amount ($226.2) is typical for normal spending behavior.
8990,215.62,StoreA,NORMAL,This transaction amount ($215.62) is typical for normal spending behavior.
3397,167.1,StoreB,NORMAL,This transaction amount ($167.1) is typical for normal spending behavior.
8432,144.88,StoreC,NORMAL,This transaction amount ($144.88) is typical for normal spending behavior.
6896,103.98,StoreC,NORMAL,This transaction amount ($103.98) is typical for normal spending behavior.
1797,177.51,StoreA,NORMAL,This transaction amount ($177.51) is typical for normal spending behavior.
4985,181.52,StoreC,NORMAL,This transaction amount ($181.52) is typical for normal spending behavior.
9350,84.13,StoreA,NORMAL,This transaction amount ($84.13) falls within the typical range of spending.
7610,164.46,StoreB,NORMAL,This transaction amount ($164.46) is typical for normal spending behavior.
2725,109.82,StoreA,NORMAL,This transaction amount ($109.82) is typical for normal spending behavior.
5710,3338.24,StoreB,ANOMALY,This transaction amount ($3338.24) is unusually high compared to normal spending levels.
5021,164.16,StoreC,NORMAL,This transaction amount ($164.16) falls within the typical range of spending.
4055,3894.28,StoreC,ANOMALY,This transaction amount ($3894.28) is unusually high compared to normal spending levels.
7909,234.99,RareStoreX,ANOMALY,"This transaction occurred at an unusual location ('RareStoreX'), which is not typical for normal spending."
2419,4414.53,StoreA,ANOMALY,This transaction amount ($4414.53) is unusually high compared to normal spending levels.
4705,235.43,StoreB,NORMAL,This transaction amount ($235.43) is typical for normal spending behavior.
8848,176.74,StoreC,NORMAL,This transaction amount ($176.74) is typical for normal spending behavior.
1561,5798.27,StoreC,ANOMALY,This transaction amount ($5798.27) is unusually high compared to normal spending levels.
9833,156.88,StoreB,NORMAL,This transaction amount ($156.88) falls within the typical range of spending.
1709,163.76,StoreA,NORMAL,This transaction amount ($163.76) is typical for normal spending behavior.
2075,113.12,StoreC,NORMAL,This transaction amount ($113.12) is typical for normal spending behavior.
4900,276.49,StoreC,NORMAL,This transaction amount ($276.49) is typical for normal spending behavior.
2756,134.16,StoreB,NORMAL,This transaction amount ($134.16) is typical for normal spending behavior.
1572,253.98,StoreC,NORMAL,This transaction amount ($253.98) is typical for normal spending behavior.
9753,5889.6,StoreB,ANOMALY,This transaction amount ($5889.6) is unusually high compared to normal spending levels.
7617,274.86,StoreC,NORMAL,This transaction amount ($274.86) is typical for normal spending behavior.
9338,319.74,StoreC,NORMAL,This transaction amount ($319.74) is typical for normal spending behavior.
5841,6673.2,StoreB,ANOMALY,This transaction amount ($6673.2) is unusually high compared to normal spending levels.
2533,4873.89,StoreB,ANOMALY,This transaction amount ($4873.89) is unusually high compared to normal spending levels.
8989,169.89,StoreA,NORMAL,This transaction amount ($169.89) is typical for normal spending behavior.
7076,150.64,StoreB,NORMAL,This transaction amount ($150.64) falls within the typical range of spending.
7777,159.91,StoreA,NORMAL,This transaction amount ($159.91) is typical for normal spending behavior.
1018,115.08,StoreC,NORMAL,This transaction amount ($115.08) is typical for normal spending behavior.
2428,3913.53,StoreC,ANOMALY,This transaction amount ($3913.53) is unusually high compared to normal spending levels.
4452,155.5,StoreB,NORMAL,This transaction amount ($155.5) falls within the typical range of spending.
4480,136.24,StoreA,NORMAL,This transaction amount ($136.24) falls within the typical range of spending.
7957,51.79,StoreA,NORMAL,This transaction amount ($51.79) falls within the typical range of spending.
6700,265.22,RareStoreX,ANOMALY,"This transaction occurred at an unusual location ('RareStoreX'), which is not typical for normal spending."
2312,181.22,StoreC,NORMAL,This transaction amount ($181.22) is typical for normal spending behavior.
9828,5794.45,StoreB,ANOMALY,This transaction amount ($5794.45) is unusually high compared to normal spending levels.
6261,70.86,StoreA,NORMAL,This transaction amount ($70.86) is typical for normal spending behavior.
3251,201.7,StoreC,NORMAL,This transaction amount ($201.7) is typical for normal spending behavior.
9420,6455.45,StoreA,ANOMALY,This transaction amount ($6455.45) is unusually high compared to normal spending levels.
7286,195.22,StoreB,NORMAL,This transaction amount ($195.22) falls within the typical range of spending.
9074,279.69,StoreB,NORMAL,This transaction amount ($279.69) is typical for normal spending behavior.
7566,78.86,StoreA,NORMAL,This transaction amount ($78.86) falls within the typical range of spending.
3685,145.53,StoreC,NORMAL,This transaction amount ($145.53) is typical for normal spending behavior.
7997,113.11,StoreC,NORMAL,This transaction amount ($113.11) is typical for normal spending behavior.
4305,197.75,StoreA,NORMAL,This transaction amount ($197.75) is typical for normal spending behavior.
1734,169.21,StoreB,NORMAL,This transaction amount ($169.21) is typical for normal spending behavior.
9297,209.11,StoreC,NORMAL,This transaction amount ($209.11) is typical for normal spending behavior.
9205,145.54,StoreB,NORMAL,This transaction amount ($145.54) falls within the typical range of spending.
1223,132.26,StoreB,NORMAL,This transaction amount ($132.26) is typical for normal spending behavior.
8957,98.42,StoreA,NORMAL,This transaction amount ($98.42) is typical for normal spending behavior.
5529,182.02,StoreA,NORMAL,This transaction amount ($182.02) is typical for normal spending behavior.
6957,2.92,StoreB,ANOMALY,This transaction amount ($2.92) is extremely low and may indicate refund fraud or abnormal behavior.
4309,219.73,StoreA,NORMAL,This transaction amount ($219.73) is typical for normal spending behavior.
8837,186.74,StoreB,NORMAL,This transaction amount ($186.74) is typical for normal spending behavior.
7386,61.64,StoreC,NORMAL,This transaction amount ($61.64) falls within the typical range of spending.
5816,7536.3,StoreB,ANOMALY,This transaction amount ($7536.3) is unusually high compared to normal spending levels.
2249,133.31,StoreB,NORMAL,This transaction amount ($133.31) is typical for normal spending behavior.
5326,172.57,StoreA,NORMAL,This transaction amount ($172.57) is typical for normal spending behavior.
5786,6946.82,StoreC,ANOMALY,This transaction amount ($6946.82) is unusually high compared to normal spending levels.
4251,1.67,StoreA,ANOMALY,This transaction amount ($1.67) is extremely low and may indicate refund fraud or abnormal behavior.
1768,204.32,StoreC,NORMAL,This transaction amount ($204.32) is typical for normal spending behavior.
9212,231.78,StoreC,NORMAL,This transaction amount ($231.78) is typical for normal spending behavior.
1737,228.43,StoreC,NORMAL,This transaction amount ($228.43) is typical for normal spending behavior.
9779,288.52,StoreA,NORMAL,This transaction amount ($288.52) is typical for normal spending behavior.
4271,100.71,StoreC,NORMAL,This transaction amount ($100.71) is typical for normal spending behavior.
6901,136.47,StoreC,NORMAL,This transaction amount ($136.47) is typical for normal spending behavior.
4285,259.13,StoreB,NORMAL,This transaction amount ($259.13) is typical for normal spending behavior.
6080,172.9,StoreC,NORMAL,This transaction amount ($172.9) is typical for normal spending behavior.
7359,198.3,StoreC,NORMAL,This transaction amount ($198.3) falls within the typical range of spending.
3888,304.33,StoreA,NORMAL,This transaction amount ($304.33) is typical for normal spending behavior.
9209,137.69,StoreB,NORMAL,This transaction amount ($137.69) is typical for normal spending behavior.
9795,267.6,StoreA,NORMAL,This transaction amount ($267.6) is typical for normal spending behavior.
1148,201.57,StoreB,NORMAL,This transaction amount ($201.57) is typical for normal spending behavior.
9998,6536.25,StoreB,ANOMALY,This transaction amount ($6536.25) is unusually high compared to normal spending levels.
8670,151.49,StoreC,NORMAL,This transaction amount ($151.49) is typical for normal spending behavior.
2526,5104.47,StoreB,ANOMALY,This transaction amount ($5104.47) is unusually high compared to normal spending levels.
6668,3848.76,StoreA,ANOMALY,This transaction amount ($3848.76) is unusually high compared to normal spending levels.
4240,186.15,StoreA,NORMAL,This transaction amount ($186.15) is typical for normal spending behavior.
8381,147.98,RareStoreX,ANOMALY,"This transaction occurred at an unusual location ('RareStoreX'), which is not typical for normal spending."
3538,244.14,StoreB,NORMAL,This transaction amount ($244.14) is typical for normal spending behavior.
2613,282.89,StoreC,NORMAL,This transaction amount ($282.89) is typical for normal spending behavior.
4816,129.93,StoreA,NORMAL,This transaction amount ($129.93) is typical for normal spending behavior.
1966,210.11,StoreA,NORMAL,This transaction amount ($210.11) is typical for normal spending behavior.
2908,127.69,StoreB,NORMAL,This transaction amount ($127.69) falls within the typical range of spending.
3076,214.33,StoreC,NORMAL,This transaction amount ($214.33) is typical for normal spending behavior.
3431,203.34,OutlierMallY,ANOMALY,"This transaction occurred at an unusual location ('OutlierMallY'), which is not typical for normal spending."
8593,195.45,StoreB,NORMAL,This transaction amount ($195.45) is typical for normal spending behavior.
4537,226.18,RareStoreX,ANOMALY,"This transaction occurred at an unusual location ('RareStoreX'), which is not typical for normal spending."
7174,2.33,StoreA,ANOMALY,This transaction amount ($2.33) is extremely low and may indicate refund fraud or abnormal behavior.
4933,152.73,StoreC,NORMAL,This transaction amount ($152.73) is typical for normal spending behavior.
4094,93.12,OutlierMallY,ANOMALY,"This transaction occurred at an unusual location ('OutlierMallY'), which is not typical for normal spending."
6693,7208.72,StoreC,ANOMALY,This transaction amount ($7208.72) is unusually high compared to normal spending levels.
8072,313.81,StoreB,NORMAL,This transaction amount ($313.81) is typical for normal spending behavior.
8296,91.06,StoreB,NORMAL,This transaction amount ($91.06) falls within the typical range of spending.
4477,5075.59,StoreB,ANOMALY,This transaction amount ($5075.59) is unusually high compared to normal spending levels.
9689,105.28,OutlierMallY,ANOMALY,"This transaction occurred at an unusual location ('OutlierMallY'), which is not typical for normal spending."
5335,163.87,StoreC,NORMAL,This transaction amount ($163.87) is typical for normal spending behavior.
4457,70.42,StoreC,NORMAL,This transaction amount ($70.42) falls within the typical range of spending.
6774,7760.74,StoreA,ANOMALY,This transaction amount ($7760.74) is unusually high compared to normal spending levels.
1097,2.5,StoreC,ANOMALY,This transaction amount ($2.5) is extremely low and may indicate refund fraud or abnormal behavior.
9330,3047.04,StoreA,ANOMALY,This transaction amount ($3047.04) is unusually high compared to normal spending levels.
3983,141.7,StoreA,NORMAL,This transaction amount ($141.7) is typical for normal spending behavior.
1834,230.8,OutlierMallY,ANOMALY,"This transaction occurred at an unusual location ('OutlierMallY'), which is not typical for normal spending."
4665,4.5,StoreB,ANOMALY,This transaction amount ($4.5) is extremely low and may indicate refund fraud or abnormal behavior.
2414,177.03,StoreC,NORMAL,This transaction amount ($177.03) is typical for normal spending behavior.
5864,204.56,StoreA,NORMAL,This transaction amount ($204.56) is typical for normal spending behavior.
8454,67.63,StoreC,NORMAL,This transaction amount ($67.63) falls within the typical range of spending.
1972,4710.56,StoreB,ANOMALY,This transaction amount ($4710.56) is unusually high compared to normal spending levels.
3019,289.41,OutlierMallY,ANOMALY,"This transaction occurred at an unusual location ('OutlierMallY'), which is not typical for normal spending."
1185,4371.75,StoreB,ANOMALY,This transaction amount ($4371.75) is unusually high compared to normal spending levels.
6489,2.76,StoreB,ANOMALY,This transaction amount ($2.76) is extremely low and may indicate refund fraud or abnormal behavior.
9243,121.27,StoreA,NORMAL,This transaction amount ($121.27) is typical for normal spending behavior.
9719,223.63,StoreB,NORMAL,This transaction amount ($223.63) is typical for normal spending behavior.
9864,269.23,StoreB,NORMAL,This transaction amount ($269.23) is typical for normal spending behavior.
1296,242.36,StoreA,NORMAL,This transaction amount ($242.36) is typical for normal spending behavior.
8903,155.17,StoreC,NORMAL,This transaction amount ($155.17) is typical for normal spending behavior.
1010,265.83,StoreB,NORMAL,This transaction amount ($265.83) is typical for normal spending behavior.
1591,201.06,StoreB,NORMAL,This transaction amount ($201.06) is typical for normal spending behavior.
9758,2925.11,StoreC,ANOMALY,This transaction amount ($2925.11) is unusually high compared to normal spending levels.
7333,191.58,StoreC,NORMAL,This transaction amount ($191.58) is typical for normal spending behavior.
6990,143.37,StoreB,NORMAL,This transaction amount ($143.37) falls within the typical range of spending.
3705,141.98,StoreA,NORMAL,This transaction amount ($141.98) is typical for normal spending behavior.
7986,203.58,StoreA,NORMAL,This transaction amount ($203.58) is typical for normal spending behavior.
7571,257.56,StoreB,NORMAL,This transaction amount ($257.56) is typical for normal spending behavior.
4157,174.92,RareStoreX,ANOMALY,"This transaction occurred at an unusual location ('RareStoreX'), which is not typical for normal spending."
8617,5708.78,StoreB,ANOMALY,This transaction amount ($5708.78) is unusually high compared to normal spending levels.
8548,139.42,StoreB,NORMAL,This transaction amount ($139.42) is typical for normal spending behavior.
4407,232.83,StoreC,NORMAL,This transaction amount ($232.83) is typical for normal spending behavior.
4935,231.37,StoreA,NORMAL,This transaction amount ($231.37) is typical for normal spending behavior.
4756,95.83,StoreA,NORMAL,This transaction amount ($95.83) falls within the typical range of spending.
8854,4.02,StoreB,ANOMALY,This transaction amount ($4.02) is extremely low and may indicate refund fraud or abnormal behavior.
7475,154.76,StoreA,NORMAL,This transaction amount ($154.76) is typical for normal spending behavior.
6755,222.04,StoreA,NORMAL,This transaction amount ($222.04) is typical for normal spending behavior.
4554,181.69,StoreC,NORMAL,This transaction amount ($181.69) is typical for normal spending behavior.
2918,72.66,StoreC,NORMAL,This transaction amount ($72.66) falls within the typical range of spending.
2768,7378.13,StoreB,ANOMALY,This transaction amount ($7378.13) is unusually high compared to normal spending levels.
7691,209.59,StoreB,NORMAL,This transaction amount ($209.59) is typical for normal spending behavior.
9373,201.76,RareStoreX,ANOMALY,"This transaction occurred at an unusual location ('RareStoreX'), which is not typical for normal spending."
2416,154.13,StoreA,NORMAL,This transaction amount ($154.13) falls within the typical range of spending.
1129,170.59,StoreB,NORMAL,This transaction amount ($170.59) falls within the typical range of spending.
9089,286.82,StoreB,NORMAL,This transaction amount ($286.82) is typical for normal spending behavior.
1815,281.37,StoreC,NORMAL,This transaction amount ($281.37) is typical for normal spending behavior.
3166,82.02,StoreB,NORMAL,This transaction amount ($82.02) is typical for normal spending behavior.
7403,96.32,StoreB,NORMAL,This transaction amount ($96.32) falls within the typical range of spending.
7554,295.43,StoreA,NORMAL,This transaction amount ($295.43) is typical for normal spending behavior.
2660,283.18,StoreC,NORMAL,This transaction amount ($283.18) is typical for normal spending behavior.
4324,244.87,StoreC,NORMAL,This transaction amount ($244.87) is typical for normal spending behavior.
6006,187.1,StoreB,NORMAL,This transaction amount ($187.1) is typical for normal spending behavior.
1148,217.65,StoreC,NORMAL,This transaction amount ($217.65) is typical for normal spending behavior.
5663,218.03,StoreA,NORMAL,This transaction amount ($218.03) is typical for normal spending behavior.
3523,137.19,StoreA,NORMAL,This transaction amount ($137.19) is typical for normal spending behavior.
9953,276.52,StoreB,NORMAL,This transaction amount ($276.52) is typical for normal spending behavior.
3044,161.21,StoreC,NORMAL,This transaction amount ($161.21) is typical for normal spending behavior.
2466,154.93,StoreB,NORMAL,This transaction amount ($154.93) falls within the typical range of spending.
4670,226.95,StoreB,NORMAL,This transaction amount ($226.95) is typical for normal spending behavior.
7347,102.93,StoreB,NORMAL,This transaction amount ($102.93) falls within the typical range of spending.
6974,218.98,StoreB,NORMAL,This transaction amount ($218.98) is typical for normal spending behavior.
8339,138.41,StoreA,NORMAL,This transaction amount ($138.41) is typical for normal spending behavior.
6565,150.91,StoreA,NORMAL,This transaction amount ($150.91) is typical for normal spending behavior.
5711,305.93,StoreA,NORMAL,This transaction amount ($305.93) is typical for normal spending behavior.
8816,1.29,StoreB,ANOMALY,This transaction amount ($1.29) is extremely low and may indicate refund fraud or abnormal behavior.
4683,170.77,StoreC,NORMAL,This transaction amount ($170.77) is typical for normal spending behavior.
1349,252.46,StoreB,NORMAL,This transaction amount ($252.46) is typical for normal spending behavior.
7155,144.96,StoreC,NORMAL,This transaction amount ($144.96) falls within the typical range of spending.
1462,289.56,StoreC,NORMAL,This transaction amount ($289.56) is typical for normal spending behavior.
2876,212.99,StoreA,NORMAL,This transaction amount ($212.99) is typical for normal spending behavior.
2438,283.52,StoreB,NORMAL,This transaction amount ($283.52) is typical for normal spending behavior.
3910,2.64,StoreB,ANOMALY,This transaction amount ($2.64) is extremely low and may indicate refund fraud or abnormal behavior.
8054,177.29,StoreB,NORMAL,This transaction amount ($177.29) falls within the typical range of spending.
1250,29.09,StoreC,NORMAL,This transaction amount ($29.09) is typical for normal spending behavior.
5307,3340.43,StoreC,ANOMALY,This transaction amount ($3340.43) is unusually high compared to normal spending levels.
3839,7960.48,StoreC,ANOMALY,This transaction amount ($7960.48) is unusually high compared to normal spending levels.
2936,258.12,StoreB,NORMAL,This transaction amount ($258.12) is typical for normal spending behavior.
8192,165.81,StoreA,NORMAL,This transaction amount ($165.81) is typical for normal spending behavior.
9098,219.45,StoreC,NORMAL,This transaction amount ($219.45) is typical for normal spending behavior.
7783,114.01,StoreA,NORMAL,This transaction amount ($114.01) is typical for normal spending behavior.
2514,0.5,StoreA,ANOMALY,This transaction amount ($0.5) is extremely low and may indicate refund fraud or abnormal behavior.
8228,207.53,OutlierMallY,ANOMALY,"This transaction occurred at an unusual location ('OutlierMallY'), which is not typical for normal spending."
3808,4693.6,StoreC,ANOMALY,This transaction amount ($4693.6) is unusually high compared to normal spending levels.
4895,286.41,StoreC,NORMAL,This transaction amount ($286.41) is typical for normal spending behavior.
3021,2.31,StoreA,ANOMALY,This transaction amount ($2.31) is extremely low and may indicate refund fraud or abnormal behavior.
3205,4486.84,StoreB,ANOMALY,This transaction amount ($4486.84) is unusually high compared to normal spending levels.
5714,6095.93,StoreA,ANOMALY,This transaction amount ($6095.93) is unusually high compared to normal spending levels.
8562,201.71,OutlierMallY,ANOMALY,"This transaction occurred at an unusual location ('OutlierMallY'), which is not typical for normal spending."
4800,3.05,StoreB,ANOMALY,This transaction amount ($3.05) is extremely low and may indicate refund fraud or abnormal behavior.
9988,264.24,StoreA,NORMAL,This transaction amount ($264.24) is typical for normal spending behavior.
2946,172.47,StoreB,NORMAL,This transaction amount ($172.47) is typical for normal spending behavior.
5522,313.26,StoreA,NORMAL,This transaction amount ($313.26) is typical for normal spending behavior.
6214,154.12,RareStoreX,ANOMALY,"This transaction occurred at an unusual location ('RareStoreX'), which is not typical for normal spending."
3183,139.04,StoreC,NORMAL,This transaction amount ($139.04) falls within the typical range of spending.
5368,283.3,StoreB,NORMAL,This transaction amount ($283.3) is typical for normal spending behavior.
8719,3432.36,StoreB,ANOMALY,This transaction amount ($3432.36) is unusually high compared to normal spending levels.
9095,271.83,StoreA,NORMAL,This transaction amount ($271.83) is typical for normal spending behavior.
8218,145.02,StoreB,NORMAL,This transaction amount ($145.02) is typical for normal spending behavior.
3431,178.58,StoreA,NORMAL,This transaction amount ($178.58) is typical for normal spending behavior.
4347,255.57,StoreB,NORMAL,This transaction amount ($255.57) is typical for normal spending behavior.
8332,226.86,StoreC,NORMAL,This transaction amount ($226.86) is typical for normal spending behavior.
9330,133.76,StoreC,NORMAL,This transaction amount ($133.76) falls within the typical range of spending.
2031,271.68,StoreB,NORMAL,This transaction amount ($271.68) is typical for normal spending behavior.
1255,173.11,StoreB,NORMAL,This transaction amount ($173.11) is typical for normal spending behavior.
2501,86.43,StoreB,NORMAL,This transaction amount ($86.43) falls within the typical range of spending.
4811,171.23,StoreB,NORMAL,This transaction amount ($171.23) is typical for normal spending behavior.
6122,201.15,StoreC,NORMAL,This transaction amount ($201.15) is typical for normal spending behavior.
9787,194.2,StoreA,NORMAL,This transaction amount ($194.2) is typical for normal spending behavior.
5681,156.32,StoreC,NORMAL,This transaction amount ($156.32) is typical for normal spending behavior.
2891,3.09,StoreA,ANOMALY,This transaction amount ($3.09) is extremely low and may indicate refund fraud or abnormal behavior.
5656,176.02,StoreA,NORMAL,This transaction amount ($176.02) is typical for normal spending behavior.
2388,125.13,StoreA,NORMAL,This transaction amount ($125.13) is typical for normal spending behavior.
3815,229.25,StoreC,NORMAL,This transaction amount ($229.25) is typical for normal spending behavior.
1477,224.99,StoreA,NORMAL,This transaction amount ($224.99) is typical for normal spending behavior.
2753,2.62,StoreA,ANOMALY,This transaction amount ($2.62) is extremely low and may indicate refund fraud or abnormal behavior.
1421,235.37,OutlierMallY,ANOMALY,"This transaction occurred at an unusual location ('OutlierMallY'), which is not typical for normal spending."
3970,100.34,StoreA,NORMAL,This transaction amount ($100.34) is typical for normal spending behavior.
3825,7853.59,StoreB,ANOMALY,This transaction amount ($7853.59) is unusually high compared to normal spending levels.
7019,5386.82,StoreC,ANOMALY,This transaction amount ($5386.82) is unusually high compared to normal spending levels.
3697,5019.08,StoreA,ANOMALY,This transaction amount ($5019.08) is unusually high compared to normal spending levels.
7014,259.06,StoreB,NORMAL,This transaction amount ($259.06) is typical for normal spending behavior.
1300,96.5,StoreA,NORMAL,This transaction amount ($96.5) is typical for normal spending behavior.
3407,325.42,OutlierMallY,ANOMALY,"This transaction occurred at an unusual location ('OutlierMallY'), which is not typical for normal spending."
6024,210.89,StoreC,NORMAL,This transaction amount ($210.89) is typical for normal spending behavior.
6573,274.26,StoreB,NORMAL,This transaction amount ($274.26) is typical for normal spending behavior.
3806,4763.31,StoreC,ANOMALY,This transaction amount ($4763.31) is unusually high compared to normal spending levels.
5243,171.83,StoreC,NORMAL,This transaction amount ($171.83) is typical for normal spending behavior.
1221,146.24,OutlierMallY,ANOMALY,"This transaction occurred at an unusual location ('OutlierMallY'), which is not typical for normal spending."
9419,181.45,StoreB,NORMAL,This transaction amount ($181.45) is typical for normal spending behavior.
6287,204.55,StoreA,NORMAL,This transaction amount ($204.55) is typical for normal spending behavior.
4655,165.21,StoreB,NORMAL,This transaction amount ($165.21) falls within the typical range of spending.
6277,3846.46,StoreA,ANOMALY,This transaction amount ($3846.46) is unusually high compared to normal spending levels.
9432,7137.6,StoreB,ANOMALY,This transaction amount ($7137.6) is unusually high compared to normal spending levels.
3322,5703.04,StoreA,ANOMALY,This transaction amount ($5703.04) is unusually high compared to normal spending levels.
4041,187.65,StoreC,NORMAL,This transaction amount ($187.65) is typical for normal spending behavior.
8769,220.4,StoreB,NORMAL,This transaction amount ($220.4) is typical for normal spending behavior.
5943,196.19,StoreC,NORMAL,This transaction amount ($196.19) is typical for normal spending behavior.
3808,66.23,StoreB,NORMAL,This transaction amount ($66.23) falls within the typical range of spending.
3027,139.0,RareStoreX,ANOMALY,"This transaction occurred at an unusual location ('RareStoreX'), which is not typical for normal spending."
6580,166.18,StoreB,NORMAL,This transaction amount ($166.18) is typical for normal spending behavior.
9333,282.37,StoreA,NORMAL,This transaction amount ($282.37) is typical for normal spending behavior.
2244,195.11,StoreC,NORMAL,This transaction amount ($195.11) falls within the typical range of spending.
5795,153.63,StoreA,NORMAL,This transaction amount ($153.63) is typical for normal spending behavior.
4574,160.16,StoreC,NORMAL,This transaction amount ($160.16) falls within the typical range of spending.
5893,287.2,StoreB,NORMAL,This transaction amount ($287.2) is typical for normal spending behavior.
9328,149.78,StoreC,NORMAL,This transaction amount ($149.78) is typical for normal spending behavior.
6041,252.56,StoreB,NORMAL,This transaction amount ($252.56) is typical for normal spending behavior.
5369,4071.52,StoreB,ANOMALY,This transaction amount ($4071.52) is unusually high compared to normal spending levels.
3590,312.92,StoreC,NORMAL,This transaction amount ($312.92) is typical for normal spending behavior.
9707,78.3,StoreC,NORMAL,This transaction amount ($78.3) falls within the typical range of spending.
8630,4.62,StoreB,ANOMALY,This transaction amount ($4.62) is extremely low and may indicate refund fraud or abnormal behavior.
6940,191.52,RareStoreX,ANOMALY,"This transaction occurred at an unusual location ('RareStoreX'), which is not typical for normal spending."
1902,2836.3,StoreA,ANOMALY,This transaction amount ($2836.3) is unusually high compared to normal spending levels.
1946,270.39,StoreC,NORMAL,This transaction amount ($270.39) is typical for normal spending behavior.
6729,228.0,StoreC,NORMAL,This transaction amount ($228.0) is typical for normal spending behavior.
9262,3177.91,StoreB,ANOMALY,This transaction amount ($3177.91) is unusually high compared to normal spending levels.
4258,150.48,StoreC,NORMAL,This transaction amount ($150.48) is typical for normal spending behavior.
4849,178.55,StoreB,NORMAL,This transaction amount ($178.55) is typical for normal spending behavior.
9780,109.18,StoreC,NORMAL,This transaction amount ($109.18) is typical for normal spending behavior.
3860,144.76,StoreC,NORMAL,This transaction amount ($144.76) is typical for normal spending behavior.
1545,146.97,StoreA,NORMAL,This transaction amount ($146.97) is typical for normal spending behavior.
2618,139.05,StoreA,NORMAL,This transaction amount ($139.05) is typical for normal spending behavior.
8002,54.55,StoreA,NORMAL,This transaction amount ($54.55) is typical for normal spending behavior.
6796,189.62,StoreA,NORMAL,This transaction amount ($189.62) is typical for normal spending behavior.
2839,206.79,RareStoreX,ANOMALY,"This transaction occurred at an unusual location ('RareStoreX'), which is not typical for normal spending."
8975,51.55,StoreA,NORMAL,This transaction amount ($51.55) falls within the typical range of spending.
5076,183.84,StoreC,NORMAL,This transaction amount ($183.84) is typical for normal spending behavior.
8325,227.73,StoreC,NORMAL,This transaction amount ($227.73) is typical for normal spending behavior.
1787,5045.57,StoreA,ANOMALY,This transaction amount ($5045.57) is unusually high compared to normal spending levels.
7115,2.43,StoreB,ANOMALY,This transaction amount ($2.43) is extremely low and may indicate refund fraud or abnormal behavior.
6339,312.69,RareStoreX,ANOMALY,"This transaction occurred at an unusual location ('RareStoreX'), which is not typical for normal spending."
8591,4652.02,StoreC,ANOMALY,This transaction amount ($4652.02) is unusually high compared to normal spending levels.
4600,129.01,StoreA,NORMAL,This transaction amount ($129.01) falls within the typical range of spending.
7312,193.03,StoreA,NORMAL,This transaction amount ($193.03) is typical for normal spending behavior.
3956,230.79,StoreA,NORMAL,This transaction amount ($230.79) is typical for normal spending behavior.
2548,224.81,StoreB,NORMAL,This transaction amount ($224.81) is typical for normal spending behavior.
8097,7927.97,StoreB,ANOMALY,This transaction amount ($7927.97) is unusually high compared to normal spending levels.
9572,224.52,StoreC,NORMAL,This transaction amount ($224.52) is typical for normal spending behavior.
9506,120.47,StoreA,NORMAL,This transaction amount ($120.47) falls within the typical range of spending.
6510,225.32,OutlierMallY,ANOMALY,"This transaction occurred at an unusual location ('OutlierMallY'), which is not typical for normal spending."
9275,162.29,StoreA,NORMAL,This transaction amount ($162.29) falls within the typical range of spending.
3090,4.94,StoreA,ANOMALY,This transaction amount ($4.94) is extremely low and may indicate refund fraud or abnormal behavior.
4138,279.74,StoreA,NORMAL,This transaction amount ($279.74) is typical for normal spending behavior.
7369,145.12,StoreC,NORMAL,This transaction amount ($145.12) falls within the typical range of spending.
7553,199.86,StoreC,NORMAL,This transaction amount ($199.86) is typical for normal spending behavior.
1364,2.6,StoreC,ANOMALY,This transaction amount ($2.6) is extremely low and may indicate refund fraud or abnormal behavior.
3046,75.85,StoreA,NORMAL,This transaction amount ($75.85) falls within the typical range of spending.
3912,3.24,StoreA,ANOMALY,This transaction amount ($3.24) is extremely low and may indicate refund fraud or abnormal behavior.
3550,2.99,StoreB,ANOMALY,This transaction amount ($2.99) is extremely low and may indicate refund fraud or abnormal behavior.
8280,235.55,StoreB,NORMAL,This transaction amount ($235.55) is typical for normal spending behavior.
1064,257.32,StoreC,NORMAL,This transaction amount ($257.32) is typical for normal spending behavior.
6131,211.47,StoreC,NORMAL,This transaction amount ($211.47) is typical for normal spending behavior.
4163,172.48,RareStoreX,ANOMALY,"This transaction occurred at an unusual location ('RareStoreX'), which is not typical for normal spending."
6421,2.68,StoreC,ANOMALY,This transaction amount ($2.68) is extremely low and may indicate refund fraud or abnormal behavior.
2369,338.22,StoreB,NORMAL,This transaction amount ($338.22) is typical for normal spending behavior.
8660,2.51,StoreC,ANOMALY,This transaction amount ($2.51) is extremely low and may indicate refund fraud or abnormal behavior.
7034,228.5,OutlierMallY,ANOMALY,"This transaction occurred at an unusual location ('OutlierMallY'), which is not typical for normal spending."
9849,90.09,StoreB,NORMAL,This transaction amount ($90.09) falls within the typical range of spending.
2030,114.69,StoreB,NORMAL,This transaction amount ($114.69) is typical for normal spending behavior.
1011,175.82,StoreA,NORMAL,This transaction amount ($175.82) is typical for normal spending behavior.
9281,228.13,StoreC,NORMAL,This transaction amount ($228.13) is typical for normal spending behavior.
9644,159.68,StoreA,NORMAL,This transaction amount ($159.68) falls within the typical range of spending.
9635,204.36,StoreB,NORMAL,This transaction amount ($204.36) is typical for normal spending behavior.
3675,178.5,StoreC,NORMAL,This transaction amount ($178.5) falls within the typical range of spending.
5833,192.12,StoreB,NORMAL,This transaction amount ($192.12) is typical for normal spending behavior.
2007,108.84,StoreA,NORMAL,This transaction amount ($108.84) is typical for normal spending behavior.
9503,2.86,StoreB,ANOMALY,This transaction amount ($2.86) is extremely low and may indicate refund fraud or abnormal behavior.
6812,87.96,StoreB,NORMAL,This transaction amount ($87.96) is typical for normal spending behavior.
7516,189.11,StoreA,NORMAL,This transaction amount ($189.11) is typical for normal spending behavior.
8320,191.13,StoreA,NORMAL,This transaction amount ($191.13) is typical for normal spending behavior.
5460,216.29,StoreB,NORMAL,This transaction amount ($216.29) is typical for normal spending behavior.
7639,114.36,StoreC,NORMAL,This transaction amount ($114.36) falls within the typical range of spending.
4430,189.63,StoreC,NORMAL,This transaction amount ($189.63) is typical for normal spending behavior.
6127,243.34,StoreB,NORMAL,This transaction amount ($243.34) is typical for normal spending behavior.
2194,4.95,StoreC,ANOMALY,This transaction amount ($4.95) is extremely low and may indicate refund fraud or abnormal behavior.
5019,237.32,StoreA,NORMAL,This transaction amount ($237.32) is typical for normal spending behavior.
7302,209.63,StoreB,NORMAL,This transaction amount ($209.63) is typical for normal spending behavior.
4680,6974.95,StoreB,ANOMALY,This transaction amount ($6974.95) is unusually high compared to normal spending levels.
3810,135.74,StoreB,NORMAL,This transaction amount ($135.74) is typical for normal spending behavior.
3167,6847.28,StoreC,ANOMALY,This transaction amount ($6847.28) is unusually high compared to normal spending levels.
9737,252.34,StoreB,NORMAL,This transaction amount ($252.34) is typical for normal spending behavior.
2982,357.94,StoreA,NORMAL,This transaction amount ($357.94) is typical for normal spending behavior.
8448,170.42,StoreB,NORMAL,This transaction amount ($170.42) is typical for normal spending behavior.
7209,3068.89,StoreB,ANOMALY,This transaction amount ($3068.89) is unusually high compared to normal spending levels.
2291,278.72,StoreA,NORMAL,This transaction amount ($278.72) is typical for normal spending behavior.
5620,149.19,StoreB,NORMAL,This transaction amount ($149.19) is typical for normal spending behavior.
5009,217.93,StoreB,NORMAL,This transaction amount ($217.93) is typical for normal spending behavior.
6783,146.53,StoreA,NORMAL,This transaction amount ($146.53) falls within the typical range of spending.
2793,138.45,StoreB,NORMAL,This transaction amount ($138.45) is typical for normal spending behavior.
4676,85.52,StoreA,NORMAL,This transaction amount ($85.52) is typical for normal spending behavior.
6851,314.56,StoreB,NORMAL,This transaction amount ($314.56) is typical for normal spending behavior.
5868,235.69,StoreA,NORMAL,This transaction amount ($235.69) is typical for normal spending behavior.
5053,253.41,StoreB,NORMAL,This transaction amount ($253.41) is typical for normal spending behavior.
6087,141.59,StoreC,NORMAL,This transaction amount ($141.59) is typical for normal spending behavior.
1623,142.24,StoreC,NORMAL,This transaction amount ($142.24) is typical for normal spending behavior.
8796,94.34,StoreB,NORMAL,This transaction amount ($94.34) falls within the typical range of spending.
3986,201.16,OutlierMallY,ANOMALY,"This transaction occurred at an unusual location ('OutlierMallY'), which is not typical for normal spending."
1922,179.44,StoreC,NORMAL,This transaction amount ($179.44) is typical for normal spending behavior.
7337,85.94,StoreB,NORMAL,This transaction amount ($85.94) falls within the typical range of spending.
4182,229.98,StoreA,NORMAL,This transaction amount ($229.98) is typical for normal spending behavior.
8169,120.61,StoreA,NORMAL,This transaction amount ($120.61) is typical for normal spending behavior.
6230,260.69,RareStoreX,ANOMALY,"This transaction occurred at an unusual location ('RareStoreX'), which is not typical for normal spending."
5810,124.39,StoreB,NORMAL,This transaction amount ($124.39) is typical for normal spending behavior.
6136,2883.39,StoreC,ANOMALY,This transaction amount ($2883.39) is unusually high compared to normal spending levels.
1665,109.72,StoreC,NORMAL,This transaction amount ($109.72) is typical for normal spending behavior.
9520,153.63,StoreC,NORMAL,This transaction amount ($153.63) is typical for normal spending behavior.
3161,4749.54,StoreA,ANOMALY,This transaction amount ($4749.54) is unusually high compared to normal spending levels.
2812,305.32,StoreA,NORMAL,This transaction amount ($305.32) is typical for normal spending behavior.
1588,2659.71,StoreC,ANOMALY,This transaction amount ($2659.71) is unusually high compared to normal spending levels.
9032,168.54,StoreB,NORMAL,This transaction amount ($168.54) falls within the typical range of spending.
4955,243.88,StoreB,NORMAL,This transaction amount ($243.88) is typical for normal spending behavior.
2789,164.46,StoreB,NORMAL,This transaction amount ($164.46) is typical for normal spending behavior.
4046,225.76,StoreA,NORMAL,This transaction amount ($225.76) is typical for normal spending behavior.
8675,224.48,StoreC,NORMAL,This transaction amount ($224.48) is typical for normal spending behavior.
1195,6716.84,StoreB,ANOMALY,This transaction amount ($6716.84) is unusually high compared to normal spending levels.
7063,90.86,RareStoreX,ANOMALY,"This transaction occurred at an unusual location ('RareStoreX'), which is not typical for normal spending."
2697,134.28,StoreA,NORMAL,This transaction amount ($134.28) falls within the typical range of spending.
5975,233.15,StoreB,NORMAL,This transaction amount ($233.15) is typical for normal spending behavior.
5858,117.63,StoreC,NORMAL,This transaction amount ($117.63) is typical for normal spending behavior.
1073,269.22,StoreC,NORMAL,This transaction amount ($269.22) is typical for normal spending behavior.
9125,83.66,StoreC,NORMAL,This transaction amount ($83.66) falls within the typical range of spending.
4657,1.9,StoreB,ANOMALY,This transaction amount ($1.9) is extremely low and may indicate refund fraud or abnormal behavior.
1700,155.11,StoreA,NORMAL,This transaction amount ($155.11) falls within the typical range of spending.
6233,115.55,StoreA,NORMAL,This transaction amount ($115.55) is typical for normal spending behavior.
1988,4.1,StoreA,ANOMALY,This transaction amount ($4.1) is extremely low and may indicate refund fraud or abnormal behavior.
3607,159.37,StoreA,NORMAL,This transaction amount ($159.37) is typical for normal spending behavior.
7499,89.97,StoreA,NORMAL,This transaction amount ($89.97) falls within the typical range of spending.
3614,92.01,StoreC,NORMAL,This transaction amount ($92.01) falls within the typical range of spending.
2014,4.51,StoreB,ANOMALY,This transaction amount ($4.51) is extremely low and may indicate refund fraud or abnormal behavior.
6719,5191.32,StoreB,ANOMALY,This transaction amount ($5191.32) is unusually high compared to normal spending levels.
2850,315.04,OutlierMallY,ANOMALY,"This transaction occurred at an unusual location ('OutlierMallY'), which is not typical for normal spending."
9766,69.55,StoreC,NORMAL,This transaction amount ($69.55) falls within the typical range of spending.
5864,257.89,StoreC,NORMAL,This transaction amount ($257.89) is typical for normal spending behavior.
4749,211.21,StoreC,NORMAL,This transaction amount ($211.21) is typical for normal spending behavior.
5288,3167.18,StoreC,ANOMALY,This transaction amount ($3167.18) is unusually high compared to normal spending levels.
3415,245.45,StoreC,NORMAL,This transaction amount ($245.45) is typical for normal spending behavior.
1672,162.34,StoreB,NORMAL,This transaction amount ($162.34) is typical for normal spending behavior.
4863,238.08,StoreA,NORMAL,This transaction amount ($238.08) is typical for normal spending behavior.
8692,190.9,StoreA,NORMAL,This transaction amount ($190.9) is typical for normal spending behavior.
9978,215.81,StoreB,NORMAL,This transaction amount ($215.81) is typical for normal spending behavior.
7080,2.18,StoreA,ANOMALY,This transaction amount ($2.18) is extremely low and may indicate refund fraud or abnormal behavior.
5379,246.48,StoreC,NORMAL,This transaction amount ($246.48) is typical for normal spending behavior.
9424,188.38,StoreA,NORMAL,This transaction amount ($188.38) is typical for normal spending behavior.
8372,78.45,StoreC,NORMAL,This transaction amount ($78.45) is typical for normal spending behavior.
5134,234.78,StoreA,NORMAL,This transaction amount ($234.78) is typical for normal spending behavior.
3787,204.65,StoreA,NORMAL,This transaction amount ($204.65) is typical for normal spending behavior.
2501,108.04,StoreB,NORMAL,This transaction amount ($108.04) is typical for normal spending behavior.
3443,222.64,StoreB,NORMAL,This transaction amount ($222.64) is typical for normal spending behavior.
3721,156.81,StoreB,NORMAL,This transaction amount ($156.81) is typical for normal spending behavior.
9430,3554.35,StoreB,ANOMALY,This transaction amount ($3554.35) is unusually high compared to normal spending levels.
6474,303.75,OutlierMallY,ANOMALY,"This transaction occurred at an unusual location ('OutlierMallY'), which is not typical for normal spending."
8771,196.15,OutlierMallY,ANOMALY,"This transaction occurred at an unusual location ('OutlierMallY'), which is not typical for normal spending."
6682,138.25,RareStoreX,ANOMALY,"This transaction occurred at an unusual location ('RareStoreX'), which is not typical for normal spending."
9953,3459.26,StoreC,ANOMALY,This transaction amount ($3459.26) is unusually high compared to normal spending levels.
9044,163.92,StoreB,NORMAL,This transaction amount ($163.92) is typical for normal spending behavior.
8902,121.93,StoreC,NORMAL,This transaction amount ($121.93) falls within the typical range of spending.
2975,357.25,StoreC,NORMAL,This transaction amount ($357.25) is typical for normal spending behavior.
8003,3400.03,StoreA,ANOMALY,This transaction amount ($3400.03) is unusually high compared to normal spending levels.
3819,198.11,StoreA,NORMAL,This transaction amount ($198.11) is typical for normal spending behavior.
4497,142.1,StoreB,NORMAL,This transaction amount ($142.1) is typical for normal spending behavior.
6275,232.49,StoreB,NORMAL,This transaction amount ($232.49) is typical for normal spending behavior.
4549,181.45,StoreB,NORMAL,This transaction amount ($181.45) is typical for normal spending behavior.
7238,242.7,StoreB,NORMAL,This transaction amount ($242.7) is typical for normal spending behavior.
9603,56.82,StoreA,NORMAL,This transaction amount ($56.82) falls within the typical range of spending.
6692,136.92,StoreB,NORMAL,This transaction amount ($136.92) is typical for normal spending behavior.
7102,97.8,StoreA,NORMAL,This transaction amount ($97.8) is typical for normal spending behavior.
3296,189.13,StoreC,NORMAL,This transaction amount ($189.13) is typical for normal spending behavior.
6555,290.14,StoreB,NORMAL,This transaction amount ($290.14) is typical for normal spending behavior.
9260,180.34,StoreA,NORMAL,This transaction amount ($180.34) falls within the typical range of spending.
7159,233.0,StoreB,NORMAL,This transaction amount ($233.0) is typical for normal spending behavior.
3224,176.49,StoreB,NORMAL,This transaction amount ($176.49) is typical for normal spending behavior.
7334,240.74,StoreA,NORMAL,This transaction amount ($240.74) is typical for normal spending behavior.
3070,106.77,StoreB,NORMAL,This transaction amount ($106.77) is typical for normal spending behavior.
9654,64.76,StoreC,NORMAL,This transaction amount ($64.76) falls within the typical range of spending.
2150,52.96,StoreC,NORMAL,This transaction amount ($52.96) falls within the typical range of spending.
7449,239.03,StoreA,NORMAL,This transaction amount ($239.03) is typical for normal spending behavior.
5869,282.81,StoreC,NORMAL,This transaction amount ($282.81) is typical for normal spending behavior.
6185,140.62,StoreA,NORMAL,This transaction amount ($140.62) is typical for normal spending behavior.
3101,2.0,StoreC,ANOMALY,This transaction amount ($2.0) is extremely low and may indicate refund fraud or abnormal behavior.
7022,234.25,StoreA,NORMAL,This transaction amount ($234.25) is typical for normal spending behavior.
2610,279.28,StoreA,NORMAL,This transaction amount ($279.28) is typical for normal spending behavior.
2169,3.13,StoreA,ANOMALY,This transaction amount ($3.13) is extremely low and may indicate refund fraud or abnormal behavior.
6062,186.59,StoreA,NORMAL,This transaction amount ($186.59) is typical for normal spending behavior.
1277,176.9,StoreA,NORMAL,This transaction amount ($176.9) is typical for normal spending behavior.
5601,314.84,StoreC,NORMAL,This transaction amount ($314.84) is typical for normal spending behavior.
4187,80.23,StoreB,NORMAL,This transaction amount ($80.23) falls within the typical range of spending.
8059,127.04,OutlierMallY,ANOMALY,"This transaction occurred at an unusual location ('OutlierMallY'), which is not typical for normal spending."
6030,6100.22,StoreA,ANOMALY,This transaction amount ($6100.22) is unusually high compared to normal spending levels.
2235,66.39,StoreA,NORMAL,This transaction amount ($66.39) falls within the typical range of spending.
7850,232.71,OutlierMallY,ANOMALY,"This transaction occurred at an unusual location ('OutlierMallY'), which is not typical for normal spending."
2452,5955.85,StoreB,ANOMALY,This transaction amount ($5955.85) is unusually high compared to normal spending levels.
7416,2.58,StoreC,ANOMALY,This transaction amount ($2.58) is extremely low and may indicate refund fraud or abnormal behavior.
2757,233.05,StoreA,NORMAL,This transaction amount ($233.05) is typical for normal spending behavior.
3083,1.81,StoreB,ANOMALY,This transaction amount ($1.81) is extremely low and may indicate refund fraud or abnormal behavior.
4376,4.44,StoreA,ANOMALY,This transaction amount ($4.44) is extremely low and may indicate refund fraud or abnormal behavior.
6350,7867.41,StoreC,ANOMALY,This transaction amount ($7867.41) is unusually high compared to normal spending levels.
1107,111.55,StoreB,NORMAL,This transaction amount ($111.55) is typical for normal spending behavior.
2365,3627.04,StoreC,ANOMALY,This transaction amount ($3627.04) is unusually high compared to normal spending levels.
5190,325.16,StoreC,NORMAL,This transaction amount ($325.16) is typical for normal spending behavior.
8038,180.83,OutlierMallY,ANOMALY,"This transaction occurred at an unusual location ('OutlierMallY'), which is not typical for normal spending."
2166,5780.26,StoreC,ANOMALY,This transaction amount ($5780.26) is unusually high compared to normal spending levels.
5623,199.42,OutlierMallY,ANOMALY,"This transaction occurred at an unusual location ('OutlierMallY'), which is not typical for normal spending."
3674,145.07,StoreA,NORMAL,This transaction amount ($145.07) falls within the typical range of spending.
9638,236.36,StoreC,NORMAL,This transaction amount ($236.36) is typical for normal spending behavior.
9111,281.64,StoreA,NORMAL,This transaction amount ($281.64) is typical for normal spending behavior.
3972,2.25,StoreB,ANOMALY,This transaction amount ($2.25) is extremely low and may indicate refund fraud or abnormal behavior.
8364,238.43,StoreA,NORMAL,This transaction amount ($238.43) is typical for normal spending behavior.
4770,103.61,StoreB,NORMAL,This transaction amount ($103.61) is typical for normal spending behavior.
6409,242.57,StoreB,NORMAL,This transaction amount ($242.57) is typical for normal spending behavior.
4382,202.89,StoreA,NORMAL,This transaction amount ($202.89) is typical for normal spending behavior.
3051,134.09,RareStoreX,ANOMALY,"This transaction occurred at an unusual location ('RareStoreX'), which is not typical for normal spending."
9879,175.52,StoreC,NORMAL,This transaction amount ($175.52) is typical for normal spending behavior.
8760,284.93,OutlierMallY,ANOMALY,"This transaction occurred at an unusual location ('OutlierMallY'), which is not typical for normal spending."
9494,192.23,StoreC,NORMAL,This transaction amount ($192.23) is typical for normal spending behavior.
3689,179.85,StoreA,NORMAL,This transaction amount ($179.85) is typical for normal spending behavior.
7831,161.82,StoreA,NORMAL,This transaction amount ($161.82) falls within the typical range of spending.
6820,211.75,StoreB,NORMAL,This transaction amount ($211.75) is typical for normal spending behavior.
6702,0.61,StoreB,ANOMALY,This transaction amount ($0.61) is extremely low and may indicate refund fraud or abnormal behavior.
2611,4.08,StoreC,ANOMALY,This transaction amount ($4.08) is extremely low and may indicate refund fraud or abnormal behavior.
9624,127.15,StoreB,NORMAL,This transaction amount ($127.15) is typical for normal spending behavior.
5858,156.0,StoreB,NORMAL,This transaction amount ($156.0) falls within the typical range of spending.
9167,187.51,StoreB,NORMAL,This transaction amount ($187.51) is typical for normal spending behavior.
5487,4822.94,StoreB,ANOMALY,This transaction amount ($4822.94) is unusually high compared to normal spending levels.
7413,2714.14,StoreC,ANOMALY,This transaction amount ($2714.14) is unusually high compared to normal spending levels.
4770,227.14,StoreB,NORMAL,This transaction amount ($227.14) is typical for normal spending behavior.
4038,157.85,StoreC,NORMAL,This transaction amount ($157.85) falls within the typical range of spending.
6429,119.27,StoreB,NORMAL,This transaction amount ($119.27) falls within the typical range of spending.
3306,5380.32,StoreC,ANOMALY,This transaction amount ($5380.32) is unusually high compared to normal spending levels.
7065,190.38,StoreA,NORMAL,This transaction amount ($190.38) is typical for normal spending behavior.
7436,135.36,StoreC,NORMAL,This transaction amount ($135.36) falls within the typical range of spending.
2487,163.23,StoreC,NORMAL,This transaction amount ($163.23) is typical for normal spending behavior.
1658,158.0,StoreB,NORMAL,This transaction amount ($158.0) falls within the typical range of spending.
8089,3.41,StoreC,ANOMALY,This transaction amount ($3.41) is extremely low and may indicate refund fraud or abnormal behavior.
4540,305.3,StoreB,NORMAL,This transaction amount ($305.3) is typical for normal spending behavior.
7833,82.89,StoreA,NORMAL,This transaction amount ($82.89) falls within the typical range of spending.
2156,253.56,StoreA,NORMAL,This transaction amount ($253.56) is typical for normal spending behavior.
8141,179.09,StoreA,NORMAL,This transaction amount ($179.09) falls within the typical range of spending.
1364,229.88,StoreA,NORMAL,This transaction amount ($229.88) is typical for normal spending behavior.
3078,4.38,StoreB,ANOMALY,This transaction amount ($4.38) is extremely low and may indicate refund fraud or abnormal behavior.
6097,324.07,StoreB,NORMAL,This transaction amount ($324.07) is typical for normal spending behavior.
7351,55.52,StoreA,NORMAL,This transaction amount ($55.52) falls within the typical range of spending.
6520,133.78,StoreA,NORMAL,This transaction amount ($133.78) is typical for normal spending behavior.
3951,94.51,StoreC,NORMAL,This transaction amount ($94.51) falls within the typical range of spending.
8782,2573.94,StoreA,ANOMALY,This transaction amount ($2573.94) is unusually high compared to normal spending levels.
8274,5590.44,StoreC,ANOMALY,This transaction amount ($5590.44) is unusually high compared to normal spending levels.
4860,2.18,StoreC,ANOMALY,This transaction amount ($2.18) is extremely low and may indicate refund fraud or abnormal behavior.
9785,2.99,StoreB,ANOMALY,This transaction amount ($2.99) is extremely low and may indicate refund fraud or abnormal behavior.
1326,1.55,StoreB,ANOMALY,This transaction amount ($1.55) is extremely low and may indicate refund fraud or abnormal behavior.
6270,146.68,StoreA,NORMAL,This transaction amount ($146.68) falls within the typical range of spending.
7167,163.83,StoreC,NORMAL,This transaction amount ($163.83) is typical for normal spending behavior.
1727,5016.95,StoreC,ANOMALY,This transaction amount ($5016.95) is unusually high compared to normal spending levels.
3220,264.35,StoreB,NORMAL,This transaction amount ($264.35) is typical for normal spending behavior.
4203,267.26,StoreA,NORMAL,This transaction amount ($267.26) is typical for normal spending behavior.
4732,284.17,StoreC,NORMAL,This transaction amount ($284.17) is typical for normal spending behavior.
1343,267.17,StoreB,NORMAL,This transaction amount ($267.17) is typical for normal spending behavior.
4219,197.43,StoreA,NORMAL,This transaction amount ($197.43) is typical for normal spending behavior.
7621,4428.95,StoreA,ANOMALY,This transaction amount ($4428.95) is unusually high compared to normal spending levels.
6194,267.63,RareStoreX,ANOMALY,"This transaction occurred at an unusual location ('RareStoreX'), which is not typical for normal spending."
6968,219.76,OutlierMallY,ANOMALY,"This transaction occurred at an unusual location ('OutlierMallY'), which is not typical for normal spending."
7175,3252.84,StoreA,ANOMALY,This transaction amount ($3252.84) is unusually high compared to normal spending levels.
5674,123.18,StoreB,NORMAL,This transaction amount ($123.18) is typical for normal spending behavior.
2379,172.14,StoreA,NORMAL,This transaction amount ($172.14) is typical for normal spending behavior.
5630,4957.59,StoreB,ANOMALY,This transaction amount ($4957.59) is unusually high compared to normal spending levels.
6490,196.67,StoreB,NORMAL,This transaction amount ($196.67) is typical for normal spending behavior.
1546,347.32,StoreA,NORMAL,This transaction amount ($347.32) is typical for normal spending behavior.
4284,164.45,StoreB,NORMAL,This transaction amount ($164.45) is typical for normal spending behavior.
3720,110.21,StoreB,NORMAL,This transaction amount ($110.21) is typical for normal spending behavior.
7793,3509.6,StoreC,ANOMALY,This transaction amount ($3509.6) is unusually high compared to normal spending levels.
3121,5739.71,StoreA,ANOMALY,This transaction amount ($5739.71) is unusually high compared to normal spending levels.
3418,196.24,StoreB,NORMAL,This transaction amount ($196.24) is typical for normal spending behavior.
3274,190.98,StoreB,NORMAL,This transaction amount ($190.98) is typical for normal spending behavior.
7310,148.92,StoreA,NORMAL,This transaction amount ($148.92) is typical for normal spending behavior.
1975,6845.6,StoreA,ANOMALY,This transaction amount ($6845.6) is unusually high compared to normal spending levels.
1325,189.87,StoreC,NORMAL,This transaction amount ($189.87) is typical for normal spending behavior.
6027,101.43,StoreC,NORMAL,This transaction amount ($101.43) falls within the typical range of spending.
2088,222.05,StoreC,NORMAL,This transaction amount ($222.05) is typical for normal spending behavior.
5684,1.17,StoreC,ANOMALY,This transaction amount ($1.17) is extremely low and may indicate refund fraud or abnormal behavior.
1654,176.88,StoreB,NORMAL,This transaction amount ($176.88) is typical for normal spending behavior.
5537,262.11,StoreA,NORMAL,This transaction amount ($262.11) is typical for normal spending behavior.
4641,230.82,StoreA,NORMAL,This transaction amount ($230.82) is typical for normal spending behavior.
4775,189.67,StoreA,NORMAL,This transaction amount ($189.67) falls within the typical range of spending.
6736,102.47,StoreA,NORMAL,This transaction amount ($102.47) falls within the typical range of spending.
6515,0.79,StoreB,ANOMALY,This transaction amount ($0.79) is extremely low and may indicate refund fraud or abnormal behavior.
6489,57.14,StoreC,NORMAL,This transaction amount ($57.14) falls within the typical range of spending.
5588,191.77,OutlierMallY,ANOMALY,"This transaction occurred at an unusual location ('OutlierMallY'), which is not typical for normal spending."
6791,26.22,StoreB,NORMAL,This transaction amount ($26.22) is typical for normal spending behavior.
6241,233.77,StoreC,NORMAL,This transaction amount ($233.77) is typical for normal spending behavior.
4969,125.94,StoreC,NORMAL,This transaction amount ($125.94) is typical for normal spending behavior.
3989,225.17,StoreC,NORMAL,This transaction amount ($225.17) is typical for normal spending behavior.
1151,246.25,StoreC,NORMAL,This transaction amount ($246.25) is typical for normal spending behavior.
5575,258.53,StoreC,NORMAL,This transaction amount ($258.53) is typical for normal spending behavior.
4742,3326.9,StoreA,ANOMALY,This transaction amount ($3326.9) is unusually high compared to normal spending levels.
4885,227.55,StoreC,NORMAL,This transaction amount ($227.55) is typical for normal spending behavior.
5952,233.28,RareStoreX,ANOMALY,"This transaction occurred at an unusual location ('RareStoreX'), which is not typical for normal spending."
6563,192.67,StoreB,NORMAL,This transaction amount ($192.67) falls within the typical range of spending.
5491,174.42,StoreB,NORMAL,This transaction amount ($174.42) is typical for normal spending behavior.
4665,158.67,StoreA,NORMAL,This transaction amount ($158.67) falls within the typical range of spending.
3433,247.61,StoreB,NORMAL,This transaction amount ($247.61) is typical for normal spending behavior.
8736,236.75,StoreA,NORMAL,This transaction amount ($236.75) is typical for normal spending behavior.
2781,105.77,StoreB,NORMAL,This transaction amount ($105.77) is typical for normal spending behavior.
5443,170.15,StoreC,NORMAL,This transaction amount ($170.15) is typical for normal spending behavior.
4365,228.07,RareStoreX,ANOMALY,"This transaction occurred at an unusual location ('RareStoreX'), which is not typical for normal spending."
5240,200.03,StoreA,NORMAL,This transaction amount ($200.03) is typical for normal spending behavior.
7030,226.48,StoreC,NORMAL,This transaction amount ($226.48) is typical for normal spending behavior.
1049,127.59,StoreB,NORMAL,This transaction amount ($127.59) falls within the typical range of spending.
9353,1.48,StoreA,ANOMALY,This transaction amount ($1.48) is extremely low and may indicate refund fraud or abnormal behavior.
1193,186.59,StoreC,NORMAL,This transaction amount ($186.59) is typical for normal spending behavior.
7345,105.93,StoreC,NORMAL,This transaction amount ($105.93) falls within the typical range of spending.
3977,3386.4,StoreB,ANOMALY,This transaction amount ($3386.4) is unusually high compared to normal spending levels.
9347,323.64,StoreB,NORMAL,This transaction amount ($323.64) is typical for normal spending behavior.
4134,102.53,StoreB,NORMAL,This transaction amount ($102.53) falls within the typical range of spending.
9609,215.27,StoreA,NORMAL,This transaction amount ($215.27) is typical for normal spending behavior.
7806,155.45,StoreB,NORMAL,This transaction amount ($155.45) is typical for normal spending behavior.
4613,5750.43,StoreC,ANOMALY,This transaction amount ($5750.43) is unusually high compared to normal spending levels.
6919,179.46,StoreB,NORMAL,This transaction amount ($179.46) falls within the typical range of spending.
4052,2658.41,StoreB,ANOMALY,This transaction amount ($2658.41) is unusually high compared to normal spending levels.
1848,194.65,StoreB,NORMAL,This transaction amount ($194.65) is typical for normal spending behavior.
7595,5382.61,StoreC,ANOMALY,This transaction amount ($5382.61) is unusually high compared to normal spending levels.
5458,168.26,StoreC,NORMAL,This transaction amount ($168.26) is typical for normal spending behavior.
6931,144.55,StoreC,NORMAL,This transaction amount ($144.55) is typical for normal spending behavior.
8024,211.08,StoreC,NORMAL,This transaction amount ($211.08) is typical for normal spending behavior.
2242,94.35,StoreB,NORMAL,This transaction amount ($94.35) is typical for normal spending behavior.
7222,391.59,StoreB,NORMAL,This transaction amount ($391.59) is typical for normal spending behavior.
9627,148.57,StoreC,NORMAL,This transaction amount ($148.57) is typical for normal spending behavior.
5445,129.25,StoreB,NORMAL,This transaction amount ($129.25) falls within the typical range of spending.
9828,135.14,StoreB,NORMAL,This transaction amount ($135.14) is typical for normal spending behavior.
7452,217.96,StoreB,NORMAL,This transaction amount ($217.96) is typical for normal spending behavior.
3846,158.99,StoreB,NORMAL,This transaction amount ($158.99) falls within the typical range of spending.
7852,235.31,StoreB,NORMAL,This transaction amount ($235.31) is typical for normal spending behavior.
3500,105.49,StoreB,NORMAL,This transaction amount ($105.49) falls within the typical range of spending.
4236,3901.85,StoreC,ANOMALY,This transaction amount ($3901.85) is unusually high compared to normal spending levels.
7035,203.6,StoreB,NORMAL,This transaction amount ($203.6) is typical for normal spending behavior.
5380,3268.74,StoreB,ANOMALY,This transaction amount ($3268.74) is unusually high compared to normal spending levels.
7794,151.35,StoreC,NORMAL,This transaction amount ($151.35) is typical for normal spending behavior.
6906,6480.87,StoreA,ANOMALY,This transaction amount ($6480.87) is unusually high compared to normal spending levels.
1087,238.32,StoreB,NORMAL,This transaction amount ($238.32) is typical for normal spending behavior.
6061,6358.24,StoreC,ANOMALY,This transaction amount ($6358.24) is unusually high compared to normal spending levels.
8653,212.66,StoreA,NORMAL,This transaction amount ($212.66) is typical for normal spending behavior.
4065,283.61,StoreA,NORMAL,This transaction amount ($283.61) is typical for normal spending behavior.
6932,168.68,StoreA,NORMAL,This transaction amount ($168.68) falls within the typical range of spending.
9177,223.67,StoreB,NORMAL,This transaction amount ($223.67) is typical for normal spending behavior.
5210,3.73,StoreB,ANOMALY,This transaction amount ($3.73) is extremely low and may indicate refund fraud or abnormal behavior.
9932,3.44,StoreA,ANOMALY,This transaction amount ($3.44) is extremely low and may indicate refund fraud or abnormal behavior.
2407,4.47,StoreC,ANOMALY,This transaction amount ($4.47) is extremely low and may indicate refund fraud or abnormal behavior.
2315,221.08,RareStoreX,ANOMALY,"This transaction occurred at an unusual location ('RareStoreX'), which is not typical for normal spending."
4145,244.78,StoreA,NORMAL,This transaction amount ($244.78) is typical for normal spending behavior.
3708,163.59,StoreB,NORMAL,This transaction amount ($163.59) is typical for normal spending behavior.
6492,200.43,StoreB,NORMAL,This transaction amount ($200.43) is typical for normal spending behavior.
6710,2.92,StoreA,ANOMALY,This transaction amount ($2.92) is extremely low and may indicate refund fraud or abnormal behavior.
2188,176.23,StoreA,NORMAL,This transaction amount ($176.23) is typical for normal spending behavior.
2067,198.63,StoreA,NORMAL,This transaction amount ($198.63) is typical for normal spending behavior.
7099,262.17,StoreB,NORMAL,This transaction amount ($262.17) is typical for normal spending behavior.
3864,217.07,RareStoreX,ANOMALY,"This transaction occurred at an unusual location ('RareStoreX'), which is not typical for normal spending."
5370,217.74,StoreC,NORMAL,This transaction amount ($217.74) is typical for normal spending behavior.
5828,135.57,StoreC,NORMAL,This transaction amount ($135.57) falls within the typical range of spending.
3149,166.46,StoreA,NORMAL,This transaction amount ($166.46) is typical for normal spending behavior.
6692,157.05,StoreA,NORMAL,This transaction amount ($157.05) is typical for normal spending behavior.
1879,205.03,StoreC,NORMAL,This transaction amount ($205.03) is typical for normal spending behavior.
7590,143.91,StoreC,NORMAL,This transaction amount ($143.91) falls within the typical range of spending.
1723,166.26,StoreA,NORMAL,This transaction amount ($166.26) is typical for normal spending behavior.
5691,2.53,StoreB,ANOMALY,This transaction amount ($2.53) is extremely low and may indicate refund fraud or abnormal behavior.
3415,201.26,StoreB,NORMAL,This transaction amount ($201.26) is typical for normal spending behavior.
8081,3437.38,StoreA,ANOMALY,This transaction amount ($3437.38) is unusually high compared to normal spending levels.
9041,4203.24,StoreB,ANOMALY,This transaction amount ($4203.24) is unusually high compared to normal spending levels.
1659,337.46,StoreB,NORMAL,This transaction amount ($337.46) is typical for normal spending behavior.
9539,108.46,StoreC,NORMAL,This transaction amount ($108.46) is typical for normal spending behavior.
9674,87.39,OutlierMallY,ANOMALY,"This transaction occurred at an unusual location ('OutlierMallY'), which is not typical for normal spending."
3428,317.57,OutlierMallY,ANOMALY,"This transaction occurred at an unusual location ('OutlierMallY'), which is not typical for normal spending."
2070,207.17,StoreA,NORMAL,This transaction amount ($207.17) is typical for normal spending behavior.
1292,207.58,StoreC,NORMAL,This transaction amount ($207.58) is typical for normal spending behavior.
5155,156.9,StoreC,NORMAL,This transaction amount ($156.9) is typical for normal spending behavior.
8991,186.35,StoreC,NORMAL,This transaction amount ($186.35) is typical for normal spending behavior.
7154,266.58,StoreC,NORMAL,This transaction amount ($266.58) is typical for normal spending behavior.
4159,3315.87,StoreB,ANOMALY,This transaction amount ($3315.87) is unusually high compared to normal spending levels.
7444,7664.95,StoreA,ANOMALY,This transaction amount ($7664.95) is unusually high compared to normal spending levels.
6767,0.73,StoreA,ANOMALY,This transaction amount ($0.73) is extremely low and may indicate refund fraud or abnormal behavior.
9287,2840.84,StoreB,ANOMALY,This transaction amount ($2840.84) is unusually high compared to normal spending levels.
3636,105.85,StoreB,NORMAL,This transaction amount ($105.85) falls within the typical range of spending.
4147,3.63,StoreA,ANOMALY,This transaction amount ($3.63) is extremely low and may indicate refund fraud or abnormal behavior.
5213,3517.2,StoreB,ANOMALY,This transaction amount ($3517.2) is unusually high compared to normal spending levels.
3982,185.36,StoreC,NORMAL,This transaction amount ($185.36) is typical for normal spending behavior.
3605,3.35,StoreB,ANOMALY,This transaction amount ($3.35) is extremely low and may indicate refund fraud or abnormal behavior.
5603,5205.67,StoreB,ANOMALY,This transaction amount ($5205.67) is unusually high compared to normal spending levels.
5655,229.19,StoreC,NORMAL,This transaction amount ($229.19) is typical for normal spending behavior.
4192,2786.29,StoreB,ANOMALY,This transaction amount ($2786.29) is unusually high compared to normal spending levels.
2299,87.87,StoreB,NORMAL,This transaction amount ($87.87) falls within the typical range of spending.
1331,139.36,StoreB,NORMAL,This transaction amount ($139.36) is typical for normal spending behavior.
8420,191.94,StoreC,NORMAL,This transaction amount ($191.94) is typical for normal spending behavior.
5585,7975.36,StoreC,ANOMALY,This transaction amount ($7975.36) is unusually high compared to normal spending levels.
8572,312.57,StoreC,NORMAL,This transaction amount ($312.57) is typical for normal spending behavior.
9954,123.55,StoreB,NORMAL,This transaction amount ($123.55) falls within the typical range of spending.
7694,223.95,StoreA,NORMAL,This transaction amount ($223.95) is typical for normal spending behavior.
3661,1.24,StoreA,ANOMALY,This transaction amount ($1.24) is extremely low and may indicate refund fraud or abnormal behavior.
2041,68.23,StoreB,NORMAL,This transaction amount ($68.23) is typical for normal spending behavior.
3022,261.83,StoreA,NORMAL,This transaction amount ($261.83) is typical for normal spending behavior.
9679,216.0,OutlierMallY,ANOMALY,"This transaction occurred at an unusual location ('OutlierMallY'), which is not typical for normal spending."
5700,92.54,OutlierMallY,ANOMALY,"This transaction occurred at an unusual location ('OutlierMallY'), which is not typical for normal spending."
1710,302.25,StoreA,NORMAL,This transaction amount ($302.25) is typical for normal spending behavior.
9113,279.04,StoreA,NORMAL,This transaction amount ($279.04) is typical for normal spending behavior.
9587,27.66,StoreC,NORMAL,This transaction amount ($27.66) is typical for normal spending behavior.
4936,312.87,StoreC,NORMAL,This transaction amount ($312.87) is typical for normal spending behavior.
8819,184.91,StoreA,NORMAL,This transaction amount ($184.91) is typical for normal spending behavior.
8206,269.56,StoreC,NORMAL,This transaction amount ($269.56) is typical for normal spending behavior.
7276,127.34,StoreB,NORMAL,This transaction amount ($127.34) is typical for normal spending behavior.
7981,204.16,StoreC,NORMAL,This transaction amount ($204.16) is typical for normal spending behavior.
3224,243.19,StoreC,NORMAL,This transaction amount ($243.19) is typical for normal spending behavior.
8645,183.87,StoreA,NORMAL,This transaction amount ($183.87) is typical for normal spending behavior.
7230,136.54,StoreA,NORMAL,This transaction amount ($136.54) is typical for normal spending behavior.
9759,3361.49,StoreC,ANOMALY,This transaction amount ($3361.49) is unusually high compared to normal spending levels.
3831,111.29,StoreC,NORMAL,This transaction amount ($111.29) is typical for normal spending behavior.
9744,72.28,StoreB,NORMAL,This transaction amount ($72.28) is typical for normal spending behavior.
9593,164.15,StoreA,NORMAL,This transaction amount ($164.15) is typical for normal spending behavior.
1767,194.62,StoreB,NORMAL,This transaction amount ($194.62) is typical for normal spending behavior.
7420,2989.59,StoreB,ANOMALY,This transaction amount ($2989.59) is unusually high compared to normal spending levels.
3403,4104.12,StoreA,ANOMALY,This transaction amount ($4104.12) is unusually high compared to normal spending levels.
7153,3.65,StoreC,ANOMALY,This transaction amount ($3.65) is extremely low and may indicate refund fraud or abnormal behavior.
6349,195.05,OutlierMallY,ANOMALY,"This transaction occurred at an unusual location ('OutlierMallY'), which is not typical for normal spending."
2682,202.29,StoreA,NORMAL,This transaction amount ($202.29) is typical for normal spending behavior.
8426,2.45,StoreC,ANOMALY,This transaction amount ($2.45) is extremely low and may indicate refund fraud or abnormal behavior.
2461,249.93,OutlierMallY,ANOMALY,"This transaction occurred at an unusual location ('OutlierMallY'), which is not typical for normal spending."
1954,136.66,StoreB,NORMAL,This transaction amount ($136.66) falls within the typical range of spending.
2055,3648.08,StoreC,ANOMALY,This transaction amount ($3648.08) is unusually high compared to normal spending levels.
2132,4.85,StoreC,ANOMALY,This transaction amount ($4.85) is extremely low and may indicate refund fraud or abnormal behavior.
5490,225.21,StoreC,NORMAL,This transaction amount ($225.21) is typical for normal spending behavior.
7048,130.94,StoreC,NORMAL,This transaction amount ($130.94) is typical for normal spending behavior.
8545,152.55,StoreA,NORMAL,This transaction amount ($152.55) is typical for normal spending behavior.
8322,128.23,StoreA,NORMAL,This transaction amount ($128.23) is typical for normal spending behavior.
7985,189.64,StoreA,NORMAL,This transaction amount ($189.64) is typical for normal spending behavior.
7338,160.53,StoreA,NORMAL,This transaction amount ($160.53) is typical for normal spending behavior.
6151,98.7,StoreC,NORMAL,This transaction amount ($98.7) falls within the typical range of spending.
6159,135.34,StoreB,NORMAL,This transaction amount ($135.34) is typical for normal spending behavior.
8034,214.48,StoreB,NORMAL,This transaction amount ($214.48) is typical for normal spending behavior.
9066,161.51,StoreB,NORMAL,This transaction amount ($161.51) falls within the typical range of spending.
1050,104.21,StoreB,NORMAL,This transaction amount ($104.21) falls within the typical range of spending.
3978,4.79,StoreC,ANOMALY,This transaction amount ($4.79) is extremely low and may indicate refund fraud or abnormal behavior.
3372,193.36,StoreC,NORMAL,This transaction amount ($193.36) is typical for normal spending behavior.
8846,245.6,StoreB,NORMAL,This transaction amount ($245.6) is typical for normal spending behavior.
3210,215.47,StoreB,NORMAL,This transaction amount ($215.47) is typical for normal spending behavior.
2790,114.15,StoreB,NORMAL,This transaction amount ($114.15) is typical for normal spending behavior.
5694,6965.68,StoreC,ANOMALY,This transaction amount ($6965.68) is unusually high compared to normal spending levels.
1029,2.86,StoreB,ANOMALY,This transaction amount ($2.86) is extremely low and may indicate refund fraud or abnormal behavior.
8863,185.71,StoreC,NORMAL,This transaction amount ($185.71) is typical for normal spending behavior.
2500,104.32,StoreA,NORMAL,This transaction amount ($104.32) is typical for normal spending behavior.
1270,278.26,StoreB,NORMAL,This transaction amount ($278.26) is typical for normal spending behavior.
8409,163.53,StoreB,NORMAL,This transaction amount ($163.53) falls within the typical range of spending.
8825,107.9,StoreB,NORMAL,This transaction amount ($107.9) is typical for normal spending behavior.
2861,62.23,StoreC,NORMAL,This transaction amount ($62.23) is typical for normal spending behavior.
6192,192.11,StoreC,NORMAL,This transaction amount ($192.11) is typical for normal spending behavior.
3407,172.47,StoreA,NORMAL,This transaction amount ($172.47) falls within the typical range of spending.
7878,219.2,RareStoreX,ANOMALY,"This transaction occurred at an unusual location ('RareStoreX'), which is not typical for normal spending."
5238,164.98,StoreC,NORMAL,This transaction amount ($164.98) is typical for normal spending behavior.
2980,4834.39,StoreC,ANOMALY,This transaction amount ($4834.39) is unusually high compared to normal spending levels.
5452,327.33,StoreA,NORMAL,This transaction amount ($327.33) is typical for normal spending behavior.
9945,145.23,StoreC,NORMAL,This transaction amount ($145.23) falls within the typical range of spending.
1248,55.75,StoreA,NORMAL,This transaction amount ($55.75) falls within the typical range of spending.
6790,250.52,StoreA,NORMAL,This transaction amount ($250.52) is typical for normal spending behavior.
8169,167.94,StoreA,NORMAL,This transaction amount ($167.94) falls within the typical range of spending.
9366,153.65,OutlierMallY,ANOMALY,"This transaction occurred at an unusual location ('OutlierMallY'), which is not typical for normal spending."
4309,300.46,OutlierMallY,ANOMALY,"This transaction occurred at an unusual location ('OutlierMallY'), which is not typical for normal spending."
9101,72.69,StoreB,NORMAL,This transaction amount ($72.69) is typical for normal spending behavior.
8167,94.0,StoreC,NORMAL,This transaction amount ($94.0) falls within the typical range of spending.
7196,132.4,StoreB,NORMAL,This transaction amount ($132.4) falls within the typical range of spending.
7697,167.44,StoreC,NORMAL,This transaction amount ($167.44) is typical for normal spending behavior.
2542,7797.61,StoreB,ANOMALY,This transaction amount ($7797.61) is unusually high compared to normal spending levels.
8098,152.0,StoreA,NORMAL,This transaction amount ($152.0) is typical for normal spending behavior.
9131,6037.48,StoreC,ANOMALY,This transaction amount ($6037.48) is unusually high compared to normal spending levels.
5095,300.14,StoreA,NORMAL,This transaction amount ($300.14) is typical for normal spending behavior.
1822,122.05,StoreB,NORMAL,This transaction amount ($122.05) is typical for normal spending behavior.
5669,1.93,StoreB,ANOMALY,This transaction amount ($1.93) is extremely low and may indicate refund fraud or abnormal behavior.
4148,321.42,StoreB,NORMAL,This transaction amount ($321.42) is typical for normal spending behavior.
5753,218.44,StoreC,NORMAL,This transaction amount ($218.44) is typical for normal spending behavior.
2997,236.62,StoreA,NORMAL,This transaction amount ($236.62) is typical for normal spending behavior.
2907,202.99,StoreB,NORMAL,This transaction amount ($202.99) is typical for normal spending behavior.
9055,180.19,StoreC,NORMAL,This transaction amount ($180.19) is typical for normal spending behavior.
1421,175.79,RareStoreX,ANOMALY,"This transaction occurred at an unusual location ('RareStoreX'), which is not typical for normal spending."
4131,55.11,StoreA,NORMAL,This transaction amount ($55.11) falls within the typical range of spending.
2646,224.42,StoreB,NORMAL,This transaction amount ($224.42) is typical for normal spending behavior.
2480,4.58,StoreA,ANOMALY,This transaction amount ($4.58) is extremely low and may indicate refund fraud or abnormal behavior.
9273,203.55,StoreB,NORMAL,This transaction amount ($203.55) is typical for normal spending behavior.
3803,179.91,StoreB,NORMAL,This transaction amount ($179.91) is typical for normal spending behavior.
2007,182.97,StoreA,NORMAL,This transaction amount ($182.97) falls within the typical range of spending.
3624,168.96,StoreB,NORMAL,This transaction amount ($168.96) falls within the typical range of spending.
2008,152.45,StoreB,NORMAL,This transaction amount ($152.45) is typical for normal spending behavior.
1726,236.64,StoreA,NORMAL,This transaction amount ($236.64) is typical for normal spending behavior.
7571,165.41,StoreB,NORMAL,This transaction amount ($165.41) is typical for normal spending behavior.
9719,180.78,StoreC,NORMAL,This transaction amount ($180.78) is typical for normal spending behavior.
4036,272.72,StoreC,NORMAL,This transaction amount ($272.72) is typical for normal spending behavior.
6317,54.57,StoreB,NORMAL,This transaction amount ($54.57) is typical for normal spending behavior.
6335,146.32,StoreB,NORMAL,This transaction amount ($146.32) is typical for normal spending behavior.
1768,85.44,StoreA,NORMAL,This transaction amount ($85.44) is typical for normal spending behavior.
5302,379.12,StoreC,NORMAL,This transaction amount ($379.12) is typical for normal spending behavior.
4908,157.54,StoreB,NORMAL,This transaction amount ($157.54) is typical for normal spending behavior.
3542,270.16,StoreA,NORMAL,This transaction amount ($270.16) is typical for normal spending behavior.
7209,73.16,StoreC,NORMAL,This transaction amount ($73.16) falls within the typical range of spending.
5197,3924.49,StoreA,ANOMALY,This transaction amount ($3924.49) is unusually high compared to normal spending levels.
1385,205.46,OutlierMallY,ANOMALY,"This transaction occurred at an unusual location ('OutlierMallY'), which is not typical for normal spending."
2800,280.43,StoreC,NORMAL,This transaction amount ($280.43) is typical for normal spending behavior.
6274,176.29,OutlierMallY,ANOMALY,"This transaction occurred at an unusual location ('OutlierMallY'), which is not typical for normal spending."
7592,298.4,StoreC,NORMAL,This transaction amount ($298.4) is typical for normal spending behavior.
5499,57.32,StoreA,NORMAL,This transaction amount ($57.32) falls within the typical range of spending.
9024,195.94,RareStoreX,ANOMALY,"This transaction occurred at an unusual location ('RareStoreX'), which is not typical for normal spending."
4183,167.35,StoreB,NORMAL,This transaction amount ($167.35) is typical for normal spending behavior.
1209,142.4,StoreC,NORMAL,This transaction amount ($142.4) is typical for normal spending behavior.
2150,142.08,StoreA,NORMAL,This transaction amount ($142.08) falls within the typical range of spending.
8450,223.51,StoreA,NORMAL,This transaction amount ($223.51) is typical for normal spending behavior.
1270,223.75,StoreC,NORMAL,This transaction amount ($223.75) is typical for normal spending behavior.
8055,181.5,OutlierMallY,ANOMALY,"This transaction occurred at an unusual location ('OutlierMallY'), which is not typical for normal spending."
7300,285.18,StoreB,NORMAL,This transaction amount ($285.18) is typical for normal spending behavior.
2349,230.07,StoreC,NORMAL,This transaction amount ($230.07) is typical for normal spending behavior.
3074,7920.47,StoreA,ANOMALY,This transaction amount ($7920.47) is unusually high compared to normal spending levels.
7127,258.73,StoreC,NORMAL,This transaction amount ($258.73) is typical for normal spending behavior.
8836,1.09,StoreA,ANOMALY,This transaction amount ($1.09) is extremely low and may indicate refund fraud or abnormal behavior.
8756,167.84,StoreA,NORMAL,This transaction amount ($167.84) is typical for normal spending behavior.
3970,159.5,StoreA,NORMAL,This transaction amount ($159.5) is typical for normal spending behavior.
5798,230.52,StoreA,NORMAL,This transaction amount ($230.52) is typical for normal spending behavior.
7005,86.16,StoreB,NORMAL,This transaction amount ($86.16) falls within the typical range of spending.
9625,257.19,StoreC,NORMAL,This transaction amount ($257.19) is typical for normal spending behavior.
1667,138.05,StoreA,NORMAL,This transaction amount ($138.05) is typical for normal spending behavior.
1195,1.05,StoreB,ANOMALY,This transaction amount ($1.05) is extremely low and may indicate refund fraud or abnormal behavior.
9548,115.13,StoreC,NORMAL,This transaction amount ($115.13) falls within the typical range of spending.
5523,145.48,StoreA,NORMAL,This transaction amount ($145.48) falls within the typical range of spending.
5234,296.74,StoreA,NORMAL,This transaction amount ($296.74) is typical for normal spending behavior.
7038,167.2,StoreB,NORMAL,This transaction amount ($167.2) is typical for normal spending behavior.
3870,208.11,OutlierMallY,ANOMALY,"This transaction occurred at an unusual location ('OutlierMallY'), which is not typical for normal spending."
5931,211.77,StoreB,NORMAL,This transaction amount ($211.77) is typical for normal spending behavior.
2316,243.66,StoreB,NORMAL,This transaction amount ($243.66) is typical for normal spending behavior.
9022,93.39,StoreB,NORMAL,This transaction amount ($93.39) falls within the typical range of spending.
9669,235.21,StoreC,NORMAL,This transaction amount ($235.21) is typical for normal spending behavior.
9834,199.98,StoreA,NORMAL,This transaction amount ($199.98) is typical for normal spending behavior.
7322,91.56,StoreA,NORMAL,This transaction amount ($91.56) falls within the typical range of spending.
5835,92.33,StoreB,NORMAL,This transaction amount ($92.33) falls within the typical range of spending.
2845,235.93,StoreC,NORMAL,This transaction amount ($235.93) is typical for normal spending behavior.
3544,252.74,RareStoreX,ANOMALY,"This transaction occurred at an unusual location ('RareStoreX'), which is not typical for normal spending."
6113,187.19,StoreB,NORMAL,This transaction amount ($187.19) is typical for normal spending behavior.
4424,158.32,StoreA,NORMAL,This transaction amount ($158.32) is typical for normal spending behavior.
5807,5902.28,StoreA,ANOMALY,This transaction amount ($5902.28) is unusually high compared to normal spending levels.
9418,173.34,StoreB,NORMAL,This transaction amount ($173.34) is typical for normal spending behavior.
5500,249.31,StoreC,NORMAL,This transaction amount ($249.31) is typical for normal spending behavior.
2541,210.22,StoreB,NORMAL,This transaction amount ($210.22) is typical for normal spending behavior.
5498,203.42,StoreB,NORMAL,This transaction amount ($203.42) is typical for normal spending behavior.
1892,183.27,StoreC,NORMAL,This transaction amount ($183.27) is typical for normal spending behavior.
4561,288.62,StoreA,NORMAL,This transaction amount ($288.62) is typical for normal spending behavior.
7571,51.98,StoreB,NORMAL,This transaction amount ($51.98) falls within the typical range of spending.
4717,3287.59,StoreA,ANOMALY,This transaction amount ($3287.59) is unusually high compared to normal spending levels.
3581,59.43,StoreB,NORMAL,This transaction amount ($59.43) falls within the typical range of spending.
4358,4.23,StoreA,ANOMALY,This transaction amount ($4.23) is extremely low and may indicate refund fraud or abnormal behavior.
3330,217.82,StoreC,NORMAL,This transaction amount ($217.82) is typical for normal spending behavior.
6373,78.89,StoreB,NORMAL,This transaction amount ($78.89) is typical for normal spending behavior.
1743,151.81,StoreC,NORMAL,This transaction amount ($151.81) is typical for normal spending behavior.
9422,188.22,StoreC,NORMAL,This transaction amount ($188.22) is typical for normal spending behavior.
1574,230.24,StoreC,NORMAL,This transaction amount ($230.24) is typical for normal spending behavior.
6254,177.62,OutlierMallY,ANOMALY,"This transaction occurred at an unusual location ('OutlierMallY'), which is not typical for normal spending."
7748,4.72,StoreB,ANOMALY,This transaction amount ($4.72) is extremely low and may indicate refund fraud or abnormal behavior.
2667,217.13,StoreB,NORMAL,This transaction amount ($217.13) is typical for normal spending behavior.
8785,115.67,StoreB,NORMAL,This transaction amount ($115.67) is typical for normal spending behavior.
7966,275.35,StoreC,NORMAL,This transaction amount ($275.35) is typical for normal spending behavior.
5677,282.59,StoreC,NORMAL,This transaction amount ($282.59) is typical for normal spending behavior.
7038,90.3,RareStoreX,ANOMALY,"This transaction occurred at an unusual location ('RareStoreX'), which is not typical for normal spending."
9051,2.92,StoreB,ANOMALY,This transaction amount ($2.92) is extremely low and may indicate refund fraud or abnormal behavior.
2902,186.18,OutlierMallY,ANOMALY,"This transaction occurred at an unusual location ('OutlierMallY'), which is not typical for normal spending."
1555,263.04,StoreC,NORMAL,This transaction amount ($263.04) is typical for normal spending behavior.
2654,245.58,StoreA,NORMAL,This transaction amount ($245.58) is typical for normal spending behavior.
6077,188.79,StoreB,NORMAL,This transaction amount ($188.79) is typical for normal spending behavior.
6057,219.73,StoreA,NORMAL,This transaction amount ($219.73) is typical for normal spending behavior.
3208,197.92,StoreA,NORMAL,This transaction amount ($197.92) is typical for normal spending behavior.
8117,189.55,OutlierMallY,ANOMALY,"This transaction occurred at an unusual location ('OutlierMallY'), which is not typical for normal spending."
4501,4409.42,StoreC,ANOMALY,This transaction amount ($4409.42) is unusually high compared to normal spending levels.
9389,239.92,RareStoreX,ANOMALY,"This transaction occurred at an unusual location ('RareStoreX'), which is not typical for normal spending."
7171,99.1,StoreB,NORMAL,This transaction amount ($99.1) falls within the typical range of spending.
8799,298.35,StoreA,NORMAL,This transaction amount ($298.35) is typical for normal spending behavior.
8526,192.21,StoreC,NORMAL,This transaction amount ($192.21) is typical for normal spending behavior.
7185,7100.86,StoreC,ANOMALY,This transaction amount ($7100.86) is unusually high compared to normal spending levels.
8108,207.68,OutlierMallY,ANOMALY,"This transaction occurred at an unusual location ('OutlierMallY'), which is not typical for normal spending."
6909,5231.43,StoreA,ANOMALY,This transaction amount ($5231.43) is unusually high compared to normal spending levels.
8593,119.34,StoreA,NORMAL,This transaction amount ($119.34) falls within the typical range of spending.
6885,89.67,StoreA,NORMAL,This transaction amount ($89.67) falls within the typical range of spending.
3233,121.92,StoreB,NORMAL,This transaction amount ($121.92) falls within the typical range of spending.
4903,94.96,StoreB,NORMAL,This transaction amount ($94.96) falls within the typical range of spending.
3731,180.94,StoreB,NORMAL,This transaction amount ($180.94) is typical for normal spending behavior.
6738,207.2,StoreB,NORMAL,This transaction amount ($207.2) is typical for normal spending behavior.
3749,114.11,StoreC,NORMAL,This transaction amount ($114.11) falls within the typical range of spending.
2677,188.57,StoreB,NORMAL,This transaction amount ($188.57) is typical for normal spending behavior.
6755,187.19,StoreB,NORMAL,This transaction amount ($187.19) is typical for normal spending behavior.
9449,140.86,StoreC,NORMAL,This transaction amount ($140.86) is typical for normal spending behavior.
2932,198.03,StoreC,NORMAL,This transaction amount ($198.03) is typical for normal spending behavior.
5530,195.37,StoreC,NORMAL,This transaction amount ($195.37) is typical for normal spending behavior.
7552,154.59,StoreB,NORMAL,This transaction amount ($154.59) is typical for normal spending behavior.
1974,206.8,StoreA,NORMAL,This transaction amount ($206.8) is typical for normal spending behavior.
9491,165.29,StoreB,NORMAL,This transaction amount ($165.29) falls within the typical range of spending.
6724,185.06,StoreA,NORMAL,This transaction amount ($185.06) is typical for normal spending behavior.
6646,124.98,StoreC,NORMAL,This transaction amount ($124.98) is typical for normal spending behavior.
9136,226.22,OutlierMallY,ANOMALY,"This transaction occurred at an unusual location ('OutlierMallY'), which is not typical for normal spending."
7093,168.15,StoreA,NORMAL,This transaction amount ($168.15) is typical for normal spending behavior.
5394,283.98,StoreA,NORMAL,This transaction amount ($283.98) is typical for normal spending behavior.
7952,222.44,StoreA,NORMAL,This transaction amount ($222.44) is typical for normal spending behavior.
9645,3859.46,StoreC,ANOMALY,This transaction amount ($3859.46) is unusually high compared to normal spending levels.
3349,215.86,RareStoreX,ANOMALY,"This transaction occurred at an unusual location ('RareStoreX'), which is not typical for normal spending."
1370,95.24,StoreC,NORMAL,This transaction amount ($95.24) falls within the typical range of spending.
9770,198.15,StoreC,NORMAL,This transaction amount ($198.15) falls within the typical range of spending.
2580,131.1,RareStoreX,ANOMALY,"This transaction occurred at an unusual location ('RareStoreX'), which is not typical for normal spending."
1569,157.28,StoreC,NORMAL,This transaction amount ($157.28) falls within the typical range of spending.
4083,179.44,StoreA,NORMAL,This transaction amount ($179.44) is typical for normal spending behavior.
6868,70.8,StoreB,NORMAL,This transaction amount ($70.8) is typical for normal spending behavior.
2154,70.49,StoreC,NORMAL,This transaction amount ($70.49) falls within the typical range of spending.
4147,277.82,RareStoreX,ANOMALY,"This transaction occurred at an unusual location ('RareStoreX'), which is not typical for normal spending."
2359,186.88,StoreA,NORMAL,This transaction amount ($186.88) is typical for normal spending behavior.
8280,6672.71,StoreA,ANOMALY,This transaction amount ($6672.71) is unusually high compared to normal spending levels.
4620,212.03,StoreA,NORMAL,This transaction amount ($212.03) is typical for normal spending behavior.
3179,219.85,StoreC,NORMAL,This transaction amount ($219.85) is typical for normal spending behavior.
4092,123.42,StoreC,NORMAL,This transaction amount ($123.42) is typical for normal spending behavior.
4511,4048.8,StoreB,ANOMALY,This transaction amount ($4048.8) is unusually high compared to normal spending levels.
7818,157.32,StoreA,NORMAL,This transaction amount ($157.32) falls within the typical range of spending.
8354,2692.4,StoreA,ANOMALY,This transaction amount ($2692.4) is unusually high compared to normal spending levels.
6682,293.0,StoreC,NORMAL,This transaction amount ($293.0) is typical for normal spending behavior.
4391,263.61,StoreB,NORMAL,This transaction amount ($263.61) is typical for normal spending behavior.
2477,198.66,StoreA,NORMAL,This transaction amount ($198.66) is typical for normal spending behavior.
4206,180.46,StoreB,NORMAL,This transaction amount ($180.46) is typical for normal spending behavior.
9614,0.94,StoreC,ANOMALY,This transaction amount ($0.94) is extremely low and may indicate refund fraud or abnormal behavior.
1958,116.29,StoreC,NORMAL,This transaction amount ($116.29) falls within the typical range of spending.
9402,178.4,StoreA,NORMAL,This transaction amount ($178.4) is typical for normal spending behavior.
1382,240.1,StoreC,NORMAL,This transaction amount ($240.1) is typical for normal spending behavior.
6725,3220.58,StoreC,ANOMALY,This transaction amount ($3220.58) is unusually high compared to normal spending levels.
7543,100.97,StoreA,NORMAL,This transaction amount ($100.97) falls within the typical range of spending.
9173,1.71,StoreB,ANOMALY,This transaction amount ($1.71) is extremely low and may indicate refund fraud or abnormal behavior.
7302,262.35,StoreC,NORMAL,This transaction amount ($262.35) is typical for normal spending behavior.
7837,238.3,StoreA,NORMAL,This transaction amount ($238.3) is typical for normal spending behavior.
5141,171.28,StoreA,NORMAL,This transaction amount ($171.28) is typical for normal spending behavior.
4459,158.02,StoreA,NORMAL,This transaction amount ($158.02) is typical for normal spending behavior.
6192,271.3,StoreC,NORMAL,This transaction amount ($271.3) is typical for normal spending behavior.
8025,227.07,StoreB,NORMAL,This transaction amount ($227.07) is typical for normal spending behavior.
2468,190.66,StoreA,NORMAL,This transaction amount ($190.66) falls within the typical range of spending.
4623,4.64,StoreB,ANOMALY,This transaction amount ($4.64) is extremely low and may indicate refund fraud or abnormal behavior.
6861,199.16,StoreB,NORMAL,This transaction amount ($199.16) falls within the typical range of spending.
6331,4139.79,StoreC,ANOMALY,This transaction amount ($4139.79) is unusually high compared to normal spending levels.
1804,201.79,StoreC,NORMAL,This transaction amount ($201.79) is typical for normal spending behavior.
2847,198.86,StoreC,NORMAL,This transaction amount ($198.86) is typical for normal spending behavior.
6968,106.11,StoreB,NORMAL,This transaction amount ($106.11) is typical for normal spending behavior.
6522,123.02,StoreB,NORMAL,This transaction amount ($123.02) is typical for normal spending behavior.
6692,259.81,StoreB,NORMAL,This transaction amount ($259.81) is typical for normal spending behavior.
3997,202.46,StoreB,NORMAL,This transaction amount ($202.46) is typical for normal spending behavior.
3779,215.59,StoreB,NORMAL,This transaction amount ($215.59) is typical for normal spending behavior.
5137,149.62,StoreA,NORMAL,This transaction amount ($149.62) is typical for normal spending behavior.
3765,209.63,StoreC,NORMAL,This transaction amount ($209.63) is typical for normal spending behavior.
5587,251.7,StoreB,NORMAL,This transaction amount ($251.7) is typical for normal spending behavior.
8034,68.26,StoreA,NORMAL,This transaction amount ($68.26) falls within the typical range of spending.
8124,145.44,StoreA,NORMAL,This transaction amount ($145.44) is typical for normal spending behavior.
3959,170.0,StoreA,NORMAL,This transaction amount ($170.0) falls within the typical range of spending.
2785,111.1,StoreB,NORMAL,This transaction amount ($111.1) falls within the typical range of spending.
2313,199.08,StoreC,NORMAL,This transaction amount ($199.08) is typical for normal spending behavior.
6011,270.76,StoreB,NORMAL,This transaction amount ($270.76) is typical for normal spending behavior.
4231,0.6,StoreC,ANOMALY,This transaction amount ($0.6) is extremely low and may indicate refund fraud or abnormal behavior.
3806,3195.9,StoreC,ANOMALY,This transaction amount ($3195.9) is unusually high compared to normal spending levels.
4083,195.04,StoreC,NORMAL,This transaction amount ($195.04) is typical for normal spending behavior.
7294,3.68,StoreB,ANOMALY,This transaction amount ($3.68) is extremely low and may indicate refund fraud or abnormal behavior.
3555,103.44,StoreC,NORMAL,This transaction amount ($103.44) falls within the typical range of spending.
3829,120.65,StoreA,NORMAL,This transaction amount ($120.65) is typical for normal spending behavior.
7635,128.96,StoreB,NORMAL,This transaction amount ($128.96) is typical for normal spending behavior.
2101,175.29,StoreC,NORMAL,This transaction amount ($175.29) is typical for normal spending behavior.
6539,152.45,StoreB,NORMAL,This transaction amount ($152.45) is typical for normal spending behavior.
1277,178.6,StoreC,NORMAL,This transaction amount ($178.6) is typical for normal spending behavior.
3620,227.79,StoreC,NORMAL,This transaction amount ($227.79) is typical for normal spending behavior.
5133,255.96,StoreC,NORMAL,This transaction amount ($255.96) is typical for normal spending behavior.
2098,3879.42,StoreC,ANOMALY,This transaction amount ($3879.42) is unusually high compared to normal spending levels.
6086,134.46,StoreC,NORMAL,This transaction amount ($134.46) is typical for normal spending behavior.
8404,323.35,RareStoreX,ANOMALY,"This transaction occurred at an unusual location ('RareStoreX'), which is not typical for normal spending."
1834,233.37,StoreC,NORMAL,This transaction amount ($233.37) is typical for normal spending behavior.
2116,2.15,StoreB,ANOMALY,This transaction amount ($2.15) is extremely low and may indicate refund fraud or abnormal behavior.
8833,168.4,RareStoreX,ANOMALY,"This transaction occurred at an unusual location ('RareStoreX'), which is not typical for normal spending."
8630,163.41,StoreC,NORMAL,This transaction amount ($163.41) is typical for normal spending behavior.
5324,256.34,RareStoreX,ANOMALY,"This transaction occurred at an unusual location ('RareStoreX'), which is not typical for normal spending."
3562,3.76,StoreB,ANOMALY,This transaction amount ($3.76) is extremely low and may indicate refund fraud or abnormal behavior.
9814,129.11,StoreC,NORMAL,This transaction amount ($129.11) falls within the typical range of spending.
3774,5412.6,StoreB,ANOMALY,This transaction amount ($5412.6) is unusually high compared to normal spending levels.
1605,176.37,StoreC,NORMAL,This transaction amount ($176.37) falls within the typical range of spending.
7440,166.86,RareStoreX,ANOMALY,"This transaction occurred at an unusual location ('RareStoreX'), which is not typical for normal spending."
4104,175.31,StoreA,NORMAL,This transaction amount ($175.31) is typical for normal spending behavior.
9205,213.8,StoreA,NORMAL,This transaction amount ($213.8) is typical for normal spending behavior.
3515,314.25,StoreB,NORMAL,This transaction amount ($314.25) is typical for normal spending behavior.
3350,84.92,RareStoreX,ANOMALY,"This transaction occurred at an unusual location ('RareStoreX'), which is not typical for normal spending."
8129,225.53,StoreA,NORMAL,This transaction amount ($225.53) is typical for normal spending behavior.
9847,4.21,StoreB,ANOMALY,This transaction amount ($4.21) is extremely low and may indicate refund fraud or abnormal behavior.
7791,163.02,StoreB,NORMAL,This transaction amount ($163.02) is typical for normal spending behavior.
7507,254.02,StoreB,NORMAL,This transaction amount ($254.02) is typical for normal spending behavior.
2297,2.88,StoreA,ANOMALY,This transaction amount ($2.88) is extremely low and may indicate refund fraud or abnormal behavior.
1766,155.87,StoreA,NORMAL,This transaction amount ($155.87) is typical for normal spending behavior.
9283,219.94,StoreA,NORMAL,This transaction amount ($219.94) is typical for normal spending behavior.
3637,173.6,StoreB,NORMAL,This transaction amount ($173.6) is typical for normal spending behavior.
4215,162.94,StoreA,NORMAL,This transaction amount ($162.94) is typical for normal spending behavior.
3735,354.4,StoreC,NORMAL,This transaction amount ($354.4) is typical for normal spending behavior.
5722,108.84,StoreB,NORMAL,This transaction amount ($108.84) is typical for normal spending behavior.
5874,5197.53,StoreC,ANOMALY,This transaction amount ($5197.53) is unusually high compared to normal spending levels.
4868,2.33,StoreB,ANOMALY,This transaction amount ($2.33) is extremely low and may indicate refund fraud or abnormal behavior.
4218,227.8,StoreB,NORMAL,This transaction amount ($227.8) is typical for normal spending behavior.
9480,180.76,StoreC,NORMAL,This transaction amount ($180.76) is typical for normal spending behavior.
9656,197.11,StoreC,NORMAL,This transaction amount ($197.11) is typical for normal spending behavior.
5468,258.35,StoreA,NORMAL,This transaction amount ($258.35) is typical for normal spending behavior.
6202,223.44,StoreA,NORMAL,This transaction amount ($223.44) is typical for normal spending behavior.
6360,148.63,StoreB,NORMAL,This transaction amount ($148.63) is typical for normal spending behavior.
1875,198.16,RareStoreX,ANOMALY,"This transaction occurred at an unusual location ('RareStoreX'), which is not typical for normal spending."
8192,263.84,StoreC,NORMAL,This transaction amount ($263.84) is typical for normal spending behavior.
8021,2897.5,StoreB,ANOMALY,This transaction amount ($2897.5) is unusually high compared to normal spending levels.
5675,198.06,StoreB,NORMAL,This transaction amount ($198.06) is typical for normal spending behavior.
4621,176.01,StoreB,NORMAL,This transaction amount ($176.01) is typical for normal spending behavior.
7278,152.64,StoreA,NORMAL,This transaction amount ($152.64) is typical for normal spending behavior.
2689,134.47,StoreA,NORMAL,This transaction amount ($134.47) is typical for normal spending behavior.
9953,221.69,StoreA,NORMAL,This transaction amount ($221.69) is typical for normal spending behavior.
4117,262.94,StoreC,NORMAL,This transaction amount ($262.94) is typical for normal spending behavior.
4080,203.54,StoreA,NORMAL,This transaction amount ($203.54) is typical for normal spending behavior.
6799,134.85,StoreC,NORMAL,This transaction amount ($134.85) is typical for normal spending behavior.
3364,171.23,StoreB,NORMAL,This transaction amount ($171.23) falls within the typical range of spending.
5566,305.14,StoreC,NORMAL,This transaction amount ($305.14) is typical for normal spending behavior.
4139,262.71,StoreC,NORMAL,This transaction amount ($262.71) is typical for normal spending behavior.
2542,158.28,StoreB,NORMAL,This transaction amount ($158.28) falls within the typical range of spending.
3480,207.77,RareStoreX,ANOMALY,"This transaction occurred at an unusual location ('RareStoreX'), which is not typical for normal spending."
2195,166.5,StoreB,NORMAL,This transaction amount ($166.5) is typical for normal spending behavior.
9469,116.08,StoreC,NORMAL,This transaction amount ($116.08) falls within the typical range of spending.
7207,236.96,StoreA,NORMAL,This transaction amount ($236.96) is typical for normal spending behavior.
6002,88.01,StoreB,NORMAL,This transaction amount ($88.01) is typical for normal spending behavior.
3373,164.67,StoreB,NORMAL,This transaction amount ($164.67) is typical for normal spending behavior.
3686,167.56,RareStoreX,ANOMALY,"This transaction occurred at an unusual location ('RareStoreX'), which is not typical for normal spending."
4009,2.09,StoreA,ANOMALY,This transaction amount ($2.09) is extremely low and may indicate refund fraud or abnormal behavior.
7984,84.87,StoreC,NORMAL,This transaction amount ($84.87) is typical for normal spending behavior.
5185,172.93,StoreC,NORMAL,This transaction amount ($172.93) is typical for normal spending behavior.
3634,3.28,StoreC,ANOMALY,This transaction amount ($3.28) is extremely low and may indicate refund fraud or abnormal behavior.
7939,226.58,StoreB,NORMAL,This transaction amount ($226.58) is typical for normal spending behavior.
5814,200.42,StoreC,NORMAL,This transaction amount ($200.42) is typical for normal spending behavior.
7949,1.24,StoreB,ANOMALY,This transaction amount ($1.24) is extremely low and may indicate refund fraud or abnormal behavior.
9708,87.82,StoreA,NORMAL,This transaction amount ($87.82) is typical for normal spending behavior.
2600,150.06,StoreC,NORMAL,This transaction amount ($150.06) is typical for normal spending behavior.
1484,7179.29,StoreA,ANOMALY,This transaction amount ($7179.29) is unusually high compared to normal spending levels.
5260,166.0,StoreB,NORMAL,This transaction amount ($166.0) falls within the typical range of spending.
1418,4.22,StoreA,ANOMALY,This transaction amount ($4.22) is extremely low and may indicate refund fraud or abnormal behavior.
7077,6376.6,StoreA,ANOMALY,This transaction amount ($6376.6) is unusually high compared to normal spending levels.
6717,153.04,StoreB,NORMAL,This transaction amount ($153.04) falls within the typical range of spending.
8959,295.92,StoreA,NORMAL,This transaction amount ($295.92) is typical for normal spending behavior.
8350,160.98,StoreC,NORMAL,This transaction amount ($160.98) falls within the typical range of spending.
9023,188.16,StoreC,NORMAL,This transaction amount ($188.16) is typical for normal spending behavior.
7084,6735.17,StoreB,ANOMALY,This transaction amount ($6735.17) is unusually high compared to normal spending levels.
8232,238.13,StoreC,NORMAL,This transaction amount ($238.13) is typical for normal spending behavior.
8436,249.78,StoreC,NORMAL,This transaction amount ($249.78) is typical for normal spending behavior.
1358,85.53,StoreA,NORMAL,This transaction amount ($85.53) is typical for normal spending behavior.
2232,176.96,StoreB,NORMAL,This transaction amount ($176.96) is typical for normal spending behavior.
7519,128.25,StoreC,NORMAL,This transaction amount ($128.25) is typical for normal spending behavior.
1976,7987.33,StoreB,ANOMALY,This transaction amount ($7987.33) is unusually high compared to normal spending levels.
2728,136.61,StoreB,NORMAL,This transaction amount ($136.61) is typical for normal spending behavior.
2782,0.52,StoreB,ANOMALY,This transaction amount ($0.52) is extremely low and may indicate refund fraud or abnormal behavior.
2359,97.61,StoreB,NORMAL,This transaction amount ($97.61) falls within the typical range of spending.
1059,6115.66,StoreA,ANOMALY,This transaction amount ($6115.66) is unusually high compared to normal spending levels.
5732,210.47,StoreC,NORMAL,This transaction amount ($210.47) is typical for normal spending behavior.
8067,182.5,StoreC,NORMAL,This transaction amount ($182.5) is typical for normal spending behavior.
8813,92.41,StoreB,NORMAL,This transaction amount ($92.41) is typical for normal spending behavior.
1577,223.34,StoreA,NORMAL,This transaction amount ($223.34) is typical for normal spending behavior.
8506,7761.3,StoreB,ANOMALY,This transaction amount ($7761.3) is unusually high compared to normal spending levels.
9021,235.83,StoreB,NORMAL,This transaction amount ($235.83) is typical for normal spending behavior.
2656,4.55,StoreB,ANOMALY,This transaction amount ($4.55) is extremely low and may indicate refund fraud or abnormal behavior.
3823,118.9,StoreC,NORMAL,This transaction amount ($118.9) is typical for normal spending behavior.
2538,96.13,StoreA,NORMAL,This transaction amount ($96.13) is typical for normal spending behavior.
7763,210.91,StoreB,NORMAL,This transaction amount ($210.91) is typical for normal spending behavior.
9592,128.74,StoreC,NORMAL,This transaction amount ($128.74) is typical for normal spending behavior.
1636,250.91,StoreA,NORMAL,This transaction amount ($250.91) is typical for normal spending behavior.
9705,120.8,StoreC,NORMAL,This transaction amount ($120.8) is typical for normal spending behavior.
8663,3.66,StoreC,ANOMALY,This transaction amount ($3.66) is extremely low and may indicate refund fraud or abnormal behavior.
4624,3.8,StoreC,ANOMALY,This transaction amount ($3.8) is extremely low and may indicate refund fraud or abnormal behavior.
1118,222.27,StoreC,NORMAL,This transaction amount ($222.27) is typical for normal spending behavior.
1509,3874.41,StoreB,ANOMALY,This transaction amount ($3874.41) is unusually high compared to normal spending levels.
4051,67.91,StoreA,NORMAL,This transaction amount ($67.91) falls within the typical range of spending.
7963,244.7,StoreC,NORMAL,This transaction amount ($244.7) is typical for normal spending behavior.
6208,71.53,RareStoreX,ANOMALY,"This transaction occurred at an unusual location ('RareStoreX'), which is not typical for normal spending."
6442,307.79,OutlierMallY,ANOMALY,"This transaction occurred at an unusual location ('OutlierMallY'), which is not typical for normal spending."
6350,6742.22,StoreB,ANOMALY,This transaction amount ($6742.22) is unusually high compared to normal spending levels.
9839,160.79,RareStoreX,ANOMALY,"This transaction occurred at an unusual location ('RareStoreX'), which is not typical for normal spending."
7810,226.34,RareStoreX,ANOMALY,"This transaction occurred at an unusual location ('RareStoreX'), which is not typical for normal spending."
7382,177.82,StoreC,NORMAL,This transaction amount ($177.82) is typical for normal spending behavior.
8660,2965.68,StoreA,ANOMALY,This transaction amount ($2965.68) is unusually high compared to normal spending levels.
7027,7005.26,StoreC,ANOMALY,This transaction amount ($7005.26) is unusually high compared to normal spending levels.
4491,171.74,StoreB,NORMAL,This transaction amount ($171.74) is typical for normal spending behavior.
2017,2.86,StoreB,ANOMALY,This transaction amount ($2.86) is extremely low and may indicate refund fraud or abnormal behavior.
3524,2586.06,StoreC,ANOMALY,This transaction amount ($2586.06) is unusually high compared to normal spending levels.
5070,197.86,StoreB,NORMAL,This transaction amount ($197.86) is typical for normal spending behavior.
5890,201.52,StoreC,NORMAL,This transaction amount ($201.52) is typical for normal spending behavior.
8015,218.49,OutlierMallY,ANOMALY,"This transaction occurred at an unusual location ('OutlierMallY'), which is not typical for normal spending."
4359,52.78,StoreA,NORMAL,This transaction amount ($52.78) falls within the typical range of spending.
2446,294.38,StoreB,NORMAL,This transaction amount ($294.38) is typical for normal spending behavior.
3389,232.09,StoreA,NORMAL,This transaction amount ($232.09) is typical for normal spending behavior.
4551,3.01,StoreC,ANOMALY,This transaction amount ($3.01) is extremely low and may indicate refund fraud or abnormal behavior.
3511,129.15,StoreB,NORMAL,This transaction amount ($129.15) is typical for normal spending behavior.
7665,205.82,StoreA,NORMAL,This transaction amount ($205.82) is typical for normal spending behavior.
8824,319.49,StoreB,NORMAL,This transaction amount ($319.49) is typical for normal spending behavior.
3372,146.8,StoreA,NORMAL,This transaction amount ($146.8) falls within the typical range of spending.
3562,6475.0,StoreA,ANOMALY,This transaction amount ($6475.0) is unusually high compared to normal spending levels.
2725,163.97,StoreC,NORMAL,This transaction amount ($163.97) is typical for normal spending behavior.
8704,3.49,StoreB,ANOMALY,This transaction amount ($3.49) is extremely low and may indicate refund fraud or abnormal behavior.
5934,295.59,StoreB,NORMAL,This transaction amount ($295.59) is typical for normal spending behavior.
2410,161.29,StoreC,NORMAL,This transaction amount ($161.29) is typical for normal spending behavior.
9032,266.52,StoreA,NORMAL,This transaction amount ($266.52) is typical for normal spending behavior.
2329,3494.23,StoreA,ANOMALY,This transaction amount ($3494.23) is unusually high compared to normal spending levels.
2902,7061.96,StoreC,ANOMALY,This transaction amount ($7061.96) is unusually high compared to normal spending levels.
3607,185.63,StoreC,NORMAL,This transaction amount ($185.63) falls within the typical range of spending.
4198,86.34,StoreB,NORMAL,This transaction amount ($86.34) falls within the typical range of spending.
4680,259.77,StoreA,NORMAL,This transaction amount ($259.77) is typical for normal spending behavior.
8807,143.07,StoreA,NORMAL,This transaction amount ($143.07) is typical for normal spending behavior.
5675,158.49,StoreA,NORMAL,This transaction amount ($158.49) is typical for normal spending behavior.
5766,213.43,StoreB,NORMAL,This transaction amount ($213.43) is typical for normal spending behavior.
8062,188.79,StoreA,NORMAL,This transaction amount ($188.79) is typical for normal spending behavior.
9325,166.25,OutlierMallY,ANOMALY,"This transaction occurred at an unusual location ('OutlierMallY'), which is not typical for normal spending."
3421,163.6,StoreA,NORMAL,This transaction amount ($163.6) is typical for normal spending behavior.
4019,250.98,StoreC,NORMAL,This transaction amount ($250.98) is typical for normal spending behavior.
8902,276.73,StoreA,NORMAL,This transaction amount ($276.73) is typical for normal spending behavior.
2093,4.19,StoreC,ANOMALY,This transaction amount ($4.19) is extremely low and may indicate refund fraud or abnormal behavior.
9695,240.18,StoreB,NORMAL,This transaction amount ($240.18) is typical for normal spending behavior.
4048,58.22,StoreC,NORMAL,This transaction amount ($58.22) falls within the typical range of spending.
5480,171.67,StoreC,NORMAL,This transaction amount ($171.67) is typical for normal spending behavior.
9130,210.4,StoreB,NORMAL,This transaction amount ($210.4) is typical for normal spending behavior.
6102,1.7,StoreB,ANOMALY,This transaction amount ($1.7) is extremely low and may indicate refund fraud or abnormal behavior.
9444,187.51,StoreB,NORMAL,This transaction amount ($187.51) is typical for normal spending behavior.
1915,6056.29,StoreC,ANOMALY,This transaction amount ($6056.29) is unusually high compared to normal spending levels.
2403,185.37,RareStoreX,ANOMALY,"This transaction occurred at an unusual location ('RareStoreX'), which is not typical for normal spending."
5262,182.01,StoreC,NORMAL,This transaction amount ($182.01) is typical for normal spending behavior.
6902,57.2,StoreB,NORMAL,This transaction amount ($57.2) falls within the typical range of spending.
3339,155.22,StoreB,NORMAL,This transaction amount ($155.22) falls within the typical range of spending.
2211,127.87,StoreC,NORMAL,This transaction amount ($127.87) is typical for normal spending behavior.
6835,5104.42,StoreC,ANOMALY,This transaction amount ($5104.42) is unusually high compared to normal spending levels.
8622,189.86,StoreC,NORMAL,This transaction amount ($189.86) falls within the typical range of spending.
7349,200.76,StoreA,NORMAL,This transaction amount ($200.76) is typical for normal spending behavior.
8686,5382.4,StoreA,ANOMALY,This transaction amount ($5382.4) is unusually high compared to normal spending levels.
1662,5595.24,StoreB,ANOMALY,This transaction amount ($5595.24) is unusually high compared to normal spending levels.
9633,228.91,StoreA,NORMAL,This transaction amount ($228.91) is typical for normal spending behavior.
8087,3.3,StoreB,ANOMALY,This transaction amount ($3.3) is extremely low and may indicate refund fraud or abnormal behavior.
8358,225.7,StoreB,NORMAL,This transaction amount ($225.7) is typical for normal spending behavior.
6729,2.45,StoreC,ANOMALY,This transaction amount ($2.45) is extremely low and may indicate refund fraud or abnormal behavior.
2969,196.19,RareStoreX,ANOMALY,"This transaction occurred at an unusual location ('RareStoreX'), which is not typical for normal spending."
9853,88.01,StoreA,NORMAL,This transaction amount ($88.01) is typical for normal spending behavior.
9578,250.71,StoreA,NORMAL,This transaction amount ($250.71) is typical for normal spending behavior.
9051,200.75,StoreC,NORMAL,This transaction amount ($200.75) is typical for normal spending behavior.
2005,177.45,StoreB,NORMAL,This transaction amount ($177.45) falls within the typical range of spending.
3832,2720.77,StoreC,ANOMALY,This transaction amount ($2720.77) is unusually high compared to normal spending levels.
5417,6916.46,StoreB,ANOMALY,This transaction amount ($6916.46) is unusually high compared to normal spending levels.
7098,0.87,StoreB,ANOMALY,This transaction amount ($0.87) is extremely low and may indicate refund fraud or abnormal behavior.
8358,4676.06,StoreB,ANOMALY,This transaction amount ($4676.06) is unusually high compared to normal spending levels.
3372,195.04,StoreA,NORMAL,This transaction amount ($195.04) falls within the typical range of spending.
1211,141.05,StoreB,NORMAL,This transaction amount ($141.05) is typical for normal spending behavior.
8938,212.88,StoreC,NORMAL,This transaction amount ($212.88) is typical for normal spending behavior.
5228,112.93,StoreA,NORMAL,This transaction amount ($112.93) is typical for normal spending behavior.
1136,0.56,StoreC,ANOMALY,This transaction amount ($0.56) is extremely low and may indicate refund fraud or abnormal behavior.
5311,245.41,StoreB,NORMAL,This transaction amount ($245.41) is typical for normal spending behavior.
3407,2673.44,StoreB,ANOMALY,This transaction amount ($2673.44) is unusually high compared to normal spending levels.
2106,77.52,OutlierMallY,ANOMALY,"This transaction occurred at an unusual location ('OutlierMallY'), which is not typical for normal spending."
9301,220.79,StoreA,NORMAL,This transaction amount ($220.79) is typical for normal spending behavior.
5823,152.46,StoreC,NORMAL,This transaction amount ($152.46) falls within the typical range of spending.
3976,238.83,StoreA,NORMAL,This transaction amount ($238.83) is typical for normal spending behavior.
3165,163.66,StoreA,NORMAL,This transaction amount ($163.66) is typical for normal spending behavior.
7533,216.74,StoreC,NORMAL,This transaction amount ($216.74) is typical for normal spending behavior.
4237,146.09,StoreC,NORMAL,This transaction amount ($146.09) is typical for normal spending behavior.
6136,2.08,StoreA,ANOMALY,This transaction amount ($2.08) is extremely low and may indicate refund fraud or abnormal behavior.
2717,253.24,StoreA,NORMAL,This transaction amount ($253.24) is typical for normal spending behavior.
5511,4304.57,StoreC,ANOMALY,This transaction amount ($4304.57) is unusually high compared to normal spending levels.
2425,150.14,StoreC,NORMAL,This transaction amount ($150.14) is typical for normal spending behavior.
6567,99.92,StoreB,NORMAL,This transaction amount ($99.92) falls within the typical range of spending.
4582,3898.39,StoreB,ANOMALY,This transaction amount ($3898.39) is unusually high compared to normal spending levels.
1413,69.6,StoreA,NORMAL,This transaction amount ($69.6) falls within the typical range of spending.
9663,132.16,StoreA,NORMAL,This transaction amount ($132.16) is typical for normal spending behavior.
7083,197.64,StoreC,NORMAL,This transaction amount ($197.64) is typical for normal spending behavior.
9715,186.43,StoreB,NORMAL,This transaction amount ($186.43) falls within the typical range of spending.
5453,163.31,StoreA,NORMAL,This transaction amount ($163.31) is typical for normal spending behavior.
8187,260.45,StoreB,NORMAL,This transaction amount ($260.45) is typical for normal spending behavior.
4983,4299.05,StoreC,ANOMALY,This transaction amount ($4299.05) is unusually high compared to normal spending levels.
2578,3048.14,StoreC,ANOMALY,This transaction amount ($3048.14) is unusually high compared to normal spending levels.
9314,198.5,StoreA,NORMAL,This transaction amount ($198.5) is typical for normal spending behavior.
4515,106.21,StoreB,NORMAL,This transaction amount ($106.21) is typical for normal spending behavior.
2036,0.56,StoreC,ANOMALY,This transaction amount ($0.56) is extremely low and may indicate refund fraud or abnormal behavior.
5195,213.15,StoreB,NORMAL,This transaction amount ($213.15) is typical for normal spending behavior.
9655,220.98,StoreB,NORMAL,This transaction amount ($220.98) is typical for normal spending behavior.
8986,341.83,StoreB,NORMAL,This transaction amount ($341.83) is typical for normal spending behavior.
1510,197.46,StoreC,NORMAL,This transaction amount ($197.46) falls within the typical range of spending.
6813,6197.24,StoreB,ANOMALY,This transaction amount ($6197.24) is unusually high compared to normal spending levels.
1055,5899.24,StoreC,ANOMALY,This transaction amount ($5899.24) is unusually high compared to normal spending levels.
9810,2.07,StoreA,ANOMALY,This transaction amount ($2.07) is extremely low and may indicate refund fraud or abnormal behavior.
9060,186.64,StoreA,NORMAL,This transaction amount ($186.64) is typical for normal spending behavior.
2687,61.88,StoreA,NORMAL,This transaction amount ($61.88) is typical for normal spending behavior.
4454,308.06,StoreA,NORMAL,This transaction amount ($308.06) is typical for normal spending behavior.
1098,55.83,StoreA,NORMAL,This transaction amount ($55.83) falls within the typical range of spending.
4227,244.45,StoreB,NORMAL,This transaction amount ($244.45) is typical for normal spending behavior.
9958,3.81,StoreB,ANOMALY,This transaction amount ($3.81) is extremely low and may indicate refund fraud or abnormal behavior.
4144,185.96,StoreB,NORMAL,This transaction amount ($185.96) is typical for normal spending behavior.
5221,246.78,OutlierMallY,ANOMALY,"This transaction occurred at an unusual location ('OutlierMallY'), which is not typical for normal spending."
5294,4.78,StoreA,ANOMALY,This transaction amount ($4.78) is extremely low and may indicate refund fraud or abnormal behavior.
8396,189.97,StoreB,NORMAL,This transaction amount ($189.97) is typical for normal spending behavior.
7669,4.88,StoreA,ANOMALY,This transaction amount ($4.88) is extremely low and may indicate refund fraud or abnormal behavior.
3995,183.19,OutlierMallY,ANOMALY,"This transaction occurred at an unusual location ('OutlierMallY'), which is not typical for normal spending."
1502,226.81,StoreC,NORMAL,This transaction amount ($226.81) is typical for normal spending behavior.
1597,211.68,StoreC,NORMAL,This transaction amount ($211.68) is typical for normal spending behavior.
1537,213.89,StoreB,NORMAL,This transaction amount ($213.89) is typical for normal spending behavior.
9075,255.07,StoreA,NORMAL,This transaction amount ($255.07) is typical for normal spending behavior.
6424,304.97,StoreB,NORMAL,This transaction amount ($304.97) is typical for normal spending behavior.
8181,3528.81,StoreB,ANOMALY,This transaction amount ($3528.81) is unusually high compared to normal spending levels.
7169,141.79,StoreB,NORMAL,This transaction amount ($141.79) is typical for normal spending behavior.
1232,87.01,StoreC,NORMAL,This transaction amount ($87.01) is typical for normal spending behavior.
4554,2.38,StoreC,ANOMALY,This transaction amount ($2.38) is extremely low and may indicate refund fraud or abnormal behavior.
7927,190.27,StoreA,NORMAL,This transaction amount ($190.27) is typical for normal spending behavior.
6835,196.15,StoreA,NORMAL,This transaction amount ($196.15) is typical for normal spending behavior.
5099,270.78,StoreA,NORMAL,This transaction amount ($270.78) is typical for normal spending behavior.
9089,182.62,StoreC,NORMAL,This transaction amount ($182.62) falls within the typical range of spending.
2531,254.24,StoreB,NORMAL,This transaction amount ($254.24) is typical for normal spending behavior.
7144,316.47,StoreC,NORMAL,This transaction amount ($316.47) is typical for normal spending behavior.
2754,185.94,StoreA,NORMAL,This transaction amount ($185.94) is typical for normal spending behavior.
9167,181.45,StoreA,NORMAL,This transaction amount ($181.45) is typical for normal spending behavior.
3272,210.77,StoreC,NORMAL,This transaction amount ($210.77) is typical for normal spending behavior.
6330,195.77,StoreC,NORMAL,This transaction amount ($195.77) is typical for normal spending behavior.
3135,200.78,StoreA,NORMAL,This transaction amount ($200.78) is typical for normal spending behavior.
1193,2895.45,StoreC,ANOMALY,This transaction amount ($2895.45) is unusually high compared to normal spending levels.
2917,1.01,StoreA,ANOMALY,This transaction amount ($1.01) is extremely low and may indicate refund fraud or abnormal behavior.
6970,100.65,StoreB,NORMAL,This transaction amount ($100.65) falls within the typical range of spending.
9629,279.17,RareStoreX,ANOMALY,"This transaction occurred at an unusual location ('RareStoreX'), which is not typical for normal spending."
6958,122.03,StoreB,NORMAL,This transaction amount ($122.03) is typical for normal spending behavior.
5310,164.64,StoreC,NORMAL,This transaction amount ($164.64) is typical for normal spending behavior.
7566,191.0,StoreC,NORMAL,This transaction amount ($191.0) is typical for normal spending behavior.
5784,140.12,StoreB,NORMAL,This transaction amount ($140.12) is typical for normal spending behavior.
4545,144.43,StoreB,NORMAL,This transaction amount ($144.43) falls within the typical range of spending.
1138,228.95,StoreA,NORMAL,This transaction amount ($228.95) is typical for normal spending behavior.
8727,245.54,StoreC,NORMAL,This transaction amount ($245.54) is typical for normal spending behavior.
8523,219.67,StoreA,NORMAL,This transaction amount ($219.67) is typical for normal spending behavior.
3886,7514.56,StoreC,ANOMALY,This transaction amount ($7514.56) is unusually high compared to normal spending levels.
4157,6757.94,StoreC,ANOMALY,This transaction amount ($6757.94) is unusually high compared to normal spending levels.
9077,170.5,StoreB,NORMAL,This transaction amount ($170.5) is typical for normal spending behavior.
8163,264.48,OutlierMallY,ANOMALY,"This transaction occurred at an unusual location ('OutlierMallY'), which is not typical for normal spending."
2287,190.06,StoreA,NORMAL,This transaction amount ($190.06) is typical for normal spending behavior.
6694,261.82,StoreC,NORMAL,This transaction amount ($261.82) is typical for normal spending behavior.
4858,72.76,StoreA,NORMAL,This transaction amount ($72.76) is typical for normal spending behavior.
4490,83.59,StoreB,NORMAL,This transaction amount ($83.59) falls within the typical range of spending.
5920,206.25,StoreA,NORMAL,This transaction amount ($206.25) is typical for normal spending behavior.
5967,287.06,StoreB,NORMAL,This transaction amount ($287.06) is typical for normal spending behavior.
2212,131.33,StoreC,NORMAL,This transaction amount ($131.33) falls within the typical range of spending.
8837,55.11,StoreC,NORMAL,This transaction amount ($55.11) falls within the typical range of spending.
9126,3199.62,StoreB,ANOMALY,This transaction amount ($3199.62) is unusually high compared to normal spending levels.
6712,168.11,StoreC,NORMAL,This transaction amount ($168.11) is typical for normal spending behavior.
6122,87.82,StoreC,NORMAL,This transaction amount ($87.82) falls within the typical range of spending.
8740,97.72,StoreC,NORMAL,This transaction amount ($97.72) falls within the typical range of spending.
5777,267.62,RareStoreX,ANOMALY,"This transaction occurred at an unusual location ('RareStoreX'), which is not typical for normal spending."
7090,3171.3,StoreA,ANOMALY,This transaction amount ($3171.3) is unusually high compared to normal spending levels.
3073,188.4,StoreA,NORMAL,This transaction amount ($188.4) falls within the typical range of spending.
2212,214.04,StoreA,NORMAL,This transaction amount ($214.04) is typical for normal spending behavior.
5354,132.47,StoreC,NORMAL,This transaction amount ($132.47) is typical for normal spending behavior.
3586,228.93,StoreC,NORMAL,This transaction amount ($228.93) is typical for normal spending behavior.
6152,246.09,StoreB,NORMAL,This transaction amount ($246.09) is typical for normal spending behavior.
8345,162.46,StoreC,NORMAL,This transaction amount ($162.46) is typical for normal spending behavior.
4708,349.11,StoreB,NORMAL,This transaction amount ($349.11) is typical for normal spending behavior.
8314,218.44,StoreA,NORMAL,This transaction amount ($218.44) is typical for normal spending behavior.
7845,162.29,OutlierMallY,ANOMALY,"This transaction occurred at an unusual location ('OutlierMallY'), which is not typical for normal spending."
7227,166.27,StoreC,NORMAL,This transaction amount ($166.27) is typical for normal spending behavior.
4696,211.37,StoreC,NORMAL,This transaction amount ($211.37) is typical for normal spending behavior.
9797,2.16,StoreA,ANOMALY,This transaction amount ($2.16) is extremely low and may indicate refund fraud or abnormal behavior.
2502,170.77,StoreA,NORMAL,This transaction amount ($170.77) is typical for normal spending behavior.
5222,155.09,StoreB,NORMAL,This transaction amount ($155.09) is typical for normal spending behavior.
2222,7320.67,StoreA,ANOMALY,This transaction amount ($7320.67) is unusually high compared to normal spending levels.
2204,269.79,StoreC,NORMAL,This transaction amount ($269.79) is typical for normal spending behavior.
4865,6617.07,StoreB,ANOMALY,This transaction amount ($6617.07) is unusually high compared to normal spending levels.
5542,240.35,StoreA,NORMAL,This transaction amount ($240.35) is typical for normal spending behavior.
5584,146.65,StoreB,NORMAL,This transaction amount ($146.65) is typical for normal spending behavior.
5925,5069.46,StoreA,ANOMALY,This transaction amount ($5069.46) is unusually high compared to normal spending levels.
7655,149.09,StoreB,NORMAL,This transaction amount ($149.09) is typical for normal spending behavior.
3025,171.22,RareStoreX,ANOMALY,"This transaction occurred at an unusual location ('RareStoreX'), which is not typical for normal spending."
9316,3.26,StoreB,ANOMALY,This transaction amount ($3.26) is extremely low and may indicate refund fraud or abnormal behavior.
2186,144.95,StoreC,NORMAL,This transaction amount ($144.95) is typical for normal spending behavior.
1773,313.17,StoreA,NORMAL,This transaction amount ($313.17) is typical for normal spending behavior.
2857,256.97,StoreC,NORMAL,This transaction amount ($256.97) is typical for normal spending behavior.
4827,255.31,RareStoreX,ANOMALY,"This transaction occurred at an unusual location ('RareStoreX'), which is not typical for normal spending."
9752,137.08,StoreB,NORMAL,This transaction amount ($137.08) falls within the typical range of spending.
1519,6093.88,StoreC,ANOMALY,This transaction amount ($6093.88) is unusually high compared to normal spending levels.
5318,6127.78,StoreA,ANOMALY,This transaction amount ($6127.78) is unusually high compared to normal spending levels.
1731,153.64,StoreC,NORMAL,This transaction amount ($153.64) is typical for normal spending behavior.
1470,124.91,StoreC,NORMAL,This transaction amount ($124.91) is typical for normal spending behavior.
6254,69.59,StoreB,NORMAL,This transaction amount ($69.59) falls within the typical range of spending.
1045,120.85,StoreB,NORMAL,This transaction amount ($120.85) is typical for normal spending behavior.
6269,290.7,RareStoreX,ANOMALY,"This transaction occurred at an unusual location ('RareStoreX'), which is not typical for normal spending."
6316,189.79,StoreB,NORMAL,This transaction amount ($189.79) is typical for normal spending behavior.
5852,143.14,StoreA,NORMAL,This transaction amount ($143.14) falls within the typical range of spending.
3769,144.72,RareStoreX,ANOMALY,"This transaction occurred at an unusual location ('RareStoreX'), which is not typical for normal spending."
8269,186.49,StoreA,NORMAL,This transaction amount ($186.49) falls within the typical range of spending.
1712,272.0,StoreA,NORMAL,This transaction amount ($272.0) is typical for normal spending behavior.
7564,169.21,StoreB,NORMAL,This transaction amount ($169.21) is typical for normal spending behavior.
2563,271.22,StoreB,NORMAL,This transaction amount ($271.22) is typical for normal spending behavior.
6032,260.11,StoreC,NORMAL,This transaction amount ($260.11) is typical for normal spending behavior.
5947,3360.79,StoreB,ANOMALY,This transaction amount ($3360.79) is unusually high compared to normal spending levels.
9734,6725.36,StoreB,ANOMALY,This transaction amount ($6725.36) is unusually high compared to normal spending levels.
8856,303.65,StoreA,NORMAL,This transaction amount ($303.65) is typical for normal spending behavior.
7628,2.99,StoreC,ANOMALY,This transaction amount ($2.99) is extremely low and may indicate refund fraud or abnormal behavior.
1357,3.27,StoreA,ANOMALY,This transaction amount ($3.27) is extremely low and may indicate refund fraud or abnormal behavior.
2787,4.32,StoreB,ANOMALY,This transaction amount ($4.32) is extremely low and may indicate refund fraud or abnormal behavior.
5046,88.65,StoreB,NORMAL,This transaction amount ($88.65) falls within the typical range of spending.
7720,237.02,StoreC,NORMAL,This transaction amount ($237.02) is typical for normal spending behavior.
5175,293.07,StoreC,NORMAL,This transaction amount ($293.07) is typical for normal spending behavior.
7032,176.6,StoreB,NORMAL,This transaction amount ($176.6) is typical for normal spending behavior.
9273,187.53,StoreB,NORMAL,This transaction amount ($187.53) falls within the typical range of spending.
6891,7539.49,StoreB,ANOMALY,This transaction amount ($7539.49) is unusually high compared to normal spending levels.
3364,128.69,StoreA,NORMAL,This transaction amount ($128.69) falls within the typical range of spending.
3379,272.07,StoreA,NORMAL,This transaction amount ($272.07) is typical for normal spending behavior.
5893,384.73,StoreB,NORMAL,This transaction amount ($384.73) is typical for normal spending behavior.
4683,304.84,StoreB,NORMAL,This transaction amount ($304.84) is typical for normal spending behavior.
2161,7570.15,StoreA,ANOMALY,This transaction amount ($7570.15) is unusually high compared to normal spending levels.
2009,232.6,StoreC,NORMAL,This transaction amount ($232.6) is typical for normal spending behavior.
8860,188.88,StoreA,NORMAL,This transaction amount ($188.88) is typical for normal spending behavior.
9992,103.55,StoreC,NORMAL,This transaction amount ($103.55) is typical for normal spending behavior.
7505,187.07,OutlierMallY,ANOMALY,"This transaction occurred at an unusual location ('OutlierMallY'), which is not typical for normal spending."
9773,167.31,StoreC,NORMAL,This transaction amount ($167.31) falls within the typical range of spending.
4621,201.35,StoreA,NORMAL,This transaction amount ($201.35) is typical for normal spending behavior.
3651,139.18,StoreB,NORMAL,This transaction amount ($139.18) falls within the typical range of spending.
9201,206.26,StoreC,NORMAL,This transaction amount ($206.26) is typical for normal spending behavior.
5354,279.55,StoreB,NORMAL,This transaction amount ($279.55) is typical for normal spending behavior.
8368,185.81,StoreC,NORMAL,This transaction amount ($185.81) is typical for normal spending behavior.
6065,312.61,StoreC,NORMAL,This transaction amount ($312.61) is typical for normal spending behavior.
8727,86.38,StoreC,NORMAL,This transaction amount ($86.38) is typical for normal spending behavior.
9742,104.42,StoreA,NORMAL,This transaction amount ($104.42) is typical for normal spending behavior.
8134,152.72,StoreA,NORMAL,This transaction amount ($152.72) falls within the typical range of spending.
8060,101.41,StoreA,NORMAL,This transaction amount ($101.41) is typical for normal spending behavior.
2648,290.67,StoreC,NORMAL,This transaction amount ($290.67) is typical for normal spending behavior.
5117,168.04,StoreB,NORMAL,This transaction amount ($168.04) falls within the typical range of spending.
3577,191.75,StoreA,NORMAL,This transaction amount ($191.75) is typical for normal spending behavior.
2850,188.58,StoreB,NORMAL,This transaction amount ($188.58) is typical for normal spending behavior.
3990,162.96,StoreB,NORMAL,This transaction amount ($162.96) is typical for normal spending behavior.
4819,171.94,StoreA,NORMAL,This transaction amount ($171.94) falls within the typical range of spending.
5026,297.21,OutlierMallY,ANOMALY,"This transaction occurred at an unusual location ('OutlierMallY'), which is not typical for normal spending."
2225,5493.4,StoreA,ANOMALY,This transaction amount ($5493.4) is unusually high compared to normal spending levels.
3083,270.21,StoreA,NORMAL,This transaction amount ($270.21) is typical for normal spending behavior.
6587,0.54,StoreB,ANOMALY,This transaction amount ($0.54) is extremely low and may indicate refund fraud or abnormal behavior.
5284,97.39,StoreA,NORMAL,This transaction amount ($97.39) is typical for normal spending behavior.
8776,173.95,StoreB,NORMAL,This transaction amount ($173.95) falls within the typical range of spending.
6401,226.18,StoreC,NORMAL,This transaction amount ($226.18) is typical for normal spending behavior.
7155,203.84,OutlierMallY,ANOMALY,"This transaction occurred at an unusual location ('OutlierMallY'), which is not typical for normal spending."
1395,194.07,StoreB,NORMAL,This transaction amount ($194.07) is typical for normal spending behavior.
5349,181.87,StoreB,NORMAL,This transaction amount ($181.87) is typical for normal spending behavior.
6997,323.69,StoreB,NORMAL,This transaction amount ($323.69) is typical for normal spending behavior.
4696,7531.49,StoreC,ANOMALY,This transaction amount ($7531.49) is unusually high compared to normal spending levels.
4622,273.26,StoreA,NORMAL,This transaction amount ($273.26) is typical for normal spending behavior.
7651,294.83,StoreB,NORMAL,This transaction amount ($294.83) is typical for normal spending behavior.
6203,52.86,StoreC,NORMAL,This transaction amount ($52.86) falls within the typical range of spending.
7546,130.3,RareStoreX,ANOMALY,"This transaction occurred at an unusual location ('RareStoreX'), which is not typical for normal spending."
3451,159.62,OutlierMallY,ANOMALY,"This transaction occurred at an unusual location ('OutlierMallY'), which is not typical for normal spending."
9148,241.87,StoreA,NORMAL,This transaction amount ($241.87) is typical for normal spending behavior.
7504,3.12,StoreB,ANOMALY,This transaction amount ($3.12) is extremely low and may indicate refund fraud or abnormal behavior.
4611,7620.66,StoreA,ANOMALY,This transaction amount ($7620.66) is unusually high compared to normal spending levels.
1708,1.31,StoreC,ANOMALY,This transaction amount ($1.31) is extremely low and may indicate refund fraud or abnormal behavior.
5541,3300.62,StoreA,ANOMALY,This transaction amount ($3300.62) is unusually high compared to normal spending levels.
4518,215.45,StoreB,NORMAL,This transaction amount ($215.45) is typical for normal spending behavior.
9384,230.67,StoreA,NORMAL,This transaction amount ($230.67) is typical for normal spending behavior.
5272,4.09,StoreC,ANOMALY,This transaction amount ($4.09) is extremely low and may indicate refund fraud or abnormal behavior.
3269,91.88,StoreC,NORMAL,This transaction amount ($91.88) is typical for normal spending behavior.
8746,164.29,OutlierMallY,ANOMALY,"This transaction occurred at an unusual location ('OutlierMallY'), which is not typical for normal spending."
5533,189.15,StoreC,NORMAL,This transaction amount ($189.15) falls within the typical range of spending.
4093,235.17,StoreA,NORMAL,This transaction amount ($235.17) is typical for normal spending behavior.
8714,211.68,StoreB,NORMAL,This transaction amount ($211.68) is typical for normal spending behavior.
5784,150.47,StoreB,NORMAL,This transaction amount ($150.47) is typical for normal spending behavior.
6387,3663.36,StoreA,ANOMALY,This transaction amount ($3663.36) is unusually high compared to normal spending levels.
1378,120.18,StoreB,NORMAL,This transaction amount ($120.18) falls within the typical range of spending.
8219,169.75,StoreB,NORMAL,This transaction amount ($169.75) is typical for normal spending behavior.
3335,181.49,StoreB,NORMAL,This transaction amount ($181.49) is typical for normal spending behavior.
1048,210.25,StoreA,NORMAL,This transaction amount ($210.25) is typical for normal spending behavior.
9740,157.81,StoreC,NORMAL,This transaction amount ($157.81) is typical for normal spending behavior.
5224,170.89,StoreB,NORMAL,This transaction amount ($170.89) falls within the typical range of spending.
2900,247.59,StoreB,NORMAL,This transaction amount ($247.59) is typical for normal spending behavior.
9625,164.51,StoreC,NORMAL,This transaction amount ($164.51) is typical for normal spending behavior.
8798,3.3,StoreB,ANOMALY,This transaction amount ($3.3) is extremely low and may indicate refund fraud or abnormal behavior.
9334,7187.96,StoreA,ANOMALY,This transaction amount ($7187.96) is unusually high compared to normal spending levels.
4082,181.53,StoreB,NORMAL,This transaction amount ($181.53) is typical for normal spending behavior.
3811,256.13,OutlierMallY,ANOMALY,"This transaction occurred at an unusual location ('OutlierMallY'), which is not typical for normal spending."
9741,145.38,StoreB,NORMAL,This transaction amount ($145.38) falls within the typical range of spending.
7501,3.76,StoreC,ANOMALY,This transaction amount ($3.76) is extremely low and may indicate refund fraud or abnormal behavior.
2363,206.9,StoreA,NORMAL,This transaction amount ($206.9) is typical for normal spending behavior.
1799,249.81,StoreC,NORMAL,This transaction amount ($249.81) is typical for normal spending behavior.
4539,2807.11,StoreB,ANOMALY,This transaction amount ($2807.11) is unusually high compared to normal spending levels.
7643,4228.73,StoreC,ANOMALY,This transaction amount ($4228.73) is unusually high compared to normal spending levels.
9234,181.78,StoreB,NORMAL,This transaction amount ($181.78) is typical for normal spending behavior.
8379,1.91,StoreB,ANOMALY,This transaction amount ($1.91) is extremely low and may indicate refund fraud or abnormal behavior.
4364,292.28,StoreC,NORMAL,This transaction amount ($292.28) is typical for normal spending behavior.
9741,117.14,StoreC,NORMAL,This transaction amount ($117.14) is typical for normal spending behavior.
3850,180.61,RareStoreX,ANOMALY,"This transaction occurred at an unusual location ('RareStoreX'), which is not typical for normal spending."
8734,233.5,StoreC,NORMAL,This transaction amount ($233.5) is typical for normal spending behavior.
5223,140.04,StoreA,NORMAL,This transaction amount ($140.04) is typical for normal spending behavior.
1832,298.97,StoreA,NORMAL,This transaction amount ($298.97) is typical for normal spending behavior.
1019,136.04,StoreB,NORMAL,This transaction amount ($136.04) falls within the typical range of spending.
2555,273.09,StoreB,NORMAL,This transaction amount ($273.09) is typical for normal spending behavior.
8873,4045.65,StoreA,ANOMALY,This transaction amount ($4045.65) is unusually high compared to normal spending levels.
9722,255.53,RareStoreX,ANOMALY,"This transaction occurred at an unusual location ('RareStoreX'), which is not typical for normal spending."
9728,316.34,StoreA,NORMAL,This transaction amount ($316.34) is typical for normal spending behavior.
1355,195.16,StoreA,NORMAL,This transaction amount ($195.16) is typical for normal spending behavior.
2074,141.92,StoreA,NORMAL,This transaction amount ($141.92) is typical for normal spending behavior.
9581,221.09,StoreB,NORMAL,This transaction amount ($221.09) is typical for normal spending behavior.
2713,4.48,StoreB,ANOMALY,This transaction amount ($4.48) is extremely low and may indicate refund fraud or abnormal behavior.
5036,229.08,StoreC,NORMAL,This transaction amount ($229.08) is typical for normal spending behavior.
7659,139.07,StoreA,NORMAL,This transaction amount ($139.07) falls within the typical range of spending.
3514,296.93,StoreB,NORMAL,This transaction amount ($296.93) is typical for normal spending behavior.
7728,149.46,StoreC,NORMAL,This transaction amount ($149.46) falls within the typical range of spending.
4403,252.99,StoreB,NORMAL,This transaction amount ($252.99) is typical for normal spending behavior.
1810,104.97,StoreC,NORMAL,This transaction amount ($104.97) is typical for normal spending behavior.
6141,117.7,StoreC,NORMAL,This transaction amount ($117.7) is typical for normal spending behavior.
7882,2976.23,StoreB,ANOMALY,This transaction amount ($2976.23) is unusually high compared to normal spending levels.
5593,261.28,StoreB,NORMAL,This transaction amount ($261.28) is typical for normal spending behavior.
6231,161.74,StoreB,NORMAL,This transaction amount ($161.74) is typical for normal spending behavior.
4818,196.15,StoreC,NORMAL,This transaction amount ($196.15) is typical for normal spending behavior.
8224,5228.16,StoreC,ANOMALY,This transaction amount ($5228.16) is unusually high compared to normal spending levels.
5785,127.57,OutlierMallY,ANOMALY,"This transaction occurred at an unusual location ('OutlierMallY'), which is not typical for normal spending."
6393,201.18,StoreA,NORMAL,This transaction amount ($201.18) is typical for normal spending behavior.
9429,263.43,StoreC,NORMAL,This transaction amount ($263.43) is typical for normal spending behavior.
3693,236.19,StoreC,NORMAL,This transaction amount ($236.19) is typical for normal spending behavior.
6599,129.79,StoreA,NORMAL,This transaction amount ($129.79) is typical for normal spending behavior.
4873,190.29,StoreB,NORMAL,This transaction amount ($190.29) falls within the typical range of spending.
9070,222.0,StoreB,NORMAL,This transaction amount ($222.0) is typical for normal spending behavior.
1358,269.71,StoreB,NORMAL,This transaction amount ($269.71) is typical for normal spending behavior.
1987,95.99,StoreC,NORMAL,This transaction amount ($95.99) falls within the typical range of spending.
4359,276.34,StoreB,NORMAL,This transaction amount ($276.34) is typical for normal spending behavior.
7195,5362.25,StoreA,ANOMALY,This transaction amount ($5362.25) is unusually high compared to normal spending levels.
3054,88.41,StoreB,NORMAL,This transaction amount ($88.41) falls within the typical range of spending.
6140,5761.25,StoreA,ANOMALY,This transaction amount ($5761.25) is unusually high compared to normal spending levels.
3134,181.65,StoreC,NORMAL,This transaction amount ($181.65) falls within the typical range of spending.
7546,204.91,StoreC,NORMAL,This transaction amount ($204.91) is typical for normal spending behavior.
3273,176.45,StoreB,NORMAL,This transaction amount ($176.45) is typical for normal spending behavior.
4660,129.67,StoreC,NORMAL,This transaction amount ($129.67) is typical for normal spending behavior.
7125,286.96,RareStoreX,ANOMALY,"This transaction occurred at an unusual location ('RareStoreX'), which is not typical for normal spending."
1786,7420.67,StoreA,ANOMALY,This transaction amount ($7420.67) is unusually high compared to normal spending levels.
3951,139.72,StoreB,NORMAL,This transaction amount ($139.72) falls within the typical range of spending.
2416,252.2,StoreB,NORMAL,This transaction amount ($252.2) is typical for normal spending behavior.
5698,156.37,StoreB,NORMAL,This transaction amount ($156.37) is typical for normal spending behavior.
9160,251.24,OutlierMallY,ANOMALY,"This transaction occurred at an unusual location ('OutlierMallY'), which is not typical for normal spending."
1206,142.8,StoreB,NORMAL,This transaction amount ($142.8) falls within the typical range of spending.
8028,175.03,StoreB,NORMAL,This transaction amount ($175.03) is typical for normal spending behavior.
5182,273.31,RareStoreX,ANOMALY,"This transaction occurred at an unusual location ('RareStoreX'), which is not typical for normal spending."
8063,209.57,StoreB,NORMAL,This transaction amount ($209.57) is typical for normal spending behavior.
6769,130.77,StoreA,NORMAL,This transaction amount ($130.77) falls within the typical range of spending.
6411,306.52,StoreB,NORMAL,This transaction amount ($306.52) is typical for normal spending behavior.
8756,238.71,StoreA,NORMAL,This transaction amount ($238.71) is typical for normal spending behavior.
6217,3541.34,StoreC,ANOMALY,This transaction amount ($3541.34) is unusually high compared to normal spending levels.
5250,210.53,StoreA,NORMAL,This transaction amount ($210.53) is typical for normal spending behavior.
8028,156.81,StoreC,NORMAL,This transaction amount ($156.81) falls within the typical range of spending.
6819,114.66,StoreC,NORMAL,This transaction amount ($114.66) is typical for normal spending behavior.
6099,1.62,StoreB,ANOMALY,This transaction amount ($1.62) is extremely low and may indicate refund fraud or abnormal behavior.
3866,2.24,StoreB,ANOMALY,This transaction amount ($2.24) is extremely low and may indicate refund fraud or abnormal behavior.
6091,163.9,StoreB,NORMAL,This transaction amount ($163.9) is typical for normal spending behavior.
3653,151.65,StoreB,NORMAL,This transaction amount ($151.65) is typical for normal spending behavior.
8689,141.13,StoreA,NORMAL,This transaction amount ($141.13) is typical for normal spending behavior.
2984,63.12,StoreA,NORMAL,This transaction amount ($63.12) falls within the typical range of spending.
7207,291.39,StoreB,NORMAL,This transaction amount ($291.39) is typical for normal spending behavior.
2897,196.09,StoreB,NORMAL,This transaction amount ($196.09) falls within the typical range of spending.
3666,156.16,StoreC,NORMAL,This transaction amount ($156.16) falls within the typical range of spending.
1081,186.65,StoreA,NORMAL,This transaction amount ($186.65) is typical for normal spending behavior.
4990,249.39,StoreB,NORMAL,This transaction amount ($249.39) is typical for normal spending behavior.
5980,6994.2,StoreB,ANOMALY,This transaction amount ($6994.2) is unusually high compared to normal spending levels.
8464,241.61,StoreB,NORMAL,This transaction amount ($241.61) is typical for normal spending behavior.
1964,324.6,StoreC,NORMAL,This transaction amount ($324.6) is typical for normal spending behavior.
6491,109.06,StoreB,NORMAL,This transaction amount ($109.06) is typical for normal spending behavior.
1419,272.03,StoreA,NORMAL,This transaction amount ($272.03) is typical for normal spending behavior.
8926,276.71,StoreB,NORMAL,This transaction amount ($276.71) is typical for normal spending behavior.
4016,182.59,RareStoreX,ANOMALY,"This transaction occurred at an unusual location ('RareStoreX'), which is not typical for normal spending."
7795,195.53,StoreB,NORMAL,This transaction amount ($195.53) is typical for normal spending behavior.
1488,358.46,RareStoreX,ANOMALY,"This transaction occurred at an unusual location ('RareStoreX'), which is not typical for normal spending."
6489,6344.42,StoreC,ANOMALY,This transaction amount ($6344.42) is unusually high compared to normal spending levels.
8549,52.6,StoreA,NORMAL,This transaction amount ($52.6) falls within the typical range of spending.
1353,1.95,StoreA,ANOMALY,This transaction amount ($1.95) is extremely low and may indicate refund fraud or abnormal behavior.
2383,2.6,StoreC,ANOMALY,This transaction amount ($2.6) is extremely low and may indicate refund fraud or abnormal behavior.
9791,223.49,OutlierMallY,ANOMALY,"This transaction occurred at an unusual location ('OutlierMallY'), which is not typical for normal spending."
1754,197.31,StoreA,NORMAL,This transaction amount ($197.31) is typical for normal spending behavior.
5416,213.99,StoreA,NORMAL,This transaction amount ($213.99) is typical for normal spending behavior.
9621,4.41,StoreA,ANOMALY,This transaction amount ($4.41) is extremely low and may indicate refund fraud or abnormal behavior.
8131,222.81,StoreA,NORMAL,This transaction amount ($222.81) is typical for normal spending behavior.
1093,231.31,OutlierMallY,ANOMALY,"This transaction occurred at an unusual location ('OutlierMallY'), which is not typical for normal spending."
1496,135.48,StoreB,NORMAL,This transaction amount ($135.48) is typical for normal spending behavior.
6790,190.95,StoreB,NORMAL,This transaction amount ($190.95) is typical for normal spending behavior.
9598,54.52,StoreB,NORMAL,This transaction amount ($54.52) falls within the typical range of spending.
3934,226.52,StoreB,NORMAL,This transaction amount ($226.52) is typical for normal spending behavior.
4170,243.96,StoreA,NORMAL,This transaction amount ($243.96) is typical for normal spending behavior.
4104,113.68,StoreB,NORMAL,This transaction amount ($113.68) falls within the typical range of spending.
9759,210.2,OutlierMallY,ANOMALY,"This transaction occurred at an unusual location ('OutlierMallY'), which is not typical for normal spending."
5512,152.0,StoreC,NORMAL,This transaction amount ($152.0) is typical for normal spending behavior.
7651,2.06,StoreA,ANOMALY,This transaction amount ($2.06) is extremely low and may indicate refund fraud or abnormal behavior.
7203,104.84,StoreA,NORMAL,This transaction amount ($104.84) is typical for normal spending behavior.
2686,4.88,StoreB,ANOMALY,This transaction amount ($4.88) is extremely low and may indicate refund fraud or abnormal behavior.
2963,220.31,StoreB,NORMAL,This transaction amount ($220.31) is typical for normal spending behavior.
4309,6757.34,StoreB,ANOMALY,This transaction amount ($6757.34) is unusually high compared to normal spending levels.
2097,3089.8,StoreB,ANOMALY,This transaction amount ($3089.8) is unusually high compared to normal spending levels.
1909,241.73,StoreC,NORMAL,This transaction amount ($241.73) is typical for normal spending behavior.
6591,166.97,StoreA,NORMAL,This transaction amount ($166.97) is typical for normal spending behavior.
1514,61.16,StoreC,NORMAL,This transaction amount ($61.16) falls within the typical range of spending.
8624,271.01,StoreA,NORMAL,This transaction amount ($271.01) is typical for normal spending behavior.
3919,192.19,StoreA,NORMAL,This transaction amount ($192.19) falls within the typical range of spending.
1319,62.64,StoreC,NORMAL,This transaction amount ($62.64) falls within the typical range of spending.
4389,277.76,StoreA,NORMAL,This transaction amount ($277.76) is typical for normal spending behavior.
6950,155.76,OutlierMallY,ANOMALY,"This transaction occurred at an unusual location ('OutlierMallY'), which is not typical for normal spending."
6955,7963.48,StoreC,ANOMALY,This transaction amount ($7963.48) is unusually high compared to normal spending levels.
2550,202.93,StoreC,NORMAL,This transaction amount ($202.93) is typical for normal spending behavior.
8069,204.92,StoreA,NORMAL,This transaction amount ($204.92) is typical for normal spending behavior.
8145,213.74,StoreA,NORMAL,This transaction amount ($213.74) is typical for normal spending behavior.
1855,2882.76,StoreB,ANOMALY,This transaction amount ($2882.76) is unusually high compared to normal spending levels.
4297,0.78,StoreB,ANOMALY,This transaction amount ($0.78) is extremely low and may indicate refund fraud or abnormal behavior.
5499,263.82,RareStoreX,ANOMALY,"This transaction occurred at an unusual location ('RareStoreX'), which is not typical for normal spending."
8065,202.62,StoreC,NORMAL,This transaction amount ($202.62) is typical for normal spending behavior.
2098,183.09,StoreB,NORMAL,This transaction amount ($183.09) is typical for normal spending behavior.
4675,226.65,StoreC,NORMAL,This transaction amount ($226.65) is typical for normal spending behavior.
1865,138.82,StoreB,NORMAL,This transaction amount ($138.82) is typical for normal spending behavior.
2093,192.45,StoreA,NORMAL,This transaction amount ($192.45) is typical for normal spending behavior.
5526,165.82,StoreB,NORMAL,This transaction amount ($165.82) falls within the typical range of spending.
9511,108.61,StoreA,NORMAL,This transaction amount ($108.61) is typical for normal spending behavior.
5196,158.43,StoreC,NORMAL,This transaction amount ($158.43) is typical for normal spending behavior.
4981,229.64,StoreA,NORMAL,This transaction amount ($229.64) is typical for normal spending behavior.
3460,113.08,StoreA,NORMAL,This transaction amount ($113.08) is typical for normal spending behavior.
7401,276.77,StoreA,NORMAL,This transaction amount ($276.77) is typical for normal spending behavior.
3877,215.95,StoreB,NORMAL,This transaction amount ($215.95) is typical for normal spending behavior.
5569,310.8,StoreA,NORMAL,This transaction amount ($310.8) is typical for normal spending behavior.
8483,6787.99,StoreA,ANOMALY,This transaction amount ($6787.99) is unusually high compared to normal spending levels.
1602,1.18,StoreC,ANOMALY,This transaction amount ($1.18) is extremely low and may indicate refund fraud or abnormal behavior.
5633,214.52,StoreB,NORMAL,This transaction amount ($214.52) is typical for normal spending behavior.
5474,196.54,StoreA,NORMAL,This transaction amount ($196.54) is typical for normal spending behavior.
9506,5782.06,StoreB,ANOMALY,This transaction amount ($5782.06) is unusually high compared to normal spending levels.
2074,208.69,StoreA,NORMAL,This transaction amount ($208.69) is typical for normal spending behavior.
7092,221.15,StoreA,NORMAL,This transaction amount ($221.15) is typical for normal spending behavior.
2436,187.07,StoreC,NORMAL,This transaction amount ($187.07) falls within the typical range of spending.
9266,188.78,StoreC,NORMAL,This transaction amount ($188.78) is typical for normal spending behavior.
9948,147.74,RareStoreX,ANOMALY,"This transaction occurred at an unusual location ('RareStoreX'), which is not typical for normal spending."
7325,219.38,OutlierMallY,ANOMALY,"This transaction occurred at an unusual location ('OutlierMallY'), which is not typical for normal spending."
7733,1.14,StoreA,ANOMALY,This transaction amount ($1.14) is extremely low and may indicate refund fraud or abnormal behavior.
9160,155.21,StoreC,NORMAL,This transaction amount ($155.21) is typical for normal spending behavior.
8408,3.04,StoreB,ANOMALY,This transaction amount ($3.04) is extremely low and may indicate refund fraud or abnormal behavior.
8931,99.84,StoreA,NORMAL,This transaction amount ($99.84) falls within the typical range of spending.
5777,133.61,StoreB,NORMAL,This transaction amount ($133.61) is typical for normal spending behavior.
6086,214.36,StoreC,NORMAL,This transaction amount ($214.36) is typical for normal spending behavior.
8933,136.36,StoreA,NORMAL,This transaction amount ($136.36) is typical for normal spending behavior.
9294,7628.48,StoreB,ANOMALY,This transaction amount ($7628.48) is unusually high compared to normal spending levels.
8607,7809.64,StoreB,ANOMALY,This transaction amount ($7809.64) is unusually high compared to normal spending levels.
2086,219.32,OutlierMallY,ANOMALY,"This transaction occurred at an unusual location ('OutlierMallY'), which is not typical for normal spending."
2293,136.92,StoreA,NORMAL,This transaction amount ($136.92) falls within the typical range of spending.
8616,167.92,StoreB,NORMAL,This transaction amount ($167.92) falls within the typical range of spending.
3946,3175.82,StoreC,ANOMALY,This transaction amount ($3175.82) is unusually high compared to normal spending levels.
9808,215.01,StoreC,NORMAL,This transaction amount ($215.01) is typical for normal spending behavior.
3044,2.72,StoreA,ANOMALY,This transaction amount ($2.72) is extremely low and may indicate refund fraud or abnormal behavior.
7743,201.11,StoreB,NORMAL,This transaction amount ($201.11) is typical for normal spending behavior.
8937,274.3,StoreB,NORMAL,This transaction amount ($274.3) is typical for normal spending behavior.
6495,171.13,StoreA,NORMAL,This transaction amount ($171.13) falls within the typical range of spending.
3352,1.81,StoreC,ANOMALY,This transaction amount ($1.81) is extremely low and may indicate refund fraud or abnormal behavior.
6906,214.3,StoreA,NORMAL,This transaction amount ($214.3) is typical for normal spending behavior.
7172,195.46,StoreC,NORMAL,This transaction amount ($195.46) is typical for normal spending behavior.
8108,7229.18,StoreB,ANOMALY,This transaction amount ($7229.18) is unusually high compared to normal spending levels.
3569,235.3,StoreB,NORMAL,This transaction amount ($235.3) is typical for normal spending behavior.
8705,257.02,StoreA,NORMAL,This transaction amount ($257.02) is typical for normal spending behavior.
7436,194.22,StoreA,NORMAL,This transaction amount ($194.22) falls within the typical range of spending.
4927,175.74,StoreC,NORMAL,This transaction amount ($175.74) falls within the typical range of spending.
7763,201.43,StoreC,NORMAL,This transaction amount ($201.43) is typical for normal spending behavior.
3470,180.4,StoreC,NORMAL,This transaction amount ($180.4) is typical for normal spending behavior.
2025,107.09,StoreC,NORMAL,This transaction amount ($107.09) falls within the typical range of spending.
3292,214.58,StoreC,NORMAL,This transaction amount ($214.58) is typical for normal spending behavior.
4577,161.66,StoreA,NORMAL,This transaction amount ($161.66) falls within the typical range of spending.
5418,129.26,StoreC,NORMAL,This transaction amount ($129.26) is typical for normal spending behavior.
8624,7977.21,StoreA,ANOMALY,This transaction amount ($7977.21) is unusually high compared to normal spending levels.
8262,176.71,StoreA,NORMAL,This transaction amount ($176.71) is typical for normal spending behavior.
6973,2.21,StoreB,ANOMALY,This transaction amount ($2.21) is extremely low and may indicate refund fraud or abnormal behavior.
3163,182.63,RareStoreX,ANOMALY,"This transaction occurred at an unusual location ('RareStoreX'), which is not typical for normal spending."
6004,4097.26,StoreB,ANOMALY,This transaction amount ($4097.26) is unusually high compared to normal spending levels.
7669,195.53,StoreB,NORMAL,This transaction amount ($195.53) falls within the typical range of spending.
4229,43.75,StoreB,NORMAL,This transaction amount ($43.75) is typical for normal spending behavior.
2492,4.62,StoreC,ANOMALY,This transaction amount ($4.62) is extremely low and may indicate refund fraud or abnormal behavior.
5398,89.17,StoreA,NORMAL,This transaction amount ($89.17) falls within the typical range of spending.
4237,2.75,StoreB,ANOMALY,This transaction amount ($2.75) is extremely low and may indicate refund fraud or abnormal behavior.
6827,264.38,StoreC,NORMAL,This transaction amount ($264.38) is typical for normal spending behavior.
7773,5466.89,StoreC,ANOMALY,This transaction amount ($5466.89) is unusually high compared to normal spending levels.
2356,244.21,StoreC,NORMAL,This transaction amount ($244.21) is typical for normal spending behavior.
5767,4.84,StoreB,ANOMALY,This transaction amount ($4.84) is extremely low and may indicate refund fraud or abnormal behavior.
1569,119.03,StoreC,NORMAL,This transaction amount ($119.03) is typical for normal spending behavior.
4317,112.41,StoreC,NORMAL,This transaction amount ($112.41) falls within the typical range of spending.
6487,292.01,StoreC,NORMAL,This transaction amount ($292.01) is typical for normal spending behavior.
6283,275.1,OutlierMallY,ANOMALY,"This transaction occurred at an unusual location ('OutlierMallY'), which is not typical for normal spending."
8910,117.81,StoreB,NORMAL,This transaction amount ($117.81) is typical for normal spending behavior.
7898,3018.22,StoreA,ANOMALY,This transaction amount ($3018.22) is unusually high compared to normal spending levels.
5924,157.7,StoreC,NORMAL,This transaction amount ($157.7) is typical for normal spending behavior.
5366,124.86,StoreB,NORMAL,This transaction amount ($124.86) is typical for normal spending behavior.
1486,275.72,StoreB,NORMAL,This transaction amount ($275.72) is typical for normal spending behavior.
4453,201.4,RareStoreX,ANOMALY,"This transaction occurred at an unusual location ('RareStoreX'), which is not typical for normal spending."
1739,347.79,StoreC,NORMAL,This transaction amount ($347.79) is typical for normal spending behavior.
2256,3.69,StoreB,ANOMALY,This transaction amount ($3.69) is extremely low and may indicate refund fraud or abnormal behavior.
5806,2.51,StoreC,ANOMALY,This transaction amount ($2.51) is extremely low and may indicate refund fraud or abnormal behavior.
8526,231.79,OutlierMallY,ANOMALY,"This transaction occurred at an unusual location ('OutlierMallY'), which is not typical for normal spending."
6281,148.16,StoreA,NORMAL,This transaction amount ($148.16) is typical for normal spending behavior.
5205,248.24,OutlierMallY,ANOMALY,"This transaction occurred at an unusual location ('OutlierMallY'), which is not typical for normal spending."
5394,6925.69,StoreB,ANOMALY,This transaction amount ($6925.69) is unusually high compared to normal spending levels.
6108,7369.06,StoreB,ANOMALY,This transaction amount ($7369.06) is unusually high compared to normal spending levels.
5923,270.3,StoreB,NORMAL,This transaction amount ($270.3) is typical for normal spending behavior.
9104,92.37,StoreA,NORMAL,This transaction amount ($92.37) is typical for normal spending behavior.
6620,182.23,StoreC,NORMAL,This transaction amount ($182.23) falls within the typical range of spending.
7960,218.65,StoreB,NORMAL,This transaction amount ($218.65) is typical for normal spending behavior.
6656,177.62,StoreB,NORMAL,This transaction amount ($177.62) falls within the typical range of spending.
9056,307.86,RareStoreX,ANOMALY,"This transaction occurred at an unusual location ('RareStoreX'), which is not typical for normal spending."
7386,113.85,StoreC,NORMAL,This transaction amount ($113.85) is typical for normal spending behavior.
2428,209.03,StoreC,NORMAL,This transaction amount ($209.03) is typical for normal spending behavior.
9431,7829.57,StoreB,ANOMALY,This transaction amount ($7829.57) is unusually high compared to normal spending levels.
8082,248.77,StoreC,NORMAL,This transaction amount ($248.77) is typical for normal spending behavior.
3670,233.24,StoreB,NORMAL,This transaction amount ($233.24) is typical for normal spending behavior.
8818,7907.92,StoreB,ANOMALY,This transaction amount ($7907.92) is unusually high compared to normal spending levels.
1723,183.02,StoreA,NORMAL,This transaction amount ($183.02) falls within the typical range of spending.
5451,4884.49,StoreC,ANOMALY,This transaction amount ($4884.49) is unusually high compared to normal spending levels.
8595,3435.59,StoreC,ANOMALY,This transaction amount ($3435.59) is unusually high compared to normal spending levels.
6481,155.77,OutlierMallY,ANOMALY,"This transaction occurred at an unusual location ('OutlierMallY'), which is not typical for normal spending."
6262,240.78,StoreB,NORMAL,This transaction amount ($240.78) is typical for normal spending behavior.
2257,182.95,StoreC,NORMAL,This transaction amount ($182.95) is typical for normal spending behavior.
3502,98.59,StoreC,NORMAL,This transaction amount ($98.59) falls within the typical range of spending.
8072,5075.25,StoreB,ANOMALY,This transaction amount ($5075.25) is unusually high compared to normal spending levels.
9544,283.78,OutlierMallY,ANOMALY,"This transaction occurred at an unusual location ('OutlierMallY'), which is not typical for normal spending."
6099,178.77,RareStoreX,ANOMALY,"This transaction occurred at an unusual location ('RareStoreX'), which is not typical for normal spending."
8586,267.53,StoreA,NORMAL,This transaction amount ($267.53) is typical for normal spending behavior.
5594,3302.28,StoreB,ANOMALY,This transaction amount ($3302.28) is unusually high compared to normal spending levels.
2025,177.77,StoreB,NORMAL,This transaction amount ($177.77) is typical for normal spending behavior.
9775,119.12,StoreB,NORMAL,This transaction amount ($119.12) is typical for normal spending behavior.
1305,193.77,StoreC,NORMAL,This transaction amount ($193.77) falls within the typical range of spending.
6008,189.17,StoreA,NORMAL,This transaction amount ($189.17) is typical for normal spending behavior.
7183,125.32,StoreC,NORMAL,This transaction amount ($125.32) is typical for normal spending behavior.
9343,3.67,StoreA,ANOMALY,This transaction amount ($3.67) is extremely low and may indicate refund fraud or abnormal behavior.
2196,203.12,StoreC,NORMAL,This transaction amount ($203.12) is typical for normal spending behavior.
2897,3681.79,StoreC,ANOMALY,This transaction amount ($3681.79) is unusually high compared to normal spending levels.
9983,235.41,RareStoreX,ANOMALY,"This transaction occurred at an unusual location ('RareStoreX'), which is not typical for normal spending."
8426,191.49,RareStoreX,ANOMALY,"This transaction occurred at an unusual location ('RareStoreX'), which is not typical for normal spending."
3663,263.23,StoreB,NORMAL,This transaction amount ($263.23) is typical for normal spending behavior.
3015,130.74,StoreB,NORMAL,This transaction amount ($130.74) is typical for normal spending behavior.
2248,179.92,StoreB,NORMAL,This transaction amount ($179.92) falls within the typical range of spending.
8169,140.1,StoreB,NORMAL,This transaction amount ($140.1) is typical for normal spending behavior.
7798,0.88,StoreB,ANOMALY,This transaction amount ($0.88) is extremely low and may indicate refund fraud or abnormal behavior.
7944,166.55,StoreA,NORMAL,This transaction amount ($166.55) is typical for normal spending behavior.
4018,3107.76,StoreC,ANOMALY,This transaction amount ($3107.76) is unusually high compared to normal spending levels.
7755,184.86,StoreB,NORMAL,This transaction amount ($184.86) is typical for normal spending behavior.
2783,4488.75,StoreA,ANOMALY,This transaction amount ($4488.75) is unusually high compared to normal spending levels.
1040,145.34,StoreC,NORMAL,This transaction amount ($145.34) falls within the typical range of spending.
3570,195.95,RareStoreX,ANOMALY,"This transaction occurred at an unusual location ('RareStoreX'), which is not typical for normal spending."
8959,108.87,StoreC,NORMAL,This transaction amount ($108.87) falls within the typical range of spending.
3338,2667.32,StoreB,ANOMALY,This transaction amount ($2667.32) is unusually high compared to normal spending levels.
9372,216.64,StoreA,NORMAL,This transaction amount ($216.64) is typical for normal spending behavior.
7998,5752.97,StoreB,ANOMALY,This transaction amount ($5752.97) is unusually high compared to normal spending levels.
5309,2833.04,StoreC,ANOMALY,This transaction amount ($2833.04) is unusually high compared to normal spending levels.
4960,132.65,StoreB,NORMAL,This transaction amount ($132.65) is typical for normal spending behavior.
3597,240.12,StoreA,NORMAL,This transaction amount ($240.12) is typical for normal spending behavior.
7368,198.55,StoreA,NORMAL,This transaction amount ($198.55) is typical for normal spending behavior.
7985,225.78,StoreB,NORMAL,This transaction amount ($225.78) is typical for normal spending behavior.
3927,6692.28,StoreA,ANOMALY,This transaction amount ($6692.28) is unusually high compared to normal spending levels.
7167,147.22,StoreC,NORMAL,This transaction amount ($147.22) falls within the typical range of spending.
4959,211.0,StoreA,NORMAL,This transaction amount ($211.0) is typical for normal spending behavior.
4575,5253.83,StoreC,ANOMALY,This transaction amount ($5253.83) is unusually high compared to normal spending levels.
3825,148.23,StoreB,NORMAL,This transaction amount ($148.23) is typical for normal spending behavior.
1018,176.74,StoreA,NORMAL,This transaction amount ($176.74) falls within the typical range of spending.
4231,157.41,StoreA,NORMAL,This transaction amount ($157.41) is typical for normal spending behavior.
1764,1.01,StoreC,ANOMALY,This transaction amount ($1.01) is extremely low and may indicate refund fraud or abnormal behavior.
3981,1.3,StoreA,ANOMALY,This transaction amount ($1.3) is extremely low and may indicate refund fraud or abnormal behavior.
5031,7927.46,StoreB,ANOMALY,This transaction amount ($7927.46) is unusually high compared to normal spending levels.
5578,7731.0,StoreA,ANOMALY,This transaction amount ($7731.0) is unusually high compared to normal spending levels.
4006,3.12,StoreC,ANOMALY,This transaction amount ($3.12) is extremely low and may indicate refund fraud or abnormal behavior.
2420,244.38,StoreB,NORMAL,This transaction amount ($244.38) is typical for normal spending behavior.
8091,213.55,StoreA,NORMAL,This transaction amount ($213.55) is typical for normal spending behavior.
5637,1.6,StoreA,ANOMALY,This transaction amount ($1.6) is extremely low and may indicate refund fraud or abnormal behavior.
1716,115.62,StoreB,NORMAL,This transaction amount ($115.62) is typical for normal spending behavior.
8973,143.89,StoreC,NORMAL,This transaction amount ($143.89) falls within the typical range of spending.
7906,172.26,StoreB,NORMAL,This transaction amount ($172.26) is typical for normal spending behavior.
5402,228.28,StoreA,NORMAL,This transaction amount ($228.28) is typical for normal spending behavior.
2940,125.6,RareStoreX,ANOMALY,"This transaction occurred at an unusual location ('RareStoreX'), which is not typical for normal spending."
3409,185.44,StoreB,NORMAL,This transaction amount ($185.44) is typical for normal spending behavior.
2235,223.69,RareStoreX,ANOMALY,"This transaction occurred at an unusual location ('RareStoreX'), which is not typical for normal spending."
3892,204.91,StoreC,NORMAL,This transaction amount ($204.91) is typical for normal spending behavior.
6993,133.8,StoreC,NORMAL,This transaction amount ($133.8) is typical for normal spending behavior.
9501,237.97,StoreC,NORMAL,This transaction amount ($237.97) is typical for normal spending behavior.
9269,181.93,StoreA,NORMAL,This transaction amount ($181.93) is typical for normal spending behavior.
2951,151.78,StoreB,NORMAL,This transaction amount ($151.78) is typical for normal spending behavior.
6182,2.19,StoreA,ANOMALY,This transaction amount ($2.19) is extremely low and may indicate refund fraud or abnormal behavior.
2916,215.29,OutlierMallY,ANOMALY,"This transaction occurred at an unusual location ('OutlierMallY'), which is not typical for normal spending."
4363,173.82,StoreA,NORMAL,This transaction amount ($173.82) is typical for normal spending behavior.
8894,133.51,StoreC,NORMAL,This transaction amount ($133.51) falls within the typical range of spending.
7723,4.21,StoreA,ANOMALY,This transaction amount ($4.21) is extremely low and may indicate refund fraud or abnormal behavior.
4598,219.17,StoreC,NORMAL,This transaction amount ($219.17) is typical for normal spending behavior.
4699,7971.15,StoreB,ANOMALY,This transaction amount ($7971.15) is unusually high compared to normal spending levels.
9895,228.62,StoreC,NORMAL,This transaction amount ($228.62) is typical for normal spending behavior.
3824,178.18,StoreB,NORMAL,This transaction amount ($178.18) is typical for normal spending behavior.
4406,162.24,StoreB,NORMAL,This transaction amount ($162.24) is typical for normal spending behavior.
4845,172.81,StoreA,NORMAL,This transaction amount ($172.81) is typical for normal spending behavior.
4385,274.77,StoreA,NORMAL,This transaction amount ($274.77) is typical for normal spending behavior.
5275,4864.0,StoreA,ANOMALY,This transaction amount ($4864.0) is unusually high compared to normal spending levels.
9748,95.28,StoreB,NORMAL,This transaction amount ($95.28) falls within the typical range of spending.
8823,208.8,StoreA,NORMAL,This transaction amount ($208.8) is typical for normal spending behavior.
6956,100.43,OutlierMallY,ANOMALY,"This transaction occurred at an unusual location ('OutlierMallY'), which is not typical for normal spending."
2241,194.27,StoreA,NORMAL,This transaction amount ($194.27) is typical for normal spending behavior.
4729,54.35,StoreB,NORMAL,This transaction amount ($54.35) falls within the typical range of spending.
9080,186.92,StoreC,NORMAL,This transaction amount ($186.92) is typical for normal spending behavior.
4129,4.12,StoreA,ANOMALY,This transaction amount ($4.12) is extremely low and may indicate refund fraud or abnormal behavior.
7684,188.32,StoreB,NORMAL,This transaction amount ($188.32) is typical for normal spending behavior.
3751,180.45,OutlierMallY,ANOMALY,"This transaction occurred at an unusual location ('OutlierMallY'), which is not typical for normal spending."
7618,143.81,StoreC,NORMAL,This transaction amount ($143.81) is typical for normal spending behavior.
7786,196.81,StoreA,NORMAL,This transaction amount ($196.81) is typical for normal spending behavior.
2746,4234.04,StoreA,ANOMALY,This transaction amount ($4234.04) is unusually high compared to normal spending levels.
9705,278.62,StoreA,NORMAL,This transaction amount ($278.62) is typical for normal spending behavior.
4567,190.65,StoreB,NORMAL,This transaction amount ($190.65) is typical for normal spending behavior.
8140,233.09,StoreB,NORMAL,This transaction amount ($233.09) is typical for normal spending behavior.
6171,6184.68,StoreA,ANOMALY,This transaction amount ($6184.68) is unusually high compared to normal spending levels.
2472,229.16,StoreA,NORMAL,This transaction amount ($229.16) is typical for normal spending behavior.
7696,251.74,StoreA,NORMAL,This transaction amount ($251.74) is typical for normal spending behavior.
6816,100.31,StoreA,NORMAL,This transaction amount ($100.31) is typical for normal spending behavior.
4295,4218.78,StoreB,ANOMALY,This transaction amount ($4218.78) is unusually high compared to normal spending levels.
2473,309.08,StoreB,NORMAL,This transaction amount ($309.08) is typical for normal spending behavior.
7255,117.65,StoreC,NORMAL,This transaction amount ($117.65) is typical for normal spending behavior.
6539,192.64,StoreA,NORMAL,This transaction amount ($192.64) is typical for normal spending behavior.
5947,268.41,StoreC,NORMAL,This transaction amount ($268.41) is typical for normal spending behavior.
4052,141.3,StoreA,NORMAL,This transaction amount ($141.3) is typical for normal spending behavior.
1780,160.38,StoreC,NORMAL,This transaction amount ($160.38) is typical for normal spending behavior.
3660,3625.44,StoreB,ANOMALY,This transaction amount ($3625.44) is unusually high compared to normal spending levels.
4414,81.79,StoreB,NORMAL,This transaction amount ($81.79) is typical for normal spending behavior.
2002,161.36,StoreA,NORMAL,This transaction amount ($161.36) falls within the typical range of spending.
2629,118.39,StoreA,NORMAL,This transaction amount ($118.39) falls within the typical range of spending.
6402,127.42,StoreB,NORMAL,This transaction amount ($127.42) is typical for normal spending behavior.
9872,128.64,StoreB,NORMAL,This transaction amount ($128.64) is typical for normal spending behavior.
1684,158.06,OutlierMallY,ANOMALY,"This transaction occurred at an unusual location ('OutlierMallY'), which is not typical for normal spending."
4487,126.63,StoreA,NORMAL,This transaction amount ($126.63) is typical for normal spending behavior.
6507,272.39,StoreC,NORMAL,This transaction amount ($272.39) is typical for normal spending behavior.
8394,263.51,StoreA,NORMAL,This transaction amount ($263.51) is typical for normal spending behavior.
5315,199.01,StoreB,NORMAL,This transaction amount ($199.01) falls within the typical range of spending.
4065,0.69,StoreC,ANOMALY,This transaction amount ($0.69) is extremely low and may indicate refund fraud or abnormal behavior.
4260,5629.34,StoreB,ANOMALY,This transaction amount ($5629.34) is unusually high compared to normal spending levels.
3748,2.28,StoreA,ANOMALY,This transaction amount ($2.28) is extremely low and may indicate refund fraud or abnormal behavior.
5700,238.03,StoreA,NORMAL,This transaction amount ($238.03) is typical for normal spending behavior.
2085,3465.31,StoreA,ANOMALY,This transaction amount ($3465.31) is unusually high compared to normal spending levels.
1948,6903.43,StoreB,ANOMALY,This transaction amount ($6903.43) is unusually high compared to normal spending levels.
5723,115.62,StoreB,NORMAL,This transaction amount ($115.62) falls within the typical range of spending.
1489,1.23,StoreB,ANOMALY,This transaction amount ($1.23) is extremely low and may indicate refund fraud or abnormal behavior.
1267,264.92,StoreB,NORMAL,This transaction amount ($264.92) is typical for normal spending behavior.
1028,204.72,StoreB,NORMAL,This transaction amount ($204.72) is typical for normal spending behavior.
3889,205.32,StoreA,NORMAL,This transaction amount ($205.32) is typical for normal spending behavior.
3930,0.84,StoreA,ANOMALY,This transaction amount ($0.84) is extremely low and may indicate refund fraud or abnormal behavior.
5521,7830.83,StoreC,ANOMALY,This transaction amount ($7830.83) is unusually high compared to normal spending levels.
3072,2.35,StoreC,ANOMALY,This transaction amount ($2.35) is extremely low and may indicate refund fraud or abnormal behavior.
2069,219.15,StoreC,NORMAL,This transaction amount ($219.15) is typical for normal spending behavior.
1079,7352.17,StoreA,ANOMALY,This transaction amount ($7352.17) is unusually high compared to normal spending levels.
2388,30.07,StoreB,NORMAL,This transaction amount ($30.07) is typical for normal spending behavior.
5163,215.58,StoreA,NORMAL,This transaction amount ($215.58) is typical for normal spending behavior.
4574,234.34,StoreB,NORMAL,This transaction amount ($234.34) is typical for normal spending behavior.
4381,212.85,StoreC,NORMAL,This transaction amount ($212.85) is typical for normal spending behavior.
8101,183.88,StoreC,NORMAL,This transaction amount ($183.88) falls within the typical range of spending.
1075,218.16,StoreA,NORMAL,This transaction amount ($218.16) is typical for normal spending behavior.
2515,302.19,StoreB,NORMAL,This transaction amount ($302.19) is typical for normal spending behavior.
9050,218.79,StoreB,NORMAL,This transaction amount ($218.79) is typical for normal spending behavior.
2883,139.11,StoreA,NORMAL,This transaction amount ($139.11) is typical for normal spending behavior.
9963,198.75,StoreC,NORMAL,This transaction amount ($198.75) is typical for normal spending behavior.
7243,148.64,StoreB,NORMAL,This transaction amount ($148.64) falls within the typical range of spending.
4870,199.64,StoreC,NORMAL,This transaction amount ($199.64) is typical for normal spending behavior.
1534,221.68,StoreA,NORMAL,This transaction amount ($221.68) is typical for normal spending behavior.
5482,260.69,StoreB,NORMAL,This transaction amount ($260.69) is typical for normal spending behavior.
2973,296.53,StoreC,NORMAL,This transaction amount ($296.53) is typical for normal spending behavior.
4130,188.76,StoreC,NORMAL,This transaction amount ($188.76) is typical for normal spending behavior.
9488,144.88,StoreC,NORMAL,This transaction amount ($144.88) is typical for normal spending behavior.
3552,4106.97,StoreB,ANOMALY,This transaction amount ($4106.97) is unusually high compared to normal spending levels.
2259,245.2,StoreC,NORMAL,This transaction amount ($245.2) is typical for normal spending behavior.
4603,67.27,StoreA,NORMAL,This transaction amount ($67.27) falls within the typical range of spending.
6356,160.29,StoreC,NORMAL,This transaction amount ($160.29) is typical for normal spending behavior.
1882,157.88,StoreB,NORMAL,This transaction amount ($157.88) is typical for normal spending behavior.
2298,134.48,StoreA,NORMAL,This transaction amount ($134.48) is typical for normal spending behavior.
4514,208.46,StoreB,NORMAL,This transaction amount ($208.46) is typical for normal spending behavior.
8399,125.49,StoreA,NORMAL,This transaction amount ($125.49) is typical for normal spending behavior.
9450,6899.06,StoreA,ANOMALY,This transaction amount ($6899.06) is unusually high compared to normal spending levels.
4367,168.53,StoreA,NORMAL,This transaction amount ($168.53) is typical for normal spending behavior.
3745,104.33,StoreB,NORMAL,This transaction amount ($104.33) falls within the typical range of spending.
9116,63.16,StoreB,NORMAL,This transaction amount ($63.16) falls within the typical range of spending.
5868,255.48,StoreB,NORMAL,This transaction amount ($255.48) is typical for normal spending behavior.
6644,253.62,StoreB,NORMAL,This transaction amount ($253.62) is typical for normal spending behavior.
4421,210.79,OutlierMallY,ANOMALY,"This transaction occurred at an unusual location ('OutlierMallY'), which is not typical for normal spending."
5394,120.44,StoreB,NORMAL,This transaction amount ($120.44) is typical for normal spending behavior.
7717,3.53,StoreB,ANOMALY,This transaction amount ($3.53) is extremely low and may indicate refund fraud or abnormal behavior.
3443,4428.86,StoreA,ANOMALY,This transaction amount ($4428.86) is unusually high compared to normal spending levels.
1625,205.15,StoreC,NORMAL,This transaction amount ($205.15) is typical for normal spending behavior.
3902,219.39,StoreB,NORMAL,This transaction amount ($219.39) is typical for normal spending behavior.
1179,249.13,StoreA,NORMAL,This transaction amount ($249.13) is typical for normal spending behavior.
1135,3354.71,StoreA,ANOMALY,This transaction amount ($3354.71) is unusually high compared to normal spending levels.
1261,132.52,StoreC,NORMAL,This transaction amount ($132.52) is typical for normal spending behavior.
4770,1.1,StoreB,ANOMALY,This transaction amount ($1.1) is extremely low and may indicate refund fraud or abnormal behavior.
5025,185.05,OutlierMallY,ANOMALY,"This transaction occurred at an unusual location ('OutlierMallY'), which is not typical for normal spending."
1849,161.91,OutlierMallY,ANOMALY,"This transaction occurred at an unusual location ('OutlierMallY'), which is not typical for normal spending."
2689,3659.83,StoreC,ANOMALY,This transaction amount ($3659.83) is unusually high compared to normal spending levels.
6828,189.05,StoreB,NORMAL,This transaction amount ($189.05) is typical for normal spending behavior.
3256,3.64,StoreB,ANOMALY,This transaction amount ($3.64) is extremely low and may indicate refund fraud or abnormal behavior.
1527,218.07,StoreC,NORMAL,This transaction amount ($218.07) is typical for normal spending behavior.
4381,1.65,StoreA,ANOMALY,This transaction amount ($1.65) is extremely low and may indicate refund fraud or abnormal behavior.
9207,4781.57,StoreC,ANOMALY,This transaction amount ($4781.57) is unusually high compared to normal spending levels.
8773,128.62,StoreA,NORMAL,This transaction amount ($128.62) is typical for normal spending behavior.
2574,174.39,StoreB,NORMAL,This transaction amount ($174.39) is typical for normal spending behavior.
6053,147.46,StoreB,NORMAL,This transaction amount ($147.46) is typical for normal spending behavior.
3648,125.74,StoreA,NORMAL,This transaction amount ($125.74) is typical for normal spending behavior.
9214,163.4,OutlierMallY,ANOMALY,"This transaction occurred at an unusual location ('OutlierMallY'), which is not typical for normal spending."
6210,204.4,StoreC,NORMAL,This transaction amount ($204.4) is typical for normal spending behavior.
1229,218.47,StoreC,NORMAL,This transaction amount ($218.47) is typical for normal spending behavior.
6515,216.86,StoreB,NORMAL,This transaction amount ($216.86) is typical for normal spending behavior.
3311,211.09,StoreA,NORMAL,This transaction amount ($211.09) is typical for normal spending behavior.
2741,184.7,StoreA,NORMAL,This transaction amount ($184.7) is typical for normal spending behavior.
5239,223.18,StoreB,NORMAL,This transaction amount ($223.18) is typical for normal spending behavior.
3646,6376.53,StoreC,ANOMALY,This transaction amount ($6376.53) is unusually high compared to normal spending levels.
6167,6843.42,StoreC,ANOMALY,This transaction amount ($6843.42) is unusually high compared to normal spending levels.
1493,240.92,StoreA,NORMAL,This transaction amount ($240.92) is typical for normal spending behavior.
3581,183.81,StoreB,NORMAL,This transaction amount ($183.81) is typical for normal spending behavior.
3859,238.61,OutlierMallY,ANOMALY,"This transaction occurred at an unusual location ('OutlierMallY'), which is not typical for normal spending."
5898,171.94,StoreA,NORMAL,This transaction amount ($171.94) is typical for normal spending behavior.
1298,216.15,StoreA,NORMAL,This transaction amount ($216.15) is typical for normal spending behavior.
8213,259.14,StoreB,NORMAL,This transaction amount ($259.14) is typical for normal spending behavior.
6779,2.77,StoreB,ANOMALY,This transaction amount ($2.77) is extremely low and may indicate refund fraud or abnormal behavior.
1966,221.04,StoreB,NORMAL,This transaction amount ($221.04) is typical for normal spending behavior.
1393,5955.54,StoreB,ANOMALY,This transaction amount ($5955.54) is unusually high compared to normal spending levels.
4370,165.75,StoreB,NORMAL,This transaction amount ($165.75) falls within the typical range of spending.
5865,250.89,StoreB,NORMAL,This transaction amount ($250.89) is typical for normal spending behavior.
9585,117.05,StoreC,NORMAL,This transaction amount ($117.05) falls within the typical range of spending.
1363,254.92,StoreB,NORMAL,This transaction amount ($254.92) is typical for normal spending behavior.
4677,232.07,StoreC,NORMAL,This transaction amount ($232.07) is typical for normal spending behavior.
3078,172.34,StoreB,NORMAL,This transaction amount ($172.34) falls within the typical range of spending.
5761,231.92,StoreB,NORMAL,This transaction amount ($231.92) is typical for normal spending behavior.
8282,248.85,StoreA,NORMAL,This transaction amount ($248.85) is typical for normal spending behavior.
2770,138.63,StoreC,NORMAL,This transaction amount ($138.63) is typical for normal spending behavior.
4458,7386.37,StoreC,ANOMALY,This transaction amount ($7386.37) is unusually high compared to normal spending levels.
8699,3585.09,StoreA,ANOMALY,This transaction amount ($3585.09) is unusually high compared to normal spending levels.
9190,186.61,StoreA,NORMAL,This transaction amount ($186.61) is typical for normal spending behavior.
2979,163.84,StoreA,NORMAL,This transaction amount ($163.84) falls within the typical range of spending.
6095,207.51,StoreA,NORMAL,This transaction amount ($207.51) is typical for normal spending behavior.
9974,211.03,StoreC,NORMAL,This transaction amount ($211.03) is typical for normal spending behavior.
8746,228.29,StoreB,NORMAL,This transaction amount ($228.29) is typical for normal spending behavior.
8552,178.0,RareStoreX,ANOMALY,"This transaction occurred at an unusual location ('RareStoreX'), which is not typical for normal spending."
5752,77.71,StoreC,NORMAL,This transaction amount ($77.71) is typical for normal spending behavior.
8001,206.51,StoreA,NORMAL,This transaction amount ($206.51) is typical for normal spending behavior.
8111,208.92,StoreA,NORMAL,This transaction amount ($208.92) is typical for normal spending behavior.
8381,1.02,StoreC,ANOMALY,This transaction amount ($1.02) is extremely low and may indicate refund fraud or abnormal behavior.
8405,226.98,OutlierMallY,ANOMALY,"This transaction occurred at an unusual location ('OutlierMallY'), which is not typical for normal spending."
7668,249.07,StoreA,NORMAL,This transaction amount ($249.07) is typical for normal spending behavior.
5038,191.47,StoreB,NORMAL,This transaction amount ($191.47) is typical for normal spending behavior.
6440,160.56,RareStoreX,ANOMALY,"This transaction occurred at an unusual location ('RareStoreX'), which is not typical for normal spending."
4397,207.92,StoreB,NORMAL,This transaction amount ($207.92) is typical for normal spending behavior.
5879,217.0,StoreC,NORMAL,This transaction amount ($217.0) is typical for normal spending behavior.
1437,156.46,StoreA,NORMAL,This transaction amount ($156.46) is typical for normal spending behavior.
5741,54.67,StoreA,NORMAL,This transaction amount ($54.67) falls within the typical range of spending.
7747,157.27,StoreB,NORMAL,This transaction amount ($157.27) is typical for normal spending behavior.
8310,184.0,StoreA,NORMAL,This transaction amount ($184.0) is typical for normal spending behavior.
5887,223.12,StoreB,NORMAL,This transaction amount ($223.12) is typical for normal spending behavior.
3786,161.66,StoreC,NORMAL,This transaction amount ($161.66) is typical for normal spending behavior.
2509,287.35,StoreA,NORMAL,This transaction amount ($287.35) is typical for normal spending behavior.
4123,78.27,StoreA,NORMAL,This transaction amount ($78.27) falls within the typical range of spending.
7720,205.77,StoreA,NORMAL,This transaction amount ($205.77) is typical for normal spending behavior.
6242,194.77,StoreA,NORMAL,This transaction amount ($194.77) falls within the typical range of spending.
8195,263.6,StoreC,NORMAL,This transaction amount ($263.6) is typical for normal spending behavior.
3661,3.8,StoreA,ANOMALY,This transaction amount ($3.8) is extremely low and may indicate refund fraud or abnormal behavior.
1238,175.01,StoreC,NORMAL,This transaction amount ($175.01) falls within the typical range of spending.
9490,285.36,StoreB,NORMAL,This transaction amount ($285.36) is typical for normal spending behavior.
5651,6972.94,StoreB,ANOMALY,This transaction amount ($6972.94) is unusually high compared to normal spending levels.
4406,185.26,StoreA,NORMAL,This transaction amount ($185.26) is typical for normal spending behavior.
5849,4.77,StoreA,ANOMALY,This transaction amount ($4.77) is extremely low and may indicate refund fraud or abnormal behavior.
2607,3994.56,StoreC,ANOMALY,This transaction amount ($3994.56) is unusually high compared to normal spending levels.
7604,134.62,StoreA,NORMAL,This transaction amount ($134.62) is typical for normal spending behavior.
7242,121.51,StoreB,NORMAL,This transaction amount ($121.51) falls within the typical range of spending.
9943,247.46,StoreA,NORMAL,This transaction amount ($247.46) is typical for normal spending behavior.
2877,197.78,StoreA,NORMAL,This transaction amount ($197.78) is typical for normal spending behavior.
5403,116.84,StoreB,NORMAL,This transaction amount ($116.84) is typical for normal spending behavior.
7371,2985.53,StoreA,ANOMALY,This transaction amount ($2985.53) is unusually high compared to normal spending levels.
8849,165.58,StoreA,NORMAL,This transaction amount ($165.58) is typical for normal spending behavior.
7959,4680.97,StoreB,ANOMALY,This transaction amount ($4680.97) is unusually high compared to normal spending levels.
3256,131.04,StoreB,NORMAL,This transaction amount ($131.04) falls within the typical range of spending.
9433,144.83,StoreB,NORMAL,This transaction amount ($144.83) is typical for normal spending behavior.
5447,2.78,StoreA,ANOMALY,This transaction amount ($2.78) is extremely low and may indicate refund fraud or abnormal behavior.
6059,171.61,OutlierMallY,ANOMALY,"This transaction occurred at an unusual location ('OutlierMallY'), which is not typical for normal spending."
6161,180.27,StoreB,NORMAL,This transaction amount ($180.27) falls within the typical range of spending.
5151,255.46,StoreA,NORMAL,This transaction amount ($255.46) is typical for normal spending behavior.
3131,133.62,StoreA,NORMAL,This transaction amount ($133.62) is typical for normal spending behavior.
7383,74.01,StoreA,NORMAL,This transaction amount ($74.01) falls within the typical range of spending.
7844,4.39,StoreA,ANOMALY,This transaction amount ($4.39) is extremely low and may indicate refund fraud or abnormal behavior.
7192,295.32,StoreA,NORMAL,This transaction amount ($295.32) is typical for normal spending behavior.
1755,339.2,StoreC,NORMAL,This transaction amount ($339.2) is typical for normal spending behavior.
1574,101.72,StoreC,NORMAL,This transaction amount ($101.72) is typical for normal spending behavior.
4636,276.29,StoreC,NORMAL,This transaction amount ($276.29) is typical for normal spending behavior.
7283,255.99,StoreA,NORMAL,This transaction amount ($255.99) is typical for normal spending behavior.
1524,123.23,StoreB,NORMAL,This transaction amount ($123.23) is typical for normal spending behavior.
4161,158.43,StoreC,NORMAL,This transaction amount ($158.43) is typical for normal spending behavior.
1076,259.24,StoreC,NORMAL,This transaction amount ($259.24) is typical for normal spending behavior.
6441,3.06,StoreB,ANOMALY,This transaction amount ($3.06) is extremely low and may indicate refund fraud or abnormal behavior.
1549,110.88,StoreA,NORMAL,This transaction amount ($110.88) falls within the typical range of spending.
6495,139.51,StoreA,NORMAL,This transaction amount ($139.51) is typical for normal spending behavior.
9791,246.78,StoreC,NORMAL,This transaction amount ($246.78) is typical for normal spending behavior.
9524,238.32,StoreB,NORMAL,This transaction amount ($238.32) is typical for normal spending behavior.
8520,211.43,StoreC,NORMAL,This transaction amount ($211.43) is typical for normal spending behavior.
4174,320.8,StoreA,NORMAL,This transaction amount ($320.8) is typical for normal spending behavior.
6101,5737.8,StoreC,ANOMALY,This transaction amount ($5737.8) is unusually high compared to normal spending levels.
1849,148.38,StoreC,NORMAL,This transaction amount ($148.38) is typical for normal spending behavior.
6644,264.1,StoreC,NORMAL,This transaction amount ($264.1) is typical for normal spending behavior.
8378,252.9,StoreA,NORMAL,This transaction amount ($252.9) is typical for normal spending behavior.
3047,1.53,StoreB,ANOMALY,This transaction amount ($1.53) is extremely low and may indicate refund fraud or abnormal behavior.
3226,178.34,StoreB,NORMAL,This transaction amount ($178.34) is typical for normal spending behavior.
5789,2.23,StoreB,ANOMALY,This transaction amount ($2.23) is extremely low and may indicate refund fraud or abnormal behavior.
9684,252.18,StoreC,NORMAL,This transaction amount ($252.18) is typical for normal spending behavior.
4258,333.88,StoreA,NORMAL,This transaction amount ($333.88) is typical for normal spending behavior.
6153,170.98,StoreB,NORMAL,This transaction amount ($170.98) falls within the typical range of spending.
3733,5102.68,StoreC,ANOMALY,This transaction amount ($5102.68) is unusually high compared to normal spending levels.
5102,3789.99,StoreB,ANOMALY,This transaction amount ($3789.99) is unusually high compared to normal spending levels.
5823,7092.66,StoreC,ANOMALY,This transaction amount ($7092.66) is unusually high compared to normal spending levels.
3239,164.92,StoreB,NORMAL,This transaction amount ($164.92) is typical for normal spending behavior.
4129,167.85,StoreB,NORMAL,This transaction amount ($167.85) is typical for normal spending behavior.
9699,186.52,StoreC,NORMAL,This transaction amount ($186.52) is typical for normal spending behavior.
2223,141.11,StoreB,NORMAL,This transaction amount ($141.11) is typical for normal spending behavior.
6150,173.32,StoreB,NORMAL,This transaction amount ($173.32) falls within the typical range of spending.
8847,234.76,StoreB,NORMAL,This transaction amount ($234.76) is typical for normal spending behavior.
7444,191.02,StoreA,NORMAL,This transaction amount ($191.02) falls within the typical range of spending.
8420,313.08,StoreA,NORMAL,This transaction amount ($313.08) is typical for normal spending behavior.
8127,132.83,StoreA,NORMAL,This transaction amount ($132.83) is typical for normal spending behavior.
4452,117.55,RareStoreX,ANOMALY,"This transaction occurred at an unusual location ('RareStoreX'), which is not typical for normal spending."
8891,137.83,OutlierMallY,ANOMALY,"This transaction occurred at an unusual location ('OutlierMallY'), which is not typical for normal spending."
5228,280.77,StoreC,NORMAL,This transaction amount ($280.77) is typical for normal spending behavior.
7673,94.89,StoreB,NORMAL,This transaction amount ($94.89) is typical for normal spending behavior.
2017,157.01,OutlierMallY,ANOMALY,"This transaction occurred at an unusual location ('OutlierMallY'), which is not typical for normal spending."
5607,181.85,StoreC,NORMAL,This transaction amount ($181.85) is typical for normal spending behavior.
3744,135.79,StoreC,NORMAL,This transaction amount ($135.79) is typical for normal spending behavior.
9396,6094.61,StoreC,ANOMALY,This transaction amount ($6094.61) is unusually high compared to normal spending levels.
5890,192.35,StoreA,NORMAL,This transaction amount ($192.35) is typical for normal spending behavior.
2842,139.53,OutlierMallY,ANOMALY,"This transaction occurred at an unusual location ('OutlierMallY'), which is not typical for normal spending."
6957,266.08,StoreC,NORMAL,This transaction amount ($266.08) is typical for normal spending behavior.
6266,194.38,StoreC,NORMAL,This transaction amount ($194.38) is typical for normal spending behavior.
7330,171.27,StoreB,NORMAL,This transaction amount ($171.27) is typical for normal spending behavior.
1142,221.7,StoreA,NORMAL,This transaction amount ($221.7) is typical for normal spending behavior.
5723,5568.72,StoreA,ANOMALY,This transaction amount ($5568.72) is unusually high compared to normal spending levels.
5041,3548.94,StoreA,ANOMALY,This transaction amount ($3548.94) is unusually high compared to normal spending levels.
9445,201.25,StoreB,NORMAL,This transaction amount ($201.25) is typical for normal spending behavior.
1234,187.06,StoreC,NORMAL,This transaction amount ($187.06) is typical for normal spending behavior.
1191,156.03,StoreC,NORMAL,This transaction amount ($156.03) falls within the typical range of spending.
9411,55.5,StoreB,NORMAL,This transaction amount ($55.5) falls within the typical range of spending.
2721,199.8,StoreB,NORMAL,This transaction amount ($199.8) is typical for normal spending behavior.
6969,250.0,StoreC,NORMAL,This transaction amount ($250.0) is typical for normal spending behavior.
6705,215.03,StoreC,NORMAL,This transaction amount ($215.03) is typical for normal spending behavior.
4133,150.02,StoreB,NORMAL,This transaction amount ($150.02) is typical for normal spending behavior.
8581,169.51,StoreB,NORMAL,This transaction amount ($169.51) is typical for normal spending behavior.
7783,1.66,StoreB,ANOMALY,This transaction amount ($1.66) is extremely low and may indicate refund fraud or abnormal behavior.
7265,211.94,StoreC,NORMAL,This transaction amount ($211.94) is typical for normal spending behavior.
3783,84.78,StoreB,NORMAL,This transaction amount ($84.78) falls within the typical range of spending.
4542,117.9,StoreB,NORMAL,This transaction amount ($117.9) is typical for normal spending behavior.
3321,3043.14,StoreC,ANOMALY,This transaction amount ($3043.14) is unusually high compared to normal spending levels.
6206,93.43,StoreC,NORMAL,This transaction amount ($93.43) is typical for normal spending behavior.
1618,237.98,StoreC,NORMAL,This transaction amount ($237.98) is typical for normal spending behavior.
8370,237.54,StoreC,NORMAL,This transaction amount ($237.54) is typical for normal spending behavior.
6890,107.87,StoreA,NORMAL,This transaction amount ($107.87) is typical for normal spending behavior.
3345,4.66,StoreB,ANOMALY,This transaction amount ($4.66) is extremely low and may indicate refund fraud or abnormal behavior.
5780,3.36,StoreC,ANOMALY,This transaction amount ($3.36) is extremely low and may indicate refund fraud or abnormal behavior.
9236,213.45,StoreC,NORMAL,This transaction amount ($213.45) is typical for normal spending behavior.
1212,251.63,StoreC,NORMAL,This transaction amount ($251.63) is typical for normal spending behavior.
5444,133.15,OutlierMallY,ANOMALY,"This transaction occurred at an unusual location ('OutlierMallY'), which is not typical for normal spending."
6780,158.45,StoreA,NORMAL,This transaction amount ($158.45) is typical for normal spending behavior.
8115,173.42,StoreC,NORMAL,This transaction amount ($173.42) falls within the typical range of spending.
6775,210.72,StoreB,NORMAL,This transaction amount ($210.72) is typical for normal spending behavior.
4768,187.33,StoreB,NORMAL,This transaction amount ($187.33) is typical for normal spending behavior.
1722,62.05,StoreA,NORMAL,This transaction amount ($62.05) falls within the typical range of spending.
2823,240.49,StoreB,NORMAL,This transaction amount ($240.49) is typical for normal spending behavior.
8027,141.9,StoreA,NORMAL,This transaction amount ($141.9) is typical for normal spending behavior.
8933,249.63,StoreA,NORMAL,This transaction amount ($249.63) is typical for normal spending behavior.
7279,7917.55,StoreA,ANOMALY,This transaction amount ($7917.55) is unusually high compared to normal spending levels.
3886,243.55,StoreB,NORMAL,This transaction amount ($243.55) is typical for normal spending behavior.
4416,131.67,StoreA,NORMAL,This transaction amount ($131.67) is typical for normal spending behavior.
7839,215.13,StoreC,NORMAL,This transaction amount ($215.13) is typical for normal spending behavior.
8953,169.33,RareStoreX,ANOMALY,"This transaction occurred at an unusual location ('RareStoreX'), which is not typical for normal spending."
2874,137.99,StoreB,NORMAL,This transaction amount ($137.99) falls within the typical range of spending.
9989,184.56,StoreA,NORMAL,This transaction amount ($184.56) is typical for normal spending behavior.
9678,4.08,StoreB,ANOMALY,This transaction amount ($4.08) is extremely low and may indicate refund fraud or abnormal behavior.
6629,150.26,StoreC,NORMAL,This transaction amount ($150.26) is typical for normal spending behavior.
2777,191.96,StoreA,NORMAL,This transaction amount ($191.96) is typical for normal spending behavior.
9412,125.73,StoreA,NORMAL,This transaction amount ($125.73) is typical for normal spending behavior.
3956,212.58,StoreA,NORMAL,This transaction amount ($212.58) is typical for normal spending behavior.
3415,90.67,StoreB,NORMAL,This transaction amount ($90.67) falls within the typical range of spending.
1061,169.83,StoreA,NORMAL,This transaction amount ($169.83) falls within the typical range of spending.
4190,3994.32,StoreB,ANOMALY,This transaction amount ($3994.32) is unusually high compared to normal spending levels.
1056,253.81,StoreB,NORMAL,This transaction amount ($253.81) is typical for normal spending behavior.
8482,236.55,StoreC,NORMAL,This transaction amount ($236.55) is typical for normal spending behavior.
8641,241.57,StoreC,NORMAL,This transaction amount ($241.57) is typical for normal spending behavior.
1800,173.16,StoreA,NORMAL,This transaction amount ($173.16) falls within the typical range of spending.
2436,6016.65,StoreA,ANOMALY,This transaction amount ($6016.65) is unusually high compared to normal spending levels.
1256,229.86,StoreC,NORMAL,This transaction amount ($229.86) is typical for normal spending behavior.
1818,239.55,StoreA,NORMAL,This transaction amount ($239.55) is typical for normal spending behavior.
6856,2524.65,StoreC,ANOMALY,This transaction amount ($2524.65) is unusually high compared to normal spending levels.
7823,149.14,StoreA,NORMAL,This transaction amount ($149.14) is typical for normal spending behavior.
4466,149.19,StoreA,NORMAL,This transaction amount ($149.19) is typical for normal spending behavior.
7243,143.25,RareStoreX,ANOMALY,"This transaction occurred at an unusual location ('RareStoreX'), which is not typical for normal spending."
4221,136.81,StoreB,NORMAL,This transaction amount ($136.81) falls within the typical range of spending.
3865,230.69,StoreB,NORMAL,This transaction amount ($230.69) is typical for normal spending behavior.
7908,143.13,StoreA,NORMAL,This transaction amount ($143.13) is typical for normal spending behavior.
3244,185.92,StoreA,NORMAL,This transaction amount ($185.92) is typical for normal spending behavior.
1131,4134.14,StoreC,ANOMALY,This transaction amount ($4134.14) is unusually high compared to normal spending levels.
9001,231.06,StoreA,NORMAL,This transaction amount ($231.06) is typical for normal spending behavior.
5637,267.79,RareStoreX,ANOMALY,"This transaction occurred at an unusual location ('RareStoreX'), which is not typical for normal spending."
6398,192.32,StoreA,NORMAL,This transaction amount ($192.32) is typical for normal spending behavior.
2686,142.39,StoreC,NORMAL,This transaction amount ($142.39) falls within the typical range of spending.
4608,162.1,OutlierMallY,ANOMALY,"This transaction occurred at an unusual location ('OutlierMallY'), which is not typical for normal spending."
1799,7502.39,StoreB,ANOMALY,This transaction amount ($7502.39) is unusually high compared to normal spending levels.
1940,335.15,StoreA,NORMAL,This transaction amount ($335.15) is typical for normal spending behavior.
2794,296.44,StoreA,NORMAL,This transaction amount ($296.44) is typical for normal spending behavior.
1773,261.06,StoreA,NORMAL,This transaction amount ($261.06) is typical for normal spending behavior.
2486,129.93,StoreA,NORMAL,This transaction amount ($129.93) falls within the typical range of spending.
6111,200.31,StoreB,NORMAL,This transaction amount ($200.31) is typical for normal spending behavior.
9234,160.28,StoreB,NORMAL,This transaction amount ($160.28) is typical for normal spending behavior.
2164,214.6,StoreA,NORMAL,This transaction amount ($214.6) is typical for normal spending behavior.
3529,6888.62,StoreB,ANOMALY,This transaction amount ($6888.62) is unusually high compared to normal spending levels.
7772,191.94,StoreA,NORMAL,This transaction amount ($191.94) is typical for normal spending behavior.
4037,242.76,StoreA,NORMAL,This transaction amount ($242.76) is typical for normal spending behavior.
1128,115.64,StoreA,NORMAL,This transaction amount ($115.64) falls within the typical range of spending.
8959,40.94,StoreB,NORMAL,This transaction amount ($40.94) is typical for normal spending behavior.
6636,170.88,StoreC,NORMAL,This transaction amount ($170.88) is typical for normal spending behavior.
3691,231.27,StoreC,NORMAL,This transaction amount ($231.27) is typical for normal spending behavior.
7034,149.22,StoreC,NORMAL,This transaction amount ($149.22) is typical for normal spending behavior.
7474,122.92,StoreB,NORMAL,This transaction amount ($122.92) is typical for normal spending behavior.
3651,172.87,StoreA,NORMAL,This transaction amount ($172.87) is typical for normal spending behavior.
3732,218.68,StoreB,NORMAL,This transaction amount ($218.68) is typical for normal spending behavior.
9675,150.25,StoreC,NORMAL,This transaction amount ($150.25) falls within the typical range of spending.
5320,227.35,StoreC,NORMAL,This transaction amount ($227.35) is typical for normal spending behavior.
4145,172.68,StoreB,NORMAL,This transaction amount ($172.68) falls within the typical range of spending.
1594,195.48,StoreB,NORMAL,This transaction amount ($195.48) falls within the typical range of spending.
5323,289.39,StoreA,NORMAL,This transaction amount ($289.39) is typical for normal spending behavior.
5311,185.15,StoreB,NORMAL,This transaction amount ($185.15) is typical for normal spending behavior.
6756,213.52,StoreB,NORMAL,This transaction amount ($213.52) is typical for normal spending behavior.
3298,178.49,StoreA,NORMAL,This transaction amount ($178.49) falls within the typical range of spending.
6037,235.48,StoreA,NORMAL,This transaction amount ($235.48) is typical for normal spending behavior.
2540,128.36,StoreA,NORMAL,This transaction amount ($128.36) falls within the typical range of spending.
8246,353.49,StoreA,NORMAL,This transaction amount ($353.49) is typical for normal spending behavior.
1456,170.02,StoreB,NORMAL,This transaction amount ($170.02) is typical for normal spending behavior.
6778,178.01,StoreB,NORMAL,This transaction amount ($178.01) is typical for normal spending behavior.
8127,69.01,StoreA,NORMAL,This transaction amount ($69.01) falls within the typical range of spending.
8750,4088.56,StoreA,ANOMALY,This transaction amount ($4088.56) is unusually high compared to normal spending levels.
4190,85.64,StoreB,NORMAL,This transaction amount ($85.64) falls within the typical range of spending.
6517,141.35,StoreC,NORMAL,This transaction amount ($141.35) is typical for normal spending behavior.
7435,122.77,StoreC,NORMAL,This transaction amount ($122.77) is typical for normal spending behavior.
1745,142.86,StoreC,NORMAL,This transaction amount ($142.86) is typical for normal spending behavior.
7869,154.42,StoreB,NORMAL,This transaction amount ($154.42) is typical for normal spending behavior.
8735,128.88,StoreB,NORMAL,This transaction amount ($128.88) falls within the typical range of spending.
4559,208.85,RareStoreX,ANOMALY,"This transaction occurred at an unusual location ('RareStoreX'), which is not typical for normal spending."
9659,2.27,StoreB,ANOMALY,This transaction amount ($2.27) is extremely low and may indicate refund fraud or abnormal behavior.
4428,271.56,StoreC,NORMAL,This transaction amount ($271.56) is typical for normal spending behavior.
4209,87.75,StoreA,NORMAL,This transaction amount ($87.75) is typical for normal spending behavior.
1164,231.16,StoreA,NORMAL,This transaction amount ($231.16) is typical for normal spending behavior.
6483,4358.2,StoreC,ANOMALY,This transaction amount ($4358.2) is unusually high compared to normal spending levels.
1420,2783.55,StoreA,ANOMALY,This transaction amount ($2783.55) is unusually high compared to normal spending levels.
4148,236.13,StoreA,NORMAL,This transaction amount ($236.13) is typical for normal spending behavior.
1604,242.02,StoreA,NORMAL,This transaction amount ($242.02) is typical for normal spending behavior.
3218,218.79,StoreB,NORMAL,This transaction amount ($218.79) is typical for normal spending behavior.
3910,200.63,RareStoreX,ANOMALY,"This transaction occurred at an unusual location ('RareStoreX'), which is not typical for normal spending."
5486,4765.44,StoreB,ANOMALY,This transaction amount ($4765.44) is unusually high compared to normal spending levels.
9707,79.29,StoreC,NORMAL,This transaction amount ($79.29) falls within the typical range of spending.
9445,181.08,StoreA,NORMAL,This transaction amount ($181.08) is typical for normal spending behavior.
2461,217.24,StoreC,NORMAL,This transaction amount ($217.24) is typical for normal spending behavior.
3577,137.45,StoreB,NORMAL,This transaction amount ($137.45) is typical for normal spending behavior.
7671,137.47,StoreC,NORMAL,This transaction amount ($137.47) falls within the typical range of spending.
2683,4.18,StoreC,ANOMALY,This transaction amount ($4.18) is extremely low and may indicate refund fraud or abnormal behavior.
7806,196.29,StoreA,NORMAL,This transaction amount ($196.29) is typical for normal spending behavior.
7007,4850.78,StoreC,ANOMALY,This transaction amount ($4850.78) is unusually high compared to normal spending levels.
8490,200.88,StoreB,NORMAL,This transaction amount ($200.88) is typical for normal spending behavior.
7722,297.03,StoreC,NORMAL,This transaction amount ($297.03) is typical for normal spending behavior.
4566,188.96,StoreB,NORMAL,This transaction amount ($188.96) is typical for normal spending behavior.
5942,201.13,StoreB,NORMAL,This transaction amount ($201.13) is typical for normal spending behavior.
2996,94.22,StoreC,NORMAL,This transaction amount ($94.22) is typical for normal spending behavior.
4032,6291.37,StoreA,ANOMALY,This transaction amount ($6291.37) is unusually high compared to normal spending levels.
1237,178.44,StoreB,NORMAL,This transaction amount ($178.44) is typical for normal spending behavior.
5122,1.71,StoreA,ANOMALY,This transaction amount ($1.71) is extremely low and may indicate refund fraud or abnormal behavior.
8654,79.52,StoreB,NORMAL,This transaction amount ($79.52) falls within the typical range of spending.
4351,3.77,StoreA,ANOMALY,This transaction amount ($3.77) is extremely low and may indicate refund fraud or abnormal behavior.
3436,230.06,StoreC,NORMAL,This transaction amount ($230.06) is typical for normal spending behavior.
3400,2.37,StoreC,ANOMALY,This transaction amount ($2.37) is extremely low and may indicate refund fraud or abnormal behavior.
4924,126.15,StoreB,NORMAL,This transaction amount ($126.15) is typical for normal spending behavior.
1253,85.26,StoreC,NORMAL,This transaction amount ($85.26) is typical for normal spending behavior.
5888,246.51,StoreB,NORMAL,This transaction amount ($246.51) is typical for normal spending behavior.
3515,191.78,StoreB,NORMAL,This transaction amount ($191.78) is typical for normal spending behavior.
6672,24.23,StoreC,NORMAL,This transaction amount ($24.23) is typical for normal spending behavior.
7117,212.84,StoreB,NORMAL,This transaction amount ($212.84) is typical for normal spending behavior.
4097,156.31,StoreB,NORMAL,This transaction amount ($156.31) falls within the typical range of spending.
2096,354.78,StoreC,NORMAL,This transaction amount ($354.78) is typical for normal spending behavior.
4832,262.25,StoreA,NORMAL,This transaction amount ($262.25) is typical for normal spending behavior.
3376,196.24,StoreA,NORMAL,This transaction amount ($196.24) is typical for normal spending behavior.
7375,234.95,StoreC,NORMAL,This transaction amount ($234.95) is typical for normal spending behavior.
9333,4253.68,StoreC,ANOMALY,This transaction amount ($4253.68) is unusually high compared to normal spending levels.
7890,239.9,StoreA,NORMAL,This transaction amount ($239.9) is typical for normal spending behavior.
8334,249.52,StoreB,NORMAL,This transaction amount ($249.52) is typical for normal spending behavior.
5114,179.82,StoreC,NORMAL,This transaction amount ($179.82) is typical for normal spending behavior.
8058,185.11,StoreB,NORMAL,This transaction amount ($185.11) falls within the typical range of spending.
3522,117.57,StoreC,NORMAL,This transaction amount ($117.57) falls within the typical range of spending.
5378,257.31,StoreC,NORMAL,This transaction amount ($257.31) is typical for normal spending behavior.
2688,4543.65,StoreA,ANOMALY,This transaction amount ($4543.65) is unusually high compared to normal spending levels.
6218,249.23,StoreC,NORMAL,This transaction amount ($249.23) is typical for normal spending behavior.
2410,162.11,StoreB,NORMAL,This transaction amount ($162.11) is typical for normal spending behavior.
8121,76.77,StoreC,NORMAL,This transaction amount ($76.77) falls within the typical range of spending.
5210,241.78,StoreB,NORMAL,This transaction amount ($241.78) is typical for normal spending behavior.
8041,168.24,StoreC,NORMAL,This transaction amount ($168.24) is typical for normal spending behavior.
1450,186.61,RareStoreX,ANOMALY,"This transaction occurred at an unusual location ('RareStoreX'), which is not typical for normal spending."
8282,234.35,StoreA,NORMAL,This transaction amount ($234.35) is typical for normal spending behavior.
1880,165.39,StoreA,NORMAL,This transaction amount ($165.39) is typical for normal spending behavior.
7236,182.36,StoreB,NORMAL,This transaction amount ($182.36) is typical for normal spending behavior.
9118,192.74,StoreC,NORMAL,This transaction amount ($192.74) is typical for normal spending behavior.
6902,206.35,StoreB,NORMAL,This transaction amount ($206.35) is typical for normal spending behavior.
8318,339.14,RareStoreX,ANOMALY,"This transaction occurred at an unusual location ('RareStoreX'), which is not typical for normal spending."
5530,3.1,StoreC,ANOMALY,This transaction amount ($3.1) is extremely low and may indicate refund fraud or abnormal behavior.
2037,3.39,StoreC,ANOMALY,This transaction amount ($3.39) is extremely low and may indicate refund fraud or abnormal behavior.
5188,2.4,StoreC,ANOMALY,This transaction amount ($2.4) is extremely low and may indicate refund fraud or abnormal behavior.
9123,182.91,StoreB,NORMAL,This transaction amount ($182.91) is typical for normal spending behavior.
1105,214.35,StoreA,NORMAL,This transaction amount ($214.35) is typical for normal spending behavior.
8225,148.5,StoreB,NORMAL,This transaction amount ($148.5) is typical for normal spending behavior.
2758,134.16,StoreC,NORMAL,This transaction amount ($134.16) is typical for normal spending behavior.
1917,4.07,StoreC,ANOMALY,This transaction amount ($4.07) is extremely low and may indicate refund fraud or abnormal behavior.
6085,250.31,StoreB,NORMAL,This transaction amount ($250.31) is typical for normal spending behavior.
7861,4.41,StoreB,ANOMALY,This transaction amount ($4.41) is extremely low and may indicate refund fraud or abnormal behavior.
4988,184.36,RareStoreX,ANOMALY,"This transaction occurred at an unusual location ('RareStoreX'), which is not typical for normal spending."
8437,54.59,StoreC,NORMAL,This transaction amount ($54.59) falls within the typical range of spending.
2308,132.39,StoreB,NORMAL,This transaction amount ($132.39) is typical for normal spending behavior.
9075,3.94,StoreB,ANOMALY,This transaction amount ($3.94) is extremely low and may indicate refund fraud or abnormal behavior.
8002,195.87,StoreB,NORMAL,This transaction amount ($195.87) falls within the typical range of spending.
5157,205.86,StoreA,NORMAL,This transaction amount ($205.86) is typical for normal spending behavior.
8619,228.06,StoreB,NORMAL,This transaction amount ($228.06) is typical for normal spending behavior.
9808,70.8,StoreB,NORMAL,This transaction amount ($70.8) is typical for normal spending behavior.
7452,151.36,StoreC,NORMAL,This transaction amount ($151.36) falls within the typical range of spending.
9724,48.07,StoreC,NORMAL,This transaction amount ($48.07) is typical for normal spending behavior.
2186,292.08,RareStoreX,ANOMALY,"This transaction occurred at an unusual location ('RareStoreX'), which is not typical for normal spending."
5957,251.38,StoreC,NORMAL,This transaction amount ($251.38) is typical for normal spending behavior.
6882,6709.44,StoreA,ANOMALY,This transaction amount ($6709.44) is unusually high compared to normal spending levels.
3822,206.68,StoreA,NORMAL,This transaction amount ($206.68) is typical for normal spending behavior.
5497,216.6,StoreA,NORMAL,This transaction amount ($216.6) is typical for normal spending behavior.
2834,222.18,StoreB,NORMAL,This transaction amount ($222.18) is typical for normal spending behavior.
9490,220.79,StoreC,NORMAL,This transaction amount ($220.79) is typical for normal spending behavior.
6237,129.78,StoreA,NORMAL,This transaction amount ($129.78) falls within the typical range of spending.
1947,116.57,StoreA,NORMAL,This transaction amount ($116.57) falls within the typical range of spending.
4923,205.12,StoreA,NORMAL,This transaction amount ($205.12) is typical for normal spending behavior.
3906,1.82,StoreB,ANOMALY,This transaction amount ($1.82) is extremely low and may indicate refund fraud or abnormal behavior.
2546,184.42,RareStoreX,ANOMALY,"This transaction occurred at an unusual location ('RareStoreX'), which is not typical for normal spending."
9583,4972.03,StoreB,ANOMALY,This transaction amount ($4972.03) is unusually high compared to normal spending levels.
9324,297.75,StoreC,NORMAL,This transaction amount ($297.75) is typical for normal spending behavior.
1453,261.35,StoreC,NORMAL,This transaction amount ($261.35) is typical for normal spending behavior.
2878,189.11,StoreC,NORMAL,This transaction amount ($189.11) is typical for normal spending behavior.
8914,126.86,StoreA,NORMAL,This transaction amount ($126.86) falls within the typical range of spending.
8262,132.2,StoreB,NORMAL,This transaction amount ($132.2) is typical for normal spending behavior.
1159,3898.87,StoreA,ANOMALY,This transaction amount ($3898.87) is unusually high compared to normal spending levels.
7357,3671.05,StoreA,ANOMALY,This transaction amount ($3671.05) is unusually high compared to normal spending levels.
7967,192.92,StoreC,NORMAL,This transaction amount ($192.92) is typical for normal spending behavior.
6027,202.91,StoreA,NORMAL,This transaction amount ($202.91) is typical for normal spending behavior.
7401,249.32,StoreC,NORMAL,This transaction amount ($249.32) is typical for normal spending behavior.
5719,125.6,OutlierMallY,ANOMALY,"This transaction occurred at an unusual location ('OutlierMallY'), which is not typical for normal spending."
1353,6933.61,StoreB,ANOMALY,This transaction amount ($6933.61) is unusually high compared to normal spending levels.
6782,163.27,StoreC,NORMAL,This transaction amount ($163.27) is typical for normal spending behavior.
7467,4.51,StoreB,ANOMALY,This transaction amount ($4.51) is extremely low and may indicate refund fraud or abnormal behavior.
6200,151.86,StoreC,NORMAL,This transaction amount ($151.86) is typical for normal spending behavior.
6789,295.39,StoreA,NORMAL,This transaction amount ($295.39) is typical for normal spending behavior.
1700,91.63,StoreC,NORMAL,This transaction amount ($91.63) falls within the typical range of spending.
8929,3.02,StoreC,ANOMALY,This transaction amount ($3.02) is extremely low and may indicate refund fraud or abnormal behavior.
1969,180.08,RareStoreX,ANOMALY,"This transaction occurred at an unusual location ('RareStoreX'), which is not typical for normal spending."
6350,104.22,StoreB,NORMAL,This transaction amount ($104.22) falls within the typical range of spending.
4808,160.76,StoreB,NORMAL,This transaction amount ($160.76) is typical for normal spending behavior.
3620,2.21,StoreC,ANOMALY,This transaction amount ($2.21) is extremely low and may indicate refund fraud or abnormal behavior.
3511,219.3,StoreC,NORMAL,This transaction amount ($219.3) is typical for normal spending behavior.
6764,5871.79,StoreC,ANOMALY,This transaction amount ($5871.79) is unusually high compared to normal spending levels.
4061,139.61,StoreA,NORMAL,This transaction amount ($139.61) is typical for normal spending behavior.
2016,159.2,StoreC,NORMAL,This transaction amount ($159.2) is typical for normal spending behavior.
9720,211.64,StoreC,NORMAL,This transaction amount ($211.64) is typical for normal spending behavior.
2785,154.0,StoreA,NORMAL,This transaction amount ($154.0) is typical for normal spending behavior.
1391,203.7,StoreB,NORMAL,This transaction amount ($203.7) is typical for normal spending behavior.
8698,1.52,StoreB,ANOMALY,This transaction amount ($1.52) is extremely low and may indicate refund fraud or abnormal behavior.
9768,312.26,StoreA,NORMAL,This transaction amount ($312.26) is typical for normal spending behavior.
5867,156.3,StoreB,NORMAL,This transaction amount ($156.3) is typical for normal spending behavior.
8498,175.18,StoreC,NORMAL,This transaction amount ($175.18) is typical for normal spending behavior.
5926,197.06,StoreC,NORMAL,This transaction amount ($197.06) is typical for normal spending behavior.
3699,4861.39,StoreC,ANOMALY,This transaction amount ($4861.39) is unusually high compared to normal spending levels.
6607,4928.29,StoreC,ANOMALY,This transaction amount ($4928.29) is unusually high compared to normal spending levels.
5090,2.6,StoreC,ANOMALY,This transaction amount ($2.6) is extremely low and may indicate refund fraud or abnormal behavior.
2821,199.96,StoreC,NORMAL,This transaction amount ($199.96) is typical for normal spending behavior.
4483,174.13,StoreC,NORMAL,This transaction amount ($174.13) is typical for normal spending behavior.
5107,138.41,StoreC,NORMAL,This transaction amount ($138.41) falls within the typical range of spending.
5987,186.51,StoreB,NORMAL,This transaction amount ($186.51) is typical for normal spending behavior.
9071,4.03,StoreB,ANOMALY,This transaction amount ($4.03) is extremely low and may indicate refund fraud or abnormal behavior.
1112,199.33,StoreB,NORMAL,This transaction amount ($199.33) falls within the typical range of spending.
3446,151.32,StoreB,NORMAL,This transaction amount ($151.32) falls within the typical range of spending.
7176,107.43,StoreA,NORMAL,This transaction amount ($107.43) falls within the typical range of spending.
7731,187.87,StoreC,NORMAL,This transaction amount ($187.87) is typical for normal spending behavior.
7159,257.24,StoreB,NORMAL,This transaction amount ($257.24) is typical for normal spending behavior.
8637,227.49,StoreA,NORMAL,This transaction amount ($227.49) is typical for normal spending behavior.
6372,203.45,RareStoreX,ANOMALY,"This transaction occurred at an unusual location ('RareStoreX'), which is not typical for normal spending."
9245,220.8,StoreA,NORMAL,This transaction amount ($220.8) is typical for normal spending behavior.
2070,232.33,StoreC,NORMAL,This transaction amount ($232.33) is typical for normal spending behavior.
4659,143.73,StoreB,NORMAL,This transaction amount ($143.73) is typical for normal spending behavior.
6024,189.97,StoreB,NORMAL,This transaction amount ($189.97) is typical for normal spending behavior.
2108,257.85,StoreC,NORMAL,This transaction amount ($257.85) is typical for normal spending behavior.
1976,265.79,StoreC,NORMAL,This transaction amount ($265.79) is typical for normal spending behavior.
2044,239.51,StoreB,NORMAL,This transaction amount ($239.51) is typical for normal spending behavior.
2840,56.63,StoreB,NORMAL,This transaction amount ($56.63) falls within the typical range of spending.
8422,207.04,StoreA,NORMAL,This transaction amount ($207.04) is typical for normal spending behavior.
1550,225.63,StoreC,NORMAL,This transaction amount ($225.63) is typical for normal spending behavior.
6492,128.02,StoreB,NORMAL,This transaction amount ($128.02) is typical for normal spending behavior.
4034,161.51,StoreA,NORMAL,This transaction amount ($161.51) is typical for normal spending behavior.
7343,178.42,StoreA,NORMAL,This transaction amount ($178.42) is typical for normal spending behavior.
2665,69.5,StoreC,NORMAL,This transaction amount ($69.5) falls within the typical range of spending.
1021,172.04,StoreB,NORMAL,This transaction amount ($172.04) is typical for normal spending behavior.
2356,222.94,StoreB,NORMAL,This transaction amount ($222.94) is typical for normal spending behavior.
5331,230.97,StoreA,NORMAL,This transaction amount ($230.97) is typical for normal spending behavior.
4954,71.38,StoreC,NORMAL,This transaction amount ($71.38) falls within the typical range of spending.
2381,67.22,StoreA,NORMAL,This transaction amount ($67.22) falls within the typical range of spending.
6714,5105.3,StoreC,ANOMALY,This transaction amount ($5105.3) is unusually high compared to normal spending levels.
2381,168.45,StoreC,NORMAL,This transaction amount ($168.45) is typical for normal spending behavior.
1191,129.8,StoreB,NORMAL,This transaction amount ($129.8) is typical for normal spending behavior.
4159,268.13,StoreC,NORMAL,This transaction amount ($268.13) is typical for normal spending behavior.
1238,388.26,StoreC,NORMAL,This transaction amount ($388.26) is typical for normal spending behavior.
1526,150.53,StoreC,NORMAL,This transaction amount ($150.53) falls within the typical range of spending.
4380,173.79,StoreA,NORMAL,This transaction amount ($173.79) is typical for normal spending behavior.
8400,280.49,StoreA,NORMAL,This transaction amount ($280.49) is typical for normal spending behavior.
6008,155.88,StoreB,NORMAL,This transaction amount ($155.88) is typical for normal spending behavior.
7340,4410.69,StoreC,ANOMALY,This transaction amount ($4410.69) is unusually high compared to normal spending levels.
2872,186.51,StoreC,NORMAL,This transaction amount ($186.51) is typical for normal spending behavior.
3067,171.76,StoreA,NORMAL,This transaction amount ($171.76) falls within the typical range of spending.
5426,262.45,RareStoreX,ANOMALY,"This transaction occurred at an unusual location ('RareStoreX'), which is not typical for normal spending."
7382,7078.69,StoreB,ANOMALY,This transaction amount ($7078.69) is unusually high compared to normal spending levels.
7030,243.3,StoreC,NORMAL,This transaction amount ($243.3) is typical for normal spending behavior.
9534,237.54,StoreC,NORMAL,This transaction amount ($237.54) is typical for normal spending behavior.
2582,311.87,OutlierMallY,ANOMALY,"This transaction occurred at an unusual location ('OutlierMallY'), which is not typical for normal spending."
5364,161.08,StoreA,NORMAL,This transaction amount ($161.08) falls within the typical range of spending.
5814,151.39,OutlierMallY,ANOMALY,"This transaction occurred at an unusual location ('OutlierMallY'), which is not typical for normal spending."
7520,204.19,StoreC,NORMAL,This transaction amount ($204.19) is typical for normal spending behavior.
4244,186.23,StoreB,NORMAL,This transaction amount ($186.23) is typical for normal spending behavior.
4342,81.86,StoreB,NORMAL,This transaction amount ($81.86) falls within the typical range of spending.
6318,163.65,StoreB,NORMAL,This transaction amount ($163.65) is typical for normal spending behavior.
4985,162.64,StoreC,NORMAL,This transaction amount ($162.64) is typical for normal spending behavior.
8057,68.43,StoreC,NORMAL,This transaction amount ($68.43) falls within the typical range of spending.
7588,231.89,RareStoreX,ANOMALY,"This transaction occurred at an unusual location ('RareStoreX'), which is not typical for normal spending."
5350,159.08,StoreC,NORMAL,This transaction amount ($159.08) is typical for normal spending behavior.
2543,200.86,StoreA,NORMAL,This transaction amount ($200.86) is typical for normal spending behavior.
2261,214.16,OutlierMallY,ANOMALY,"This transaction occurred at an unusual location ('OutlierMallY'), which is not typical for normal spending."
6818,211.81,StoreA,NORMAL,This transaction amount ($211.81) is typical for normal spending behavior.
9572,113.87,OutlierMallY,ANOMALY,"This transaction occurred at an unusual location ('OutlierMallY'), which is not typical for normal spending."
5175,195.56,StoreA,NORMAL,This transaction amount ($195.56) is typical for normal spending behavior.
1867,5857.78,StoreC,ANOMALY,This transaction amount ($5857.78) is unusually high compared to normal spending levels.
4867,6346.58,StoreB,ANOMALY,This transaction amount ($6346.58) is unusually high compared to normal spending levels.
9613,286.48,StoreA,NORMAL,This transaction amount ($286.48) is typical for normal spending behavior.
7136,2.99,StoreC,ANOMALY,This transaction amount ($2.99) is extremely low and may indicate refund fraud or abnormal behavior.
6397,227.46,StoreB,NORMAL,This transaction amount ($227.46) is typical for normal spending behavior.
6193,3647.67,StoreC,ANOMALY,This transaction amount ($3647.67) is unusually high compared to normal spending levels.
4993,193.76,OutlierMallY,ANOMALY,"This transaction occurred at an unusual location ('OutlierMallY'), which is not typical for normal spending."
4618,5303.77,StoreC,ANOMALY,This transaction amount ($5303.77) is unusually high compared to normal spending levels.
3567,198.41,StoreB,NORMAL,This transaction amount ($198.41) is typical for normal spending behavior.
5381,159.34,StoreB,NORMAL,This transaction amount ($159.34) is typical for normal spending behavior.
6323,87.41,StoreB,NORMAL,This transaction amount ($87.41) is typical for normal spending behavior.
6288,338.88,StoreB,NORMAL,This transaction amount ($338.88) is typical for normal spending behavior.
9940,164.22,RareStoreX,ANOMALY,"This transaction occurred at an unusual location ('RareStoreX'), which is not typical for normal spending."
3532,176.69,StoreB,NORMAL,This transaction amount ($176.69) is typical for normal spending behavior.
7059,110.24,StoreB,NORMAL,This transaction amount ($110.24) falls within the typical range of spending.
5726,168.9,StoreB,NORMAL,This transaction amount ($168.9) is typical for normal spending behavior.
5917,156.14,StoreC,NORMAL,This transaction amount ($156.14) is typical for normal spending behavior.
1307,181.41,OutlierMallY,ANOMALY,"This transaction occurred at an unusual location ('OutlierMallY'), which is not typical for normal spending."
1375,145.1,StoreC,NORMAL,This transaction amount ($145.1) falls within the typical range of spending.
7567,202.12,StoreA,NORMAL,This transaction amount ($202.12) is typical for normal spending behavior.
3121,1.6,StoreA,ANOMALY,This transaction amount ($1.6) is extremely low and may indicate refund fraud or abnormal behavior.
4250,190.66,StoreC,NORMAL,This transaction amount ($190.66) is typical for normal spending behavior.
1194,227.6,OutlierMallY,ANOMALY,"This transaction occurred at an unusual location ('OutlierMallY'), which is not typical for normal spending."
2181,267.04,StoreC,NORMAL,This transaction amount ($267.04) is typical for normal spending behavior.
1436,266.62,OutlierMallY,ANOMALY,"This transaction occurred at an unusual location ('OutlierMallY'), which is not typical for normal spending."
5144,146.07,StoreC,NORMAL,This transaction amount ($146.07) is typical for normal spending behavior.
5212,100.29,OutlierMallY,ANOMALY,"This transaction occurred at an unusual location ('OutlierMallY'), which is not typical for normal spending."
8503,226.78,RareStoreX,ANOMALY,"This transaction occurred at an unusual location ('RareStoreX'), which is not typical for normal spending."
4756,145.03,StoreB,NORMAL,This transaction amount ($145.03) is typical for normal spending behavior.
1372,250.95,StoreA,NORMAL,This transaction amount ($250.95) is typical for normal spending behavior.
8298,4.32,StoreA,ANOMALY,This transaction amount ($4.32) is extremely low and may indicate refund fraud or abnormal behavior.
6773,103.95,StoreC,NORMAL,This transaction amount ($103.95) is typical for normal spending behavior.
8859,5103.82,StoreA,ANOMALY,This transaction amount ($5103.82) is unusually high compared to normal spending levels.
2405,1.15,StoreC,ANOMALY,This transaction amount ($1.15) is extremely low and may indicate refund fraud or abnormal behavior.
7854,1.18,StoreB,ANOMALY,This transaction amount ($1.18) is extremely low and may indicate refund fraud or abnormal behavior.
3833,310.94,StoreB,NORMAL,This transaction amount ($310.94) is typical for normal spending behavior.
3944,75.08,StoreB,NORMAL,This transaction amount ($75.08) is typical for normal spending behavior.
3359,164.4,RareStoreX,ANOMALY,"This transaction occurred at an unusual location ('RareStoreX'), which is not typical for normal spending."
7625,127.24,OutlierMallY,ANOMALY,"This transaction occurred at an unusual location ('OutlierMallY'), which is not typical for normal spending."
5053,7023.95,StoreB,ANOMALY,This transaction amount ($7023.95) is unusually high compared to normal spending levels.
5975,2942.44,StoreA,ANOMALY,This transaction amount ($2942.44) is unusually high compared to normal spending levels.
8423,6376.93,StoreB,ANOMALY,This transaction amount ($6376.93) is unusually high compared to normal spending levels.
4110,137.31,StoreA,NORMAL,This transaction amount ($137.31) is typical for normal spending behavior.
6660,159.59,StoreA,NORMAL,This transaction amount ($159.59) is typical for normal spending behavior.
7883,5080.85,StoreB,ANOMALY,This transaction amount ($5080.85) is unusually high compared to normal spending levels.
4201,324.44,StoreA,NORMAL,This transaction amount ($324.44) is typical for normal spending behavior.
6696,93.74,StoreB,NORMAL,This transaction amount ($93.74) is typical for normal spending behavior.
1109,70.77,StoreB,NORMAL,This transaction amount ($70.77) falls within the typical range of spending.
8952,278.33,StoreB,NORMAL,This transaction amount ($278.33) is typical for normal spending behavior.
1347,239.88,StoreC,NORMAL,This transaction amount ($239.88) is typical for normal spending behavior.
6193,133.81,StoreC,NORMAL,This transaction amount ($133.81) is typical for normal spending behavior.
5925,183.33,StoreA,NORMAL,This transaction amount ($183.33) falls within the typical range of spending.
2345,1.5,StoreB,ANOMALY,This transaction amount ($1.5) is extremely low and may indicate refund fraud or abnormal behavior.
8250,146.24,StoreC,NORMAL,This transaction amount ($146.24) falls within the typical range of spending.
5049,2720.64,StoreB,ANOMALY,This transaction amount ($2720.64) is unusually high compared to normal spending levels.
3990,199.25,OutlierMallY,ANOMALY,"This transaction occurred at an unusual location ('OutlierMallY'), which is not typical for normal spending."
2238,137.61,StoreB,NORMAL,This transaction amount ($137.61) is typical for normal spending behavior.
9772,7442.81,StoreB,ANOMALY,This transaction amount ($7442.81) is unusually high compared to normal spending levels.
1785,125.42,StoreC,NORMAL,This transaction amount ($125.42) falls within the typical range of spending.
4996,243.0,RareStoreX,ANOMALY,"This transaction occurred at an unusual location ('RareStoreX'), which is not typical for normal spending."
9419,229.77,StoreC,NORMAL,This transaction amount ($229.77) is typical for normal spending behavior.
8314,126.67,StoreA,NORMAL,This transaction amount ($126.67) is typical for normal spending behavior.
4466,2697.94,StoreA,ANOMALY,This transaction amount ($2697.94) is unusually high compared to normal spending levels.
5659,249.22,StoreB,NORMAL,This transaction amount ($249.22) is typical for normal spending behavior.
7062,6791.25,StoreA,ANOMALY,This transaction amount ($6791.25) is unusually high compared to normal spending levels.
3314,97.89,StoreC,NORMAL,This transaction amount ($97.89) falls within the typical range of spending.
6392,150.09,StoreB,NORMAL,This transaction amount ($150.09) is typical for normal spending behavior.
2289,4.92,StoreC,ANOMALY,This transaction amount ($4.92) is extremely low and may indicate refund fraud or abnormal behavior.
1835,269.49,StoreB,NORMAL,This transaction amount ($269.49) is typical for normal spending behavior.
1282,115.03,StoreA,NORMAL,This transaction amount ($115.03) falls within the typical range of spending.
5708,1.7,StoreB,ANOMALY,This transaction amount ($1.7) is extremely low and may indicate refund fraud or abnormal behavior.
4346,103.54,StoreA,NORMAL,This transaction amount ($103.54) is typical for normal spending behavior.
3800,327.49,StoreC,NORMAL,This transaction amount ($327.49) is typical for normal spending behavior.
4880,221.82,RareStoreX,ANOMALY,"This transaction occurred at an unusual location ('RareStoreX'), which is not typical for normal spending."
9042,3.97,StoreA,ANOMALY,This transaction amount ($3.97) is extremely low and may indicate refund fraud or abnormal behavior.
4088,274.98,StoreB,NORMAL,This transaction amount ($274.98) is typical for normal spending behavior.
1929,122.23,StoreC,NORMAL,This transaction amount ($122.23) is typical for normal spending behavior.
9793,149.53,StoreC,NORMAL,This transaction amount ($149.53) falls within the typical range of spending.
7473,152.64,RareStoreX,ANOMALY,"This transaction occurred at an unusual location ('RareStoreX'), which is not typical for normal spending."
9073,273.03,StoreB,NORMAL,This transaction amount ($273.03) is typical for normal spending behavior.
9945,156.89,StoreB,NORMAL,This transaction amount ($156.89) is typical for normal spending behavior.
2437,4.94,StoreB,ANOMALY,This transaction amount ($4.94) is extremely low and may indicate refund fraud or abnormal behavior.
7976,89.6,StoreA,NORMAL,This transaction amount ($89.6) is typical for normal spending behavior.
4489,7061.08,StoreB,ANOMALY,This transaction amount ($7061.08) is unusually high compared to normal spending levels.
1225,173.16,StoreA,NORMAL,This transaction amount ($173.16) is typical for normal spending behavior.
9112,199.58,StoreB,NORMAL,This transaction amount ($199.58) falls within the typical range of spending.
9493,178.52,StoreB,NORMAL,This transaction amount ($178.52) is typical for normal spending behavior.
8042,207.57,StoreA,NORMAL,This transaction amount ($207.57) is typical for normal spending behavior.
2582,152.1,StoreA,NORMAL,This transaction amount ($152.1) is typical for normal spending behavior.
8915,175.14,StoreA,NORMAL,This transaction amount ($175.14) falls within the typical range of spending.
7319,156.56,StoreA,NORMAL,This transaction amount ($156.56) is typical for normal spending behavior.
3649,129.43,StoreB,NORMAL,This transaction amount ($129.43) is typical for normal spending behavior.
5083,325.98,StoreB,NORMAL,This transaction amount ($325.98) is typical for normal spending behavior.
9956,2569.53,StoreA,ANOMALY,This transaction amount ($2569.53) is unusually high compared to normal spending levels.
3185,247.08,StoreA,NORMAL,This transaction amount ($247.08) is typical for normal spending behavior.
8135,1.66,StoreB,ANOMALY,This transaction amount ($1.66) is extremely low and may indicate refund fraud or abnormal behavior.
7854,267.31,StoreC,NORMAL,This transaction amount ($267.31) is typical for normal spending behavior.
4723,169.89,StoreA,NORMAL,This transaction amount ($169.89) is typical for normal spending behavior.
3347,232.18,StoreB,NORMAL,This transaction amount ($232.18) is typical for normal spending behavior.
8833,187.45,StoreA,NORMAL,This transaction amount ($187.45) is typical for normal spending behavior.
4574,361.58,StoreB,NORMAL,This transaction amount ($361.58) is typical for normal spending behavior.
6185,4543.72,StoreA,ANOMALY,This transaction amount ($4543.72) is unusually high compared to normal spending levels.
4499,308.56,StoreB,NORMAL,This transaction amount ($308.56) is typical for normal spending behavior.
5278,3.34,StoreC,ANOMALY,This transaction amount ($3.34) is extremely low and may indicate refund fraud or abnormal behavior.
1096,65.71,StoreC,NORMAL,This transaction amount ($65.71) is typical for normal spending behavior.
4654,4.17,StoreA,ANOMALY,This transaction amount ($4.17) is extremely low and may indicate refund fraud or abnormal behavior.
2545,291.39,StoreC,NORMAL,This transaction amount ($291.39) is typical for normal spending behavior.
3288,158.68,StoreA,NORMAL,This transaction amount ($158.68) falls within the typical range of spending.
8928,228.96,StoreC,NORMAL,This transaction amount ($228.96) is typical for normal spending behavior.
6855,117.5,StoreB,NORMAL,This transaction amount ($117.5) falls within the typical range of spending.
4932,204.63,StoreC,NORMAL,This transaction amount ($204.63) is typical for normal spending behavior.
6289,81.89,StoreA,NORMAL,This transaction amount ($81.89) is typical for normal spending behavior.
8710,265.48,StoreB,NORMAL,This transaction amount ($265.48) is typical for normal spending behavior.
3313,2916.05,StoreC,ANOMALY,This transaction amount ($2916.05) is unusually high compared to normal spending levels.
4084,323.78,RareStoreX,ANOMALY,"This transaction occurred at an unusual location ('RareStoreX'), which is not typical for normal spending."
9634,400.0,StoreA,NORMAL,This transaction amount ($400.0) is typical for normal spending behavior.
7846,4305.7,StoreB,ANOMALY,This transaction amount ($4305.7) is unusually high compared to normal spending levels.
9652,2993.35,StoreB,ANOMALY,This transaction amount ($2993.35) is unusually high compared to normal spending levels.
3164,228.86,StoreA,NORMAL,This transaction amount ($228.86) is typical for normal spending behavior.
3587,3.87,StoreA,ANOMALY,This transaction amount ($3.87) is extremely low and may indicate refund fraud or abnormal behavior.
8236,235.79,StoreC,NORMAL,This transaction amount ($235.79) is typical for normal spending behavior.
6441,115.44,StoreC,NORMAL,This transaction amount ($115.44) falls within the typical range of spending.
5425,7391.07,StoreA,ANOMALY,This transaction amount ($7391.07) is unusually high compared to normal spending levels.
5979,233.18,StoreA,NORMAL,This transaction amount ($233.18) is typical for normal spending behavior.
1968,70.28,StoreC,NORMAL,This transaction amount ($70.28) falls within the typical range of spending.
7598,329.9,StoreA,NORMAL,This transaction amount ($329.9) is typical for normal spending behavior.
6108,188.55,StoreB,NORMAL,This transaction amount ($188.55) is typical for normal spending behavior.
3211,191.33,StoreA,NORMAL,This transaction amount ($191.33) is typical for normal spending behavior.
8834,7420.93,StoreA,ANOMALY,This transaction amount ($7420.93) is unusually high compared to normal spending levels.
3431,320.61,StoreA,NORMAL,This transaction amount ($320.61) is typical for normal spending behavior.
6872,93.43,StoreB,NORMAL,This transaction amount ($93.43) is typical for normal spending behavior.
5541,200.07,StoreB,NORMAL,This transaction amount ($200.07) is typical for normal spending behavior.
5846,153.21,StoreA,NORMAL,This transaction amount ($153.21) is typical for normal spending behavior.
8859,78.44,StoreA,NORMAL,This transaction amount ($78.44) falls within the typical range of spending.
8211,198.89,StoreA,NORMAL,This transaction amount ($198.89) is typical for normal spending behavior.
4457,116.63,StoreA,NORMAL,This transaction amount ($116.63) is typical for normal spending behavior.
9720,3.24,StoreC,ANOMALY,This transaction amount ($3.24) is extremely low and may indicate refund fraud or abnormal behavior.
8855,208.62,StoreB,NORMAL,This transaction amount ($208.62) is typical for normal spending behavior.
4734,3.94,StoreB,ANOMALY,This transaction amount ($3.94) is extremely low and may indicate refund fraud or abnormal behavior.
3116,4172.39,StoreA,ANOMALY,This transaction amount ($4172.39) is unusually high compared to normal spending levels.
8263,191.75,StoreB,NORMAL,This transaction amount ($191.75) falls within the typical range of spending.
4748,173.46,OutlierMallY,ANOMALY,"This transaction occurred at an unusual location ('OutlierMallY'), which is not typical for normal spending."
1864,232.78,StoreA,NORMAL,This transaction amount ($232.78) is typical for normal spending behavior.
5354,268.63,StoreB,NORMAL,This transaction amount ($268.63) is typical for normal spending behavior.
5559,133.99,StoreA,NORMAL,This transaction amount ($133.99) is typical for normal spending behavior.
7461,193.79,StoreC,NORMAL,This transaction amount ($193.79) is typical for normal spending behavior.
5784,171.51,StoreB,NORMAL,This transaction amount ($171.51) is typical for normal spending behavior.
6795,292.85,StoreB,NORMAL,This transaction amount ($292.85) is typical for normal spending behavior.
4178,99.39,StoreB,NORMAL,This transaction amount ($99.39) falls within the typical range of spending.
6491,154.15,RareStoreX,ANOMALY,"This transaction occurred at an unusual location ('RareStoreX'), which is not typical for normal spending."
6939,142.17,StoreB,NORMAL,This transaction amount ($142.17) is typical for normal spending behavior.
4534,175.19,StoreA,NORMAL,This transaction amount ($175.19) is typical for normal spending behavior.
9368,6482.05,StoreA,ANOMALY,This transaction amount ($6482.05) is unusually high compared to normal spending levels.
2181,3.72,StoreB,ANOMALY,This transaction amount ($3.72) is extremely low and may indicate refund fraud or abnormal behavior.
8058,193.21,StoreA,NORMAL,This transaction amount ($193.21) is typical for normal spending behavior.
8529,344.2,StoreB,NORMAL,This transaction amount ($344.2) is typical for normal spending behavior.
6114,306.34,StoreB,NORMAL,This transaction amount ($306.34) is typical for normal spending behavior.
2387,215.43,StoreB,NORMAL,This transaction amount ($215.43) is typical for normal spending behavior.
8359,5024.04,StoreC,ANOMALY,This transaction amount ($5024.04) is unusually high compared to normal spending levels.
9107,206.09,OutlierMallY,ANOMALY,"This transaction occurred at an unusual location ('OutlierMallY'), which is not typical for normal spending."
5864,83.3,StoreC,NORMAL,This transaction amount ($83.3) falls within the typical range of spending.
7669,1.92,StoreC,ANOMALY,This transaction amount ($1.92) is extremely low and may indicate refund fraud or abnormal behavior.
2824,5969.15,StoreB,ANOMALY,This transaction amount ($5969.15) is unusually high compared to normal spending levels.
9494,271.2,StoreB,NORMAL,This transaction amount ($271.2) is typical for normal spending behavior.
5606,6112.91,StoreC,ANOMALY,This transaction amount ($6112.91) is unusually high compared to normal spending levels.
6672,52.74,StoreC,NORMAL,This transaction amount ($52.74) falls within the typical range of spending.
4413,234.24,StoreA,NORMAL,This transaction amount ($234.24) is typical for normal spending behavior.
2967,2.32,StoreC,ANOMALY,This transaction amount ($2.32) is extremely low and may indicate refund fraud or abnormal behavior.
4800,89.37,StoreB,NORMAL,This transaction amount ($89.37) falls within the typical range of spending.
2795,4.66,StoreC,ANOMALY,This transaction amount ($4.66) is extremely low and may indicate refund fraud or abnormal behavior.
1469,0.81,StoreA,ANOMALY,This transaction amount ($0.81) is extremely low and may indicate refund fraud or abnormal behavior.
5087,235.1,RareStoreX,ANOMALY,"This transaction occurred at an unusual location ('RareStoreX'), which is not typical for normal spending."
9381,141.06,StoreB,NORMAL,This transaction amount ($141.06) is typical for normal spending behavior.
6408,3489.16,StoreC,ANOMALY,This transaction amount ($3489.16) is unusually high compared to normal spending levels.
8713,1.86,StoreA,ANOMALY,This transaction amount ($1.86) is extremely low and may indicate refund fraud or abnormal behavior.
9196,160.65,RareStoreX,ANOMALY,"This transaction occurred at an unusual location ('RareStoreX'), which is not typical for normal spending."
3189,5958.73,StoreC,ANOMALY,This transaction amount ($5958.73) is unusually high compared to normal spending levels.
6892,72.25,StoreA,NORMAL,This transaction amount ($72.25) falls within the typical range of spending.
3167,6085.86,StoreC,ANOMALY,This transaction amount ($6085.86) is unusually high compared to normal spending levels.
2063,238.05,RareStoreX,ANOMALY,"This transaction occurred at an unusual location ('RareStoreX'), which is not typical for normal spending."
9314,156.47,OutlierMallY,ANOMALY,"This transaction occurred at an unusual location ('OutlierMallY'), which is not typical for normal spending."
1801,160.51,StoreB,NORMAL,This transaction amount ($160.51) is typical for normal spending behavior.
6622,163.29,StoreC,NORMAL,This transaction amount ($163.29) is typical for normal spending behavior.
5053,323.18,StoreB,NORMAL,This transaction amount ($323.18) is typical for normal spending behavior.
6559,123.46,StoreB,NORMAL,This transaction amount ($123.46) falls within the typical range of spending.
5725,258.55,StoreA,NORMAL,This transaction amount ($258.55) is typical for normal spending behavior.
4036,2907.66,StoreA,ANOMALY,This transaction amount ($2907.66) is unusually high compared to normal spending levels.
7094,180.99,StoreA,NORMAL,This transaction amount ($180.99) falls within the typical range of spending.
8574,226.19,StoreB,NORMAL,This transaction amount ($226.19) is typical for normal spending behavior.
4384,236.92,StoreA,NORMAL,This transaction amount ($236.92) is typical for normal spending behavior.
1363,7412.64,StoreB,ANOMALY,This transaction amount ($7412.64) is unusually high compared to normal spending levels.
7963,131.74,StoreB,NORMAL,This transaction amount ($131.74) is typical for normal spending behavior.
4133,167.23,OutlierMallY,ANOMALY,"This transaction occurred at an unusual location ('OutlierMallY'), which is not typical for normal spending."
2099,199.52,StoreA,NORMAL,This transaction amount ($199.52) is typical for normal spending behavior.
4336,141.24,RareStoreX,ANOMALY,"This transaction occurred at an unusual location ('RareStoreX'), which is not typical for normal spending."
1952,167.88,StoreA,NORMAL,This transaction amount ($167.88) is typical for normal spending behavior.
9159,253.71,StoreC,NORMAL,This transaction amount ($253.71) is typical for normal spending behavior.
5153,0.79,StoreA,ANOMALY,This transaction amount ($0.79) is extremely low and may indicate refund fraud or abnormal behavior.
4081,163.27,StoreC,NORMAL,This transaction amount ($163.27) is typical for normal spending behavior.
5780,174.19,StoreA,NORMAL,This transaction amount ($174.19) falls within the typical range of spending.
2721,239.96,StoreA,NORMAL,This transaction amount ($239.96) is typical for normal spending behavior.
9652,147.9,StoreC,NORMAL,This transaction amount ($147.9) is typical for normal spending behavior.
3105,216.12,StoreB,NORMAL,This transaction amount ($216.12) is typical for normal spending behavior.
7431,262.5,StoreC,NORMAL,This transaction amount ($262.5) is typical for normal spending behavior.
9747,206.66,StoreA,NORMAL,This transaction amount ($206.66) is typical for normal spending behavior.
9160,131.1,StoreC,NORMAL,This transaction amount ($131.1) is typical for normal spending behavior.
8766,229.74,StoreC,NORMAL,This transaction amount ($229.74) is typical for normal spending behavior.
2695,82.85,StoreC,NORMAL,This transaction amount ($82.85) falls within the typical range of spending.
7284,147.32,StoreA,NORMAL,This transaction amount ($147.32) is typical for normal spending behavior.
6032,1.06,StoreC,ANOMALY,This transaction amount ($1.06) is extremely low and may indicate refund fraud or abnormal behavior.
8201,4804.47,StoreB,ANOMALY,This transaction amount ($4804.47) is unusually high compared to normal spending levels.
5899,2939.07,StoreA,ANOMALY,This transaction amount ($2939.07) is unusually high compared to normal spending levels.
7099,243.05,StoreC,NORMAL,This transaction amount ($243.05) is typical for normal spending behavior.
5796,189.85,OutlierMallY,ANOMALY,"This transaction occurred at an unusual location ('OutlierMallY'), which is not typical for normal spending."
4741,251.27,StoreA,NORMAL,This transaction amount ($251.27) is typical for normal spending behavior.
6813,271.51,StoreC,NORMAL,This transaction amount ($271.51) is typical for normal spending behavior.
3671,70.58,StoreB,NORMAL,This transaction amount ($70.58) falls within the typical range of spending.
6321,111.52,StoreC,NORMAL,This transaction amount ($111.52) falls within the typical range of spending.
5326,154.74,StoreB,NORMAL,This transaction amount ($154.74) is typical for normal spending behavior.
2017,125.7,StoreC,NORMAL,This transaction amount ($125.7) falls within the typical range of spending.
5027,4833.86,StoreA,ANOMALY,This transaction amount ($4833.86) is unusually high compared to normal spending levels.
2878,170.12,StoreB,NORMAL,This transaction amount ($170.12) falls within the typical range of spending.
9282,186.21,StoreA,NORMAL,This transaction amount ($186.21) is typical for normal spending behavior.
6326,186.03,RareStoreX,ANOMALY,"This transaction occurred at an unusual location ('RareStoreX'), which is not typical for normal spending."
1754,325.3,StoreC,NORMAL,This transaction amount ($325.3) is typical for normal spending behavior.
6182,7384.59,StoreA,ANOMALY,This transaction amount ($7384.59) is unusually high compared to normal spending levels.
7387,138.37,StoreC,NORMAL,This transaction amount ($138.37) falls within the typical range of spending.
3086,94.9,StoreC,NORMAL,This transaction amount ($94.9) falls within the typical range of spending.
9945,2926.18,StoreB,ANOMALY,This transaction amount ($2926.18) is unusually high compared to normal spending levels.
4997,5092.52,StoreA,ANOMALY,This transaction amount ($5092.52) is unusually high compared to normal spending levels.
3880,210.39,StoreA,NORMAL,This transaction amount ($210.39) is typical for normal spending behavior.
9708,207.75,StoreC,NORMAL,This transaction amount ($207.75) is typical for normal spending behavior.
8768,109.81,StoreC,NORMAL,This transaction amount ($109.81) is typical for normal spending behavior.
3453,209.17,RareStoreX,ANOMALY,"This transaction occurred at an unusual location ('RareStoreX'), which is not typical for normal spending."
1227,188.34,StoreB,NORMAL,This transaction amount ($188.34) is typical for normal spending behavior.
7364,195.35,StoreB,NORMAL,This transaction amount ($195.35) is typical for normal spending behavior.
3750,184.63,StoreB,NORMAL,This transaction amount ($184.63) is typical for normal spending behavior.
3450,4066.89,StoreA,ANOMALY,This transaction amount ($4066.89) is unusually high compared to normal spending levels.
7198,1.34,StoreC,ANOMALY,This transaction amount ($1.34) is extremely low and may indicate refund fraud or abnormal behavior.
9621,228.57,RareStoreX,ANOMALY,"This transaction occurred at an unusual location ('RareStoreX'), which is not typical for normal spending."
1246,199.27,StoreC,NORMAL,This transaction amount ($199.27) is typical for normal spending behavior.
8413,221.34,StoreC,NORMAL,This transaction amount ($221.34) is typical for normal spending behavior.
6691,119.17,RareStoreX,ANOMALY,"This transaction occurred at an unusual location ('RareStoreX'), which is not typical for normal spending."
4094,4034.83,StoreC,ANOMALY,This transaction amount ($4034.83) is unusually high compared to normal spending levels.
4872,158.19,StoreB,NORMAL,This transaction amount ($158.19) is typical for normal spending behavior.
4906,250.44,StoreB,NORMAL,This transaction amount ($250.44) is typical for normal spending behavior.
4406,212.21,StoreA,NORMAL,This transaction amount ($212.21) is typical for normal spending behavior.
5507,262.84,StoreB,NORMAL,This transaction amount ($262.84) is typical for normal spending behavior.
4644,161.88,StoreA,NORMAL,This transaction amount ($161.88) is typical for normal spending behavior.
2211,196.58,StoreC,NORMAL,This transaction amount ($196.58) is typical for normal spending behavior.
4185,166.99,StoreB,NORMAL,This transaction amount ($166.99) is typical for normal spending behavior.
4377,211.62,StoreA,NORMAL,This transaction amount ($211.62) is typical for normal spending behavior.
2406,139.76,StoreC,NORMAL,This transaction amount ($139.76) is typical for normal spending behavior.
1671,140.25,StoreA,NORMAL,This transaction amount ($140.25) is typical for normal spending behavior.
5690,186.86,OutlierMallY,ANOMALY,"This transaction occurred at an unusual location ('OutlierMallY'), which is not typical for normal spending."
2480,199.19,StoreB,NORMAL,This transaction amount ($199.19) is typical for normal spending behavior.
6956,157.23,StoreB,NORMAL,This transaction amount ($157.23) is typical for normal spending behavior.
2018,211.6,OutlierMallY,ANOMALY,"This transaction occurred at an unusual location ('OutlierMallY'), which is not typical for normal spending."
6176,182.83,StoreA,NORMAL,This transaction amount ($182.83) falls within the typical range of spending.
1378,223.98,StoreA,NORMAL,This transaction amount ($223.98) is typical for normal spending behavior.
9953,196.77,StoreA,NORMAL,This transaction amount ($196.77) is typical for normal spending behavior.
5729,175.22,StoreB,NORMAL,This transaction amount ($175.22) is typical for normal spending behavior.
5746,2721.35,StoreA,ANOMALY,This transaction amount ($2721.35) is unusually high compared to normal spending levels.
9736,228.31,OutlierMallY,ANOMALY,"This transaction occurred at an unusual location ('OutlierMallY'), which is not typical for normal spending."
9226,185.52,StoreC,NORMAL,This transaction amount ($185.52) is typical for normal spending behavior.
1658,263.68,StoreB,NORMAL,This transaction amount ($263.68) is typical for normal spending behavior.
5878,5476.71,StoreC,ANOMALY,This transaction amount ($5476.71) is unusually high compared to normal spending levels.
3282,163.86,StoreC,NORMAL,This transaction amount ($163.86) falls within the typical range of spending.
4587,162.71,StoreA,NORMAL,This transaction amount ($162.71) falls within the typical range of spending.
1683,2.91,StoreC,ANOMALY,This transaction amount ($2.91) is extremely low and may indicate refund fraud or abnormal behavior.
5555,268.57,StoreC,NORMAL,This transaction amount ($268.57) is typical for normal spending behavior.
4790,131.07,StoreA,NORMAL,This transaction amount ($131.07) is typical for normal spending behavior.
1689,245.03,StoreB,NORMAL,This transaction amount ($245.03) is typical for normal spending behavior.
5581,232.2,StoreA,NORMAL,This transaction amount ($232.2) is typical for normal spending behavior.
9450,260.86,StoreC,NORMAL,This transaction amount ($260.86) is typical for normal spending behavior.
3377,165.2,StoreC,NORMAL,This transaction amount ($165.2) is typical for normal spending behavior.
9787,146.63,StoreC,NORMAL,This transaction amount ($146.63) is typical for normal spending behavior.
3064,250.14,StoreA,NORMAL,This transaction amount ($250.14) is typical for normal spending behavior.
1100,262.65,StoreA,NORMAL,This transaction amount ($262.65) is typical for normal spending behavior.
9183,7511.98,StoreA,ANOMALY,This transaction amount ($7511.98) is unusually high compared to normal spending levels.
9469,100.72,StoreB,NORMAL,This transaction amount ($100.72) falls within the typical range of spending.
7609,211.73,StoreB,NORMAL,This transaction amount ($211.73) is typical for normal spending behavior.
2421,219.75,StoreC,NORMAL,This transaction amount ($219.75) is typical for normal spending behavior.
1564,115.55,StoreC,NORMAL,This transaction amount ($115.55) is typical for normal spending behavior.
5941,119.41,StoreC,NORMAL,This transaction amount ($119.41) falls within the typical range of spending.
2854,310.92,StoreC,NORMAL,This transaction amount ($310.92) is typical for normal spending behavior.
2037,86.88,StoreA,NORMAL,This transaction amount ($86.88) falls within the typical range of spending.
2875,146.53,StoreB,NORMAL,This transaction amount ($146.53) is typical for normal spending behavior.
7629,66.99,StoreB,NORMAL,This transaction amount ($66.99) is typical for normal spending behavior.
6497,325.75,StoreB,NORMAL,This transaction amount ($325.75) is typical for normal spending behavior.
9001,222.58,StoreB,NORMAL,This transaction amount ($222.58) is typical for normal spending behavior.
1495,283.95,RareStoreX,ANOMALY,"This transaction occurred at an unusual location ('RareStoreX'), which is not typical for normal spending."
6265,193.37,OutlierMallY,ANOMALY,"This transaction occurred at an unusual location ('OutlierMallY'), which is not typical for normal spending."
1917,222.47,OutlierMallY,ANOMALY,"This transaction occurred at an unusual location ('OutlierMallY'), which is not typical for normal spending."
3191,145.88,StoreC,NORMAL,This transaction amount ($145.88) is typical for normal spending behavior.
4269,2.38,StoreA,ANOMALY,This transaction amount ($2.38) is extremely low and may indicate refund fraud or abnormal behavior.
8644,116.59,StoreB,NORMAL,This transaction amount ($116.59) is typical for normal spending behavior.
9536,245.96,StoreC,NORMAL,This transaction amount ($245.96) is typical for normal spending behavior.
4959,121.02,StoreB,NORMAL,This transaction amount ($121.02) falls within the typical range of spending.
3380,7723.9,StoreC,ANOMALY,This transaction amount ($7723.9) is unusually high compared to normal spending levels.
7851,139.85,StoreC,NORMAL,This transaction amount ($139.85) is typical for normal spending behavior.
2265,194.84,StoreC,NORMAL,This transaction amount ($194.84) is typical for normal spending behavior.
4519,4700.82,StoreA,ANOMALY,This transaction amount ($4700.82) is unusually high compared to normal spending levels.
8147,151.13,StoreB,NORMAL,This transaction amount ($151.13) falls within the typical range of spending.
3506,182.29,StoreA,NORMAL,This transaction amount ($182.29) is typical for normal spending behavior.
2192,2.54,StoreC,ANOMALY,This transaction amount ($2.54) is extremely low and may indicate refund fraud or abnormal behavior.
8388,136.99,StoreA,NORMAL,This transaction amount ($136.99) is typical for normal spending behavior.
2737,3890.59,StoreA,ANOMALY,This transaction amount ($3890.59) is unusually high compared to normal spending levels.
7811,230.11,StoreA,NORMAL,This transaction amount ($230.11) is typical for normal spending behavior.
5006,223.75,StoreB,NORMAL,This transaction amount ($223.75) is typical for normal spending behavior.
2960,156.02,StoreC,NORMAL,This transaction amount ($156.02) is typical for normal spending behavior.
2244,246.74,StoreB,NORMAL,This transaction amount ($246.74) is typical for normal spending behavior.
5318,64.72,StoreA,NORMAL,This transaction amount ($64.72) falls within the typical range of spending.
9951,124.5,StoreB,NORMAL,This transaction amount ($124.5) falls within the typical range of spending.
7941,240.67,StoreA,NORMAL,This transaction amount ($240.67) is typical for normal spending behavior.
7999,322.81,StoreC,NORMAL,This transaction amount ($322.81) is typical for normal spending behavior.
7800,162.64,StoreC,NORMAL,This transaction amount ($162.64) is typical for normal spending behavior.
1727,198.82,StoreB,NORMAL,This transaction amount ($198.82) is typical for normal spending behavior.
3886,98.99,StoreB,NORMAL,This transaction amount ($98.99) is typical for normal spending behavior.
3289,233.14,StoreA,NORMAL,This transaction amount ($233.14) is typical for normal spending behavior.
9079,191.74,OutlierMallY,ANOMALY,"This transaction occurred at an unusual location ('OutlierMallY'), which is not typical for normal spending."
7912,184.13,StoreA,NORMAL,This transaction amount ($184.13) is typical for normal spending behavior.
8764,212.8,StoreB,NORMAL,This transaction amount ($212.8) is typical for normal spending behavior.
6442,120.22,OutlierMallY,ANOMALY,"This transaction occurred at an unusual location ('OutlierMallY'), which is not typical for normal spending."
3722,303.62,StoreB,NORMAL,This transaction amount ($303.62) is typical for normal spending behavior.
5925,124.7,StoreC,NORMAL,This transaction amount ($124.7) is typical for normal spending behavior.
5567,237.45,StoreB,NORMAL,This transaction amount ($237.45) is typical for normal spending behavior.
4861,186.14,StoreA,NORMAL,This transaction amount ($186.14) is typical for normal spending behavior.
6873,131.14,StoreC,NORMAL,This transaction amount ($131.14) is typical for normal spending behavior.
1922,230.36,StoreC,NORMAL,This transaction amount ($230.36) is typical for normal spending behavior.
3686,131.42,StoreB,NORMAL,This transaction amount ($131.42) is typical for normal spending behavior.
1634,222.79,StoreC,NORMAL,This transaction amount ($222.79) is typical for normal spending behavior.
4012,172.63,StoreC,NORMAL,This transaction amount ($172.63) is typical for normal spending behavior.
2523,177.97,StoreB,NORMAL,This transaction amount ($177.97) falls within the typical range of spending.
1958,226.16,StoreA,NORMAL,This transaction amount ($226.16) is typical for normal spending behavior.
6012,115.2,StoreB,NORMAL,This transaction amount ($115.2) falls within the typical range of spending.
7938,206.98,RareStoreX,ANOMALY,"This transaction occurred at an unusual location ('RareStoreX'), which is not typical for normal spending."
3722,1.19,StoreC,ANOMALY,This transaction amount ($1.19) is extremely low and may indicate refund fraud or abnormal behavior.
7085,196.65,StoreA,NORMAL,This transaction amount ($196.65) is typical for normal spending behavior.
2783,104.13,StoreC,NORMAL,This transaction amount ($104.13) falls within the typical range of spending.
1129,1.96,StoreC,ANOMALY,This transaction amount ($1.96) is extremely low and may indicate refund fraud or abnormal behavior.
7381,103.76,RareStoreX,ANOMALY,"This transaction occurred at an unusual location ('RareStoreX'), which is not typical for normal spending."
5259,311.25,StoreB,NORMAL,This transaction amount ($311.25) is typical for normal spending behavior.
8373,163.66,StoreC,NORMAL,This transaction amount ($163.66) is typical for normal spending behavior.
7331,5691.2,StoreC,ANOMALY,This transaction amount ($5691.2) is unusually high compared to normal spending levels.
7875,328.54,StoreA,NORMAL,This transaction amount ($328.54) is typical for normal spending behavior.
5470,164.46,StoreB,NORMAL,This transaction amount ($164.46) falls within the typical range of spending.
8829,205.88,StoreB,NORMAL,This transaction amount ($205.88) is typical for normal spending behavior.
5290,5498.8,StoreB,ANOMALY,This transaction amount ($5498.8) is unusually high compared to normal spending levels.
1984,4.42,StoreC,ANOMALY,This transaction amount ($4.42) is extremely low and may indicate refund fraud or abnormal behavior.
1444,285.11,StoreB,NORMAL,This transaction amount ($285.11) is typical for normal spending behavior.
8281,214.96,StoreB,NORMAL,This transaction amount ($214.96) is typical for normal spending behavior.
5268,186.17,StoreA,NORMAL,This transaction amount ($186.17) is typical for normal spending behavior.
4302,178.22,RareStoreX,ANOMALY,"This transaction occurred at an unusual location ('RareStoreX'), which is not typical for normal spending."
6791,180.66,StoreB,NORMAL,This transaction amount ($180.66) is typical for normal spending behavior.
2721,258.51,StoreB,NORMAL,This transaction amount ($258.51) is typical for normal spending behavior.
8770,211.43,StoreA,NORMAL,This transaction amount ($211.43) is typical for normal spending behavior.
8385,170.37,StoreB,NORMAL,This transaction amount ($170.37) falls within the typical range of spending.
3762,136.78,StoreC,NORMAL,This transaction amount ($136.78) is typical for normal spending behavior.
2341,251.17,StoreB,NORMAL,This transaction amount ($251.17) is typical for normal spending behavior.
9806,2.99,StoreA,ANOMALY,This transaction amount ($2.99) is extremely low and may indicate refund fraud or abnormal behavior.
5332,129.0,StoreA,NORMAL,This transaction amount ($129.0) is typical for normal spending behavior.
7605,105.13,StoreC,NORMAL,This transaction amount ($105.13) is typical for normal spending behavior.
7123,61.55,StoreA,NORMAL,This transaction amount ($61.55) falls within the typical range of spending.
1493,268.24,StoreB,NORMAL,This transaction amount ($268.24) is typical for normal spending behavior.
4713,1.9,StoreB,ANOMALY,This transaction amount ($1.9) is extremely low and may indicate refund fraud or abnormal behavior.
4356,183.95,StoreB,NORMAL,This transaction amount ($183.95) falls within the typical range of spending.
5516,328.64,StoreA,NORMAL,This transaction amount ($328.64) is typical for normal spending behavior.
2445,96.05,StoreA,NORMAL,This transaction amount ($96.05) falls within the typical range of spending.
5023,244.65,StoreA,NORMAL,This transaction amount ($244.65) is typical for normal spending behavior.
5948,4435.48,StoreB,ANOMALY,This transaction amount ($4435.48) is unusually high compared to normal spending levels.
4800,76.01,StoreC,NORMAL,This transaction amount ($76.01) falls within the typical range of spending.
8546,2980.88,StoreC,ANOMALY,This transaction amount ($2980.88) is unusually high compared to normal spending levels.
1339,194.58,StoreA,NORMAL,This transaction amount ($194.58) falls within the typical range of spending.
1815,212.2,OutlierMallY,ANOMALY,"This transaction occurred at an unusual location ('OutlierMallY'), which is not typical for normal spending."
1783,267.56,StoreB,NORMAL,This transaction amount ($267.56) is typical for normal spending behavior.
2413,4.44,StoreC,ANOMALY,This transaction amount ($4.44) is extremely low and may indicate refund fraud or abnormal behavior.
6983,2.06,StoreC,ANOMALY,This transaction amount ($2.06) is extremely low and may indicate refund fraud or abnormal behavior.
7228,146.65,RareStoreX,ANOMALY,"This transaction occurred at an unusual location ('RareStoreX'), which is not typical for normal spending."
1830,161.82,OutlierMallY,ANOMALY,"This transaction occurred at an unusual location ('OutlierMallY'), which is not typical for normal spending."
5677,264.21,StoreB,NORMAL,This transaction amount ($264.21) is typical for normal spending behavior.
8690,234.92,StoreB,NORMAL,This transaction amount ($234.92) is typical for normal spending behavior.
3809,4.84,StoreC,ANOMALY,This transaction amount ($4.84) is extremely low and may indicate refund fraud or abnormal behavior.
1939,161.04,StoreB,NORMAL,This transaction amount ($161.04) is typical for normal spending behavior.
2906,236.77,StoreC,NORMAL,This transaction amount ($236.77) is typical for normal spending behavior.
8050,4381.52,StoreA,ANOMALY,This transaction amount ($4381.52) is unusually high compared to normal spending levels.
2507,204.94,StoreB,NORMAL,This transaction amount ($204.94) is typical for normal spending behavior.
5734,119.53,RareStoreX,ANOMALY,"This transaction occurred at an unusual location ('RareStoreX'), which is not typical for normal spending."
2561,60.37,StoreA,NORMAL,This transaction amount ($60.37) falls within the typical range of spending.
6324,3543.33,StoreA,ANOMALY,This transaction amount ($3543.33) is unusually high compared to normal spending levels.
4228,4372.48,StoreB,ANOMALY,This transaction amount ($4372.48) is unusually high compared to normal spending levels.
1233,159.34,StoreA,NORMAL,This transaction amount ($159.34) is typical for normal spending behavior.
8032,95.14,StoreC,NORMAL,This transaction amount ($95.14) is typical for normal spending behavior.
9084,153.0,StoreB,NORMAL,This transaction amount ($153.0) is typical for normal spending behavior.
4385,195.22,StoreB,NORMAL,This transaction amount ($195.22) is typical for normal spending behavior.
9633,4128.85,StoreA,ANOMALY,This transaction amount ($4128.85) is unusually high compared to normal spending levels.
2315,138.25,StoreC,NORMAL,This transaction amount ($138.25) falls within the typical range of spending.
8502,0.82,StoreC,ANOMALY,This transaction amount ($0.82) is extremely low and may indicate refund fraud or abnormal behavior.
3868,210.79,StoreB,NORMAL,This transaction amount ($210.79) is typical for normal spending behavior.
7230,69.28,StoreA,NORMAL,This transaction amount ($69.28) falls within the typical range of spending.
8226,235.44,StoreC,NORMAL,This transaction amount ($235.44) is typical for normal spending behavior.
1153,205.6,StoreA,NORMAL,This transaction amount ($205.6) is typical for normal spending behavior.
6299,5316.57,StoreC,ANOMALY,This transaction amount ($5316.57) is unusually high compared to normal spending levels.
3015,249.56,StoreA,NORMAL,This transaction amount ($249.56) is typical for normal spending behavior.
5549,295.67,StoreA,NORMAL,This transaction amount ($295.67) is typical for normal spending behavior.
8735,77.09,StoreA,NORMAL,This transaction amount ($77.09) falls within the typical range of spending.
7683,253.38,StoreA,NORMAL,This transaction amount ($253.38) is typical for normal spending behavior.
8669,213.05,StoreC,NORMAL,This transaction amount ($213.05) is typical for normal spending behavior.
2292,98.13,StoreC,NORMAL,This transaction amount ($98.13) falls within the typical range of spending.
2403,225.26,StoreC,NORMAL,This transaction amount ($225.26) is typical for normal spending behavior.
5833,209.48,StoreB,NORMAL,This transaction amount ($209.48) is typical for normal spending behavior.
6625,7634.26,StoreC,ANOMALY,This transaction amount ($7634.26) is unusually high compared to normal spending levels.
8979,114.66,StoreC,NORMAL,This transaction amount ($114.66) falls within the typical range of spending.
3840,4024.38,StoreB,ANOMALY,This transaction amount ($4024.38) is unusually high compared to normal spending levels.
6876,219.3,StoreC,NORMAL,This transaction amount ($219.3) is typical for normal spending behavior.
9428,210.16,StoreB,NORMAL,This transaction amount ($210.16) is typical for normal spending behavior.
3013,212.5,StoreB,NORMAL,This transaction amount ($212.5) is typical for normal spending behavior.
2823,165.17,StoreC,NORMAL,This transaction amount ($165.17) is typical for normal spending behavior.
1614,302.64,StoreC,NORMAL,This transaction amount ($302.64) is typical for normal spending behavior.
2249,7796.37,StoreC,ANOMALY,This transaction amount ($7796.37) is unusually high compared to normal spending levels.
6015,197.67,StoreC,NORMAL,This transaction amount ($197.67) falls within the typical range of spending.
6588,190.4,StoreB,NORMAL,This transaction amount ($190.4) is typical for normal spending behavior.
1448,6277.52,StoreC,ANOMALY,This transaction amount ($6277.52) is unusually high compared to normal spending levels.
7153,5837.57,StoreC,ANOMALY,This transaction amount ($5837.57) is unusually high compared to normal spending levels.
7428,185.38,RareStoreX,ANOMALY,"This transaction occurred at an unusual location ('RareStoreX'), which is not typical for normal spending."
2831,275.76,StoreC,NORMAL,This transaction amount ($275.76) is typical for normal spending behavior.
4191,76.52,StoreC,NORMAL,This transaction amount ($76.52) falls within the typical range of spending.
9977,65.28,StoreB,NORMAL,This transaction amount ($65.28) falls within the typical range of spending.
5355,194.65,StoreB,NORMAL,This transaction amount ($194.65) is typical for normal spending behavior.
3513,257.83,StoreB,NORMAL,This transaction amount ($257.83) is typical for normal spending behavior.
6257,158.71,StoreA,NORMAL,This transaction amount ($158.71) falls within the typical range of spending.
7548,4022.96,StoreA,ANOMALY,This transaction amount ($4022.96) is unusually high compared to normal spending levels.
3729,190.51,StoreC,NORMAL,This transaction amount ($190.51) is typical for normal spending behavior.
1547,186.25,RareStoreX,ANOMALY,"This transaction occurred at an unusual location ('RareStoreX'), which is not typical for normal spending."
7485,168.53,StoreC,NORMAL,This transaction amount ($168.53) is typical for normal spending behavior.
8660,228.75,RareStoreX,ANOMALY,"This transaction occurred at an unusual location ('RareStoreX'), which is not typical for normal spending."
4089,159.38,StoreA,NORMAL,This transaction amount ($159.38) is typical for normal spending behavior.
2871,168.72,StoreB,NORMAL,This transaction amount ($168.72) falls within the typical range of spending.
9614,136.95,StoreA,NORMAL,This transaction amount ($136.95) falls within the typical range of spending.
1559,5579.13,StoreC,ANOMALY,This transaction amount ($5579.13) is unusually high compared to normal spending levels.
6189,218.6,StoreB,NORMAL,This transaction amount ($218.6) is typical for normal spending behavior.
9371,239.39,StoreA,NORMAL,This transaction amount ($239.39) is typical for normal spending behavior.
9388,154.88,StoreA,NORMAL,This transaction amount ($154.88) falls within the typical range of spending.
1809,177.98,StoreB,NORMAL,This transaction amount ($177.98) is typical for normal spending behavior.
6501,205.17,StoreA,NORMAL,This transaction amount ($205.17) is typical for normal spending behavior.
2325,173.75,StoreA,NORMAL,This transaction amount ($173.75) is typical for normal spending behavior.
1522,183.69,StoreC,NORMAL,This transaction amount ($183.69) falls within the typical range of spending.
3892,228.2,StoreC,NORMAL,This transaction amount ($228.2) is typical for normal spending behavior.
2777,226.68,StoreB,NORMAL,This transaction amount ($226.68) is typical for normal spending behavior.
9883,97.01,StoreB,NORMAL,This transaction amount ($97.01) falls within the typical range of spending.
9720,148.17,StoreB,NORMAL,This transaction amount ($148.17) is typical for normal spending behavior.
6305,226.7,RareStoreX,ANOMALY,"This transaction occurred at an unusual location ('RareStoreX'), which is not typical for normal spending."
4617,1.92,StoreC,ANOMALY,This transaction amount ($1.92) is extremely low and may indicate refund fraud or abnormal behavior.
3492,191.63,StoreC,NORMAL,This transaction amount ($191.63) is typical for normal spending behavior.
1763,177.79,RareStoreX,ANOMALY,"This transaction occurred at an unusual location ('RareStoreX'), which is not typical for normal spending."
8108,82.62,StoreA,NORMAL,This transaction amount ($82.62) falls within the typical range of spending.
6774,198.86,RareStoreX,ANOMALY,"This transaction occurred at an unusual location ('RareStoreX'), which is not typical for normal spending."
5370,118.76,StoreA,NORMAL,This transaction amount ($118.76) falls within the typical range of spending.
8188,257.09,StoreA,NORMAL,This transaction amount ($257.09) is typical for normal spending behavior.
6303,297.72,StoreC,NORMAL,This transaction amount ($297.72) is typical for normal spending behavior.
1787,3.64,StoreA,ANOMALY,This transaction amount ($3.64) is extremely low and may indicate refund fraud or abnormal behavior.
6670,200.72,OutlierMallY,ANOMALY,"This transaction occurred at an unusual location ('OutlierMallY'), which is not typical for normal spending."
5218,150.53,StoreB,NORMAL,This transaction amount ($150.53) is typical for normal spending behavior.
6518,120.7,StoreA,NORMAL,This transaction amount ($120.7) falls within the typical range of spending.
9047,150.34,StoreC,NORMAL,This transaction amount ($150.34) is typical for normal spending behavior.
9123,196.29,StoreB,NORMAL,This transaction amount ($196.29) falls within the typical range of spending.
9123,252.47,StoreB,NORMAL,This transaction amount ($252.47) is typical for normal spending behavior.
4012,204.41,OutlierMallY,ANOMALY,"This transaction occurred at an unusual location ('OutlierMallY'), which is not typical for normal spending."
7895,135.67,StoreC,NORMAL,This transaction amount ($135.67) is typical for normal spending behavior.
5703,151.34,StoreA,NORMAL,This transaction amount ($151.34) falls within the typical range of spending.
5492,160.84,StoreA,NORMAL,This transaction amount ($160.84) is typical for normal spending behavior.
8875,234.14,StoreC,NORMAL,This transaction amount ($234.14) is typical for normal spending behavior.
5648,246.64,StoreA,NORMAL,This transaction amount ($246.64) is typical for normal spending behavior.
2426,229.52,StoreA,NORMAL,This transaction amount ($229.52) is typical for normal spending behavior.
7241,2.11,StoreA,ANOMALY,This transaction amount ($2.11) is extremely low and may indicate refund fraud or abnormal behavior.
1472,179.95,OutlierMallY,ANOMALY,"This transaction occurred at an unusual location ('OutlierMallY'), which is not typical for normal spending."
6794,52.38,StoreA,NORMAL,This transaction amount ($52.38) falls within the typical range of spending.
6385,0.99,StoreA,ANOMALY,This transaction amount ($0.99) is extremely low and may indicate refund fraud or abnormal behavior.
6985,247.44,StoreA,NORMAL,This transaction amount ($247.44) is typical for normal spending behavior.
9000,178.32,StoreA,NORMAL,This transaction amount ($178.32) is typical for normal spending behavior.
3355,272.5,StoreA,NORMAL,This transaction amount ($272.5) is typical for normal spending behavior.
1314,136.45,StoreA,NORMAL,This transaction amount ($136.45) is typical for normal spending behavior.
8689,274.15,StoreA,NORMAL,This transaction amount ($274.15) is typical for normal spending behavior.
3109,2563.95,StoreB,ANOMALY,This transaction amount ($2563.95) is unusually high compared to normal spending levels.
2004,100.61,StoreC,NORMAL,This transaction amount ($100.61) falls within the typical range of spending.
1117,186.24,StoreC,NORMAL,This transaction amount ($186.24) is typical for normal spending behavior.
9056,2.51,StoreB,ANOMALY,This transaction amount ($2.51) is extremely low and may indicate refund fraud or abnormal behavior.
6709,3993.03,StoreA,ANOMALY,This transaction amount ($3993.03) is unusually high compared to normal spending levels.
2476,193.12,StoreC,NORMAL,This transaction amount ($193.12) falls within the typical range of spending.
7273,187.78,StoreC,NORMAL,This transaction amount ($187.78) is typical for normal spending behavior.
4331,4.43,StoreA,ANOMALY,This transaction amount ($4.43) is extremely low and may indicate refund fraud or abnormal behavior.
9123,134.22,StoreC,NORMAL,This transaction amount ($134.22) is typical for normal spending behavior.
9838,213.25,RareStoreX,ANOMALY,"This transaction occurred at an unusual location ('RareStoreX'), which is not typical for normal spending."
6909,237.33,StoreA,NORMAL,This transaction amount ($237.33) is typical for normal spending behavior.
1561,233.47,StoreC,NORMAL,This transaction amount ($233.47) is typical for normal spending behavior.
3001,188.37,StoreC,NORMAL,This transaction amount ($188.37) is typical for normal spending behavior.
1942,195.63,StoreB,NORMAL,This transaction amount ($195.63) is typical for normal spending behavior.
3260,278.21,StoreC,NORMAL,This transaction amount ($278.21) is typical for normal spending behavior.
4540,4326.95,StoreB,ANOMALY,This transaction amount ($4326.95) is unusually high compared to normal spending levels.
3327,170.73,StoreB,NORMAL,This transaction amount ($170.73) is typical for normal spending behavior.
5517,89.46,StoreA,NORMAL,This transaction amount ($89.46) falls within the typical range of spending.
5025,276.66,StoreB,NORMAL,This transaction amount ($276.66) is typical for normal spending behavior.
4927,254.5,RareStoreX,ANOMALY,"This transaction occurred at an unusual location ('RareStoreX'), which is not typical for normal spending."
1541,252.35,StoreA,NORMAL,This transaction amount ($252.35) is typical for normal spending behavior.
2235,169.04,StoreC,NORMAL,This transaction amount ($169.04) is typical for normal spending behavior.
8548,118.05,StoreB,NORMAL,This transaction amount ($118.05) is typical for normal spending behavior.
7625,157.48,OutlierMallY,ANOMALY,"This transaction occurred at an unusual location ('OutlierMallY'), which is not typical for normal spending."
5150,305.33,StoreB,NORMAL,This transaction amount ($305.33) is typical for normal spending behavior.
6745,210.52,StoreB,NORMAL,This transaction amount ($210.52) is typical for normal spending behavior.
4194,143.18,StoreC,NORMAL,This transaction amount ($143.18) falls within the typical range of spending.
8688,276.01,StoreA,NORMAL,This transaction amount ($276.01) is typical for normal spending behavior.
4646,198.2,StoreA,NORMAL,This transaction amount ($198.2) falls within the typical range of spending.
7333,248.66,RareStoreX,ANOMALY,"This transaction occurred at an unusual location ('RareStoreX'), which is not typical for normal spending."
8634,226.24,StoreC,NORMAL,This transaction amount ($226.24) is typical for normal spending behavior.
9252,243.85,StoreA,NORMAL,This transaction amount ($243.85) is typical for normal spending behavior.
6408,196.74,StoreA,NORMAL,This transaction amount ($196.74) is typical for normal spending behavior.
1604,189.45,StoreB,NORMAL,This transaction amount ($189.45) is typical for normal spending behavior.
9677,89.52,StoreC,NORMAL,This transaction amount ($89.52) falls within the typical range of spending.
9550,272.8,OutlierMallY,ANOMALY,"This transaction occurred at an unusual location ('OutlierMallY'), which is not typical for normal spending."
1895,256.6,OutlierMallY,ANOMALY,"This transaction occurred at an unusual location ('OutlierMallY'), which is not typical for normal spending."
6404,1.21,StoreA,ANOMALY,This transaction amount ($1.21) is extremely low and may indicate refund fraud or abnormal behavior.
3984,228.85,StoreA,NORMAL,This transaction amount ($228.85) is typical for normal spending behavior.
5825,167.34,StoreA,NORMAL,This transaction amount ($167.34) is typical for normal spending behavior.
5036,128.64,OutlierMallY,ANOMALY,"This transaction occurred at an unusual location ('OutlierMallY'), which is not typical for normal spending."
7865,184.46,StoreB,NORMAL,This transaction amount ($184.46) is typical for normal spending behavior.
2657,4.16,StoreA,ANOMALY,This transaction amount ($4.16) is extremely low and may indicate refund fraud or abnormal behavior.
4019,220.03,StoreA,NORMAL,This transaction amount ($220.03) is typical for normal spending behavior.
7497,7839.35,StoreB,ANOMALY,This transaction amount ($7839.35) is unusually high compared to normal spending levels.
4996,2.61,StoreB,ANOMALY,This transaction amount ($2.61) is extremely low and may indicate refund fraud or abnormal behavior.
2674,203.61,StoreC,NORMAL,This transaction amount ($203.61) is typical for normal spending behavior.
2773,109.0,StoreA,NORMAL,This transaction amount ($109.0) is typical for normal spending behavior.
2409,307.71,StoreA,NORMAL,This transaction amount ($307.71) is typical for normal spending behavior.
5673,163.15,StoreC,NORMAL,This transaction amount ($163.15) is typical for normal spending behavior.
1726,159.79,StoreC,NORMAL,This transaction amount ($159.79) is typical for normal spending behavior.
8536,193.96,OutlierMallY,ANOMALY,"This transaction occurred at an unusual location ('OutlierMallY'), which is not typical for normal spending."
9899,129.01,StoreC,NORMAL,This transaction amount ($129.01) falls within the typical range of spending.
4122,149.65,StoreC,NORMAL,This transaction amount ($149.65) is typical for normal spending behavior.
3971,228.48,StoreB,NORMAL,This transaction amount ($228.48) is typical for normal spending behavior.
7240,181.43,StoreB,NORMAL,This transaction amount ($181.43) is typical for normal spending behavior.
8603,3175.07,StoreC,ANOMALY,This transaction amount ($3175.07) is unusually high compared to normal spending levels.
7732,191.18,StoreC,NORMAL,This transaction amount ($191.18) is typical for normal spending behavior.
2465,155.31,StoreA,NORMAL,This transaction amount ($155.31) is typical for normal spending behavior.
9959,211.94,StoreC,NORMAL,This transaction amount ($211.94) is typical for normal spending behavior.
8011,252.34,StoreB,NORMAL,This transaction amount ($252.34) is typical for normal spending behavior.
8908,0.51,StoreC,ANOMALY,This transaction amount ($0.51) is extremely low and may indicate refund fraud or abnormal behavior.
6141,217.23,StoreC,NORMAL,This transaction amount ($217.23) is typical for normal spending behavior.
1360,3210.03,StoreB,ANOMALY,This transaction amount ($3210.03) is unusually high compared to normal spending levels.
7297,168.53,StoreA,NORMAL,This transaction amount ($168.53) is typical for normal spending behavior.
6912,4647.84,StoreA,ANOMALY,This transaction amount ($4647.84) is unusually high compared to normal spending levels.
3072,239.7,OutlierMallY,ANOMALY,"This transaction occurred at an unusual location ('OutlierMallY'), which is not typical for normal spending."
1807,6183.48,StoreA,ANOMALY,This transaction amount ($6183.48) is unusually high compared to normal spending levels.
1037,112.53,StoreB,NORMAL,This transaction amount ($112.53) falls within the typical range of spending.
6188,126.34,StoreC,NORMAL,This transaction amount ($126.34) is typical for normal spending behavior.
4483,227.28,StoreC,NORMAL,This transaction amount ($227.28) is typical for normal spending behavior.
6439,2642.9,StoreA,ANOMALY,This transaction amount ($2642.9) is unusually high compared to normal spending levels.
2178,140.28,StoreB,NORMAL,This transaction amount ($140.28) falls within the typical range of spending.
3161,239.01,StoreB,NORMAL,This transaction amount ($239.01) is typical for normal spending behavior.
2392,126.45,StoreB,NORMAL,This transaction amount ($126.45) is typical for normal spending behavior.
6539,150.46,StoreA,NORMAL,This transaction amount ($150.46) is typical for normal spending behavior.
8230,1.69,StoreC,ANOMALY,This transaction amount ($1.69) is extremely low and may indicate refund fraud or abnormal behavior.
2422,46.76,StoreC,NORMAL,This transaction amount ($46.76) is typical for normal spending behavior.
3065,3.14,StoreA,ANOMALY,This transaction amount ($3.14) is extremely low and may indicate refund fraud or abnormal behavior.
6397,86.69,StoreB,NORMAL,This transaction amount ($86.69) falls within the typical range of spending.
7107,170.77,StoreB,NORMAL,This transaction amount ($170.77) is typical for normal spending behavior.
9717,178.47,StoreB,NORMAL,This transaction amount ($178.47) falls within the typical range of spending.
1446,201.97,StoreA,NORMAL,This transaction amount ($201.97) is typical for normal spending behavior.
4593,132.19,StoreA,NORMAL,This transaction amount ($132.19) is typical for normal spending behavior.
6127,218.09,StoreA,NORMAL,This transaction amount ($218.09) is typical for normal spending behavior.
7125,101.79,StoreA,NORMAL,This transaction amount ($101.79) falls within the typical range of spending.
7981,229.49,StoreC,NORMAL,This transaction amount ($229.49) is typical for normal spending behavior.
3665,69.73,OutlierMallY,ANOMALY,"This transaction occurred at an unusual location ('OutlierMallY'), which is not typical for normal spending."
1430,299.32,StoreB,NORMAL,This transaction amount ($299.32) is typical for normal spending behavior.
5191,4.67,StoreA,ANOMALY,This transaction amount ($4.67) is extremely low and may indicate refund fraud or abnormal behavior.
6935,156.85,StoreB,NORMAL,This transaction amount ($156.85) is typical for normal spending behavior.
6743,5078.03,StoreC,ANOMALY,This transaction amount ($5078.03) is unusually high compared to normal spending levels.
2495,84.34,StoreB,NORMAL,This transaction amount ($84.34) is typical for normal spending behavior.
2245,105.93,StoreC,NORMAL,This transaction amount ($105.93) is typical for normal spending behavior.
3223,6684.44,StoreB,ANOMALY,This transaction amount ($6684.44) is unusually high compared to normal spending levels.
7993,2.46,StoreC,ANOMALY,This transaction amount ($2.46) is extremely low and may indicate refund fraud or abnormal behavior.
1201,2728.82,StoreC,ANOMALY,This transaction amount ($2728.82) is unusually high compared to normal spending levels.
3940,221.43,StoreA,NORMAL,This transaction amount ($221.43) is typical for normal spending behavior.
5576,172.21,StoreC,NORMAL,This transaction amount ($172.21) is typical for normal spending behavior.
3587,239.35,StoreC,NORMAL,This transaction amount ($239.35) is typical for normal spending behavior.
3276,167.88,StoreA,NORMAL,This transaction amount ($167.88) is typical for normal spending behavior.
3039,60.47,StoreB,NORMAL,This transaction amount ($60.47) falls within the typical range of spending.
1238,4285.04,StoreB,ANOMALY,This transaction amount ($4285.04) is unusually high compared to normal spending levels.
8211,116.25,StoreC,NORMAL,This transaction amount ($116.25) is typical for normal spending behavior.
6948,154.83,StoreA,NORMAL,This transaction amount ($154.83) falls within the typical range of spending.
3511,222.63,StoreC,NORMAL,This transaction amount ($222.63) is typical for normal spending behavior.
4480,136.48,StoreA,NORMAL,This transaction amount ($136.48) falls within the typical range of spending.
8504,3.21,StoreA,ANOMALY,This transaction amount ($3.21) is extremely low and may indicate refund fraud or abnormal behavior.
3415,6819.32,StoreB,ANOMALY,This transaction amount ($6819.32) is unusually high compared to normal spending levels.
5931,144.53,StoreC,NORMAL,This transaction amount ($144.53) is typical for normal spending behavior.
4883,182.49,StoreB,NORMAL,This transaction amount ($182.49) is typical for normal spending behavior.
5073,149.29,StoreB,NORMAL,This transaction amount ($149.29) falls within the typical range of spending.
9106,250.01,StoreA,NORMAL,This transaction amount ($250.01) is typical for normal spending behavior.
2104,172.92,StoreA,NORMAL,This transaction amount ($172.92) falls within the typical range of spending.
9215,123.84,StoreB,NORMAL,This transaction amount ($123.84) is typical for normal spending behavior.
3487,136.26,StoreB,NORMAL,This transaction amount ($136.26) falls within the typical range of spending.
7393,147.23,RareStoreX,ANOMALY,"This transaction occurred at an unusual location ('RareStoreX'), which is not typical for normal spending."
3064,154.48,StoreA,NORMAL,This transaction amount ($154.48) falls within the typical range of spending.
8508,165.53,OutlierMallY,ANOMALY,"This transaction occurred at an unusual location ('OutlierMallY'), which is not typical for normal spending."
2998,7607.33,StoreB,ANOMALY,This transaction amount ($7607.33) is unusually high compared to normal spending levels.
5019,138.56,StoreA,NORMAL,This transaction amount ($138.56) is typical for normal spending behavior.
4446,206.39,StoreC,NORMAL,This transaction amount ($206.39) is typical for normal spending behavior.
9847,211.38,StoreC,NORMAL,This transaction amount ($211.38) is typical for normal spending behavior.
3765,6691.94,StoreA,ANOMALY,This transaction amount ($6691.94) is unusually high compared to normal spending levels.
7761,1.73,StoreC,ANOMALY,This transaction amount ($1.73) is extremely low and may indicate refund fraud or abnormal behavior.
9558,170.97,StoreA,NORMAL,This transaction amount ($170.97) is typical for normal spending behavior.
8857,174.05,StoreB,NORMAL,This transaction amount ($174.05) is typical for normal spending behavior.
8082,86.5,StoreC,NORMAL,This transaction amount ($86.5) falls within the typical range of spending.
4283,125.24,StoreB,NORMAL,This transaction amount ($125.24) falls within the typical range of spending.
4401,160.23,StoreB,NORMAL,This transaction amount ($160.23) is typical for normal spending behavior.
8677,100.81,StoreC,NORMAL,This transaction amount ($100.81) falls within the typical range of spending.
9000,177.45,StoreA,NORMAL,This transaction amount ($177.45) falls within the typical range of spending.
1368,131.5,StoreC,NORMAL,This transaction amount ($131.5) is typical for normal spending behavior.
6796,134.14,StoreC,NORMAL,This transaction amount ($134.14) falls within the typical range of spending.
7807,5222.01,StoreA,ANOMALY,This transaction amount ($5222.01) is unusually high compared to normal spending levels.
9326,129.32,StoreB,NORMAL,This transaction amount ($129.32) is typical for normal spending behavior.
8513,158.59,StoreA,NORMAL,This transaction amount ($158.59) falls within the typical range of spending.
8386,52.86,StoreA,NORMAL,This transaction amount ($52.86) falls within the typical range of spending.
3415,297.94,StoreA,NORMAL,This transaction amount ($297.94) is typical for normal spending behavior.
8507,1.97,StoreA,ANOMALY,This transaction amount ($1.97) is extremely low and may indicate refund fraud or abnormal behavior.
4998,182.15,StoreB,NORMAL,This transaction amount ($182.15) is typical for normal spending behavior.
2892,172.45,StoreB,NORMAL,This transaction amount ($172.45) is typical for normal spending behavior.
4167,190.23,StoreA,NORMAL,This transaction amount ($190.23) is typical for normal spending behavior.
6619,149.65,StoreC,NORMAL,This transaction amount ($149.65) falls within the typical range of spending.
1386,208.58,StoreC,NORMAL,This transaction amount ($208.58) is typical for normal spending behavior.
4412,113.69,StoreA,NORMAL,This transaction amount ($113.69) falls within the typical range of spending.
9803,1.54,StoreB,ANOMALY,This transaction amount ($1.54) is extremely low and may indicate refund fraud or abnormal behavior.
9278,200.84,StoreB,NORMAL,This transaction amount ($200.84) is typical for normal spending behavior.
3391,98.53,StoreC,NORMAL,This transaction amount ($98.53) falls within the typical range of spending.
4513,6231.35,StoreB,ANOMALY,This transaction amount ($6231.35) is unusually high compared to normal spending levels.
2300,120.22,StoreC,NORMAL,This transaction amount ($120.22) falls within the typical range of spending.
3926,165.73,StoreA,NORMAL,This transaction amount ($165.73) is typical for normal spending behavior.
1338,0.65,StoreA,ANOMALY,This transaction amount ($0.65) is extremely low and may indicate refund fraud or abnormal behavior.
5180,185.4,StoreB,NORMAL,This transaction amount ($185.4) is typical for normal spending behavior.
2523,167.03,StoreA,NORMAL,This transaction amount ($167.03) is typical for normal spending behavior.
7611,204.95,StoreB,NORMAL,This transaction amount ($204.95) is typical for normal spending behavior.
1595,166.78,StoreC,NORMAL,This transaction amount ($166.78) is typical for normal spending behavior.
4991,4.71,StoreC,ANOMALY,This transaction amount ($4.71) is extremely low and may indicate refund fraud or abnormal behavior.
8088,5999.91,StoreC,ANOMALY,This transaction amount ($5999.91) is unusually high compared to normal spending levels.
5726,155.34,StoreC,NORMAL,This transaction amount ($155.34) falls within the typical range of spending.
7707,121.12,StoreA,NORMAL,This transaction amount ($121.12) falls within the typical range of spending.
9325,2574.82,StoreA,ANOMALY,This transaction amount ($2574.82) is unusually high compared to normal spending levels.
1318,147.43,RareStoreX,ANOMALY,"This transaction occurred at an unusual location ('RareStoreX'), which is not typical for normal spending."
8251,114.56,StoreB,NORMAL,This transaction amount ($114.56) is typical for normal spending behavior.
8205,245.48,StoreA,NORMAL,This transaction amount ($245.48) is typical for normal spending behavior.
1392,185.35,StoreC,NORMAL,This transaction amount ($185.35) is typical for normal spending behavior.
9553,238.73,StoreC,NORMAL,This transaction amount ($238.73) is typical for normal spending behavior.
2210,181.62,StoreB,NORMAL,This transaction amount ($181.62) falls within the typical range of spending.
5179,154.66,StoreC,NORMAL,This transaction amount ($154.66) is typical for normal spending behavior.
7309,157.23,OutlierMallY,ANOMALY,"This transaction occurred at an unusual location ('OutlierMallY'), which is not typical for normal spending."
9183,276.86,StoreB,NORMAL,This transaction amount ($276.86) is typical for normal spending behavior.
6587,74.64,StoreB,NORMAL,This transaction amount ($74.64) falls within the typical range of spending.
4431,186.41,StoreA,NORMAL,This transaction amount ($186.41) is typical for normal spending behavior.
6988,214.05,StoreB,NORMAL,This transaction amount ($214.05) is typical for normal spending behavior.
4317,219.36,StoreA,NORMAL,This transaction amount ($219.36) is typical for normal spending behavior.
1069,248.81,StoreC,NORMAL,This transaction amount ($248.81) is typical for normal spending behavior.
5002,237.78,StoreB,NORMAL,This transaction amount ($237.78) is typical for normal spending behavior.
9414,254.82,StoreC,NORMAL,This transaction amount ($254.82) is typical for normal spending behavior.
7862,161.18,StoreB,NORMAL,This transaction amount ($161.18) is typical for normal spending behavior.
7537,72.57,StoreC,NORMAL,This transaction amount ($72.57) is typical for normal spending behavior.
6615,159.6,StoreA,NORMAL,This transaction amount ($159.6) falls within the typical range of spending.
9640,188.28,StoreC,NORMAL,This transaction amount ($188.28) is typical for normal spending behavior.
4331,146.14,StoreB,NORMAL,This transaction amount ($146.14) falls within the typical range of spending.
6785,207.32,StoreC,NORMAL,This transaction amount ($207.32) is typical for normal spending behavior.
9781,6682.76,StoreA,ANOMALY,This transaction amount ($6682.76) is unusually high compared to normal spending levels.
1594,5064.05,StoreA,ANOMALY,This transaction amount ($5064.05) is unusually high compared to normal spending levels.
2130,83.34,StoreA,NORMAL,This transaction amount ($83.34) falls within the typical range of spending.
3025,64.92,StoreB,NORMAL,This transaction amount ($64.92) falls within the typical range of spending.
1064,135.54,StoreB,NORMAL,This transaction amount ($135.54) falls within the typical range of spending.
6305,6753.8,StoreB,ANOMALY,This transaction amount ($6753.8) is unusually high compared to normal spending levels.
3102,2733.59,StoreC,ANOMALY,This transaction amount ($2733.59) is unusually high compared to normal spending levels.
6609,271.14,StoreB,NORMAL,This transaction amount ($271.14) is typical for normal spending behavior.
1056,256.54,RareStoreX,ANOMALY,"This transaction occurred at an unusual location ('RareStoreX'), which is not typical for normal spending."
3702,2.19,StoreA,ANOMALY,This transaction amount ($2.19) is extremely low and may indicate refund fraud or abnormal behavior.
5483,169.66,StoreA,NORMAL,This transaction amount ($169.66) is typical for normal spending behavior.
7728,172.08,StoreA,NORMAL,This transaction amount ($172.08) is typical for normal spending behavior.
2983,84.58,StoreB,NORMAL,This transaction amount ($84.58) falls within the typical range of spending.
3939,213.97,StoreB,NORMAL,This transaction amount ($213.97) is typical for normal spending behavior.
8799,4.74,StoreB,ANOMALY,This transaction amount ($4.74) is extremely low and may indicate refund fraud or abnormal behavior.
2006,0.97,StoreA,ANOMALY,This transaction amount ($0.97) is extremely low and may indicate refund fraud or abnormal behavior.
6289,262.74,OutlierMallY,ANOMALY,"This transaction occurred at an unusual location ('OutlierMallY'), which is not typical for normal spending."
9482,6201.55,StoreB,ANOMALY,This transaction amount ($6201.55) is unusually high compared to normal spending levels.
3768,148.59,StoreC,NORMAL,This transaction amount ($148.59) is typical for normal spending behavior.
8872,4.57,StoreB,ANOMALY,This transaction amount ($4.57) is extremely low and may indicate refund fraud or abnormal behavior.
9172,130.54,StoreB,NORMAL,This transaction amount ($130.54) falls within the typical range of spending.
4465,54.99,StoreC,NORMAL,This transaction amount ($54.99) falls within the typical range of spending.
7005,218.97,StoreB,NORMAL,This transaction amount ($218.97) is typical for normal spending behavior.
9562,116.69,StoreB,NORMAL,This transaction amount ($116.69) is typical for normal spending behavior.
6190,219.88,StoreA,NORMAL,This transaction amount ($219.88) is typical for normal spending behavior.
2172,205.22,StoreA,NORMAL,This transaction amount ($205.22) is typical for normal spending behavior.
1564,197.63,StoreC,NORMAL,This transaction amount ($197.63) is typical for normal spending behavior.
1352,233.09,StoreB,NORMAL,This transaction amount ($233.09) is typical for normal spending behavior.
7766,188.65,StoreA,NORMAL,This transaction amount ($188.65) is typical for normal spending behavior.
5367,7589.31,StoreA,ANOMALY,This transaction amount ($7589.31) is unusually high compared to normal spending levels.
1282,264.85,StoreC,NORMAL,This transaction amount ($264.85) is typical for normal spending behavior.
7105,175.23,StoreC,NORMAL,This transaction amount ($175.23) falls within the typical range of spending.
4423,181.51,RareStoreX,ANOMALY,"This transaction occurred at an unusual location ('RareStoreX'), which is not typical for normal spending."
5080,279.72,StoreC,NORMAL,This transaction amount ($279.72) is typical for normal spending behavior.
6794,122.41,StoreA,NORMAL,This transaction amount ($122.41) is typical for normal spending behavior.
3283,115.89,StoreC,NORMAL,This transaction amount ($115.89) is typical for normal spending behavior.
6390,196.03,StoreC,NORMAL,This transaction amount ($196.03) is typical for normal spending behavior.
7541,141.56,StoreC,NORMAL,This transaction amount ($141.56) falls within the typical range of spending.
6902,1.57,StoreC,ANOMALY,This transaction amount ($1.57) is extremely low and may indicate refund fraud or abnormal behavior.
7752,6053.06,StoreC,ANOMALY,This transaction amount ($6053.06) is unusually high compared to normal spending levels.
5829,146.89,StoreC,NORMAL,This transaction amount ($146.89) is typical for normal spending behavior.
5786,175.4,StoreB,NORMAL,This transaction amount ($175.4) falls within the typical range of spending.
7624,7385.79,StoreC,ANOMALY,This transaction amount ($7385.79) is unusually high compared to normal spending levels.
5067,181.53,StoreB,NORMAL,This transaction amount ($181.53) is typical for normal spending behavior.
7553,180.81,StoreA,NORMAL,This transaction amount ($180.81) is typical for normal spending behavior.
6574,161.23,StoreC,NORMAL,This transaction amount ($161.23) is typical for normal spending behavior.
7287,253.26,StoreC,NORMAL,This transaction amount ($253.26) is typical for normal spending behavior.
7022,189.63,RareStoreX,ANOMALY,"This transaction occurred at an unusual location ('RareStoreX'), which is not typical for normal spending."
7929,225.29,StoreA,NORMAL,This transaction amount ($225.29) is typical for normal spending behavior.
5532,225.14,StoreB,NORMAL,This transaction amount ($225.14) is typical for normal spending behavior.
8758,248.79,StoreB,NORMAL,This transaction amount ($248.79) is typical for normal spending behavior.
3878,3164.06,StoreC,ANOMALY,This transaction amount ($3164.06) is unusually high compared to normal spending levels.
9395,194.68,StoreC,NORMAL,This transaction amount ($194.68) falls within the typical range of spending.
5262,162.36,StoreA,NORMAL,This transaction amount ($162.36) is typical for normal spending behavior.
7830,140.68,StoreA,NORMAL,This transaction amount ($140.68) is typical for normal spending behavior.
8541,3658.55,StoreC,ANOMALY,This transaction amount ($3658.55) is unusually high compared to normal spending levels.
3039,4699.22,StoreA,ANOMALY,This transaction amount ($4699.22) is unusually high compared to normal spending levels.
3248,75.95,StoreB,NORMAL,This transaction amount ($75.95) is typical for normal spending behavior.
9502,5099.89,StoreC,ANOMALY,This transaction amount ($5099.89) is unusually high compared to normal spending levels.
7054,160.59,StoreB,NORMAL,This transaction amount ($160.59) is typical for normal spending behavior.
3775,319.24,StoreB,NORMAL,This transaction amount ($319.24) is typical for normal spending behavior.
7152,35.15,StoreC,NORMAL,This transaction amount ($35.15) is typical for normal spending behavior.
6246,222.87,StoreC,NORMAL,This transaction amount ($222.87) is typical for normal spending behavior.
1533,109.54,StoreA,NORMAL,This transaction amount ($109.54) falls within the typical range of spending.
5063,250.76,RareStoreX,ANOMALY,"This transaction occurred at an unusual location ('RareStoreX'), which is not typical for normal spending."
6897,129.7,StoreA,NORMAL,This transaction amount ($129.7) is typical for normal spending behavior.
6782,166.98,StoreB,NORMAL,This transaction amount ($166.98) is typical for normal spending behavior.
1625,148.97,StoreB,NORMAL,This transaction amount ($148.97) is typical for normal spending behavior.
1992,1.72,StoreB,ANOMALY,This transaction amount ($1.72) is extremely low and may indicate refund fraud or abnormal behavior.
1080,281.33,StoreB,NORMAL,This transaction amount ($281.33) is typical for normal spending behavior.
9418,4208.87,StoreA,ANOMALY,This transaction amount ($4208.87) is unusually high compared to normal spending levels.
8141,196.05,StoreA,NORMAL,This transaction amount ($196.05) is typical for normal spending behavior.
6993,255.67,StoreA,NORMAL,This transaction amount ($255.67) is typical for normal spending behavior.
5390,209.6,StoreB,NORMAL,This transaction amount ($209.6) is typical for normal spending behavior.
2135,6515.41,StoreA,ANOMALY,This transaction amount ($6515.41) is unusually high compared to normal spending levels.
5881,58.78,StoreB,NORMAL,This transaction amount ($58.78) falls within the typical range of spending.
3925,167.03,StoreC,NORMAL,This transaction amount ($167.03) falls within the typical range of spending.
1840,186.07,OutlierMallY,ANOMALY,"This transaction occurred at an unusual location ('OutlierMallY'), which is not typical for normal spending."
8210,191.64,StoreA,NORMAL,This transaction amount ($191.64) falls within the typical range of spending.
2542,3332.38,StoreB,ANOMALY,This transaction amount ($3332.38) is unusually high compared to normal spending levels.
9794,201.38,OutlierMallY,ANOMALY,"This transaction occurred at an unusual location ('OutlierMallY'), which is not typical for normal spending."
1404,150.91,StoreC,NORMAL,This transaction amount ($150.91) is typical for normal spending behavior.
5896,6103.78,StoreC,ANOMALY,This transaction amount ($6103.78) is unusually high compared to normal spending levels.
1737,218.53,StoreB,NORMAL,This transaction amount ($218.53) is typical for normal spending behavior.
8159,4.03,StoreB,ANOMALY,This transaction amount ($4.03) is extremely low and may indicate refund fraud or abnormal behavior.
6660,154.24,StoreA,NORMAL,This transaction amount ($154.24) is typical for normal spending behavior.
1041,6664.42,StoreA,ANOMALY,This transaction amount ($6664.42) is unusually high compared to normal spending levels.
4378,228.53,StoreB,NORMAL,This transaction amount ($228.53) is typical for normal spending behavior.
8763,4.9,StoreC,ANOMALY,This transaction amount ($4.9) is extremely low and may indicate refund fraud or abnormal behavior.
2656,177.6,OutlierMallY,ANOMALY,"This transaction occurred at an unusual location ('OutlierMallY'), which is not typical for normal spending."
1256,241.16,RareStoreX,ANOMALY,"This transaction occurred at an unusual location ('RareStoreX'), which is not typical for normal spending."
5896,193.87,StoreC,NORMAL,This transaction amount ($193.87) falls within the typical range of spending.
1646,239.93,StoreA,NORMAL,This transaction amount ($239.93) is typical for normal spending behavior.
9008,7417.3,StoreB,ANOMALY,This transaction amount ($7417.3) is unusually high compared to normal spending levels.
3935,2609.34,StoreC,ANOMALY,This transaction amount ($2609.34) is unusually high compared to normal spending levels.
5355,175.6,StoreC,NORMAL,This transaction amount ($175.6) falls within the typical range of spending.
5045,156.12,StoreC,NORMAL,This transaction amount ($156.12) falls within the typical range of spending.
5582,294.75,StoreC,NORMAL,This transaction amount ($294.75) is typical for normal spending behavior.
4148,215.84,StoreC,NORMAL,This transaction amount ($215.84) is typical for normal spending behavior.
1680,197.28,StoreC,NORMAL,This transaction amount ($197.28) is typical for normal spending behavior.
7922,98.76,StoreA,NORMAL,This transaction amount ($98.76) is typical for normal spending behavior.
7881,256.14,StoreA,NORMAL,This transaction amount ($256.14) is typical for normal spending behavior.
4238,179.41,StoreA,NORMAL,This transaction amount ($179.41) is typical for normal spending behavior.
2345,84.27,StoreB,NORMAL,This transaction amount ($84.27) falls within the typical range of spending.
6257,264.08,RareStoreX,ANOMALY,"This transaction occurred at an unusual location ('RareStoreX'), which is not typical for normal spending."
6889,1.18,StoreC,ANOMALY,This transaction amount ($1.18) is extremely low and may indicate refund fraud or abnormal behavior.
2601,6990.19,StoreA,ANOMALY,This transaction amount ($6990.19) is unusually high compared to normal spending levels.
7451,163.47,StoreA,NORMAL,This transaction amount ($163.47) falls within the typical range of spending.
6279,67.67,StoreA,NORMAL,This transaction amount ($67.67) is typical for normal spending behavior.
7359,172.1,OutlierMallY,ANOMALY,"This transaction occurred at an unusual location ('OutlierMallY'), which is not typical for normal spending."
9520,182.77,StoreC,NORMAL,This transaction amount ($182.77) falls within the typical range of spending.
2809,169.24,RareStoreX,ANOMALY,"This transaction occurred at an unusual location ('RareStoreX'), which is not typical for normal spending."
2896,194.41,StoreC,NORMAL,This transaction amount ($194.41) falls within the typical range of spending.
8064,178.25,StoreB,NORMAL,This transaction amount ($178.25) is typical for normal spending behavior.
9118,230.5,StoreC,NORMAL,This transaction amount ($230.5) is typical for normal spending behavior.
4020,111.1,StoreC,NORMAL,This transaction amount ($111.1) falls within the typical range of spending.
3351,3.49,StoreB,ANOMALY,This transaction amount ($3.49) is extremely low and may indicate refund fraud or abnormal behavior.
6221,318.59,StoreB,NORMAL,This transaction amount ($318.59) is typical for normal spending behavior.
5859,152.91,StoreC,NORMAL,This transaction amount ($152.91) is typical for normal spending behavior.
8826,146.99,OutlierMallY,ANOMALY,"This transaction occurred at an unusual location ('OutlierMallY'), which is not typical for normal spending."
2309,199.13,StoreA,NORMAL,This transaction amount ($199.13) is typical for normal spending behavior.
2203,253.34,StoreB,NORMAL,This transaction amount ($253.34) is typical for normal spending behavior.
3817,212.1,OutlierMallY,ANOMALY,"This transaction occurred at an unusual location ('OutlierMallY'), which is not typical for normal spending."
6682,215.64,StoreB,NORMAL,This transaction amount ($215.64) is typical for normal spending behavior.
6759,218.46,StoreA,NORMAL,This transaction amount ($218.46) is typical for normal spending behavior.
7523,216.64,StoreB,NORMAL,This transaction amount ($216.64) is typical for normal spending behavior.
8333,3812.85,StoreC,ANOMALY,This transaction amount ($3812.85) is unusually high compared to normal spending levels.
9041,6578.85,StoreA,ANOMALY,This transaction amount ($6578.85) is unusually high compared to normal spending levels.
2602,4883.59,StoreB,ANOMALY,This transaction amount ($4883.59) is unusually high compared to normal spending levels.
1904,210.31,StoreB,NORMAL,This transaction amount ($210.31) is typical for normal spending behavior.
8407,202.28,StoreA,NORMAL,This transaction amount ($202.28) is typical for normal spending behavior.
3285,200.47,StoreA,NORMAL,This transaction amount ($200.47) is typical for normal spending behavior.
3349,219.28,StoreB,NORMAL,This transaction amount ($219.28) is typical for normal spending behavior.
7400,126.54,StoreA,NORMAL,This transaction amount ($126.54) is typical for normal spending behavior.
6311,139.18,StoreA,NORMAL,This transaction amount ($139.18) falls within the typical range of spending.
2748,188.82,RareStoreX,ANOMALY,"This transaction occurred at an unusual location ('RareStoreX'), which is not typical for normal spending."
4970,317.2,StoreA,NORMAL,This transaction amount ($317.2) is typical for normal spending behavior.
1349,246.58,OutlierMallY,ANOMALY,"This transaction occurred at an unusual location ('OutlierMallY'), which is not typical for normal spending."
4716,102.15,StoreC,NORMAL,This transaction amount ($102.15) falls within the typical range of spending.
2417,168.84,StoreA,NORMAL,This transaction amount ($168.84) is typical for normal spending behavior.
7184,90.76,StoreC,NORMAL,This transaction amount ($90.76) is typical for normal spending behavior.
1654,241.18,StoreA,NORMAL,This transaction amount ($241.18) is typical for normal spending behavior.
2363,210.19,OutlierMallY,ANOMALY,"This transaction occurred at an unusual location ('OutlierMallY'), which is not typical for normal spending."
6253,220.62,StoreB,NORMAL,This transaction amount ($220.62) is typical for normal spending behavior.
8890,186.85,StoreA,NORMAL,This transaction amount ($186.85) is typical for normal spending behavior.
9804,300.66,StoreB,NORMAL,This transaction amount ($300.66) is typical for normal spending behavior.
7405,1.61,StoreB,ANOMALY,This transaction amount ($1.61) is extremely low and may indicate refund fraud or abnormal behavior.
2501,141.06,StoreA,NORMAL,This transaction amount ($141.06) is typical for normal spending behavior.
9936,196.89,OutlierMallY,ANOMALY,"This transaction occurred at an unusual location ('OutlierMallY'), which is not typical for normal spending."
3722,212.75,StoreC,NORMAL,This transaction amount ($212.75) is typical for normal spending behavior.
6404,1.94,StoreC,ANOMALY,This transaction amount ($1.94) is extremely low and may indicate refund fraud or abnormal behavior.
4688,271.65,StoreA,NORMAL,This transaction amount ($271.65) is typical for normal spending behavior.
5137,182.63,RareStoreX,ANOMALY,"This transaction occurred at an unusual location ('RareStoreX'), which is not typical for normal spending."
9761,114.19,StoreC,NORMAL,This transaction amount ($114.19) is typical for normal spending behavior.
4735,266.49,StoreA,NORMAL,This transaction amount ($266.49) is typical for normal spending behavior.
8446,386.6,StoreC,NORMAL,This transaction amount ($386.6) is typical for normal spending behavior.
6400,3624.46,StoreA,ANOMALY,This transaction amount ($3624.46) is unusually high compared to normal spending levels.
2274,4.25,StoreA,ANOMALY,This transaction amount ($4.25) is extremely low and may indicate refund fraud or abnormal behavior.
2915,109.82,StoreA,NORMAL,This transaction amount ($109.82) is typical for normal spending behavior.
3738,220.51,StoreB,NORMAL,This transaction amount ($220.51) is typical for normal spending behavior.
1889,229.35,StoreC,NORMAL,This transaction amount ($229.35) is typical for normal spending behavior.
5277,204.07,StoreB,NORMAL,This transaction amount ($204.07) is typical for normal spending behavior.
4850,122.39,StoreC,NORMAL,This transaction amount ($122.39) is typical for normal spending behavior.
9796,7049.33,StoreC,ANOMALY,This transaction amount ($7049.33) is unusually high compared to normal spending levels.
3233,222.06,StoreA,NORMAL,This transaction amount ($222.06) is typical for normal spending behavior.
2946,152.67,StoreA,NORMAL,This transaction amount ($152.67) falls within the typical range of spending.
3883,4730.37,StoreA,ANOMALY,This transaction amount ($4730.37) is unusually high compared to normal spending levels.
8585,2.33,StoreA,ANOMALY,This transaction amount ($2.33) is extremely low and may indicate refund fraud or abnormal behavior.
9856,253.04,StoreC,NORMAL,This transaction amount ($253.04) is typical for normal spending behavior.
9910,81.31,StoreA,NORMAL,This transaction amount ($81.31) is typical for normal spending behavior.
7116,150.46,RareStoreX,ANOMALY,"This transaction occurred at an unusual location ('RareStoreX'), which is not typical for normal spending."
6672,237.77,StoreC,NORMAL,This transaction amount ($237.77) is typical for normal spending behavior.
1716,309.78,StoreB,NORMAL,This transaction amount ($309.78) is typical for normal spending behavior.
9583,115.11,StoreB,NORMAL,This transaction amount ($115.11) falls within the typical range of spending.
6092,400.0,StoreC,NORMAL,This transaction amount ($400.0) is typical for normal spending behavior.
4720,329.8,StoreC,NORMAL,This transaction amount ($329.8) is typical for normal spending behavior.
6021,70.83,StoreA,NORMAL,This transaction amount ($70.83) is typical for normal spending behavior.
8332,227.83,OutlierMallY,ANOMALY,"This transaction occurred at an unusual location ('OutlierMallY'), which is not typical for normal spending."
6322,261.95,StoreA,NORMAL,This transaction amount ($261.95) is typical for normal spending behavior.
6435,167.08,StoreB,NORMAL,This transaction amount ($167.08) is typical for normal spending behavior.
6499,183.21,StoreC,NORMAL,This transaction amount ($183.21) is typical for normal spending behavior.
4701,198.75,OutlierMallY,ANOMALY,"This transaction occurred at an unusual location ('OutlierMallY'), which is not typical for normal spending."
9521,190.32,StoreB,NORMAL,This transaction amount ($190.32) is typical for normal spending behavior.
6073,234.19,StoreC,NORMAL,This transaction amount ($234.19) is typical for normal spending behavior.
2755,240.28,StoreB,NORMAL,This transaction amount ($240.28) is typical for normal spending behavior.
2098,172.81,StoreA,NORMAL,This transaction amount ($172.81) is typical for normal spending behavior.
5927,320.74,StoreC,NORMAL,This transaction amount ($320.74) is typical for normal spending behavior.
5660,6127.2,StoreC,ANOMALY,This transaction amount ($6127.2) is unusually high compared to normal spending levels.
3429,146.16,StoreC,NORMAL,This transaction amount ($146.16) is typical for normal spending behavior.
2373,117.8,StoreB,NORMAL,This transaction amount ($117.8) falls within the typical range of spending.
7421,2552.72,StoreC,ANOMALY,This transaction amount ($2552.72) is unusually high compared to normal spending levels.
3159,7904.02,StoreB,ANOMALY,This transaction amount ($7904.02) is unusually high compared to normal spending levels.
4160,228.32,StoreB,NORMAL,This transaction amount ($228.32) is typical for normal spending behavior.
8320,155.45,StoreB,NORMAL,This transaction amount ($155.45) is typical for normal spending behavior.
1607,114.62,StoreB,NORMAL,This transaction amount ($114.62) is typical for normal spending behavior.
7028,6614.61,StoreB,ANOMALY,This transaction amount ($6614.61) is unusually high compared to normal spending levels.
7755,100.33,StoreA,NORMAL,This transaction amount ($100.33) falls within the typical range of spending.
9727,64.2,StoreC,NORMAL,This transaction amount ($64.2) falls within the typical range of spending.
8226,228.16,StoreB,NORMAL,This transaction amount ($228.16) is typical for normal spending behavior.
5100,4.84,StoreB,ANOMALY,This transaction amount ($4.84) is extremely low and may indicate refund fraud or abnormal behavior.
1101,2903.61,StoreA,ANOMALY,This transaction amount ($2903.61) is unusually high compared to normal spending levels.
3270,1.9,StoreA,ANOMALY,This transaction amount ($1.9) is extremely low and may indicate refund fraud or abnormal behavior.
2970,1.23,StoreA,ANOMALY,This transaction amount ($1.23) is extremely low and may indicate refund fraud or abnormal behavior.
8953,303.48,StoreB,NORMAL,This transaction amount ($303.48) is typical for normal spending behavior.
1617,197.2,OutlierMallY,ANOMALY,"This transaction occurred at an unusual location ('OutlierMallY'), which is not typical for normal spending."
3488,266.42,StoreB,NORMAL,This transaction amount ($266.42) is typical for normal spending behavior.
1513,7832.65,StoreB,ANOMALY,This transaction amount ($7832.65) is unusually high compared to normal spending levels.
2064,4089.27,StoreA,ANOMALY,This transaction amount ($4089.27) is unusually high compared to normal spending levels.
1886,119.68,StoreB,NORMAL,This transaction amount ($119.68) is typical for normal spending behavior.
9576,3723.91,StoreA,ANOMALY,This transaction amount ($3723.91) is unusually high compared to normal spending levels.
4301,172.74,OutlierMallY,ANOMALY,"This transaction occurred at an unusual location ('OutlierMallY'), which is not typical for normal spending."
1320,198.36,StoreA,NORMAL,This transaction amount ($198.36) is typical for normal spending behavior.
8164,220.47,StoreC,NORMAL,This transaction amount ($220.47) is typical for normal spending behavior.
4799,166.87,StoreC,NORMAL,This transaction amount ($166.87) is typical for normal spending behavior.
5407,3813.01,StoreA,ANOMALY,This transaction amount ($3813.01) is unusually high compared to normal spending levels.
5862,6389.99,StoreA,ANOMALY,This transaction amount ($6389.99) is unusually high compared to normal spending levels.
1264,165.09,StoreB,NORMAL,This transaction amount ($165.09) is typical for normal spending behavior.
6724,145.76,StoreA,NORMAL,This transaction amount ($145.76) is typical for normal spending behavior.
2517,2950.83,StoreA,ANOMALY,This transaction amount ($2950.83) is unusually high compared to normal spending levels.
5735,3.94,StoreB,ANOMALY,This transaction amount ($3.94) is extremely low and may indicate refund fraud or abnormal behavior.
2736,89.87,StoreC,NORMAL,This transaction amount ($89.87) falls within the typical range of spending.
6363,83.82,StoreA,NORMAL,This transaction amount ($83.82) falls within the typical range of spending.
8378,145.66,StoreB,NORMAL,This transaction amount ($145.66) is typical for normal spending behavior.
1207,226.97,StoreA,NORMAL,This transaction amount ($226.97) is typical for normal spending behavior.
1986,170.41,StoreC,NORMAL,This transaction amount ($170.41) is typical for normal spending behavior.
5840,90.38,StoreB,NORMAL,This transaction amount ($90.38) falls within the typical range of spending.
5145,119.58,StoreC,NORMAL,This transaction amount ($119.58) falls within the typical range of spending.
2616,223.54,StoreA,NORMAL,This transaction amount ($223.54) is typical for normal spending behavior.
4237,6777.97,StoreA,ANOMALY,This transaction amount ($6777.97) is unusually high compared to normal spending levels.
9501,3.11,StoreC,ANOMALY,This transaction amount ($3.11) is extremely low and may indicate refund fraud or abnormal behavior.
1253,1.49,StoreC,ANOMALY,This transaction amount ($1.49) is extremely low and may indicate refund fraud or abnormal behavior.
9664,194.07,StoreB,NORMAL,This transaction amount ($194.07) is typical for normal spending behavior.
6555,145.52,StoreC,NORMAL,This transaction amount ($145.52) is typical for normal spending behavior.
8252,250.37,StoreA,NORMAL,This transaction amount ($250.37) is typical for normal spending behavior.
7254,3529.48,StoreC,ANOMALY,This transaction amount ($3529.48) is unusually high compared to normal spending levels.
7704,229.8,StoreB,NORMAL,This transaction amount ($229.8) is typical for normal spending behavior.
3911,107.43,StoreB,NORMAL,This transaction amount ($107.43) is typical for normal spending behavior.
2141,7697.94,StoreB,ANOMALY,This transaction amount ($7697.94) is unusually high compared to normal spending levels.
7694,149.89,StoreA,NORMAL,This transaction amount ($149.89) is typical for normal spending behavior.
6463,167.23,StoreB,NORMAL,This transaction amount ($167.23) is typical for normal spending behavior.
7536,4636.02,StoreA,ANOMALY,This transaction amount ($4636.02) is unusually high compared to normal spending levels.
7227,168.47,RareStoreX,ANOMALY,"This transaction occurred at an unusual location ('RareStoreX'), which is not typical for normal spending."
7724,193.97,StoreC,NORMAL,This transaction amount ($193.97) falls within the typical range of spending.
4695,274.81,StoreC,NORMAL,This transaction amount ($274.81) is typical for normal spending behavior.
1047,99.5,StoreA,NORMAL,This transaction amount ($99.5) falls within the typical range of spending.
4645,97.21,StoreC,NORMAL,This transaction amount ($97.21) is typical for normal spending behavior.
2717,7812.73,StoreA,ANOMALY,This transaction amount ($7812.73) is unusually high compared to normal spending levels.
1684,181.95,StoreB,NORMAL,This transaction amount ($181.95) is typical for normal spending behavior.
9368,135.75,StoreB,NORMAL,This transaction amount ($135.75) is typical for normal spending behavior.
5960,7440.54,StoreB,ANOMALY,This transaction amount ($7440.54) is unusually high compared to normal spending levels.
9066,4548.57,StoreB,ANOMALY,This transaction amount ($4548.57) is unusually high compared to normal spending levels.
4412,296.73,StoreA,NORMAL,This transaction amount ($296.73) is typical for normal spending behavior.
6751,79.01,StoreB,NORMAL,This transaction amount ($79.01) falls within the typical range of spending.
1107,7680.51,StoreC,ANOMALY,This transaction amount ($7680.51) is unusually high compared to normal spending levels.
1947,5170.85,StoreC,ANOMALY,This transaction amount ($5170.85) is unusually high compared to normal spending levels.
2559,216.02,StoreB,NORMAL,This transaction amount ($216.02) is typical for normal spending behavior.
6976,217.61,StoreC,NORMAL,This transaction amount ($217.61) is typical for normal spending behavior.
5770,110.21,StoreA,NORMAL,This transaction amount ($110.21) falls within the typical range of spending.
6781,314.07,StoreB,NORMAL,This transaction amount ($314.07) is typical for normal spending behavior.
5759,96.45,StoreC,NORMAL,This transaction amount ($96.45) is typical for normal spending behavior.
1243,179.96,StoreB,NORMAL,This transaction amount ($179.96) is typical for normal spending behavior.
2649,182.72,RareStoreX,ANOMALY,"This transaction occurred at an unusual location ('RareStoreX'), which is not typical for normal spending."
1514,113.32,StoreA,NORMAL,This transaction amount ($113.32) falls within the typical range of spending.
6060,4810.74,StoreB,ANOMALY,This transaction amount ($4810.74) is unusually high compared to normal spending levels.
4204,2509.49,StoreC,ANOMALY,This transaction amount ($2509.49) is unusually high compared to normal spending levels.
1393,2.86,StoreB,ANOMALY,This transaction amount ($2.86) is extremely low and may indicate refund fraud or abnormal behavior.
3184,133.07,StoreC,NORMAL,This transaction amount ($133.07) falls within the typical range of spending.
1615,167.84,StoreA,NORMAL,This transaction amount ($167.84) falls within the typical range of spending.
9325,242.49,StoreB,NORMAL,This transaction amount ($242.49) is typical for normal spending behavior.
2036,144.67,StoreA,NORMAL,This transaction amount ($144.67) is typical for normal spending behavior.
9912,6723.66,StoreB,ANOMALY,This transaction amount ($6723.66) is unusually high compared to normal spending levels.
4556,101.81,StoreC,NORMAL,This transaction amount ($101.81) falls within the typical range of spending.
9810,4684.34,StoreB,ANOMALY,This transaction amount ($4684.34) is unusually high compared to normal spending levels.
3603,220.26,StoreB,NORMAL,This transaction amount ($220.26) is typical for normal spending behavior.
8422,180.51,StoreB,NORMAL,This transaction amount ($180.51) is typical for normal spending behavior.
8478,253.7,StoreA,NORMAL,This transaction amount ($253.7) is typical for normal spending behavior.
7622,351.62,StoreC,NORMAL,This transaction amount ($351.62) is typical for normal spending behavior.
4771,81.47,StoreB,NORMAL,This transaction amount ($81.47) is typical for normal spending behavior.
3429,7622.47,StoreB,ANOMALY,This transaction amount ($7622.47) is unusually high compared to normal spending levels.
5920,238.45,StoreA,NORMAL,This transaction amount ($238.45) is typical for normal spending behavior.
2125,168.64,StoreB,NORMAL,This transaction amount ($168.64) is typical for normal spending behavior.
1671,223.21,StoreA,NORMAL,This transaction amount ($223.21) is typical for normal spending behavior.
6700,5185.86,StoreC,ANOMALY,This transaction amount ($5185.86) is unusually high compared to normal spending levels.
4241,148.03,StoreB,NORMAL,This transaction amount ($148.03) is typical for normal spending behavior.
6075,107.15,RareStoreX,ANOMALY,"This transaction occurred at an unusual location ('RareStoreX'), which is not typical for normal spending."
2184,234.39,StoreC,NORMAL,This transaction amount ($234.39) is typical for normal spending behavior.
8173,94.35,StoreA,NORMAL,This transaction amount ($94.35) is typical for normal spending behavior.
9553,2.48,StoreA,ANOMALY,This transaction amount ($2.48) is extremely low and may indicate refund fraud or abnormal behavior.
6849,72.1,StoreC,NORMAL,This transaction amount ($72.1) falls within the typical range of spending.
1060,124.78,StoreA,NORMAL,This transaction amount ($124.78) falls within the typical range of spending.
6009,217.15,StoreA,NORMAL,This transaction amount ($217.15) is typical for normal spending behavior.
3483,4752.23,StoreA,ANOMALY,This transaction amount ($4752.23) is unusually high compared to normal spending levels.
3268,136.26,StoreB,NORMAL,This transaction amount ($136.26) is typical for normal spending behavior.
9414,209.89,StoreC,NORMAL,This transaction amount ($209.89) is typical for normal spending behavior.
4422,2.87,StoreA,ANOMALY,This transaction amount ($2.87) is extremely low and may indicate refund fraud or abnormal behavior.
5541,230.16,StoreC,NORMAL,This transaction amount ($230.16) is typical for normal spending behavior.
1285,169.84,StoreB,NORMAL,This transaction amount ($169.84) falls within the typical range of spending.
5420,7842.13,StoreC,ANOMALY,This transaction amount ($7842.13) is unusually high compared to normal spending levels.
2569,166.89,StoreB,NORMAL,This transaction amount ($166.89) is typical for normal spending behavior.
2468,297.23,OutlierMallY,ANOMALY,"This transaction occurred at an unusual location ('OutlierMallY'), which is not typical for normal spending."
2038,116.77,StoreB,NORMAL,This transaction amount ($116.77) falls within the typical range of spending.
1969,153.3,StoreA,NORMAL,This transaction amount ($153.3) is typical for normal spending behavior.
9167,143.97,StoreA,NORMAL,This transaction amount ($143.97) falls within the typical range of spending.
2564,237.24,StoreA,NORMAL,This transaction amount ($237.24) is typical for normal spending behavior.
8573,242.27,StoreA,NORMAL,This transaction amount ($242.27) is typical for normal spending behavior.
1556,215.22,StoreA,NORMAL,This transaction amount ($215.22) is typical for normal spending behavior.
5274,185.56,StoreC,NORMAL,This transaction amount ($185.56) is typical for normal spending behavior.
1473,265.95,RareStoreX,ANOMALY,"This transaction occurred at an unusual location ('RareStoreX'), which is not typical for normal spending."
8809,2.06,StoreA,ANOMALY,This transaction amount ($2.06) is extremely low and may indicate refund fraud or abnormal behavior.
2145,234.44,StoreB,NORMAL,This transaction amount ($234.44) is typical for normal spending behavior.
2460,188.56,StoreB,NORMAL,This transaction amount ($188.56) is typical for normal spending behavior.
2151,221.85,StoreB,NORMAL,This transaction amount ($221.85) is typical for normal spending behavior.
3545,7093.69,StoreB,ANOMALY,This transaction amount ($7093.69) is unusually high compared to normal spending levels.
4130,3.28,StoreB,ANOMALY,This transaction amount ($3.28) is extremely low and may indicate refund fraud or abnormal behavior.
7338,220.05,StoreC,NORMAL,This transaction amount ($220.05) is typical for normal spending behavior.
8741,194.99,StoreB,NORMAL,This transaction amount ($194.99) is typical for normal spending behavior.
3263,256.45,StoreA,NORMAL,This transaction amount ($256.45) is typical for normal spending behavior.
4541,150.97,StoreB,NORMAL,This transaction amount ($150.97) is typical for normal spending behavior.
6839,125.26,StoreA,NORMAL,This transaction amount ($125.26) is typical for normal spending behavior.
9073,192.7,StoreA,NORMAL,This transaction amount ($192.7) is typical for normal spending behavior.
9452,2673.88,StoreB,ANOMALY,This transaction amount ($2673.88) is unusually high compared to normal spending levels.
1954,111.28,StoreC,NORMAL,This transaction amount ($111.28) is typical for normal spending behavior.
3317,184.23,StoreA,NORMAL,This transaction amount ($184.23) is typical for normal spending behavior.
5419,183.39,StoreC,NORMAL,This transaction amount ($183.39) is typical for normal spending behavior.
7575,166.25,StoreA,NORMAL,This transaction amount ($166.25) is typical for normal spending behavior.
2193,187.82,StoreA,NORMAL,This transaction amount ($187.82) is typical for normal spending behavior.
6105,113.02,StoreC,NORMAL,This transaction amount ($113.02) is typical for normal spending behavior.
4612,139.25,RareStoreX,ANOMALY,"This transaction occurred at an unusual location ('RareStoreX'), which is not typical for normal spending."
5005,275.94,StoreB,NORMAL,This transaction amount ($275.94) is typical for normal spending behavior.
9569,204.11,StoreA,NORMAL,This transaction amount ($204.11) is typical for normal spending behavior.
2565,184.12,StoreB,NORMAL,This transaction amount ($184.12) is typical for normal spending behavior.
9650,157.12,StoreB,NORMAL,This transaction amount ($157.12) is typical for normal spending behavior.
5215,3.82,StoreB,ANOMALY,This transaction amount ($3.82) is extremely low and may indicate refund fraud or abnormal behavior.
3855,208.81,StoreC,NORMAL,This transaction amount ($208.81) is typical for normal spending behavior.
3124,132.75,StoreC,NORMAL,This transaction amount ($132.75) falls within the typical range of spending.
7630,255.98,OutlierMallY,ANOMALY,"This transaction occurred at an unusual location ('OutlierMallY'), which is not typical for normal spending."
3963,222.33,StoreA,NORMAL,This transaction amount ($222.33) is typical for normal spending behavior.
9590,170.79,StoreA,NORMAL,This transaction amount ($170.79) falls within the typical range of spending.
1296,256.31,RareStoreX,ANOMALY,"This transaction occurred at an unusual location ('RareStoreX'), which is not typical for normal spending."
2848,230.65,StoreB,NORMAL,This transaction amount ($230.65) is typical for normal spending behavior.
9546,159.81,StoreB,NORMAL,This transaction amount ($159.81) falls within the typical range of spending.
6273,211.84,StoreC,NORMAL,This transaction amount ($211.84) is typical for normal spending behavior.
1821,211.89,StoreC,NORMAL,This transaction amount ($211.89) is typical for normal spending behavior.
2231,184.47,StoreC,NORMAL,This transaction amount ($184.47) is typical for normal spending behavior.
6984,5312.28,StoreC,ANOMALY,This transaction amount ($5312.28) is unusually high compared to normal spending levels.
7957,163.72,StoreB,NORMAL,This transaction amount ($163.72) is typical for normal spending behavior.
1941,161.15,StoreC,NORMAL,This transaction amount ($161.15) is typical for normal spending behavior.
5747,332.75,StoreB,NORMAL,This transaction amount ($332.75) is typical for normal spending behavior.
8120,163.53,RareStoreX,ANOMALY,"This transaction occurred at an unusual location ('RareStoreX'), which is not typical for normal spending."
6844,215.62,StoreC,NORMAL,This transaction amount ($215.62) is typical for normal spending behavior.
5808,235.18,StoreC,NORMAL,This transaction amount ($235.18) is typical for normal spending behavior.
7834,3331.39,StoreB,ANOMALY,This transaction amount ($3331.39) is unusually high compared to normal spending levels.
8619,214.7,StoreC,NORMAL,This transaction amount ($214.7) is typical for normal spending behavior.
5087,287.06,StoreC,NORMAL,This transaction amount ($287.06) is typical for normal spending behavior.
9220,52.82,StoreB,NORMAL,This transaction amount ($52.82) falls within the typical range of spending.
9914,221.12,OutlierMallY,ANOMALY,"This transaction occurred at an unusual location ('OutlierMallY'), which is not typical for normal spending."
9378,236.41,StoreC,NORMAL,This transaction amount ($236.41) is typical for normal spending behavior.
9880,220.85,StoreA,NORMAL,This transaction amount ($220.85) is typical for normal spending behavior.
3211,6095.84,StoreA,ANOMALY,This transaction amount ($6095.84) is unusually high compared to normal spending levels.
7269,172.86,StoreA,NORMAL,This transaction amount ($172.86) is typical for normal spending behavior.
5435,0.81,StoreA,ANOMALY,This transaction amount ($0.81) is extremely low and may indicate refund fraud or abnormal behavior.
7732,150.67,StoreC,NORMAL,This transaction amount ($150.67) falls within the typical range of spending.
1307,266.06,StoreB,NORMAL,This transaction amount ($266.06) is typical for normal spending behavior.
9584,152.27,StoreA,NORMAL,This transaction amount ($152.27) is typical for normal spending behavior.
3152,266.35,OutlierMallY,ANOMALY,"This transaction occurred at an unusual location ('OutlierMallY'), which is not typical for normal spending."
9898,107.62,StoreA,NORMAL,This transaction amount ($107.62) falls within the typical range of spending.
8179,272.43,OutlierMallY,ANOMALY,"This transaction occurred at an unusual location ('OutlierMallY'), which is not typical for normal spending."
3962,81.86,StoreC,NORMAL,This transaction amount ($81.86) is typical for normal spending behavior.
7741,224.06,OutlierMallY,ANOMALY,"This transaction occurred at an unusual location ('OutlierMallY'), which is not typical for normal spending."
7059,185.33,StoreA,NORMAL,This transaction amount ($185.33) falls within the typical range of spending.
2649,219.3,StoreC,NORMAL,This transaction amount ($219.3) is typical for normal spending behavior.
1968,165.88,StoreB,NORMAL,This transaction amount ($165.88) falls within the typical range of spending.
9202,198.24,RareStoreX,ANOMALY,"This transaction occurred at an unusual location ('RareStoreX'), which is not typical for normal spending."
1162,165.58,StoreC,NORMAL,This transaction amount ($165.58) is typical for normal spending behavior.
8951,87.49,StoreB,NORMAL,This transaction amount ($87.49) is typical for normal spending behavior.
2918,166.15,StoreA,NORMAL,This transaction amount ($166.15) is typical for normal spending behavior.
7871,3.35,StoreC,ANOMALY,This transaction amount ($3.35) is extremely low and may indicate refund fraud or abnormal behavior.
7784,148.32,StoreC,NORMAL,This transaction amount ($148.32) is typical for normal spending behavior.
2715,212.76,StoreA,NORMAL,This transaction amount ($212.76) is typical for normal spending behavior.
4419,6234.88,StoreB,ANOMALY,This transaction amount ($6234.88) is unusually high compared to normal spending levels.
5559,3709.59,StoreC,ANOMALY,This transaction amount ($3709.59) is unusually high compared to normal spending levels.
2423,225.3,StoreC,NORMAL,This transaction amount ($225.3) is typical for normal spending behavior.
6022,223.88,OutlierMallY,ANOMALY,"This transaction occurred at an unusual location ('OutlierMallY'), which is not typical for normal spending."
9484,164.01,RareStoreX,ANOMALY,"This transaction occurred at an unusual location ('RareStoreX'), which is not typical for normal spending."
8909,1.53,StoreA,ANOMALY,This transaction amount ($1.53) is extremely low and may indicate refund fraud or abnormal behavior.
4675,225.8,StoreB,NORMAL,This transaction amount ($225.8) is typical for normal spending behavior.
3753,157.83,RareStoreX,ANOMALY,"This transaction occurred at an unusual location ('RareStoreX'), which is not typical for normal spending."
1484,230.79,OutlierMallY,ANOMALY,"This transaction occurred at an unusual location ('OutlierMallY'), which is not typical for normal spending."
3419,235.59,StoreA,NORMAL,This transaction amount ($235.59) is typical for normal spending behavior.
3072,211.52,StoreA,NORMAL,This transaction amount ($211.52) is typical for normal spending behavior.
4131,177.66,StoreB,NORMAL,This transaction amount ($177.66) is typical for normal spending behavior.
3700,3997.36,StoreC,ANOMALY,This transaction amount ($3997.36) is unusually high compared to normal spending levels.
1223,113.7,StoreB,NORMAL,This transaction amount ($113.7) is typical for normal spending behavior.
7023,6288.77,StoreB,ANOMALY,This transaction amount ($6288.77) is unusually high compared to normal spending levels.
1661,225.44,StoreA,NORMAL,This transaction amount ($225.44) is typical for normal spending behavior.
7276,137.05,StoreB,NORMAL,This transaction amount ($137.05) falls within the typical range of spending.
2751,205.14,StoreB,NORMAL,This transaction amount ($205.14) is typical for normal spending behavior.
5326,193.12,StoreA,NORMAL,This transaction amount ($193.12) falls within the typical range of spending.
3701,185.01,OutlierMallY,ANOMALY,"This transaction occurred at an unusual location ('OutlierMallY'), which is not typical for normal spending."
7666,260.21,StoreB,NORMAL,This transaction amount ($260.21) is typical for normal spending behavior.
9071,179.04,StoreB,NORMAL,This transaction amount ($179.04) is typical for normal spending behavior.
6923,7211.21,StoreA,ANOMALY,This transaction amount ($7211.21) is unusually high compared to normal spending levels.
6328,195.11,StoreB,NORMAL,This transaction amount ($195.11) is typical for normal spending behavior.
9524,3665.9,StoreB,ANOMALY,This transaction amount ($3665.9) is unusually high compared to normal spending levels.
2158,6550.72,StoreB,ANOMALY,This transaction amount ($6550.72) is unusually high compared to normal spending levels.
3681,6455.98,StoreB,ANOMALY,This transaction amount ($6455.98) is unusually high compared to normal spending levels.
4642,168.96,StoreA,NORMAL,This transaction amount ($168.96) is typical for normal spending behavior.
6559,202.63,StoreB,NORMAL,This transaction amount ($202.63) is typical for normal spending behavior.
9458,291.28,StoreB,NORMAL,This transaction amount ($291.28) is typical for normal spending behavior.
9643,3.69,StoreC,ANOMALY,This transaction amount ($3.69) is extremely low and may indicate refund fraud or abnormal behavior.
5261,146.8,StoreC,NORMAL,This transaction amount ($146.8) is typical for normal spending behavior.
2377,151.7,StoreC,NORMAL,This transaction amount ($151.7) is typical for normal spending behavior.
4920,2699.39,StoreC,ANOMALY,This transaction amount ($2699.39) is unusually high compared to normal spending levels.
1104,97.56,StoreB,NORMAL,This transaction amount ($97.56) is typical for normal spending behavior.
6748,104.75,StoreA,NORMAL,This transaction amount ($104.75) falls within the typical range of spending.
3600,50.91,StoreA,NORMAL,This transaction amount ($50.91) falls within the typical range of spending.
2559,232.93,StoreA,NORMAL,This transaction amount ($232.93) is typical for normal spending behavior.
1198,3058.56,StoreC,ANOMALY,This transaction amount ($3058.56) is unusually high compared to normal spending levels.
7129,288.9,StoreA,NORMAL,This transaction amount ($288.9) is typical for normal spending behavior.
2059,159.34,OutlierMallY,ANOMALY,"This transaction occurred at an unusual location ('OutlierMallY'), which is not typical for normal spending."
7762,3.99,StoreA,ANOMALY,This transaction amount ($3.99) is extremely low and may indicate refund fraud or abnormal behavior.
7276,3623.47,StoreB,ANOMALY,This transaction amount ($3623.47) is unusually high compared to normal spending levels.
4677,207.53,StoreC,NORMAL,This transaction amount ($207.53) is typical for normal spending behavior.
3526,281.23,StoreC,NORMAL,This transaction amount ($281.23) is typical for normal spending behavior.
1088,186.48,OutlierMallY,ANOMALY,"This transaction occurred at an unusual location ('OutlierMallY'), which is not typical for normal spending."
4390,6993.41,StoreB,ANOMALY,This transaction amount ($6993.41) is unusually high compared to normal spending levels.
2081,250.04,StoreB,NORMAL,This transaction amount ($250.04) is typical for normal spending behavior.
7838,1.43,StoreA,ANOMALY,This transaction amount ($1.43) is extremely low and may indicate refund fraud or abnormal behavior.
1205,119.08,StoreB,NORMAL,This transaction amount ($119.08) falls within the typical range of spending.
8259,272.02,StoreC,NORMAL,This transaction amount ($272.02) is typical for normal spending behavior.
7461,268.39,StoreC,NORMAL,This transaction amount ($268.39) is typical for normal spending behavior.
9126,132.02,StoreC,NORMAL,This transaction amount ($132.02) falls within the typical range of spending.
1140,3069.24,StoreA,ANOMALY,This transaction amount ($3069.24) is unusually high compared to normal spending levels.
9168,202.48,StoreC,NORMAL,This transaction amount ($202.48) is typical for normal spending behavior.
9283,278.2,StoreA,NORMAL,This transaction amount ($278.2) is typical for normal spending behavior.
9252,336.29,StoreB,NORMAL,This transaction amount ($336.29) is typical for normal spending behavior.
9749,178.5,StoreB,NORMAL,This transaction amount ($178.5) is typical for normal spending behavior.
7841,245.62,StoreC,NORMAL,This transaction amount ($245.62) is typical for normal spending behavior.
2344,195.7,StoreC,NORMAL,This transaction amount ($195.7) is typical for normal spending behavior.
2068,227.86,StoreA,NORMAL,This transaction amount ($227.86) is typical for normal spending behavior.
5636,216.04,StoreB,NORMAL,This transaction amount ($216.04) is typical for normal spending behavior.
9933,6436.21,StoreA,ANOMALY,This transaction amount ($6436.21) is unusually high compared to normal spending levels.
6404,79.85,StoreC,NORMAL,This transaction amount ($79.85) falls within the typical range of spending.
5510,0.87,StoreC,ANOMALY,This transaction amount ($0.87) is extremely low and may indicate refund fraud or abnormal behavior.
9867,263.44,StoreB,NORMAL,This transaction amount ($263.44) is typical for normal spending behavior.
9738,288.67,StoreA,NORMAL,This transaction amount ($288.67) is typical for normal spending behavior.
7849,190.92,StoreB,NORMAL,This transaction amount ($190.92) is typical for normal spending behavior.
3217,68.41,StoreC,NORMAL,This transaction amount ($68.41) falls within the typical range of spending.
7649,3621.38,StoreC,ANOMALY,This transaction amount ($3621.38) is unusually high compared to normal spending levels.
8259,182.58,StoreC,NORMAL,This transaction amount ($182.58) falls within the typical range of spending.
4960,4673.32,StoreC,ANOMALY,This transaction amount ($4673.32) is unusually high compared to normal spending levels.
3520,4433.4,StoreB,ANOMALY,This transaction amount ($4433.4) is unusually high compared to normal spending levels.
5775,219.77,StoreB,NORMAL,This transaction amount ($219.77) is typical for normal spending behavior.
2407,258.29,StoreA,NORMAL,This transaction amount ($258.29) is typical for normal spending behavior.
3190,1.64,StoreC,ANOMALY,This transaction amount ($1.64) is extremely low and may indicate refund fraud or abnormal behavior.
2564,193.56,StoreA,NORMAL,This transaction amount ($193.56) is typical for normal spending behavior.
1275,0.53,StoreB,ANOMALY,This transaction amount ($0.53) is extremely low and may indicate refund fraud or abnormal behavior.
6534,208.45,StoreB,NORMAL,This transaction amount ($208.45) is typical for normal spending behavior.
6524,104.68,StoreB,NORMAL,This transaction amount ($104.68) falls within the typical range of spending.
3807,6848.26,StoreA,ANOMALY,This transaction amount ($6848.26) is unusually high compared to normal spending levels.
2014,183.12,StoreB,NORMAL,This transaction amount ($183.12) is typical for normal spending behavior.
7446,7426.18,StoreC,ANOMALY,This transaction amount ($7426.18) is unusually high compared to normal spending levels.
9250,271.69,StoreC,NORMAL,This transaction amount ($271.69) is typical for normal spending behavior.
5428,187.73,StoreB,NORMAL,This transaction amount ($187.73) is typical for normal spending behavior.
2667,187.16,StoreC,NORMAL,This transaction amount ($187.16) is typical for normal spending behavior.
8194,255.57,StoreB,NORMAL,This transaction amount ($255.57) is typical for normal spending behavior.
3296,56.45,StoreB,NORMAL,This transaction amount ($56.45) falls within the typical range of spending.
3007,278.43,StoreB,NORMAL,This transaction amount ($278.43) is typical for normal spending behavior.
6125,4804.17,StoreC,ANOMALY,This transaction amount ($4804.17) is unusually high compared to normal spending levels.
4614,188.93,StoreB,NORMAL,This transaction amount ($188.93) is typical for normal spending behavior.
8490,4981.68,StoreA,ANOMALY,This transaction amount ($4981.68) is unusually high compared to normal spending levels.
4793,262.39,StoreA,NORMAL,This transaction amount ($262.39) is typical for normal spending behavior.
2746,196.12,StoreB,NORMAL,This transaction amount ($196.12) is typical for normal spending behavior.
4724,6934.15,StoreB,ANOMALY,This transaction amount ($6934.15) is unusually high compared to normal spending levels.
4641,271.83,OutlierMallY,ANOMALY,"This transaction occurred at an unusual location ('OutlierMallY'), which is not typical for normal spending."
6938,93.28,StoreB,NORMAL,This transaction amount ($93.28) is typical for normal spending behavior.
5150,107.06,StoreA,NORMAL,This transaction amount ($107.06) is typical for normal spending behavior.
6587,2.57,StoreA,ANOMALY,This transaction amount ($2.57) is extremely low and may indicate refund fraud or abnormal behavior.
3422,239.3,StoreB,NORMAL,This transaction amount ($239.3) is typical for normal spending behavior.
9802,235.84,StoreB,NORMAL,This transaction amount ($235.84) is typical for normal spending behavior.
3916,174.75,StoreC,NORMAL,This transaction amount ($174.75) is typical for normal spending behavior.
2161,1.92,StoreB,ANOMALY,This transaction amount ($1.92) is extremely low and may indicate refund fraud or abnormal behavior.
4072,209.99,StoreC,NORMAL,This transaction amount ($209.99) is typical for normal spending behavior.
9340,154.87,StoreC,NORMAL,This transaction amount ($154.87) is typical for normal spending behavior.
1130,60.78,StoreA,NORMAL,This transaction amount ($60.78) falls within the typical range of spending.
5763,7341.6,StoreB,ANOMALY,This transaction amount ($7341.6) is unusually high compared to normal spending levels.
4557,205.2,StoreC,NORMAL,This transaction amount ($205.2) is typical for normal spending behavior.
3211,3524.83,StoreB,ANOMALY,This transaction amount ($3524.83) is unusually high compared to normal spending levels.
6670,128.13,StoreC,NORMAL,This transaction amount ($128.13) is typical for normal spending behavior.
7331,125.64,StoreA,NORMAL,This transaction amount ($125.64) is typical for normal spending behavior.
8374,118.16,StoreC,NORMAL,This transaction amount ($118.16) falls within the typical range of spending.
3886,2.13,StoreB,ANOMALY,This transaction amount ($2.13) is extremely low and may indicate refund fraud or abnormal behavior.
2560,197.26,StoreB,NORMAL,This transaction amount ($197.26) is typical for normal spending behavior.
9065,263.91,StoreA,NORMAL,This transaction amount ($263.91) is typical for normal spending behavior.
3800,163.2,StoreB,NORMAL,This transaction amount ($163.2) is typical for normal spending behavior.
3254,3.81,StoreB,ANOMALY,This transaction amount ($3.81) is extremely low and may indicate refund fraud or abnormal behavior.
6470,196.04,StoreC,NORMAL,This transaction amount ($196.04) is typical for normal spending behavior.
3186,145.72,StoreC,NORMAL,This transaction amount ($145.72) is typical for normal spending behavior.
7066,134.65,StoreC,NORMAL,This transaction amount ($134.65) falls within the typical range of spending.
1804,201.13,StoreA,NORMAL,This transaction amount ($201.13) is typical for normal spending behavior.
4967,184.84,OutlierMallY,ANOMALY,"This transaction occurred at an unusual location ('OutlierMallY'), which is not typical for normal spending."
9115,1.82,StoreA,ANOMALY,This transaction amount ($1.82) is extremely low and may indicate refund fraud or abnormal behavior.
7671,7583.31,StoreB,ANOMALY,This transaction amount ($7583.31) is unusually high compared to normal spending levels.
2031,7303.53,StoreC,ANOMALY,This transaction amount ($7303.53) is unusually high compared to normal spending levels.
6264,161.24,StoreB,NORMAL,This transaction amount ($161.24) is typical for normal spending behavior.
6295,175.58,StoreC,NORMAL,This transaction amount ($175.58) is typical for normal spending behavior.
2189,122.3,StoreA,NORMAL,This transaction amount ($122.3) is typical for normal spending behavior.
9614,190.4,RareStoreX,ANOMALY,"This transaction occurred at an unusual location ('RareStoreX'), which is not typical for normal spending."
4807,187.85,StoreC,NORMAL,This transaction amount ($187.85) is typical for normal spending behavior.
3224,146.39,StoreC,NORMAL,This transaction amount ($146.39) falls within the typical range of spending.
8369,0.84,StoreB,ANOMALY,This transaction amount ($0.84) is extremely low and may indicate refund fraud or abnormal behavior.
8610,197.18,StoreB,NORMAL,This transaction amount ($197.18) is typical for normal spending behavior.
5938,157.14,StoreC,NORMAL,This transaction amount ($157.14) is typical for normal spending behavior.
6130,231.35,StoreA,NORMAL,This transaction amount ($231.35) is typical for normal spending behavior.
9400,3.46,StoreC,ANOMALY,This transaction amount ($3.46) is extremely low and may indicate refund fraud or abnormal behavior.
6643,188.22,StoreB,NORMAL,This transaction amount ($188.22) is typical for normal spending behavior.
4629,259.79,StoreC,NORMAL,This transaction amount ($259.79) is typical for normal spending behavior.
4836,4.67,StoreA,ANOMALY,This transaction amount ($4.67) is extremely low and may indicate refund fraud or abnormal behavior.
9652,166.69,StoreC,NORMAL,This transaction amount ($166.69) is typical for normal spending behavior.
7766,275.43,StoreB,NORMAL,This transaction amount ($275.43) is typical for normal spending behavior.
2184,88.38,StoreC,NORMAL,This transaction amount ($88.38) falls within the typical range of spending.
6905,120.7,RareStoreX,ANOMALY,"This transaction occurred at an unusual location ('RareStoreX'), which is not typical for normal spending."
4891,156.01,StoreB,NORMAL,This transaction amount ($156.01) is typical for normal spending behavior.
6870,3.31,StoreB,ANOMALY,This transaction amount ($3.31) is extremely low and may indicate refund fraud or abnormal behavior.
9655,3065.45,StoreC,ANOMALY,This transaction amount ($3065.45) is unusually high compared to normal spending levels.
9005,4.48,StoreA,ANOMALY,This transaction amount ($4.48) is extremely low and may indicate refund fraud or abnormal behavior.
1091,180.67,RareStoreX,ANOMALY,"This transaction occurred at an unusual location ('RareStoreX'), which is not typical for normal spending."
3374,230.83,StoreB,NORMAL,This transaction amount ($230.83) is typical for normal spending behavior.
7759,237.77,OutlierMallY,ANOMALY,"This transaction occurred at an unusual location ('OutlierMallY'), which is not typical for normal spending."
7819,194.63,OutlierMallY,ANOMALY,"This transaction occurred at an unusual location ('OutlierMallY'), which is not typical for normal spending."
9265,2.95,StoreB,ANOMALY,This transaction amount ($2.95) is extremely low and may indicate refund fraud or abnormal behavior.
8876,168.3,StoreB,NORMAL,This transaction amount ($168.3) is typical for normal spending behavior.
6452,4.5,StoreC,ANOMALY,This transaction amount ($4.5) is extremely low and may indicate refund fraud or abnormal behavior.
8519,0.76,StoreB,ANOMALY,This transaction amount ($0.76) is extremely low and may indicate refund fraud or abnormal behavior.
1615,130.5,StoreB,NORMAL,This transaction amount ($130.5) is typical for normal spending behavior.
2353,204.61,StoreB,NORMAL,This transaction amount ($204.61) is typical for normal spending behavior.
2164,149.01,StoreC,NORMAL,This transaction amount ($149.01) is typical for normal spending behavior.
1837,234.48,OutlierMallY,ANOMALY,"This transaction occurred at an unusual location ('OutlierMallY'), which is not typical for normal spending."
1433,5550.19,StoreA,ANOMALY,This transaction amount ($5550.19) is unusually high compared to normal spending levels.
9106,1.47,StoreB,ANOMALY,This transaction amount ($1.47) is extremely low and may indicate refund fraud or abnormal behavior.
9360,225.79,RareStoreX,ANOMALY,"This transaction occurred at an unusual location ('RareStoreX'), which is not typical for normal spending."
7015,92.93,StoreC,NORMAL,This transaction amount ($92.93) falls within the typical range of spending.
2756,4854.7,StoreC,ANOMALY,This transaction amount ($4854.7) is unusually high compared to normal spending levels.
5377,207.38,StoreA,NORMAL,This transaction amount ($207.38) is typical for normal spending behavior.
8460,211.08,StoreC,NORMAL,This transaction amount ($211.08) is typical for normal spending behavior.
3665,184.85,StoreB,NORMAL,This transaction amount ($184.85) is typical for normal spending behavior.
5276,287.99,StoreC,NORMAL,This transaction amount ($287.99) is typical for normal spending behavior.
2753,5195.61,StoreA,ANOMALY,This transaction amount ($5195.61) is unusually high compared to normal spending levels.
7277,1.65,StoreA,ANOMALY,This transaction amount ($1.65) is extremely low and may indicate refund fraud or abnormal behavior.
7008,4249.73,StoreC,ANOMALY,This transaction amount ($4249.73) is unusually high compared to normal spending levels.
8410,177.69,StoreC,NORMAL,This transaction amount ($177.69) is typical for normal spending behavior.
9692,1.21,StoreB,ANOMALY,This transaction amount ($1.21) is extremely low and may indicate refund fraud or abnormal behavior.
9221,156.7,StoreB,NORMAL,This transaction amount ($156.7) is typical for normal spending behavior.
4941,7282.03,StoreB,ANOMALY,This transaction amount ($7282.03) is unusually high compared to normal spending levels.
8887,121.05,StoreC,NORMAL,This transaction amount ($121.05) is typical for normal spending behavior.
1989,171.5,StoreC,NORMAL,This transaction amount ($171.5) is typical for normal spending behavior.
6481,58.22,StoreC,NORMAL,This transaction amount ($58.22) is typical for normal spending behavior.
3667,175.81,RareStoreX,ANOMALY,"This transaction occurred at an unusual location ('RareStoreX'), which is not typical for normal spending."
5307,183.56,StoreB,NORMAL,This transaction amount ($183.56) falls within the typical range of spending.
1074,157.99,StoreB,NORMAL,This transaction amount ($157.99) is typical for normal spending behavior.
6684,64.29,StoreA,NORMAL,This transaction amount ($64.29) falls within the typical range of spending.
4933,265.49,StoreA,NORMAL,This transaction amount ($265.49) is typical for normal spending behavior.
3770,246.93,StoreC,NORMAL,This transaction amount ($246.93) is typical for normal spending behavior.
7131,303.95,StoreB,NORMAL,This transaction amount ($303.95) is typical for normal spending behavior.
3297,58.08,StoreA,NORMAL,This transaction amount ($58.08) falls within the typical range of spending.
9276,98.81,StoreC,NORMAL,This transaction amount ($98.81) falls within the typical range of spending.
9146,264.91,StoreB,NORMAL,This transaction amount ($264.91) is typical for normal spending behavior.
1246,172.56,StoreB,NORMAL,This transaction amount ($172.56) is typical for normal spending behavior.
5086,195.01,StoreA,NORMAL,This transaction amount ($195.01) is typical for normal spending behavior.
8978,116.17,StoreB,NORMAL,This transaction amount ($116.17) is typical for normal spending behavior.
5725,189.01,StoreA,NORMAL,This transaction amount ($189.01) is typical for normal spending behavior.
9921,115.44,StoreB,NORMAL,This transaction amount ($115.44) falls within the typical range of spending.
7398,232.0,StoreA,NORMAL,This transaction amount ($232.0) is typical for normal spending behavior.
9540,177.51,StoreB,NORMAL,This transaction amount ($177.51) is typical for normal spending behavior.
6666,216.8,StoreA,NORMAL,This transaction amount ($216.8) is typical for normal spending behavior.
1233,211.11,StoreC,NORMAL,This transaction amount ($211.11) is typical for normal spending behavior.
8999,219.18,StoreB,NORMAL,This transaction amount ($219.18) is typical for normal spending behavior.
5215,228.55,OutlierMallY,ANOMALY,"This transaction occurred at an unusual location ('OutlierMallY'), which is not typical for normal spending."
1716,247.74,RareStoreX,ANOMALY,"This transaction occurred at an unusual location ('RareStoreX'), which is not typical for normal spending."
3711,233.66,StoreC,NORMAL,This transaction amount ($233.66) is typical for normal spending behavior.
2119,71.76,StoreA,NORMAL,This transaction amount ($71.76) falls within the typical range of spending.
3803,226.63,StoreA,NORMAL,This transaction amount ($226.63) is typical for normal spending behavior.
8743,205.51,StoreC,NORMAL,This transaction amount ($205.51) is typical for normal spending behavior.
6873,197.07,StoreA,NORMAL,This transaction amount ($197.07) is typical for normal spending behavior.
2864,307.78,StoreA,NORMAL,This transaction amount ($307.78) is typical for normal spending behavior.
2434,129.57,StoreA,NORMAL,This transaction amount ($129.57) is typical for normal spending behavior.
5243,227.72,StoreC,NORMAL,This transaction amount ($227.72) is typical for normal spending behavior.
1919,154.62,StoreC,NORMAL,This transaction amount ($154.62) is typical for normal spending behavior.
5945,236.27,StoreB,NORMAL,This transaction amount ($236.27) is typical for normal spending behavior.
1949,161.54,StoreA,NORMAL,This transaction amount ($161.54) falls within the typical range of spending.
2832,232.08,StoreC,NORMAL,This transaction amount ($232.08) is typical for normal spending behavior.
7031,246.05,StoreA,NORMAL,This transaction amount ($246.05) is typical for normal spending behavior.
7711,74.81,StoreB,NORMAL,This transaction amount ($74.81) is typical for normal spending behavior.
7132,4.2,StoreC,ANOMALY,This transaction amount ($4.2) is extremely low and may indicate refund fraud or abnormal behavior.
9298,234.32,StoreC,NORMAL,This transaction amount ($234.32) is typical for normal spending behavior.
9022,183.89,StoreB,NORMAL,This transaction amount ($183.89) is typical for normal spending behavior.
1652,134.77,StoreC,NORMAL,This transaction amount ($134.77) is typical for normal spending behavior.
7825,211.86,StoreB,NORMAL,This transaction amount ($211.86) is typical for normal spending behavior.
6666,113.95,OutlierMallY,ANOMALY,"This transaction occurred at an unusual location ('OutlierMallY'), which is not typical for normal spending."
6153,269.65,StoreA,NORMAL,This transaction amount ($269.65) is typical for normal spending behavior.
8036,245.26,StoreC,NORMAL,This transaction amount ($245.26) is typical for normal spending behavior.
7832,102.75,StoreB,NORMAL,This transaction amount ($102.75) falls within the typical range of spending.
2654,5758.45,StoreA,ANOMALY,This transaction amount ($5758.45) is unusually high compared to normal spending levels.
8993,299.22,StoreC,NORMAL,This transaction amount ($299.22) is typical for normal spending behavior.
3667,3.1,StoreC,ANOMALY,This transaction amount ($3.1) is extremely low and may indicate refund fraud or abnormal behavior.
4367,225.53,StoreC,NORMAL,This transaction amount ($225.53) is typical for normal spending behavior.
7058,119.88,StoreA,NORMAL,This transaction amount ($119.88) is typical for normal spending behavior.
4825,170.97,RareStoreX,ANOMALY,"This transaction occurred at an unusual location ('RareStoreX'), which is not typical for normal spending."
4896,260.06,StoreA,NORMAL,This transaction amount ($260.06) is typical for normal spending behavior.
8973,166.55,StoreC,NORMAL,This transaction amount ($166.55) is typical for normal spending behavior.
6249,197.77,StoreB,NORMAL,This transaction amount ($197.77) is typical for normal spending behavior.
3989,81.33,StoreA,NORMAL,This transaction amount ($81.33) falls within the typical range of spending.
5275,3.55,StoreA,ANOMALY,This transaction amount ($3.55) is extremely low and may indicate refund fraud or abnormal behavior.
9414,3941.9,StoreB,ANOMALY,This transaction amount ($3941.9) is unusually high compared to normal spending levels.
5332,253.82,StoreB,NORMAL,This transaction amount ($253.82) is typical for normal spending behavior.
6424,232.84,RareStoreX,ANOMALY,"This transaction occurred at an unusual location ('RareStoreX'), which is not typical for normal spending."
6611,304.33,StoreC,NORMAL,This transaction amount ($304.33) is typical for normal spending behavior.
7948,248.48,StoreA,NORMAL,This transaction amount ($248.48) is typical for normal spending behavior.
1639,239.26,StoreA,NORMAL,This transaction amount ($239.26) is typical for normal spending behavior.
5573,169.58,StoreC,NORMAL,This transaction amount ($169.58) is typical for normal spending behavior.
8177,3334.17,StoreC,ANOMALY,This transaction amount ($3334.17) is unusually high compared to normal spending levels.
5513,164.84,StoreA,NORMAL,This transaction amount ($164.84) is typical for normal spending behavior.
4718,306.91,StoreB,NORMAL,This transaction amount ($306.91) is typical for normal spending behavior.
8288,215.66,StoreB,NORMAL,This transaction amount ($215.66) is typical for normal spending behavior.
5661,69.39,StoreC,NORMAL,This transaction amount ($69.39) falls within the typical range of spending.
6212,168.04,StoreA,NORMAL,This transaction amount ($168.04) is typical for normal spending behavior.
6920,274.38,StoreB,NORMAL,This transaction amount ($274.38) is typical for normal spending behavior.
9150,246.97,StoreA,NORMAL,This transaction amount ($246.97) is typical for normal spending behavior.
9050,1.31,StoreA,ANOMALY,This transaction amount ($1.31) is extremely low and may indicate refund fraud or abnormal behavior.
2469,237.85,StoreA,NORMAL,This transaction amount ($237.85) is typical for normal spending behavior.
9215,1.12,StoreC,ANOMALY,This transaction amount ($1.12) is extremely low and may indicate refund fraud or abnormal behavior.
1713,220.32,StoreB,NORMAL,This transaction amount ($220.32) is typical for normal spending behavior.
2734,219.6,StoreA,NORMAL,This transaction amount ($219.6) is typical for normal spending behavior.
6171,219.62,StoreC,NORMAL,This transaction amount ($219.62) is typical for normal spending behavior.
8377,3.24,StoreC,ANOMALY,This transaction amount ($3.24) is extremely low and may indicate refund fraud or abnormal behavior.
9376,0.67,StoreB,ANOMALY,This transaction amount ($0.67) is extremely low and may indicate refund fraud or abnormal behavior.
6977,194.4,StoreC,NORMAL,This transaction amount ($194.4) is typical for normal spending behavior.
4630,80.8,StoreB,NORMAL,This transaction amount ($80.8) falls within the typical range of spending.
7516,7366.42,StoreA,ANOMALY,This transaction amount ($7366.42) is unusually high compared to normal spending levels.
8899,138.75,StoreC,NORMAL,This transaction amount ($138.75) falls within the typical range of spending.
6903,4.57,StoreB,ANOMALY,This transaction amount ($4.57) is extremely low and may indicate refund fraud or abnormal behavior.
9210,201.47,StoreC,NORMAL,This transaction amount ($201.47) is typical for normal spending behavior.
1104,265.15,StoreA,NORMAL,This transaction amount ($265.15) is typical for normal spending behavior.
6873,6112.52,StoreC,ANOMALY,This transaction amount ($6112.52) is unusually high compared to normal spending levels.
8312,3.84,StoreB,ANOMALY,This transaction amount ($3.84) is extremely low and may indicate refund fraud or abnormal behavior.
8260,261.77,StoreB,NORMAL,This transaction amount ($261.77) is typical for normal spending behavior.
2809,226.69,StoreC,NORMAL,This transaction amount ($226.69) is typical for normal spending behavior.
1973,118.84,StoreC,NORMAL,This transaction amount ($118.84) is typical for normal spending behavior.
3846,56.97,StoreA,NORMAL,This transaction amount ($56.97) falls within the typical range of spending.
9264,2.41,StoreC,ANOMALY,This transaction amount ($2.41) is extremely low and may indicate refund fraud or abnormal behavior.
5606,190.44,StoreB,NORMAL,This transaction amount ($190.44) is typical for normal spending behavior.
2248,4215.84,StoreA,ANOMALY,This transaction amount ($4215.84) is unusually high compared to normal spending levels.
5230,87.89,StoreB,NORMAL,This transaction amount ($87.89) falls within the typical range of spending.
7053,81.25,StoreC,NORMAL,This transaction amount ($81.25) falls within the typical range of spending.
1920,216.87,StoreB,NORMAL,This transaction amount ($216.87) is typical for normal spending behavior.
8749,180.28,StoreB,NORMAL,This transaction amount ($180.28) falls within the typical range of spending.
1233,178.1,StoreB,NORMAL,This transaction amount ($178.1) is typical for normal spending behavior.
3562,2.62,StoreA,ANOMALY,This transaction amount ($2.62) is extremely low and may indicate refund fraud or abnormal behavior.
5059,4.3,StoreC,ANOMALY,This transaction amount ($4.3) is extremely low and may indicate refund fraud or abnormal behavior.
8110,184.38,StoreA,NORMAL,This transaction amount ($184.38) falls within the typical range of spending.
9793,198.01,StoreB,NORMAL,This transaction amount ($198.01) is typical for normal spending behavior.
8880,284.1,StoreA,NORMAL,This transaction amount ($284.1) is typical for normal spending behavior.
2189,160.87,StoreB,NORMAL,This transaction amount ($160.87) is typical for normal spending behavior.
8264,3.48,StoreA,ANOMALY,This transaction amount ($3.48) is extremely low and may indicate refund fraud or abnormal behavior.
9867,197.03,StoreC,NORMAL,This transaction amount ($197.03) is typical for normal spending behavior.
1687,175.08,StoreC,NORMAL,This transaction amount ($175.08) is typical for normal spending behavior.
4326,117.34,StoreC,NORMAL,This transaction amount ($117.34) is typical for normal spending behavior.
3838,284.73,StoreC,NORMAL,This transaction amount ($284.73) is typical for normal spending behavior.
2702,249.77,StoreC,NORMAL,This transaction amount ($249.77) is typical for normal spending behavior.
9107,263.49,StoreA,NORMAL,This transaction amount ($263.49) is typical for normal spending behavior.
5860,170.6,StoreB,NORMAL,This transaction amount ($170.6) falls within the typical range of spending.
9697,202.79,StoreA,NORMAL,This transaction amount ($202.79) is typical for normal spending behavior.
7065,291.77,StoreB,NORMAL,This transaction amount ($291.77) is typical for normal spending behavior.
7532,5661.16,StoreB,ANOMALY,This transaction amount ($5661.16) is unusually high compared to normal spending levels.
9108,2575.23,StoreA,ANOMALY,This transaction amount ($2575.23) is unusually high compared to normal spending levels.
4064,198.88,StoreB,NORMAL,This transaction amount ($198.88) is typical for normal spending behavior.
9534,269.52,StoreC,NORMAL,This transaction amount ($269.52) is typical for normal spending behavior.
8000,110.23,StoreC,NORMAL,This transaction amount ($110.23) falls within the typical range of spending.
3737,0.67,StoreB,ANOMALY,This transaction amount ($0.67) is extremely low and may indicate refund fraud or abnormal behavior.
8512,107.1,StoreC,NORMAL,This transaction amount ($107.1) falls within the typical range of spending.
2620,307.67,StoreC,NORMAL,This transaction amount ($307.67) is typical for normal spending behavior.
9475,248.94,StoreA,NORMAL,This transaction amount ($248.94) is typical for normal spending behavior.
6471,1.43,StoreB,ANOMALY,This transaction amount ($1.43) is extremely low and may indicate refund fraud or abnormal behavior.
7501,4810.34,StoreB,ANOMALY,This transaction amount ($4810.34) is unusually high compared to normal spending levels.
1632,156.92,StoreB,NORMAL,This transaction amount ($156.92) is typical for normal spending behavior.
7843,248.65,StoreC,NORMAL,This transaction amount ($248.65) is typical for normal spending behavior.
4026,233.2,StoreC,NORMAL,This transaction amount ($233.2) is typical for normal spending behavior.
3550,266.35,StoreA,NORMAL,This transaction amount ($266.35) is typical for normal spending behavior.
2737,135.71,RareStoreX,ANOMALY,"This transaction occurred at an unusual location ('RareStoreX'), which is not typical for normal spending."
4689,4667.94,StoreA,ANOMALY,This transaction amount ($4667.94) is unusually high compared to normal spending levels.
4186,107.26,StoreC,NORMAL,This transaction amount ($107.26) is typical for normal spending behavior.
1803,4484.44,StoreB,ANOMALY,This transaction amount ($4484.44) is unusually high compared to normal spending levels.
7812,4733.07,StoreA,ANOMALY,This transaction amount ($4733.07) is unusually high compared to normal spending levels.
8097,60.45,StoreB,NORMAL,This transaction amount ($60.45) falls within the typical range of spending.
1680,240.23,StoreC,NORMAL,This transaction amount ($240.23) is typical for normal spending behavior.
2689,181.52,StoreC,NORMAL,This transaction amount ($181.52) is typical for normal spending behavior.
3042,234.62,StoreB,NORMAL,This transaction amount ($234.62) is typical for normal spending behavior.
1224,201.28,StoreA,NORMAL,This transaction amount ($201.28) is typical for normal spending behavior.
5818,110.54,StoreC,NORMAL,This transaction amount ($110.54) falls within the typical range of spending.
8939,239.09,StoreB,NORMAL,This transaction amount ($239.09) is typical for normal spending behavior.
8705,241.82,StoreC,NORMAL,This transaction amount ($241.82) is typical for normal spending behavior.
7974,6767.86,StoreC,ANOMALY,This transaction amount ($6767.86) is unusually high compared to normal spending levels.
7860,154.5,StoreB,NORMAL,This transaction amount ($154.5) is typical for normal spending behavior.
5566,216.81,StoreB,NORMAL,This transaction amount ($216.81) is typical for normal spending behavior.
1224,95.0,OutlierMallY,ANOMALY,"This transaction occurred at an unusual location ('OutlierMallY'), which is not typical for normal spending."
9163,135.69,StoreA,NORMAL,This transaction amount ($135.69) is typical for normal spending behavior.
1711,4.78,StoreB,ANOMALY,This transaction amount ($4.78) is extremely low and may indicate refund fraud or abnormal behavior.
4111,1.05,StoreB,ANOMALY,This transaction amount ($1.05) is extremely low and may indicate refund fraud or abnormal behavior.
1175,293.03,StoreB,NORMAL,This transaction amount ($293.03) is typical for normal spending behavior.
2941,195.15,StoreC,NORMAL,This transaction amount ($195.15) is typical for normal spending behavior.
7664,7791.41,StoreC,ANOMALY,This transaction amount ($7791.41) is unusually high compared to normal spending levels.
9959,195.44,StoreA,NORMAL,This transaction amount ($195.44) is typical for normal spending behavior.
3905,4.34,StoreB,ANOMALY,This transaction amount ($4.34) is extremely low and may indicate refund fraud or abnormal behavior.
4511,4.95,StoreB,ANOMALY,This transaction amount ($4.95) is extremely low and may indicate refund fraud or abnormal behavior.
4516,193.13,StoreB,NORMAL,This transaction amount ($193.13) is typical for normal spending behavior.
2124,103.55,StoreA,NORMAL,This transaction amount ($103.55) is typical for normal spending behavior.
8176,281.65,OutlierMallY,ANOMALY,"This transaction occurred at an unusual location ('OutlierMallY'), which is not typical for normal spending."
9328,257.4,StoreB,NORMAL,This transaction amount ($257.4) is typical for normal spending behavior.
1826,3.25,StoreB,ANOMALY,This transaction amount ($3.25) is extremely low and may indicate refund fraud or abnormal behavior.
9456,3265.58,StoreA,ANOMALY,This transaction amount ($3265.58) is unusually high compared to normal spending levels.
3827,167.53,StoreB,NORMAL,This transaction amount ($167.53) falls within the typical range of spending.
8292,131.38,StoreB,NORMAL,This transaction amount ($131.38) is typical for normal spending behavior.
5886,225.45,StoreB,NORMAL,This transaction amount ($225.45) is typical for normal spending behavior.
9563,143.64,StoreB,NORMAL,This transaction amount ($143.64) is typical for normal spending behavior.
8695,100.86,StoreA,NORMAL,This transaction amount ($100.86) falls within the typical range of spending.
1722,185.06,StoreB,NORMAL,This transaction amount ($185.06) is typical for normal spending behavior.
8209,192.99,StoreA,NORMAL,This transaction amount ($192.99) is typical for normal spending behavior.
6924,2606.15,StoreB,ANOMALY,This transaction amount ($2606.15) is unusually high compared to normal spending levels.
7833,219.55,StoreC,NORMAL,This transaction amount ($219.55) is typical for normal spending behavior.
2747,201.04,OutlierMallY,ANOMALY,"This transaction occurred at an unusual location ('OutlierMallY'), which is not typical for normal spending."
1255,0.68,StoreC,ANOMALY,This transaction amount ($0.68) is extremely low and may indicate refund fraud or abnormal behavior.
2597,323.39,StoreC,NORMAL,This transaction amount ($323.39) is typical for normal spending behavior.
8492,157.88,StoreB,NORMAL,This transaction amount ($157.88) is typical for normal spending behavior.
4089,99.9,StoreC,NORMAL,This transaction amount ($99.9) falls within the typical range of spending.
7714,3.81,StoreA,ANOMALY,This transaction amount ($3.81) is extremely low and may indicate refund fraud or abnormal behavior.
8210,5149.25,StoreC,ANOMALY,This transaction amount ($5149.25) is unusually high compared to normal spending levels.
3113,220.07,StoreC,NORMAL,This transaction amount ($220.07) is typical for normal spending behavior.
8678,254.68,StoreA,NORMAL,This transaction amount ($254.68) is typical for normal spending behavior.
6315,132.22,StoreB,NORMAL,This transaction amount ($132.22) is typical for normal spending behavior.
3262,296.82,StoreC,NORMAL,This transaction amount ($296.82) is typical for normal spending behavior.
1601,225.9,OutlierMallY,ANOMALY,"This transaction occurred at an unusual location ('OutlierMallY'), which is not typical for normal spending."
7857,105.38,StoreC,NORMAL,This transaction amount ($105.38) is typical for normal spending behavior.
3349,2691.08,StoreB,ANOMALY,This transaction amount ($2691.08) is unusually high compared to normal spending levels.
2671,168.26,StoreB,NORMAL,This transaction amount ($168.26) is typical for normal spending behavior.
9338,182.45,StoreC,NORMAL,This transaction amount ($182.45) falls within the typical range of spending.
5330,286.18,StoreB,NORMAL,This transaction amount ($286.18) is typical for normal spending behavior.
8928,163.17,StoreB,NORMAL,This transaction amount ($163.17) falls within the typical range of spending.
2374,251.8,RareStoreX,ANOMALY,"This transaction occurred at an unusual location ('RareStoreX'), which is not typical for normal spending."
7200,273.41,StoreA,NORMAL,This transaction amount ($273.41) is typical for normal spending behavior.
3690,180.73,StoreC,NORMAL,This transaction amount ($180.73) is typical for normal spending behavior.
8892,5347.57,StoreC,ANOMALY,This transaction amount ($5347.57) is unusually high compared to normal spending levels.
9382,3.53,StoreB,ANOMALY,This transaction amount ($3.53) is extremely low and may indicate refund fraud or abnormal behavior.
5997,158.26,StoreC,NORMAL,This transaction amount ($158.26) is typical for normal spending behavior.
3792,2630.93,StoreC,ANOMALY,This transaction amount ($2630.93) is unusually high compared to normal spending levels.
4709,2.07,StoreC,ANOMALY,This transaction amount ($2.07) is extremely low and may indicate refund fraud or abnormal behavior.
5242,217.79,StoreB,NORMAL,This transaction amount ($217.79) is typical for normal spending behavior.
5941,216.19,RareStoreX,ANOMALY,"This transaction occurred at an unusual location ('RareStoreX'), which is not typical for normal spending."
7205,131.15,StoreC,NORMAL,This transaction amount ($131.15) falls within the typical range of spending.
7794,179.08,StoreA,NORMAL,This transaction amount ($179.08) is typical for normal spending behavior.
4403,103.29,StoreB,NORMAL,This transaction amount ($103.29) falls within the typical range of spending.
5047,126.76,StoreA,NORMAL,This transaction amount ($126.76) is typical for normal spending behavior.
4052,195.97,StoreC,NORMAL,This transaction amount ($195.97) is typical for normal spending behavior.
9736,121.47,StoreC,NORMAL,This transaction amount ($121.47) is typical for normal spending behavior.
6588,6201.23,StoreC,ANOMALY,This transaction amount ($6201.23) is unusually high compared to normal spending levels.
2798,203.86,StoreC,NORMAL,This transaction amount ($203.86) is typical for normal spending behavior.
5264,158.65,StoreC,NORMAL,This transaction amount ($158.65) is typical for normal spending behavior.
3138,317.5,StoreA,NORMAL,This transaction amount ($317.5) is typical for normal spending behavior.
7306,7947.56,StoreB,ANOMALY,This transaction amount ($7947.56) is unusually high compared to normal spending levels.
2387,259.76,StoreB,NORMAL,This transaction amount ($259.76) is typical for normal spending behavior.
1244,200.41,StoreB,NORMAL,This transaction amount ($200.41) is typical for normal spending behavior.
6322,124.93,StoreB,NORMAL,This transaction amount ($124.93) is typical for normal spending behavior.
3553,298.01,StoreB,NORMAL,This transaction amount ($298.01) is typical for normal spending behavior.
6397,260.1,StoreA,NORMAL,This transaction amount ($260.1) is typical for normal spending behavior.
2699,174.24,StoreA,NORMAL,This transaction amount ($174.24) is typical for normal spending behavior.
9456,162.22,StoreA,NORMAL,This transaction amount ($162.22) falls within the typical range of spending.
8833,302.0,StoreC,NORMAL,This transaction amount ($302.0) is typical for normal spending behavior.
7025,104.14,StoreA,NORMAL,This transaction amount ($104.14) is typical for normal spending behavior.
7789,112.14,StoreB,NORMAL,This transaction amount ($112.14) is typical for normal spending behavior.
3158,253.21,StoreB,NORMAL,This transaction amount ($253.21) is typical for normal spending behavior.
2630,59.65,StoreB,NORMAL,This transaction amount ($59.65) falls within the typical range of spending.
8887,199.17,RareStoreX,ANOMALY,"This transaction occurred at an unusual location ('RareStoreX'), which is not typical for normal spending."
3911,248.81,StoreC,NORMAL,This transaction amount ($248.81) is typical for normal spending behavior.
6546,254.14,StoreC,NORMAL,This transaction amount ($254.14) is typical for normal spending behavior.
6874,159.35,StoreB,NORMAL,This transaction amount ($159.35) is typical for normal spending behavior.
5401,6931.7,StoreA,ANOMALY,This transaction amount ($6931.7) is unusually high compared to normal spending levels.
1713,166.11,StoreA,NORMAL,This transaction amount ($166.11) is typical for normal spending behavior.
6166,233.46,StoreC,NORMAL,This transaction amount ($233.46) is typical for normal spending behavior.
6558,138.73,StoreA,NORMAL,This transaction amount ($138.73) is typical for normal spending behavior.
4348,2.04,StoreB,ANOMALY,This transaction amount ($2.04) is extremely low and may indicate refund fraud or abnormal behavior.
8494,152.86,StoreB,NORMAL,This transaction amount ($152.86) falls within the typical range of spending.
2214,186.72,StoreA,NORMAL,This transaction amount ($186.72) is typical for normal spending behavior.
4062,3511.71,StoreB,ANOMALY,This transaction amount ($3511.71) is unusually high compared to normal spending levels.
4006,210.51,StoreC,NORMAL,This transaction amount ($210.51) is typical for normal spending behavior.
5490,4931.57,StoreA,ANOMALY,This transaction amount ($4931.57) is unusually high compared to normal spending levels.
7839,7801.74,StoreB,ANOMALY,This transaction amount ($7801.74) is unusually high compared to normal spending levels.
4625,169.17,StoreA,NORMAL,This transaction amount ($169.17) is typical for normal spending behavior.
5909,93.87,StoreA,NORMAL,This transaction amount ($93.87) falls within the typical range of spending.
3555,152.84,StoreA,NORMAL,This transaction amount ($152.84) is typical for normal spending behavior.
3980,264.19,StoreC,NORMAL,This transaction amount ($264.19) is typical for normal spending behavior.
8060,291.96,StoreA,NORMAL,This transaction amount ($291.96) is typical for normal spending behavior.
5653,4274.08,StoreB,ANOMALY,This transaction amount ($4274.08) is unusually high compared to normal spending levels.
4958,2695.96,StoreA,ANOMALY,This transaction amount ($2695.96) is unusually high compared to normal spending levels.
7576,204.56,StoreA,NORMAL,This transaction amount ($204.56) is typical for normal spending behavior.
1397,204.05,StoreA,NORMAL,This transaction amount ($204.05) is typical for normal spending behavior.
6285,53.67,StoreB,NORMAL,This transaction amount ($53.67) is typical for normal spending behavior.
2909,178.81,StoreB,NORMAL,This transaction amount ($178.81) is typical for normal spending behavior.
5161,157.74,StoreB,NORMAL,This transaction amount ($157.74) is typical for normal spending behavior.
3005,168.85,RareStoreX,ANOMALY,"This transaction occurred at an unusual location ('RareStoreX'), which is not typical for normal spending."
5016,233.49,StoreA,NORMAL,This transaction amount ($233.49) is typical for normal spending behavior.
4867,159.86,StoreB,NORMAL,This transaction amount ($159.86) is typical for normal spending behavior.
1948,7285.26,StoreA,ANOMALY,This transaction amount ($7285.26) is unusually high compared to normal spending levels.
1870,241.0,StoreC,NORMAL,This transaction amount ($241.0) is typical for normal spending behavior.
8248,158.46,StoreC,NORMAL,This transaction amount ($158.46) is typical for normal spending behavior.
3402,240.12,StoreA,NORMAL,This transaction amount ($240.12) is typical for normal spending behavior.
8715,317.88,StoreB,NORMAL,This transaction amount ($317.88) is typical for normal spending behavior.
7110,177.14,StoreC,NORMAL,This transaction amount ($177.14) falls within the typical range of spending.
5297,146.77,StoreA,NORMAL,This transaction amount ($146.77) falls within the typical range of spending.
3869,114.9,StoreB,NORMAL,This transaction amount ($114.9) is typical for normal spending behavior.
8073,271.5,StoreC,NORMAL,This transaction amount ($271.5) is typical for normal spending behavior.
6892,295.16,StoreB,NORMAL,This transaction amount ($295.16) is typical for normal spending behavior.
1152,80.01,StoreA,NORMAL,This transaction amount ($80.01) falls within the typical range of spending.
7010,151.26,StoreC,NORMAL,This transaction amount ($151.26) is typical for normal spending behavior.
2733,7874.3,StoreB,ANOMALY,This transaction amount ($7874.3) is unusually high compared to normal spending levels.
5529,223.35,StoreB,NORMAL,This transaction amount ($223.35) is typical for normal spending behavior.
1555,173.4,StoreC,NORMAL,This transaction amount ($173.4) is typical for normal spending behavior.
1316,4.93,StoreC,ANOMALY,This transaction amount ($4.93) is extremely low and may indicate refund fraud or abnormal behavior.
9948,159.57,StoreA,NORMAL,This transaction amount ($159.57) falls within the typical range of spending.
3486,141.27,StoreC,NORMAL,This transaction amount ($141.27) is typical for normal spending behavior.
7473,104.95,StoreB,NORMAL,This transaction amount ($104.95) falls within the typical range of spending.
3728,2719.63,StoreB,ANOMALY,This transaction amount ($2719.63) is unusually high compared to normal spending levels.
6004,239.46,OutlierMallY,ANOMALY,"This transaction occurred at an unusual location ('OutlierMallY'), which is not typical for normal spending."
3919,134.38,RareStoreX,ANOMALY,"This transaction occurred at an unusual location ('RareStoreX'), which is not typical for normal spending."
3939,152.73,RareStoreX,ANOMALY,"This transaction occurred at an unusual location ('RareStoreX'), which is not typical for normal spending."
9265,172.73,StoreC,NORMAL,This transaction amount ($172.73) is typical for normal spending behavior.
6064,104.64,StoreB,NORMAL,This transaction amount ($104.64) falls within the typical range of spending.
2284,290.98,StoreC,NORMAL,This transaction amount ($290.98) is typical for normal spending behavior.
9029,1.05,StoreA,ANOMALY,This transaction amount ($1.05) is extremely low and may indicate refund fraud or abnormal behavior.
5321,345.6,StoreA,NORMAL,This transaction amount ($345.6) is typical for normal spending behavior.
4749,143.19,RareStoreX,ANOMALY,"This transaction occurred at an unusual location ('RareStoreX'), which is not typical for normal spending."
4513,3452.19,StoreA,ANOMALY,This transaction amount ($3452.19) is unusually high compared to normal spending levels.
1663,57.11,StoreB,NORMAL,This transaction amount ($57.11) falls within the typical range of spending.
3802,199.69,StoreA,NORMAL,This transaction amount ($199.69) falls within the typical range of spending.
8056,53.53,RareStoreX,ANOMALY,"This transaction occurred at an unusual location ('RareStoreX'), which is not typical for normal spending."
2928,242.78,StoreB,NORMAL,This transaction amount ($242.78) is typical for normal spending behavior.
6419,106.89,StoreB,NORMAL,This transaction amount ($106.89) falls within the typical range of spending.
6403,263.52,StoreA,NORMAL,This transaction amount ($263.52) is typical for normal spending behavior.
7150,119.16,RareStoreX,ANOMALY,"This transaction occurred at an unusual location ('RareStoreX'), which is not typical for normal spending."
9825,92.35,StoreC,NORMAL,This transaction amount ($92.35) falls within the typical range of spending.
6640,297.56,StoreC,NORMAL,This transaction amount ($297.56) is typical for normal spending behavior.
2787,219.96,StoreB,NORMAL,This transaction amount ($219.96) is typical for normal spending behavior.
7063,131.88,StoreB,NORMAL,This transaction amount ($131.88) falls within the typical range of spending.
1032,158.92,StoreA,NORMAL,This transaction amount ($158.92) is typical for normal spending behavior.
2867,4573.46,StoreC,ANOMALY,This transaction amount ($4573.46) is unusually high compared to normal spending levels.
5365,226.37,StoreB,NORMAL,This transaction amount ($226.37) is typical for normal spending behavior.
8371,232.6,StoreA,NORMAL,This transaction amount ($232.6) is typical for normal spending behavior.
3241,160.24,StoreA,NORMAL,This transaction amount ($160.24) is typical for normal spending behavior.
5642,6513.28,StoreA,ANOMALY,This transaction amount ($6513.28) is unusually high compared to normal spending levels.
8006,7556.86,StoreC,ANOMALY,This transaction amount ($7556.86) is unusually high compared to normal spending levels.
7575,236.91,OutlierMallY,ANOMALY,"This transaction occurred at an unusual location ('OutlierMallY'), which is not typical for normal spending."
7307,5978.2,StoreC,ANOMALY,This transaction amount ($5978.2) is unusually high compared to normal spending levels.
2840,210.66,StoreC,NORMAL,This transaction amount ($210.66) is typical for normal spending behavior.
4223,3.17,StoreC,ANOMALY,This transaction amount ($3.17) is extremely low and may indicate refund fraud or abnormal behavior.
9464,73.46,StoreB,NORMAL,This transaction amount ($73.46) falls within the typical range of spending.
6285,267.59,StoreC,NORMAL,This transaction amount ($267.59) is typical for normal spending behavior.
4178,4444.52,StoreA,ANOMALY,This transaction amount ($4444.52) is unusually high compared to normal spending levels.
8923,225.55,StoreC,NORMAL,This transaction amount ($225.55) is typical for normal spending behavior.
1867,153.62,StoreB,NORMAL,This transaction amount ($153.62) is typical for normal spending behavior.
2946,60.19,StoreB,NORMAL,This transaction amount ($60.19) falls within the typical range of spending.
9177,183.04,StoreB,NORMAL,This transaction amount ($183.04) falls within the typical range of spending.
7468,211.0,StoreB,NORMAL,This transaction amount ($211.0) is typical for normal spending behavior.
9861,6881.2,StoreB,ANOMALY,This transaction amount ($6881.2) is unusually high compared to normal spending levels.
6582,173.8,StoreC,NORMAL,This transaction amount ($173.8) is typical for normal spending behavior.
4117,4459.37,StoreB,ANOMALY,This transaction amount ($4459.37) is unusually high compared to normal spending levels.
5598,195.33,StoreC,NORMAL,This transaction amount ($195.33) is typical for normal spending behavior.
2572,2.57,StoreA,ANOMALY,This transaction amount ($2.57) is extremely low and may indicate refund fraud or abnormal behavior.
7531,185.84,StoreB,NORMAL,This transaction amount ($185.84) is typical for normal spending behavior.
2129,211.79,StoreA,NORMAL,This transaction amount ($211.79) is typical for normal spending behavior.
3862,135.74,RareStoreX,ANOMALY,"This transaction occurred at an unusual location ('RareStoreX'), which is not typical for normal spending."
8186,206.5,RareStoreX,ANOMALY,"This transaction occurred at an unusual location ('RareStoreX'), which is not typical for normal spending."
6202,133.82,OutlierMallY,ANOMALY,"This transaction occurred at an unusual location ('OutlierMallY'), which is not typical for normal spending."
7811,150.37,StoreA,NORMAL,This transaction amount ($150.37) is typical for normal spending behavior.
2914,181.38,StoreC,NORMAL,This transaction amount ($181.38) is typical for normal spending behavior.
4538,102.51,StoreB,NORMAL,This transaction amount ($102.51) falls within the typical range of spending.
4454,202.05,StoreC,NORMAL,This transaction amount ($202.05) is typical for normal spending behavior.
2638,3009.17,StoreB,ANOMALY,This transaction amount ($3009.17) is unusually high compared to normal spending levels.
5187,252.33,StoreC,NORMAL,This transaction amount ($252.33) is typical for normal spending behavior.
3021,158.38,OutlierMallY,ANOMALY,"This transaction occurred at an unusual location ('OutlierMallY'), which is not typical for normal spending."
1489,239.07,StoreC,NORMAL,This transaction amount ($239.07) is typical for normal spending behavior.
1760,225.09,StoreA,NORMAL,This transaction amount ($225.09) is typical for normal spending behavior.
7458,169.46,StoreA,NORMAL,This transaction amount ($169.46) is typical for normal spending behavior.
5773,237.94,StoreC,NORMAL,This transaction amount ($237.94) is typical for normal spending behavior.
8990,322.69,OutlierMallY,ANOMALY,"This transaction occurred at an unusual location ('OutlierMallY'), which is not typical for normal spending."
6765,68.6,StoreC,NORMAL,This transaction amount ($68.6) is typical for normal spending behavior.
5364,208.74,OutlierMallY,ANOMALY,"This transaction occurred at an unusual location ('OutlierMallY'), which is not typical for normal spending."
2495,2.53,StoreA,ANOMALY,This transaction amount ($2.53) is extremely low and may indicate refund fraud or abnormal behavior.
2726,296.92,StoreA,NORMAL,This transaction amount ($296.92) is typical for normal spending behavior.
9605,175.93,StoreB,NORMAL,This transaction amount ($175.93) is typical for normal spending behavior.
2223,150.08,StoreB,NORMAL,This transaction amount ($150.08) falls within the typical range of spending.
8660,181.84,StoreB,NORMAL,This transaction amount ($181.84) falls within the typical range of spending.
7324,179.78,StoreB,NORMAL,This transaction amount ($179.78) falls within the typical range of spending.
7495,120.77,StoreB,NORMAL,This transaction amount ($120.77) is typical for normal spending behavior.
4110,2.56,StoreC,ANOMALY,This transaction amount ($2.56) is extremely low and may indicate refund fraud or abnormal behavior.
1526,82.93,StoreC,NORMAL,This transaction amount ($82.93) is typical for normal spending behavior.
6656,2621.73,StoreA,ANOMALY,This transaction amount ($2621.73) is unusually high compared to normal spending levels.
5016,191.46,StoreB,NORMAL,This transaction amount ($191.46) is typical for normal spending behavior.
3336,172.37,OutlierMallY,ANOMALY,"This transaction occurred at an unusual location ('OutlierMallY'), which is not typical for normal spending."
4937,265.33,StoreA,NORMAL,This transaction amount ($265.33) is typical for normal spending behavior.
8160,58.0,StoreA,NORMAL,This transaction amount ($58.0) falls within the typical range of spending.
7981,150.08,StoreC,NORMAL,This transaction amount ($150.08) is typical for normal spending behavior.
7539,147.62,StoreA,NORMAL,This transaction amount ($147.62) is typical for normal spending behavior.
4215,99.88,StoreC,NORMAL,This transaction amount ($99.88) is typical for normal spending behavior.
1925,7006.91,StoreC,ANOMALY,This transaction amount ($7006.91) is unusually high compared to normal spending levels.
3642,165.76,StoreC,NORMAL,This transaction amount ($165.76) is typical for normal spending behavior.
6279,52.13,StoreB,NORMAL,This transaction amount ($52.13) falls within the typical range of spending.
9007,205.51,StoreA,NORMAL,This transaction amount ($205.51) is typical for normal spending behavior.
6606,120.18,StoreB,NORMAL,This transaction amount ($120.18) is typical for normal spending behavior.
2522,3573.97,StoreA,ANOMALY,This transaction amount ($3573.97) is unusually high compared to normal spending levels.
5258,2.07,StoreB,ANOMALY,This transaction amount ($2.07) is extremely low and may indicate refund fraud or abnormal behavior.
9796,168.2,RareStoreX,ANOMALY,"This transaction occurred at an unusual location ('RareStoreX'), which is not typical for normal spending."
3209,127.42,RareStoreX,ANOMALY,"This transaction occurred at an unusual location ('RareStoreX'), which is not typical for normal spending."
3881,195.79,StoreB,NORMAL,This transaction amount ($195.79) is typical for normal spending behavior.
5512,227.76,StoreC,NORMAL,This transaction amount ($227.76) is typical for normal spending behavior.
5911,149.65,StoreC,NORMAL,This transaction amount ($149.65) falls within the typical range of spending.
3036,242.63,StoreA,NORMAL,This transaction amount ($242.63) is typical for normal spending behavior.
1960,2.27,StoreC,ANOMALY,This transaction amount ($2.27) is extremely low and may indicate refund fraud or abnormal behavior.
9144,1.65,StoreC,ANOMALY,This transaction amount ($1.65) is extremely low and may indicate refund fraud or abnormal behavior.
6565,161.94,StoreC,NORMAL,This transaction amount ($161.94) is typical for normal spending behavior.
3413,6726.01,StoreC,ANOMALY,This transaction amount ($6726.01) is unusually high compared to normal spending levels.
9032,238.72,StoreA,NORMAL,This transaction amount ($238.72) is typical for normal spending behavior.
8892,120.79,StoreC,NORMAL,This transaction amount ($120.79) is typical for normal spending behavior.
2362,3320.94,StoreB,ANOMALY,This transaction amount ($3320.94) is unusually high compared to normal spending levels.
1201,264.1,RareStoreX,ANOMALY,"This transaction occurred at an unusual location ('RareStoreX'), which is not typical for normal spending."
6959,88.52,StoreB,NORMAL,This transaction amount ($88.52) falls within the typical range of spending.
2440,215.63,StoreA,NORMAL,This transaction amount ($215.63) is typical for normal spending behavior.
8110,193.18,OutlierMallY,ANOMALY,"This transaction occurred at an unusual location ('OutlierMallY'), which is not typical for normal spending."
4520,155.66,StoreB,NORMAL,This transaction amount ($155.66) falls within the typical range of spending.
3881,167.88,StoreC,NORMAL,This transaction amount ($167.88) is typical for normal spending behavior.
1748,240.39,StoreA,NORMAL,This transaction amount ($240.39) is typical for normal spending behavior.
2268,5009.32,StoreA,ANOMALY,This transaction amount ($5009.32) is unusually high compared to normal spending levels.
6877,1.2,StoreC,ANOMALY,This transaction amount ($1.2) is extremely low and may indicate refund fraud or abnormal behavior.
8790,176.15,StoreC,NORMAL,This transaction amount ($176.15) is typical for normal spending behavior.
2491,3155.05,StoreB,ANOMALY,This transaction amount ($3155.05) is unusually high compared to normal spending levels.
7323,167.08,RareStoreX,ANOMALY,"This transaction occurred at an unusual location ('RareStoreX'), which is not typical for normal spending."
1949,285.5,RareStoreX,ANOMALY,"This transaction occurred at an unusual location ('RareStoreX'), which is not typical for normal spending."
8377,215.68,StoreC,NORMAL,This transaction amount ($215.68) is typical for normal spending behavior.
2879,122.46,StoreC,NORMAL,This transaction amount ($122.46) is typical for normal spending behavior.
7593,7182.09,StoreB,ANOMALY,This transaction amount ($7182.09) is unusually high compared to normal spending levels.
4992,193.26,StoreB,NORMAL,This transaction amount ($193.26) is typical for normal spending behavior.
6918,150.76,StoreC,NORMAL,This transaction amount ($150.76) is typical for normal spending behavior.
2070,4.18,StoreA,ANOMALY,This transaction amount ($4.18) is extremely low and may indicate refund fraud or abnormal behavior.
2156,2.62,StoreB,ANOMALY,This transaction amount ($2.62) is extremely low and may indicate refund fraud or abnormal behavior.
6449,107.35,RareStoreX,ANOMALY,"This transaction occurred at an unusual location ('RareStoreX'), which is not typical for normal spending."
1167,261.73,RareStoreX,ANOMALY,"This transaction occurred at an unusual location ('RareStoreX'), which is not typical for normal spending."
5521,256.25,StoreC,NORMAL,This transaction amount ($256.25) is typical for normal spending behavior.
6137,188.85,StoreB,NORMAL,This transaction amount ($188.85) is typical for normal spending behavior.
1540,222.12,StoreB,NORMAL,This transaction amount ($222.12) is typical for normal spending behavior.
9138,5189.6,StoreA,ANOMALY,This transaction amount ($5189.6) is unusually high compared to normal spending levels.
9459,151.5,StoreA,NORMAL,This transaction amount ($151.5) is typical for normal spending behavior.
9657,133.54,StoreB,NORMAL,This transaction amount ($133.54) falls within the typical range of spending.
4897,394.59,StoreB,NORMAL,This transaction amount ($394.59) is typical for normal spending behavior.
8256,3.03,StoreB,ANOMALY,This transaction amount ($3.03) is extremely low and may indicate refund fraud or abnormal behavior.
9168,185.24,StoreA,NORMAL,This transaction amount ($185.24) is typical for normal spending behavior.
3711,273.62,StoreA,NORMAL,This transaction amount ($273.62) is typical for normal spending behavior.
4523,202.07,StoreB,NORMAL,This transaction amount ($202.07) is typical for normal spending behavior.
9727,5596.4,StoreA,ANOMALY,This transaction amount ($5596.4) is unusually high compared to normal spending levels.
8297,150.65,StoreA,NORMAL,This transaction amount ($150.65) is typical for normal spending behavior.
4815,306.25,StoreB,NORMAL,This transaction amount ($306.25) is typical for normal spending behavior.
7382,205.3,StoreA,NORMAL,This transaction amount ($205.3) is typical for normal spending behavior.
5760,182.34,RareStoreX,ANOMALY,"This transaction occurred at an unusual location ('RareStoreX'), which is not typical for normal spending."
4536,189.37,StoreA,NORMAL,This transaction amount ($189.37) falls within the typical range of spending.
9594,67.57,StoreC,NORMAL,This transaction amount ($67.57) falls within the typical range of spending.
2870,4.09,StoreA,ANOMALY,This transaction amount ($4.09) is extremely low and may indicate refund fraud or abnormal behavior.
9365,5869.68,StoreA,ANOMALY,This transaction amount ($5869.68) is unusually high compared to normal spending levels.
3198,276.62,StoreB,NORMAL,This transaction amount ($276.62) is typical for normal spending behavior.
3063,263.93,StoreB,NORMAL,This transaction amount ($263.93) is typical for normal spending behavior.
3001,243.14,StoreA,NORMAL,This transaction amount ($243.14) is typical for normal spending behavior.
9809,329.44,StoreC,NORMAL,This transaction amount ($329.44) is typical for normal spending behavior.
2885,193.8,StoreB,NORMAL,This transaction amount ($193.8) is typical for normal spending behavior.
9795,323.75,StoreA,NORMAL,This transaction amount ($323.75) is typical for normal spending behavior.
9738,204.47,RareStoreX,ANOMALY,"This transaction occurred at an unusual location ('RareStoreX'), which is not typical for normal spending."
4367,274.27,StoreA,NORMAL,This transaction amount ($274.27) is typical for normal spending behavior.
7704,170.63,StoreA,NORMAL,This transaction amount ($170.63) is typical for normal spending behavior.
1340,203.1,StoreA,NORMAL,This transaction amount ($203.1) is typical for normal spending behavior.
2451,1.18,StoreA,ANOMALY,This transaction amount ($1.18) is extremely low and may indicate refund fraud or abnormal behavior.
3434,133.78,StoreA,NORMAL,This transaction amount ($133.78) is typical for normal spending behavior.
7900,152.5,StoreB,NORMAL,This transaction amount ($152.5) falls within the typical range of spending.
2203,135.93,StoreA,NORMAL,This transaction amount ($135.93) falls within the typical range of spending.
6404,226.31,StoreC,NORMAL,This transaction amount ($226.31) is typical for normal spending behavior.
9949,193.58,StoreC,NORMAL,This transaction amount ($193.58) is typical for normal spending behavior.
1370,93.62,StoreB,NORMAL,This transaction amount ($93.62) is typical for normal spending behavior.
2017,226.66,StoreC,NORMAL,This transaction amount ($226.66) is typical for normal spending behavior.
1386,3227.56,StoreB,ANOMALY,This transaction amount ($3227.56) is unusually high compared to normal spending levels.
4196,160.77,StoreA,NORMAL,This transaction amount ($160.77) is typical for normal spending behavior.
2046,150.89,StoreA,NORMAL,This transaction amount ($150.89) is typical for normal spending behavior.
1160,2882.7,StoreC,ANOMALY,This transaction amount ($2882.7) is unusually high compared to normal spending levels.
4624,128.08,StoreA,NORMAL,This transaction amount ($128.08) falls within the typical range of spending.
8641,3.57,StoreC,ANOMALY,This transaction amount ($3.57) is extremely low and may indicate refund fraud or abnormal behavior.
8740,198.42,StoreC,NORMAL,This transaction amount ($198.42) is typical for normal spending behavior.
7323,251.49,RareStoreX,ANOMALY,"This transaction occurred at an unusual location ('RareStoreX'), which is not typical for normal spending."
1137,4.8,StoreC,ANOMALY,This transaction amount ($4.8) is extremely low and may indicate refund fraud or abnormal behavior.
1760,124.61,StoreC,NORMAL,This transaction amount ($124.61) is typical for normal spending behavior.
4885,179.45,StoreB,NORMAL,This transaction amount ($179.45) is typical for normal spending behavior.
3329,200.04,StoreB,NORMAL,This transaction amount ($200.04) is typical for normal spending behavior.
4259,229.55,StoreC,NORMAL,This transaction amount ($229.55) is typical for normal spending behavior.
1317,231.79,StoreA,NORMAL,This transaction amount ($231.79) is typical for normal spending behavior.
4544,162.68,StoreC,NORMAL,This transaction amount ($162.68) is typical for normal spending behavior.
5960,176.8,StoreB,NORMAL,This transaction amount ($176.8) falls within the typical range of spending.
6036,194.98,StoreC,NORMAL,This transaction amount ($194.98) is typical for normal spending behavior.
9876,2547.05,StoreB,ANOMALY,This transaction amount ($2547.05) is unusually high compared to normal spending levels.
1766,7044.98,StoreA,ANOMALY,This transaction amount ($7044.98) is unusually high compared to normal spending levels.
1967,83.71,StoreC,NORMAL,This transaction amount ($83.71) falls within the typical range of spending.
8632,273.38,StoreB,NORMAL,This transaction amount ($273.38) is typical for normal spending behavior.
4747,132.15,StoreB,NORMAL,This transaction amount ($132.15) is typical for normal spending behavior.
7213,288.59,StoreA,NORMAL,This transaction amount ($288.59) is typical for normal spending behavior.
2386,196.71,StoreA,NORMAL,This transaction amount ($196.71) is typical for normal spending behavior.
3670,228.42,StoreA,NORMAL,This transaction amount ($228.42) is typical for normal spending behavior.
2369,2929.6,StoreB,ANOMALY,This transaction amount ($2929.6) is unusually high compared to normal spending levels.
7639,211.19,StoreC,NORMAL,This transaction amount ($211.19) is typical for normal spending behavior.
4229,227.21,StoreC,NORMAL,This transaction amount ($227.21) is typical for normal spending behavior.
3273,5556.37,StoreB,ANOMALY,This transaction amount ($5556.37) is unusually high compared to normal spending levels.
4521,112.67,StoreB,NORMAL,This transaction amount ($112.67) falls within the typical range of spending.
5033,6073.85,StoreC,ANOMALY,This transaction amount ($6073.85) is unusually high compared to normal spending levels.
1276,6199.57,StoreB,ANOMALY,This transaction amount ($6199.57) is unusually high compared to normal spending levels.
6857,5250.81,StoreB,ANOMALY,This transaction amount ($5250.81) is unusually high compared to normal spending levels.
9457,232.61,StoreB,NORMAL,This transaction amount ($232.61) is typical for normal spending behavior.
8756,92.75,OutlierMallY,ANOMALY,"This transaction occurred at an unusual location ('OutlierMallY'), which is not typical for normal spending."
6546,4256.61,StoreA,ANOMALY,This transaction amount ($4256.61) is unusually high compared to normal spending levels.
2120,116.0,StoreC,NORMAL,This transaction amount ($116.0) falls within the typical range of spending.
6250,68.23,StoreC,NORMAL,This transaction amount ($68.23) falls within the typical range of spending.
6944,228.41,StoreC,NORMAL,This transaction amount ($228.41) is typical for normal spending behavior.
7173,4.51,StoreB,ANOMALY,This transaction amount ($4.51) is extremely low and may indicate refund fraud or abnormal behavior.
9053,88.11,StoreB,NORMAL,This transaction amount ($88.11) falls within the typical range of spending.
9835,1.26,StoreC,ANOMALY,This transaction amount ($1.26) is extremely low and may indicate refund fraud or abnormal behavior.
5578,197.66,StoreC,NORMAL,This transaction amount ($197.66) is typical for normal spending behavior.
1022,134.58,StoreB,NORMAL,This transaction amount ($134.58) is typical for normal spending behavior.
3817,220.02,StoreA,NORMAL,This transaction amount ($220.02) is typical for normal spending behavior.
3464,200.22,StoreB,NORMAL,This transaction amount ($200.22) is typical for normal spending behavior.
1000,98.01,StoreA,NORMAL,This transaction amount ($98.01) falls within the typical range of spending.
7658,217.39,StoreB,NORMAL,This transaction amount ($217.39) is typical for normal spending behavior.
2327,6171.84,StoreC,ANOMALY,This transaction amount ($6171.84) is unusually high compared to normal spending levels.
2562,4.35,StoreA,ANOMALY,This transaction amount ($4.35) is extremely low and may indicate refund fraud or abnormal behavior.
5758,251.95,StoreC,NORMAL,This transaction amount ($251.95) is typical for normal spending behavior.
2543,172.07,StoreB,NORMAL,This transaction amount ($172.07) falls within the typical range of spending.
3262,83.95,StoreA,NORMAL,This transaction amount ($83.95) falls within the typical range of spending.
7364,237.37,StoreB,NORMAL,This transaction amount ($237.37) is typical for normal spending behavior.
4845,210.86,StoreC,NORMAL,This transaction amount ($210.86) is typical for normal spending behavior.
9388,196.43,StoreB,NORMAL,This transaction amount ($196.43) is typical for normal spending behavior.
4120,153.78,StoreA,NORMAL,This transaction amount ($153.78) falls within the typical range of spending.
9773,3.07,StoreC,ANOMALY,This transaction amount ($3.07) is extremely low and may indicate refund fraud or abnormal behavior.
6319,184.47,StoreC,NORMAL,This transaction amount ($184.47) is typical for normal spending behavior.
9897,265.16,StoreC,NORMAL,This transaction amount ($265.16) is typical for normal spending behavior.
1906,183.26,StoreB,NORMAL,This transaction amount ($183.26) is typical for normal spending behavior.
3154,142.37,StoreC,NORMAL,This transaction amount ($142.37) falls within the typical range of spending.
8054,150.67,StoreA,NORMAL,This transaction amount ($150.67) is typical for normal spending behavior.
7069,164.21,RareStoreX,ANOMALY,"This transaction occurred at an unusual location ('RareStoreX'), which is not typical for normal spending."
7671,282.49,StoreC,NORMAL,This transaction amount ($282.49) is typical for normal spending behavior.
4360,150.97,StoreC,NORMAL,This transaction amount ($150.97) falls within the typical range of spending.
5477,234.96,StoreC,NORMAL,This transaction amount ($234.96) is typical for normal spending behavior.
3226,230.16,RareStoreX,ANOMALY,"This transaction occurred at an unusual location ('RareStoreX'), which is not typical for normal spending."
8804,178.88,StoreA,NORMAL,This transaction amount ($178.88) is typical for normal spending behavior.
7528,142.43,StoreB,NORMAL,This transaction amount ($142.43) is typical for normal spending behavior.
5291,184.14,OutlierMallY,ANOMALY,"This transaction occurred at an unusual location ('OutlierMallY'), which is not typical for normal spending."
3166,1.08,StoreB,ANOMALY,This transaction amount ($1.08) is extremely low and may indicate refund fraud or abnormal behavior.
9046,189.96,RareStoreX,ANOMALY,"This transaction occurred at an unusual location ('RareStoreX'), which is not typical for normal spending."
9990,330.26,StoreB,NORMAL,This transaction amount ($330.26) is typical for normal spending behavior.
3732,184.17,RareStoreX,ANOMALY,"This transaction occurred at an unusual location ('RareStoreX'), which is not typical for normal spending."
7124,109.97,StoreA,NORMAL,This transaction amount ($109.97) falls within the typical range of spending.
4557,2.09,StoreC,ANOMALY,This transaction amount ($2.09) is extremely low and may indicate refund fraud or abnormal behavior.
3720,2976.73,StoreA,ANOMALY,This transaction amount ($2976.73) is unusually high compared to normal spending levels.
6083,189.37,OutlierMallY,ANOMALY,"This transaction occurred at an unusual location ('OutlierMallY'), which is not typical for normal spending."
5428,224.1,StoreC,NORMAL,This transaction amount ($224.1) is typical for normal spending behavior.
9875,188.4,RareStoreX,ANOMALY,"This transaction occurred at an unusual location ('RareStoreX'), which is not typical for normal spending."
2002,4.48,StoreA,ANOMALY,This transaction amount ($4.48) is extremely low and may indicate refund fraud or abnormal behavior.
4317,56.54,StoreC,NORMAL,This transaction amount ($56.54) falls within the typical range of spending.
4859,7646.1,StoreA,ANOMALY,This transaction amount ($7646.1) is unusually high compared to normal spending levels.
7503,199.1,RareStoreX,ANOMALY,"This transaction occurred at an unusual location ('RareStoreX'), which is not typical for normal spending."
5997,144.47,StoreA,NORMAL,This transaction amount ($144.47) is typical for normal spending behavior.
2054,67.8,StoreB,NORMAL,This transaction amount ($67.8) falls within the typical range of spending.
1592,210.93,OutlierMallY,ANOMALY,"This transaction occurred at an unusual location ('OutlierMallY'), which is not typical for normal spending."
2340,132.97,StoreA,NORMAL,This transaction amount ($132.97) is typical for normal spending behavior.
4233,214.92,RareStoreX,ANOMALY,"This transaction occurred at an unusual location ('RareStoreX'), which is not typical for normal spending."
9859,147.82,StoreB,NORMAL,This transaction amount ($147.82) is typical for normal spending behavior.
7539,190.52,StoreC,NORMAL,This transaction amount ($190.52) is typical for normal spending behavior.
4118,286.62,StoreB,NORMAL,This transaction amount ($286.62) is typical for normal spending behavior.
3646,117.97,StoreC,NORMAL,This transaction amount ($117.97) is typical for normal spending behavior.
5078,1.5,StoreC,ANOMALY,This transaction amount ($1.5) is extremely low and may indicate refund fraud or abnormal behavior.
5862,119.61,StoreC,NORMAL,This transaction amount ($119.61) falls within the typical range of spending.
8905,1.24,StoreA,ANOMALY,This transaction amount ($1.24) is extremely low and may indicate refund fraud or abnormal behavior.
4052,2575.12,StoreB,ANOMALY,This transaction amount ($2575.12) is unusually high compared to normal spending levels.
5670,253.42,StoreA,NORMAL,This transaction amount ($253.42) is typical for normal spending behavior.
9455,6419.33,StoreC,ANOMALY,This transaction amount ($6419.33) is unusually high compared to normal spending levels.
6370,253.68,StoreA,NORMAL,This transaction amount ($253.68) is typical for normal spending behavior.
1114,146.58,StoreC,NORMAL,This transaction amount ($146.58) is typical for normal spending behavior.
9933,73.67,StoreC,NORMAL,This transaction amount ($73.67) falls within the typical range of spending.
6666,69.59,StoreA,NORMAL,This transaction amount ($69.59) falls within the typical range of spending.
4232,292.53,StoreB,NORMAL,This transaction amount ($292.53) is typical for normal spending behavior.
7502,210.61,StoreA,NORMAL,This transaction amount ($210.61) is typical for normal spending behavior.
6616,155.64,StoreB,NORMAL,This transaction amount ($155.64) is typical for normal spending behavior.
6649,194.7,StoreC,NORMAL,This transaction amount ($194.7) is typical for normal spending behavior.
5711,146.3,StoreB,NORMAL,This transaction amount ($146.3) is typical for normal spending behavior.
1690,222.12,StoreA,NORMAL,This transaction amount ($222.12) is typical for normal spending behavior.
1945,3.42,StoreC,ANOMALY,This transaction amount ($3.42) is extremely low and may indicate refund fraud or abnormal behavior.
7026,7320.36,StoreB,ANOMALY,This transaction amount ($7320.36) is unusually high compared to normal spending levels.
1241,90.9,StoreB,NORMAL,This transaction amount ($90.9) falls within the typical range of spending.
2870,7070.96,StoreB,ANOMALY,This transaction amount ($7070.96) is unusually high compared to normal spending levels.
2160,180.03,StoreC,NORMAL,This transaction amount ($180.03) is typical for normal spending behavior.
7261,2.77,StoreB,ANOMALY,This transaction amount ($2.77) is extremely low and may indicate refund fraud or abnormal behavior.
9835,258.85,OutlierMallY,ANOMALY,"This transaction occurred at an unusual location ('OutlierMallY'), which is not typical for normal spending."
4581,103.02,StoreB,NORMAL,This transaction amount ($103.02) is typical for normal spending behavior.
5503,115.69,StoreA,NORMAL,This transaction amount ($115.69) is typical for normal spending behavior.
3906,4198.64,StoreC,ANOMALY,This transaction amount ($4198.64) is unusually high compared to normal spending levels.
4130,168.74,StoreA,NORMAL,This transaction amount ($168.74) falls within the typical range of spending.
6733,243.29,StoreC,NORMAL,This transaction amount ($243.29) is typical for normal spending behavior.
8616,146.28,StoreB,NORMAL,This transaction amount ($146.28) is typical for normal spending behavior.
1975,1.22,StoreB,ANOMALY,This transaction amount ($1.22) is extremely low and may indicate refund fraud or abnormal behavior.
3814,7773.09,StoreC,ANOMALY,This transaction amount ($7773.09) is unusually high compared to normal spending levels.
4483,305.29,StoreC,NORMAL,This transaction amount ($305.29) is typical for normal spending behavior.
2329,269.54,StoreC,NORMAL,This transaction amount ($269.54) is typical for normal spending behavior.
7588,2.3,StoreB,ANOMALY,This transaction amount ($2.3) is extremely low and may indicate refund fraud or abnormal behavior.
4491,6378.54,StoreB,ANOMALY,This transaction amount ($6378.54) is unusually high compared to normal spending levels.
2032,197.85,StoreA,NORMAL,This transaction amount ($197.85) is typical for normal spending behavior.
4061,54.27,StoreB,NORMAL,This transaction amount ($54.27) falls within the typical range of spending.
4472,167.59,RareStoreX,ANOMALY,"This transaction occurred at an unusual location ('RareStoreX'), which is not typical for normal spending."
1331,206.32,StoreA,NORMAL,This transaction amount ($206.32) is typical for normal spending behavior.
7032,237.18,StoreB,NORMAL,This transaction amount ($237.18) is typical for normal spending behavior.
2779,131.22,StoreC,NORMAL,This transaction amount ($131.22) is typical for normal spending behavior.
1858,187.79,StoreB,NORMAL,This transaction amount ($187.79) is typical for normal spending behavior.
7015,240.39,RareStoreX,ANOMALY,"This transaction occurred at an unusual location ('RareStoreX'), which is not typical for normal spending."
2633,0.58,StoreA,ANOMALY,This transaction amount ($0.58) is extremely low and may indicate refund fraud or abnormal behavior.
3316,179.55,StoreA,NORMAL,This transaction amount ($179.55) is typical for normal spending behavior.
6003,109.08,StoreA,NORMAL,This transaction amount ($109.08) falls within the typical range of spending.
9613,269.88,StoreB,NORMAL,This transaction amount ($269.88) is typical for normal spending behavior.
7723,185.33,StoreB,NORMAL,This transaction amount ($185.33) falls within the typical range of spending.
5759,61.03,StoreC,NORMAL,This transaction amount ($61.03) is typical for normal spending behavior.
6454,124.33,StoreA,NORMAL,This transaction amount ($124.33) falls within the typical range of spending.
6356,271.44,StoreC,NORMAL,This transaction amount ($271.44) is typical for normal spending behavior.
4087,156.51,RareStoreX,ANOMALY,"This transaction occurred at an unusual location ('RareStoreX'), which is not typical for normal spending."
9564,223.04,StoreA,NORMAL,This transaction amount ($223.04) is typical for normal spending behavior.
6839,259.88,StoreC,NORMAL,This transaction amount ($259.88) is typical for normal spending behavior.
4641,256.48,StoreA,NORMAL,This transaction amount ($256.48) is typical for normal spending behavior.
9092,3535.01,StoreA,ANOMALY,This transaction amount ($3535.01) is unusually high compared to normal spending levels.
8406,241.77,StoreA,NORMAL,This transaction amount ($241.77) is typical for normal spending behavior.
9648,140.1,StoreA,NORMAL,This transaction amount ($140.1) is typical for normal spending behavior.
7683,6143.73,StoreB,ANOMALY,This transaction amount ($6143.73) is unusually high compared to normal spending levels.
9766,2.87,StoreC,ANOMALY,This transaction amount ($2.87) is extremely low and may indicate refund fraud or abnormal behavior.
5535,133.71,StoreC,NORMAL,This transaction amount ($133.71) is typical for normal spending behavior.
9594,203.07,StoreB,NORMAL,This transaction amount ($203.07) is typical for normal spending behavior.
9519,6556.19,StoreB,ANOMALY,This transaction amount ($6556.19) is unusually high compared to normal spending levels.
3785,98.45,StoreB,NORMAL,This transaction amount ($98.45) is typical for normal spending behavior.
2447,106.65,StoreA,NORMAL,This transaction amount ($106.65) is typical for normal spending behavior.
5012,197.95,StoreB,NORMAL,This transaction amount ($197.95) falls within the typical range of spending.
5736,103.61,StoreB,NORMAL,This transaction amount ($103.61) is typical for normal spending behavior.
2075,225.73,StoreA,NORMAL,This transaction amount ($225.73) is typical for normal spending behavior.
7141,134.11,StoreC,NORMAL,This transaction amount ($134.11) falls within the typical range of spending.
7643,187.46,StoreB,NORMAL,This transaction amount ($187.46) is typical for normal spending behavior.
8385,236.61,StoreB,NORMAL,This transaction amount ($236.61) is typical for normal spending behavior.
9443,4233.53,StoreC,ANOMALY,This transaction amount ($4233.53) is unusually high compared to normal spending levels.
2909,243.27,StoreC,NORMAL,This transaction amount ($243.27) is typical for normal spending behavior.
8910,273.75,StoreB,NORMAL,This transaction amount ($273.75) is typical for normal spending behavior.
2594,133.69,StoreB,NORMAL,This transaction amount ($133.69) falls within the typical range of spending.
9251,6942.13,StoreB,ANOMALY,This transaction amount ($6942.13) is unusually high compared to normal spending levels.
6145,140.73,StoreB,NORMAL,This transaction amount ($140.73) is typical for normal spending behavior.
3544,204.61,StoreB,NORMAL,This transaction amount ($204.61) is typical for normal spending behavior.
5217,227.79,StoreB,NORMAL,This transaction amount ($227.79) is typical for normal spending behavior.
7166,279.03,StoreB,NORMAL,This transaction amount ($279.03) is typical for normal spending behavior.
7802,230.86,StoreC,NORMAL,This transaction amount ($230.86) is typical for normal spending behavior.
9700,3.59,StoreC,ANOMALY,This transaction amount ($3.59) is extremely low and may indicate refund fraud or abnormal behavior.
1224,4279.07,StoreA,ANOMALY,This transaction amount ($4279.07) is unusually high compared to normal spending levels.
7037,235.01,StoreA,NORMAL,This transaction amount ($235.01) is typical for normal spending behavior.
2663,167.55,StoreA,NORMAL,This transaction amount ($167.55) falls within the typical range of spending.
5920,1.31,StoreC,ANOMALY,This transaction amount ($1.31) is extremely low and may indicate refund fraud or abnormal behavior.
1721,208.75,OutlierMallY,ANOMALY,"This transaction occurred at an unusual location ('OutlierMallY'), which is not typical for normal spending."
9965,6978.16,StoreA,ANOMALY,This transaction amount ($6978.16) is unusually high compared to normal spending levels.
1972,4501.34,StoreC,ANOMALY,This transaction amount ($4501.34) is unusually high compared to normal spending levels.
7035,180.64,StoreB,NORMAL,This transaction amount ($180.64) is typical for normal spending behavior.
3763,138.34,StoreA,NORMAL,This transaction amount ($138.34) is typical for normal spending behavior.
1597,264.56,StoreB,NORMAL,This transaction amount ($264.56) is typical for normal spending behavior.
5999,76.2,StoreB,NORMAL,This transaction amount ($76.2) falls within the typical range of spending.
9893,238.9,StoreA,NORMAL,This transaction amount ($238.9) is typical for normal spending behavior.
7447,126.75,StoreC,NORMAL,This transaction amount ($126.75) is typical for normal spending behavior.
7354,121.73,StoreC,NORMAL,This transaction amount ($121.73) is typical for normal spending behavior.
4653,224.52,StoreB,NORMAL,This transaction amount ($224.52) is typical for normal spending behavior.
7048,208.96,StoreB,NORMAL,This transaction amount ($208.96) is typical for normal spending behavior.
8342,230.94,StoreA,NORMAL,This transaction amount ($230.94) is typical for normal spending behavior.
5415,89.83,StoreC,NORMAL,This transaction amount ($89.83) is typical for normal spending behavior.
6848,248.93,OutlierMallY,ANOMALY,"This transaction occurred at an unusual location ('OutlierMallY'), which is not typical for normal spending."
5552,154.37,StoreA,NORMAL,This transaction amount ($154.37) falls within the typical range of spending.
2806,250.44,StoreB,NORMAL,This transaction amount ($250.44) is typical for normal spending behavior.
9210,292.94,StoreB,NORMAL,This transaction amount ($292.94) is typical for normal spending behavior.
3422,211.44,StoreB,NORMAL,This transaction amount ($211.44) is typical for normal spending behavior.
7437,131.57,StoreC,NORMAL,This transaction amount ($131.57) falls within the typical range of spending.
5054,197.59,RareStoreX,ANOMALY,"This transaction occurred at an unusual location ('RareStoreX'), which is not typical for normal spending."
1686,198.55,StoreA,NORMAL,This transaction amount ($198.55) is typical for normal spending behavior.
9069,3036.69,StoreA,ANOMALY,This transaction amount ($3036.69) is unusually high compared to normal spending levels.
1877,252.28,StoreB,NORMAL,This transaction amount ($252.28) is typical for normal spending behavior.
1586,4003.61,StoreA,ANOMALY,This transaction amount ($4003.61) is unusually high compared to normal spending levels.
8634,7141.37,StoreC,ANOMALY,This transaction amount ($7141.37) is unusually high compared to normal spending levels.
2250,216.01,StoreB,NORMAL,This transaction amount ($216.01) is typical for normal spending behavior.
8467,287.07,StoreC,NORMAL,This transaction amount ($287.07) is typical for normal spending behavior.
4718,7319.63,StoreC,ANOMALY,This transaction amount ($7319.63) is unusually high compared to normal spending levels.
4361,192.51,RareStoreX,ANOMALY,"This transaction occurred at an unusual location ('RareStoreX'), which is not typical for normal spending."
7200,213.65,StoreA,NORMAL,This transaction amount ($213.65) is typical for normal spending behavior.
7590,173.37,StoreA,NORMAL,This transaction amount ($173.37) falls within the typical range of spending.
1830,172.0,OutlierMallY,ANOMALY,"This transaction occurred at an unusual location ('OutlierMallY'), which is not typical for normal spending."
1648,4.84,StoreC,ANOMALY,This transaction amount ($4.84) is extremely low and may indicate refund fraud or abnormal behavior.
5305,197.74,StoreA,NORMAL,This transaction amount ($197.74) is typical for normal spending behavior.
5023,253.58,StoreB,NORMAL,This transaction amount ($253.58) is typical for normal spending behavior.
4558,3.24,StoreA,ANOMALY,This transaction amount ($3.24) is extremely low and may indicate refund fraud or abnormal behavior.
3056,192.67,StoreA,NORMAL,This transaction amount ($192.67) falls within the typical range of spending.
1410,7806.86,StoreC,ANOMALY,This transaction amount ($7806.86) is unusually high compared to normal spending levels.
4626,135.94,StoreC,NORMAL,This transaction amount ($135.94) is typical for normal spending behavior.
3506,287.94,StoreB,NORMAL,This transaction amount ($287.94) is typical for normal spending behavior.
5423,241.89,StoreB,NORMAL,This transaction amount ($241.89) is typical for normal spending behavior.
4873,292.28,StoreB,NORMAL,This transaction amount ($292.28) is typical for normal spending behavior.
3985,225.98,StoreB,NORMAL,This transaction amount ($225.98) is typical for normal spending behavior.
7361,89.23,StoreC,NORMAL,This transaction amount ($89.23) is typical for normal spending behavior.
8015,193.63,OutlierMallY,ANOMALY,"This transaction occurred at an unusual location ('OutlierMallY'), which is not typical for normal spending."
8489,193.06,StoreA,NORMAL,This transaction amount ($193.06) is typical for normal spending behavior.
8768,97.77,StoreC,NORMAL,This transaction amount ($97.77) is typical for normal spending behavior.
9464,128.28,StoreB,NORMAL,This transaction amount ($128.28) is typical for normal spending behavior.
2100,175.31,StoreA,NORMAL,This transaction amount ($175.31) is typical for normal spending behavior.
3529,157.46,StoreC,NORMAL,This transaction amount ($157.46) is typical for normal spending behavior.
9479,172.87,StoreA,NORMAL,This transaction amount ($172.87) falls within the typical range of spending.
8328,172.06,StoreB,NORMAL,This transaction amount ($172.06) is typical for normal spending behavior.
9903,65.49,StoreC,NORMAL,This transaction amount ($65.49) falls within the typical range of spending.
5792,194.1,StoreB,NORMAL,This transaction amount ($194.1) is typical for normal spending behavior.
7596,198.24,StoreA,NORMAL,This transaction amount ($198.24) is typical for normal spending behavior.
9027,258.09,StoreC,NORMAL,This transaction amount ($258.09) is typical for normal spending behavior.
2054,240.88,StoreC,NORMAL,This transaction amount ($240.88) is typical for normal spending behavior.
2480,156.29,StoreC,NORMAL,This transaction amount ($156.29) is typical for normal spending behavior.
4022,202.28,StoreA,NORMAL,This transaction amount ($202.28) is typical for normal spending behavior.
6837,191.0,StoreA,NORMAL,This transaction amount ($191.0) is typical for normal spending behavior.
9606,344.7,StoreB,NORMAL,This transaction amount ($344.7) is typical for normal spending behavior.
9249,279.75,StoreB,NORMAL,This transaction amount ($279.75) is typical for normal spending behavior.
9399,222.98,StoreC,NORMAL,This transaction amount ($222.98) is typical for normal spending behavior.
7112,262.3,StoreA,NORMAL,This transaction amount ($262.3) is typical for normal spending behavior.
2912,230.17,StoreA,NORMAL,This transaction amount ($230.17) is typical for normal spending behavior.
9788,2944.78,StoreA,ANOMALY,This transaction amount ($2944.78) is unusually high compared to normal spending levels.
5366,228.36,StoreA,NORMAL,This transaction amount ($228.36) is typical for normal spending behavior.
5426,60.51,StoreB,NORMAL,This transaction amount ($60.51) falls within the typical range of spending.
6578,239.77,StoreA,NORMAL,This transaction amount ($239.77) is typical for normal spending behavior.
3627,145.42,StoreB,NORMAL,This transaction amount ($145.42) is typical for normal spending behavior.
7658,67.98,StoreA,NORMAL,This transaction amount ($67.98) falls within the typical range of spending.
5727,236.47,StoreB,NORMAL,This transaction amount ($236.47) is typical for normal spending behavior.
8546,2.37,StoreB,ANOMALY,This transaction amount ($2.37) is extremely low and may indicate refund fraud or abnormal behavior.
6887,7055.78,StoreC,ANOMALY,This transaction amount ($7055.78) is unusually high compared to normal spending levels.
9464,160.5,StoreA,NORMAL,This transaction amount ($160.5) falls within the typical range of spending.
5416,233.79,RareStoreX,ANOMALY,"This transaction occurred at an unusual location ('RareStoreX'), which is not typical for normal spending."
6827,293.06,OutlierMallY,ANOMALY,"This transaction occurred at an unusual location ('OutlierMallY'), which is not typical for normal spending."
7391,189.39,StoreC,NORMAL,This transaction amount ($189.39) is typical for normal spending behavior.
9427,312.4,StoreC,NORMAL,This transaction amount ($312.4) is typical for normal spending behavior.
3632,5010.81,StoreB,ANOMALY,This transaction amount ($5010.81) is unusually high compared to normal spending levels.
3000,284.56,StoreB,NORMAL,This transaction amount ($284.56) is typical for normal spending behavior.
3321,144.0,StoreB,NORMAL,This transaction amount ($144.0) is typical for normal spending behavior.
1414,216.86,StoreC,NORMAL,This transaction amount ($216.86) is typical for normal spending behavior.
5649,1.74,StoreC,ANOMALY,This transaction amount ($1.74) is extremely low and may indicate refund fraud or abnormal behavior.
3083,162.61,StoreC,NORMAL,This transaction amount ($162.61) is typical for normal spending behavior.
5376,283.96,StoreA,NORMAL,This transaction amount ($283.96) is typical for normal spending behavior.
4603,6627.14,StoreA,ANOMALY,This transaction amount ($6627.14) is unusually high compared to normal spending levels.
9580,119.47,StoreA,NORMAL,This transaction amount ($119.47) falls within the typical range of spending.
7839,225.42,StoreB,NORMAL,This transaction amount ($225.42) is typical for normal spending behavior.
5607,169.71,StoreA,NORMAL,This transaction amount ($169.71) is typical for normal spending behavior.
4299,95.03,StoreA,NORMAL,This transaction amount ($95.03) falls within the typical range of spending.
4883,246.56,StoreB,NORMAL,This transaction amount ($246.56) is typical for normal spending behavior.
8750,3445.09,StoreA,ANOMALY,This transaction amount ($3445.09) is unusually high compared to normal spending levels.
9598,256.06,StoreC,NORMAL,This transaction amount ($256.06) is typical for normal spending behavior.
6319,7718.85,StoreA,ANOMALY,This transaction amount ($7718.85) is unusually high compared to normal spending levels.
3590,174.93,StoreA,NORMAL,This transaction amount ($174.93) is typical for normal spending behavior.
3458,5054.96,StoreC,ANOMALY,This transaction amount ($5054.96) is unusually high compared to normal spending levels.
2925,5725.0,StoreC,ANOMALY,This transaction amount ($5725.0) is unusually high compared to normal spending levels.
6776,65.98,StoreB,NORMAL,This transaction amount ($65.98) falls within the typical range of spending.
4573,135.75,StoreA,NORMAL,This transaction amount ($135.75) is typical for normal spending behavior.
4527,4986.76,StoreB,ANOMALY,This transaction amount ($4986.76) is unusually high compared to normal spending levels.
5042,115.49,StoreC,NORMAL,This transaction amount ($115.49) is typical for normal spending behavior.
3639,133.84,RareStoreX,ANOMALY,"This transaction occurred at an unusual location ('RareStoreX'), which is not typical for normal spending."
9655,50.73,StoreA,NORMAL,This transaction amount ($50.73) is typical for normal spending behavior.
9521,249.21,StoreB,NORMAL,This transaction amount ($249.21) is typical for normal spending behavior.
5793,248.68,StoreC,NORMAL,This transaction amount ($248.68) is typical for normal spending behavior.
7123,191.35,StoreC,NORMAL,This transaction amount ($191.35) is typical for normal spending behavior.
7210,190.16,OutlierMallY,ANOMALY,"This transaction occurred at an unusual location ('OutlierMallY'), which is not typical for normal spending."
2504,5790.07,StoreA,ANOMALY,This transaction amount ($5790.07) is unusually high compared to normal spending levels.
2904,183.77,StoreB,NORMAL,This transaction amount ($183.77) falls within the typical range of spending.
9767,1.8,StoreB,ANOMALY,This transaction amount ($1.8) is extremely low and may indicate refund fraud or abnormal behavior.
1947,290.2,StoreC,NORMAL,This transaction amount ($290.2) is typical for normal spending behavior.
3083,183.54,OutlierMallY,ANOMALY,"This transaction occurred at an unusual location ('OutlierMallY'), which is not typical for normal spending."
5754,3.22,StoreC,ANOMALY,This transaction amount ($3.22) is extremely low and may indicate refund fraud or abnormal behavior.
8778,3.62,StoreA,ANOMALY,This transaction amount ($3.62) is extremely low and may indicate refund fraud or abnormal behavior.
7210,7950.05,StoreC,ANOMALY,This transaction amount ($7950.05) is unusually high compared to normal spending levels.
5681,163.87,StoreA,NORMAL,This transaction amount ($163.87) falls within the typical range of spending.
2421,169.09,StoreA,NORMAL,This transaction amount ($169.09) is typical for normal spending behavior.
6769,218.23,StoreA,NORMAL,This transaction amount ($218.23) is typical for normal spending behavior.
3599,111.38,StoreB,NORMAL,This transaction amount ($111.38) is typical for normal spending behavior.
4243,213.43,StoreC,NORMAL,This transaction amount ($213.43) is typical for normal spending behavior.
3499,175.22,StoreC,NORMAL,This transaction amount ($175.22) falls within the typical range of spending.
5725,138.55,StoreC,NORMAL,This transaction amount ($138.55) is typical for normal spending behavior.
9926,228.1,RareStoreX,ANOMALY,"This transaction occurred at an unusual location ('RareStoreX'), which is not typical for normal spending."
4273,201.28,StoreA,NORMAL,This transaction amount ($201.28) is typical for normal spending behavior.
8968,304.16,StoreC,NORMAL,This transaction amount ($304.16) is typical for normal spending behavior.
8868,205.98,StoreA,NORMAL,This transaction amount ($205.98) is typical for normal spending behavior.
9949,271.79,StoreA,NORMAL,This transaction amount ($271.79) is typical for normal spending behavior.
6004,3.6,StoreA,ANOMALY,This transaction amount ($3.6) is extremely low and may indicate refund fraud or abnormal behavior.
3452,92.85,StoreB,NORMAL,This transaction amount ($92.85) falls within the typical range of spending.
5025,230.44,StoreB,NORMAL,This transaction amount ($230.44) is typical for normal spending behavior.
8961,144.4,StoreB,NORMAL,This transaction amount ($144.4) is typical for normal spending behavior.
8055,3.45,StoreB,ANOMALY,This transaction amount ($3.45) is extremely low and may indicate refund fraud or abnormal behavior.
3551,135.95,StoreC,NORMAL,This transaction amount ($135.95) falls within the typical range of spending.
2498,182.44,OutlierMallY,ANOMALY,"This transaction occurred at an unusual location ('OutlierMallY'), which is not typical for normal spending."
2751,4.46,StoreB,ANOMALY,This transaction amount ($4.46) is extremely low and may indicate refund fraud or abnormal behavior.
9498,88.53,StoreA,NORMAL,This transaction amount ($88.53) is typical for normal spending behavior.
8447,115.84,StoreB,NORMAL,This transaction amount ($115.84) is typical for normal spending behavior.
5183,208.39,StoreB,NORMAL,This transaction amount ($208.39) is typical for normal spending behavior.
1761,143.83,RareStoreX,ANOMALY,"This transaction occurred at an unusual location ('RareStoreX'), which is not typical for normal spending."
3118,142.27,StoreC,NORMAL,This transaction amount ($142.27) falls within the typical range of spending.
4464,1.31,StoreB,ANOMALY,This transaction amount ($1.31) is extremely low and may indicate refund fraud or abnormal behavior.
5439,297.7,StoreB,NORMAL,This transaction amount ($297.7) is typical for normal spending behavior.
3653,285.34,StoreB,NORMAL,This transaction amount ($285.34) is typical for normal spending behavior.
4520,224.89,StoreB,NORMAL,This transaction amount ($224.89) is typical for normal spending behavior.
4172,227.73,StoreC,NORMAL,This transaction amount ($227.73) is typical for normal spending behavior.
5787,74.06,StoreA,NORMAL,This transaction amount ($74.06) falls within the typical range of spending.
1752,294.44,StoreA,NORMAL,This transaction amount ($294.44) is typical for normal spending behavior.
8830,332.63,StoreB,NORMAL,This transaction amount ($332.63) is typical for normal spending behavior.
7170,262.97,StoreA,NORMAL,This transaction amount ($262.97) is typical for normal spending behavior.
4279,270.91,StoreA,NORMAL,This transaction amount ($270.91) is typical for normal spending behavior.
3580,233.33,StoreC,NORMAL,This transaction amount ($233.33) is typical for normal spending behavior.
9593,76.12,StoreA,NORMAL,This transaction amount ($76.12) falls within the typical range of spending.
7376,232.62,StoreB,NORMAL,This transaction amount ($232.62) is typical for normal spending behavior.
6936,5762.93,StoreA,ANOMALY,This transaction amount ($5762.93) is unusually high compared to normal spending levels.
3446,239.73,StoreC,NORMAL,This transaction amount ($239.73) is typical for normal spending behavior.
2095,197.69,StoreA,NORMAL,This transaction amount ($197.69) is typical for normal spending behavior.
2737,136.09,StoreC,NORMAL,This transaction amount ($136.09) is typical for normal spending behavior.
8329,197.59,StoreC,NORMAL,This transaction amount ($197.59) is typical for normal spending behavior.
7475,142.57,StoreC,NORMAL,This transaction amount ($142.57) is typical for normal spending behavior.
7674,252.41,RareStoreX,ANOMALY,"This transaction occurred at an unusual location ('RareStoreX'), which is not typical for normal spending."
3047,205.88,StoreA,NORMAL,This transaction amount ($205.88) is typical for normal spending behavior.
3348,3828.49,StoreA,ANOMALY,This transaction amount ($3828.49) is unusually high compared to normal spending levels.
3665,272.79,StoreC,NORMAL,This transaction amount ($272.79) is typical for normal spending behavior.
4945,213.43,StoreB,NORMAL,This transaction amount ($213.43) is typical for normal spending behavior.
5205,7554.39,StoreC,ANOMALY,This transaction amount ($7554.39) is unusually high compared to normal spending levels.
4740,204.2,StoreB,NORMAL,This transaction amount ($204.2) is typical for normal spending behavior.
6424,227.6,StoreB,NORMAL,This transaction amount ($227.6) is typical for normal spending behavior.
5566,2773.72,StoreA,ANOMALY,This transaction amount ($2773.72) is unusually high compared to normal spending levels.
4650,151.38,StoreA,NORMAL,This transaction amount ($151.38) is typical for normal spending behavior.
6153,182.28,StoreC,NORMAL,This transaction amount ($182.28) is typical for normal spending behavior.
3296,213.46,StoreB,NORMAL,This transaction amount ($213.46) is typical for normal spending behavior.
4088,241.01,StoreB,NORMAL,This transaction amount ($241.01) is typical for normal spending behavior.
6374,252.94,StoreC,NORMAL,This transaction amount ($252.94) is typical for normal spending behavior.
5118,225.95,RareStoreX,ANOMALY,"This transaction occurred at an unusual location ('RareStoreX'), which is not typical for normal spending."
8156,258.52,StoreC,NORMAL,This transaction amount ($258.52) is typical for normal spending behavior.
7450,336.9,StoreC,NORMAL,This transaction amount ($336.9) is typical for normal spending behavior.
1058,199.45,StoreB,NORMAL,This transaction amount ($199.45) is typical for normal spending behavior.
4557,67.33,StoreB,NORMAL,This transaction amount ($67.33) is typical for normal spending behavior.
5299,138.24,StoreA,NORMAL,This transaction amount ($138.24) is typical for normal spending behavior.
9529,208.01,StoreA,NORMAL,This transaction amount ($208.01) is typical for normal spending behavior.
3959,6713.44,StoreC,ANOMALY,This transaction amount ($6713.44) is unusually high compared to normal spending levels.
8075,7647.86,StoreA,ANOMALY,This transaction amount ($7647.86) is unusually high compared to normal spending levels.
6938,242.5,StoreA,NORMAL,This transaction amount ($242.5) is typical for normal spending behavior.
3496,223.88,StoreC,NORMAL,This transaction amount ($223.88) is typical for normal spending behavior.
8242,207.84,StoreB,NORMAL,This transaction amount ($207.84) is typical for normal spending behavior.
7559,265.65,StoreB,NORMAL,This transaction amount ($265.65) is typical for normal spending behavior.
9848,3921.78,StoreB,ANOMALY,This transaction amount ($3921.78) is unusually high compared to normal spending levels.
4659,208.42,StoreC,NORMAL,This transaction amount ($208.42) is typical for normal spending behavior.
6938,175.29,StoreC,NORMAL,This transaction amount ($175.29) is typical for normal spending behavior.
2259,4.93,StoreA,ANOMALY,This transaction amount ($4.93) is extremely low and may indicate refund fraud or abnormal behavior.
6837,109.76,StoreB,NORMAL,This transaction amount ($109.76) falls within the typical range of spending.
2549,84.23,StoreA,NORMAL,This transaction amount ($84.23) falls within the typical range of spending.
6243,153.16,OutlierMallY,ANOMALY,"This transaction occurred at an unusual location ('OutlierMallY'), which is not typical for normal spending."
7499,200.01,StoreB,NORMAL,This transaction amount ($200.01) is typical for normal spending behavior.
8166,135.78,StoreB,NORMAL,This transaction amount ($135.78) falls within the typical range of spending.
8838,5256.78,StoreC,ANOMALY,This transaction amount ($5256.78) is unusually high compared to normal spending levels.
7521,139.87,StoreB,NORMAL,This transaction amount ($139.87) is typical for normal spending behavior.
4661,222.54,StoreC,NORMAL,This transaction amount ($222.54) is typical for normal spending behavior.
8709,158.32,StoreB,NORMAL,This transaction amount ($158.32) is typical for normal spending behavior.
2767,171.84,StoreA,NORMAL,This transaction amount ($171.84) falls within the typical range of spending.
3366,1.37,StoreC,ANOMALY,This transaction amount ($1.37) is extremely low and may indicate refund fraud or abnormal behavior.
9232,100.6,StoreA,NORMAL,This transaction amount ($100.6) is typical for normal spending behavior.
9380,91.2,RareStoreX,ANOMALY,"This transaction occurred at an unusual location ('RareStoreX'), which is not typical for normal spending."
9691,124.13,StoreA,NORMAL,This transaction amount ($124.13) is typical for normal spending behavior.
3603,169.79,StoreC,NORMAL,This transaction amount ($169.79) is typical for normal spending behavior.
5904,4584.98,StoreA,ANOMALY,This transaction amount ($4584.98) is unusually high compared to normal spending levels.
7222,273.37,OutlierMallY,ANOMALY,"This transaction occurred at an unusual location ('OutlierMallY'), which is not typical for normal spending."
9315,114.53,StoreC,NORMAL,This transaction amount ($114.53) falls within the typical range of spending.
4192,85.2,StoreA,NORMAL,This transaction amount ($85.2) is typical for normal spending behavior.
3657,4.83,StoreA,ANOMALY,This transaction amount ($4.83) is extremely low and may indicate refund fraud or abnormal behavior.
9799,76.95,StoreA,NORMAL,This transaction amount ($76.95) falls within the typical range of spending.
5213,265.32,StoreB,NORMAL,This transaction amount ($265.32) is typical for normal spending behavior.
6150,292.02,StoreB,NORMAL,This transaction amount ($292.02) is typical for normal spending behavior.
9109,157.46,StoreC,NORMAL,This transaction amount ($157.46) falls within the typical range of spending.
6084,182.69,StoreB,NORMAL,This transaction amount ($182.69) is typical for normal spending behavior.
6616,176.3,StoreB,NORMAL,This transaction amount ($176.3) falls within the typical range of spending.
2019,241.93,StoreC,NORMAL,This transaction amount ($241.93) is typical for normal spending behavior.
1579,329.19,StoreA,NORMAL,This transaction amount ($329.19) is typical for normal spending behavior.
2537,7109.82,StoreB,ANOMALY,This transaction amount ($7109.82) is unusually high compared to normal spending levels.
7654,2.25,StoreA,ANOMALY,This transaction amount ($2.25) is extremely low and may indicate refund fraud or abnormal behavior.
8456,166.16,StoreC,NORMAL,This transaction amount ($166.16) is typical for normal spending behavior.
8502,263.49,RareStoreX,ANOMALY,"This transaction occurred at an unusual location ('RareStoreX'), which is not typical for normal spending."
1930,117.44,StoreC,NORMAL,This transaction amount ($117.44) falls within the typical range of spending.
3568,150.29,StoreA,NORMAL,This transaction amount ($150.29) is typical for normal spending behavior.
1740,236.25,StoreB,NORMAL,This transaction amount ($236.25) is typical for normal spending behavior.
1123,4186.68,StoreA,ANOMALY,This transaction amount ($4186.68) is unusually high compared to normal spending levels.
8968,214.88,OutlierMallY,ANOMALY,"This transaction occurred at an unusual location ('OutlierMallY'), which is not typical for normal spending."
7557,4.15,StoreA,ANOMALY,This transaction amount ($4.15) is extremely low and may indicate refund fraud or abnormal behavior.
7999,202.82,StoreB,NORMAL,This transaction amount ($202.82) is typical for normal spending behavior.
8630,145.74,StoreB,NORMAL,This transaction amount ($145.74) is typical for normal spending behavior.
9534,260.76,StoreC,NORMAL,This transaction amount ($260.76) is typical for normal spending behavior.
6207,176.65,StoreA,NORMAL,This transaction amount ($176.65) falls within the typical range of spending.
3681,274.17,StoreA,NORMAL,This transaction amount ($274.17) is typical for normal spending behavior.
4269,127.11,StoreB,NORMAL,This transaction amount ($127.11) falls within the typical range of spending.
6560,178.08,StoreC,NORMAL,This transaction amount ($178.08) is typical for normal spending behavior.
3045,112.69,StoreB,NORMAL,This transaction amount ($112.69) falls within the typical range of spending.
9306,94.76,StoreA,NORMAL,This transaction amount ($94.76) falls within the typical range of spending.
8987,174.66,StoreA,NORMAL,This transaction amount ($174.66) falls within the typical range of spending.
2102,152.24,StoreB,NORMAL,This transaction amount ($152.24) is typical for normal spending behavior.
7476,211.99,StoreA,NORMAL,This transaction amount ($211.99) is typical for normal spending behavior.
6551,270.41,StoreB,NORMAL,This transaction amount ($270.41) is typical for normal spending behavior.
2780,5659.03,StoreA,ANOMALY,This transaction amount ($5659.03) is unusually high compared to normal spending levels.
7066,205.02,OutlierMallY,ANOMALY,"This transaction occurred at an unusual location ('OutlierMallY'), which is not typical for normal spending."
4033,225.21,StoreC,NORMAL,This transaction amount ($225.21) is typical for normal spending behavior.
8964,181.02,StoreB,NORMAL,This transaction amount ($181.02) is typical for normal spending behavior.
2561,160.6,StoreC,NORMAL,This transaction amount ($160.6) falls within the typical range of spending.
5690,69.64,StoreB,NORMAL,This transaction amount ($69.64) is typical for normal spending behavior.
1808,267.04,StoreA,NORMAL,This transaction amount ($267.04) is typical for normal spending behavior.
2205,3122.71,StoreA,ANOMALY,This transaction amount ($3122.71) is unusually high compared to normal spending levels.
9254,7596.92,StoreB,ANOMALY,This transaction amount ($7596.92) is unusually high compared to normal spending levels.
9334,2.75,StoreA,ANOMALY,This transaction amount ($2.75) is extremely low and may indicate refund fraud or abnormal behavior.
8941,155.2,OutlierMallY,ANOMALY,"This transaction occurred at an unusual location ('OutlierMallY'), which is not typical for normal spending."
7752,202.82,StoreC,NORMAL,This transaction amount ($202.82) is typical for normal spending behavior.
5945,274.17,StoreB,NORMAL,This transaction amount ($274.17) is typical for normal spending behavior.
5488,225.53,RareStoreX,ANOMALY,"This transaction occurred at an unusual location ('RareStoreX'), which is not typical for normal spending."
3440,256.85,StoreB,NORMAL,This transaction amount ($256.85) is typical for normal spending behavior.
7200,128.52,StoreB,NORMAL,This transaction amount ($128.52) is typical for normal spending behavior.
1011,208.58,StoreC,NORMAL,This transaction amount ($208.58) is typical for normal spending behavior.
9461,201.72,StoreB,NORMAL,This transaction amount ($201.72) is typical for normal spending behavior.
2334,251.46,StoreC,NORMAL,This transaction amount ($251.46) is typical for normal spending behavior.
5671,172.49,StoreC,NORMAL,This transaction amount ($172.49) falls within the typical range of spending.
6462,194.65,StoreC,NORMAL,This transaction amount ($194.65) falls within the typical range of spending.
9391,143.04,StoreA,NORMAL,This transaction amount ($143.04) is typical for normal spending behavior.
5102,195.88,StoreC,NORMAL,This transaction amount ($195.88) is typical for normal spending behavior.
9423,269.36,OutlierMallY,ANOMALY,"This transaction occurred at an unusual location ('OutlierMallY'), which is not typical for normal spending."
4983,156.87,StoreA,NORMAL,This transaction amount ($156.87) is typical for normal spending behavior.
3793,265.93,StoreB,NORMAL,This transaction amount ($265.93) is typical for normal spending behavior.
5197,140.3,StoreB,NORMAL,This transaction amount ($140.3) falls within the typical range of spending.
8777,167.19,StoreA,NORMAL,This transaction amount ($167.19) is typical for normal spending behavior.
4262,225.92,StoreB,NORMAL,This transaction amount ($225.92) is typical for normal spending behavior.
8494,124.53,StoreC,NORMAL,This transaction amount ($124.53) is typical for normal spending behavior.
5524,276.66,StoreA,NORMAL,This transaction amount ($276.66) is typical for normal spending behavior.
3784,234.51,StoreB,NORMAL,This transaction amount ($234.51) is typical for normal spending behavior.
6547,173.17,StoreA,NORMAL,This transaction amount ($173.17) falls within the typical range of spending.
8598,177.84,StoreC,NORMAL,This transaction amount ($177.84) is typical for normal spending behavior.
6932,145.02,StoreA,NORMAL,This transaction amount ($145.02) is typical for normal spending behavior.
9495,146.43,StoreB,NORMAL,This transaction amount ($146.43) is typical for normal spending behavior.
1966,182.84,StoreA,NORMAL,This transaction amount ($182.84) is typical for normal spending behavior.
6942,0.85,StoreA,ANOMALY,This transaction amount ($0.85) is extremely low and may indicate refund fraud or abnormal behavior.
4083,283.07,StoreC,NORMAL,This transaction amount ($283.07) is typical for normal spending behavior.
6336,115.6,StoreC,NORMAL,This transaction amount ($115.6) is typical for normal spending behavior.
8351,192.58,StoreB,NORMAL,This transaction amount ($192.58) is typical for normal spending behavior.
9454,231.0,OutlierMallY,ANOMALY,"This transaction occurred at an unusual location ('OutlierMallY'), which is not typical for normal spending."
4782,193.33,StoreC,NORMAL,This transaction amount ($193.33) is typical for normal spending behavior.
7295,5481.19,StoreA,ANOMALY,This transaction amount ($5481.19) is unusually high compared to normal spending levels.
9081,201.15,OutlierMallY,ANOMALY,"This transaction occurred at an unusual location ('OutlierMallY'), which is not typical for normal spending."
2536,268.79,StoreB,NORMAL,This transaction amount ($268.79) is typical for normal spending behavior.
4175,178.76,StoreA,NORMAL,This transaction amount ($178.76) is typical for normal spending behavior.
2941,89.29,StoreB,NORMAL,This transaction amount ($89.29) falls within the typical range of spending.
5635,7657.25,StoreC,ANOMALY,This transaction amount ($7657.25) is unusually high compared to normal spending levels.
4894,4771.46,StoreB,ANOMALY,This transaction amount ($4771.46) is unusually high compared to normal spending levels.
3594,165.39,StoreC,NORMAL,This transaction amount ($165.39) is typical for normal spending behavior.
1696,4.78,StoreB,ANOMALY,This transaction amount ($4.78) is extremely low and may indicate refund fraud or abnormal behavior.
6497,230.87,StoreA,NORMAL,This transaction amount ($230.87) is typical for normal spending behavior.
4553,167.84,OutlierMallY,ANOMALY,"This transaction occurred at an unusual location ('OutlierMallY'), which is not typical for normal spending."
3737,133.59,RareStoreX,ANOMALY,"This transaction occurred at an unusual location ('RareStoreX'), which is not typical for normal spending."
1247,166.36,OutlierMallY,ANOMALY,"This transaction occurred at an unusual location ('OutlierMallY'), which is not typical for normal spending."
8398,3.66,StoreA,ANOMALY,This transaction amount ($3.66) is extremely low and may indicate refund fraud or abnormal behavior.
5763,230.83,StoreB,NORMAL,This transaction amount ($230.83) is typical for normal spending behavior.
9134,166.78,StoreA,NORMAL,This transaction amount ($166.78) is typical for normal spending behavior.
4349,119.25,StoreA,NORMAL,This transaction amount ($119.25) is typical for normal spending behavior.
8012,233.88,StoreB,NORMAL,This transaction amount ($233.88) is typical for normal spending behavior.
7964,124.35,StoreA,NORMAL,This transaction amount ($124.35) is typical for normal spending behavior.
9348,4.51,StoreB,ANOMALY,This transaction amount ($4.51) is extremely low and may indicate refund fraud or abnormal behavior.
8399,136.8,StoreC,NORMAL,This transaction amount ($136.8) is typical for normal spending behavior.
2746,3670.68,StoreB,ANOMALY,This transaction amount ($3670.68) is unusually high compared to normal spending levels.
7121,250.85,StoreC,NORMAL,This transaction amount ($250.85) is typical for normal spending behavior.
7266,192.35,StoreB,NORMAL,This transaction amount ($192.35) falls within the typical range of spending.
4007,266.2,StoreA,NORMAL,This transaction amount ($266.2) is typical for normal spending behavior.
9061,270.07,StoreB,NORMAL,This transaction amount ($270.07) is typical for normal spending behavior.
9296,244.09,StoreA,NORMAL,This transaction amount ($244.09) is typical for normal spending behavior.
4621,220.86,StoreC,NORMAL,This transaction amount ($220.86) is typical for normal spending behavior.
3793,225.94,StoreA,NORMAL,This transaction amount ($225.94) is typical for normal spending behavior.
2481,215.98,RareStoreX,ANOMALY,"This transaction occurred at an unusual location ('RareStoreX'), which is not typical for normal spending."
1669,144.84,StoreB,NORMAL,This transaction amount ($144.84) is typical for normal spending behavior.
6676,139.27,StoreB,NORMAL,This transaction amount ($139.27) is typical for normal spending behavior.
1250,240.92,StoreC,NORMAL,This transaction amount ($240.92) is typical for normal spending behavior.
6156,143.69,OutlierMallY,ANOMALY,"This transaction occurred at an unusual location ('OutlierMallY'), which is not typical for normal spending."
5372,241.16,StoreA,NORMAL,This transaction amount ($241.16) is typical for normal spending behavior.
9774,3541.41,StoreC,ANOMALY,This transaction amount ($3541.41) is unusually high compared to normal spending levels.
1865,224.24,StoreA,NORMAL,This transaction amount ($224.24) is typical for normal spending behavior.
7081,209.42,StoreC,NORMAL,This transaction amount ($209.42) is typical for normal spending behavior.
8648,71.39,StoreB,NORMAL,This transaction amount ($71.39) falls within the typical range of spending.
4587,227.98,StoreA,NORMAL,This transaction amount ($227.98) is typical for normal spending behavior.
4291,141.53,StoreA,NORMAL,This transaction amount ($141.53) is typical for normal spending behavior.
4240,230.8,StoreA,NORMAL,This transaction amount ($230.8) is typical for normal spending behavior.
3709,235.06,StoreA,NORMAL,This transaction amount ($235.06) is typical for normal spending behavior.
9216,139.87,StoreA,NORMAL,This transaction amount ($139.87) is typical for normal spending behavior.
8260,5720.33,StoreA,ANOMALY,This transaction amount ($5720.33) is unusually high compared to normal spending levels.
5992,196.92,StoreA,NORMAL,This transaction amount ($196.92) is typical for normal spending behavior.
2238,81.21,StoreC,NORMAL,This transaction amount ($81.21) falls within the typical range of spending.
5184,163.53,StoreC,NORMAL,This transaction amount ($163.53) is typical for normal spending behavior.
8433,191.7,StoreA,NORMAL,This transaction amount ($191.7) is typical for normal spending behavior.
8300,97.53,StoreC,NORMAL,This transaction amount ($97.53) falls within the typical range of spending.
8265,169.88,StoreB,NORMAL,This transaction amount ($169.88) is typical for normal spending behavior.
2825,1.05,StoreB,ANOMALY,This transaction amount ($1.05) is extremely low and may indicate refund fraud or abnormal behavior.
5284,317.25,StoreA,NORMAL,This transaction amount ($317.25) is typical for normal spending behavior.
2872,171.34,StoreA,NORMAL,This transaction amount ($171.34) is typical for normal spending behavior.
4907,4614.25,StoreC,ANOMALY,This transaction amount ($4614.25) is unusually high compared to normal spending levels.
9026,163.76,StoreC,NORMAL,This transaction amount ($163.76) is typical for normal spending behavior.
8378,152.97,StoreA,NORMAL,This transaction amount ($152.97) is typical for normal spending behavior.
7982,103.09,StoreB,NORMAL,This transaction amount ($103.09) is typical for normal spending behavior.
7287,1.06,StoreA,ANOMALY,This transaction amount ($1.06) is extremely low and may indicate refund fraud or abnormal behavior.
8318,239.08,StoreA,NORMAL,This transaction amount ($239.08) is typical for normal spending behavior.
4673,195.53,StoreA,NORMAL,This transaction amount ($195.53) is typical for normal spending behavior.
7185,248.93,StoreB,NORMAL,This transaction amount ($248.93) is typical for normal spending behavior.
1498,2858.25,StoreC,ANOMALY,This transaction amount ($2858.25) is unusually high compared to normal spending levels.
1968,209.14,StoreC,NORMAL,This transaction amount ($209.14) is typical for normal spending behavior.
9210,1.71,StoreB,ANOMALY,This transaction amount ($1.71) is extremely low and may indicate refund fraud or abnormal behavior.
2764,230.96,StoreB,NORMAL,This transaction amount ($230.96) is typical for normal spending behavior.
9646,224.77,StoreC,NORMAL,This transaction amount ($224.77) is typical for normal spending behavior.
8476,65.36,StoreC,NORMAL,This transaction amount ($65.36) falls within the typical range of spending.
5567,213.74,StoreA,NORMAL,This transaction amount ($213.74) is typical for normal spending behavior.
3794,7234.01,StoreB,ANOMALY,This transaction amount ($7234.01) is unusually high compared to normal spending levels.
9947,157.55,RareStoreX,ANOMALY,"This transaction occurred at an unusual location ('RareStoreX'), which is not typical for normal spending."
2129,143.61,StoreA,NORMAL,This transaction amount ($143.61) is typical for normal spending behavior.
1544,200.61,StoreC,NORMAL,This transaction amount ($200.61) is typical for normal spending behavior.
1081,172.88,StoreA,NORMAL,This transaction amount ($172.88) is typical for normal spending behavior.
8389,197.13,StoreB,NORMAL,This transaction amount ($197.13) falls within the typical range of spending.
2039,4513.08,StoreA,ANOMALY,This transaction amount ($4513.08) is unusually high compared to normal spending levels.
2950,210.86,StoreA,NORMAL,This transaction amount ($210.86) is typical for normal spending behavior.
2168,270.77,StoreC,NORMAL,This transaction amount ($270.77) is typical for normal spending behavior.
4127,336.24,StoreC,NORMAL,This transaction amount ($336.24) is typical for normal spending behavior.
6204,243.42,OutlierMallY,ANOMALY,"This transaction occurred at an unusual location ('OutlierMallY'), which is not typical for normal spending."
8782,293.21,RareStoreX,ANOMALY,"This transaction occurred at an unusual location ('RareStoreX'), which is not typical for normal spending."
7300,5433.3,StoreB,ANOMALY,This transaction amount ($5433.3) is unusually high compared to normal spending levels.
2307,134.92,OutlierMallY,ANOMALY,"This transaction occurred at an unusual location ('OutlierMallY'), which is not typical for normal spending."
4483,99.84,StoreB,NORMAL,This transaction amount ($99.84) is typical for normal spending behavior.
3513,103.88,StoreC,NORMAL,This transaction amount ($103.88) is typical for normal spending behavior.
6991,283.74,StoreA,NORMAL,This transaction amount ($283.74) is typical for normal spending behavior.
5787,130.32,StoreA,NORMAL,This transaction amount ($130.32) falls within the typical range of spending.
5292,142.12,StoreB,NORMAL,This transaction amount ($142.12) is typical for normal spending behavior.
3130,199.27,StoreC,NORMAL,This transaction amount ($199.27) is typical for normal spending behavior.
5261,217.03,StoreB,NORMAL,This transaction amount ($217.03) is typical for normal spending behavior.
1403,102.35,StoreB,NORMAL,This transaction amount ($102.35) is typical for normal spending behavior.
3284,205.11,StoreA,NORMAL,This transaction amount ($205.11) is typical for normal spending behavior.
1425,56.74,StoreA,NORMAL,This transaction amount ($56.74) falls within the typical range of spending.
1540,222.78,StoreC,NORMAL,This transaction amount ($222.78) is typical for normal spending behavior.
8170,135.14,StoreB,NORMAL,This transaction amount ($135.14) is typical for normal spending behavior.
2604,222.11,OutlierMallY,ANOMALY,"This transaction occurred at an unusual location ('OutlierMallY'), which is not typical for normal spending."
5116,95.81,StoreC,NORMAL,This transaction amount ($95.81) falls within the typical range of spending.
2109,244.65,StoreC,NORMAL,This transaction amount ($244.65) is typical for normal spending behavior.
2561,162.47,StoreC,NORMAL,This transaction amount ($162.47) is typical for normal spending behavior.
1354,204.29,StoreA,NORMAL,This transaction amount ($204.29) is typical for normal spending behavior.
4539,245.08,StoreA,NORMAL,This transaction amount ($245.08) is typical for normal spending behavior.
2264,329.9,StoreB,NORMAL,This transaction amount ($329.9) is typical for normal spending behavior.
1784,204.39,StoreA,NORMAL,This transaction amount ($204.39) is typical for normal spending behavior.
1170,4.28,StoreC,ANOMALY,This transaction amount ($4.28) is extremely low and may indicate refund fraud or abnormal behavior.
3908,297.48,StoreA,NORMAL,This transaction amount ($297.48) is typical for normal spending behavior.
9737,202.04,StoreB,NORMAL,This transaction amount ($202.04) is typical for normal spending behavior.
9794,244.81,RareStoreX,ANOMALY,"This transaction occurred at an unusual location ('RareStoreX'), which is not typical for normal spending."
3986,253.7,StoreA,NORMAL,This transaction amount ($253.7) is typical for normal spending behavior.
1947,212.46,StoreB,NORMAL,This transaction amount ($212.46) is typical for normal spending behavior.
5760,216.29,StoreC,NORMAL,This transaction amount ($216.29) is typical for normal spending behavior.
1259,247.39,OutlierMallY,ANOMALY,"This transaction occurred at an unusual location ('OutlierMallY'), which is not typical for normal spending."
5409,159.76,StoreB,NORMAL,This transaction amount ($159.76) is typical for normal spending behavior.
1440,141.7,StoreB,NORMAL,This transaction amount ($141.7) is typical for normal spending behavior.
3978,314.69,StoreA,NORMAL,This transaction amount ($314.69) is typical for normal spending behavior.
2894,220.17,StoreB,NORMAL,This transaction amount ($220.17) is typical for normal spending behavior.
4876,68.07,StoreA,NORMAL,This transaction amount ($68.07) is typical for normal spending behavior.
3076,98.87,StoreC,NORMAL,This transaction amount ($98.87) falls within the typical range of spending.
2419,2992.13,StoreB,ANOMALY,This transaction amount ($2992.13) is unusually high compared to normal spending levels.
8127,114.11,RareStoreX,ANOMALY,"This transaction occurred at an unusual location ('RareStoreX'), which is not typical for normal spending."
9098,195.58,StoreB,NORMAL,This transaction amount ($195.58) falls within the typical range of spending.
7659,102.21,StoreB,NORMAL,This transaction amount ($102.21) falls within the typical range of spending.
8092,4.02,StoreA,ANOMALY,This transaction amount ($4.02) is extremely low and may indicate refund fraud or abnormal behavior.
3121,138.55,StoreA,NORMAL,This transaction amount ($138.55) falls within the typical range of spending.
5651,186.74,StoreB,NORMAL,This transaction amount ($186.74) is typical for normal spending behavior.
6279,6704.2,StoreB,ANOMALY,This transaction amount ($6704.2) is unusually high compared to normal spending levels.
2110,166.36,StoreB,NORMAL,This transaction amount ($166.36) is typical for normal spending behavior.
9839,1.14,StoreA,ANOMALY,This transaction amount ($1.14) is extremely low and may indicate refund fraud or abnormal behavior.
7609,75.46,StoreB,NORMAL,This transaction amount ($75.46) is typical for normal spending behavior.
9276,3.68,StoreB,ANOMALY,This transaction amount ($3.68) is extremely low and may indicate refund fraud or abnormal behavior.
3758,225.18,StoreC,NORMAL,This transaction amount ($225.18) is typical for normal spending behavior.
9235,102.12,StoreA,NORMAL,This transaction amount ($102.12) is typical for normal spending behavior.
4728,2866.42,StoreC,ANOMALY,This transaction amount ($2866.42) is unusually high compared to normal spending levels.
2391,225.53,StoreB,NORMAL,This transaction amount ($225.53) is typical for normal spending behavior.
1589,3.38,StoreC,ANOMALY,This transaction amount ($3.38) is extremely low and may indicate refund fraud or abnormal behavior.
3024,254.98,StoreC,NORMAL,This transaction amount ($254.98) is typical for normal spending behavior.
5225,1.96,StoreB,ANOMALY,This transaction amount ($1.96) is extremely low and may indicate refund fraud or abnormal behavior.
7633,213.01,StoreA,NORMAL,This transaction amount ($213.01) is typical for normal spending behavior.
5271,235.04,StoreA,NORMAL,This transaction amount ($235.04) is typical for normal spending behavior.
2872,205.56,RareStoreX,ANOMALY,"This transaction occurred at an unusual location ('RareStoreX'), which is not typical for normal spending."
5442,2548.26,StoreB,ANOMALY,This transaction amount ($2548.26) is unusually high compared to normal spending levels.
5689,245.32,StoreA,NORMAL,This transaction amount ($245.32) is typical for normal spending behavior.
5433,133.85,OutlierMallY,ANOMALY,"This transaction occurred at an unusual location ('OutlierMallY'), which is not typical for normal spending."
1929,126.46,StoreB,NORMAL,This transaction amount ($126.46) falls within the typical range of spending.
6988,356.1,StoreB,NORMAL,This transaction amount ($356.1) is typical for normal spending behavior.
1442,350.69,StoreB,NORMAL,This transaction amount ($350.69) is typical for normal spending behavior.
2973,175.09,StoreC,NORMAL,This transaction amount ($175.09) is typical for normal spending behavior.
6701,193.81,StoreA,NORMAL,This transaction amount ($193.81) falls within the typical range of spending.
3107,376.95,StoreC,NORMAL,This transaction amount ($376.95) is typical for normal spending behavior.
4202,142.88,StoreC,NORMAL,This transaction amount ($142.88) is typical for normal spending behavior.
2361,114.07,StoreA,NORMAL,This transaction amount ($114.07) falls within the typical range of spending.
7681,139.99,OutlierMallY,ANOMALY,"This transaction occurred at an unusual location ('OutlierMallY'), which is not typical for normal spending."
2129,118.41,StoreA,NORMAL,This transaction amount ($118.41) is typical for normal spending behavior.
3941,163.96,StoreC,NORMAL,This transaction amount ($163.96) is typical for normal spending behavior.
6524,0.77,StoreC,ANOMALY,This transaction amount ($0.77) is extremely low and may indicate refund fraud or abnormal behavior.
8928,274.68,StoreC,NORMAL,This transaction amount ($274.68) is typical for normal spending behavior.
7533,267.46,StoreB,NORMAL,This transaction amount ($267.46) is typical for normal spending behavior.
1372,3305.07,StoreC,ANOMALY,This transaction amount ($3305.07) is unusually high compared to normal spending levels.
5597,353.61,StoreA,NORMAL,This transaction amount ($353.61) is typical for normal spending behavior.
7702,210.71,StoreB,NORMAL,This transaction amount ($210.71) is typical for normal spending behavior.
5197,193.71,StoreA,NORMAL,This transaction amount ($193.71) falls within the typical range of spending.
4666,327.98,StoreC,NORMAL,This transaction amount ($327.98) is typical for normal spending behavior.
8743,185.58,StoreA,NORMAL,This transaction amount ($185.58) is typical for normal spending behavior.
8379,234.74,OutlierMallY,ANOMALY,"This transaction occurred at an unusual location ('OutlierMallY'), which is not typical for normal spending."
2789,118.04,StoreC,NORMAL,This transaction amount ($118.04) is typical for normal spending behavior.
9353,7222.57,StoreC,ANOMALY,This transaction amount ($7222.57) is unusually high compared to normal spending levels.
3922,3.19,StoreC,ANOMALY,This transaction amount ($3.19) is extremely low and may indicate refund fraud or abnormal behavior.
2537,186.45,StoreA,NORMAL,This transaction amount ($186.45) is typical for normal spending behavior.
7468,172.05,StoreC,NORMAL,This transaction amount ($172.05) is typical for normal spending behavior.
6875,310.8,StoreB,NORMAL,This transaction amount ($310.8) is typical for normal spending behavior.
1681,211.2,StoreC,NORMAL,This transaction amount ($211.2) is typical for normal spending behavior.
5753,301.04,StoreA,NORMAL,This transaction amount ($301.04) is typical for normal spending behavior.
2624,3018.72,StoreB,ANOMALY,This transaction amount ($3018.72) is unusually high compared to normal spending levels.
4253,115.18,StoreC,NORMAL,This transaction amount ($115.18) is typical for normal spending behavior.
4625,93.58,StoreA,NORMAL,This transaction amount ($93.58) falls within the typical range of spending.
7840,4.57,StoreA,ANOMALY,This transaction amount ($4.57) is extremely low and may indicate refund fraud or abnormal behavior.
7450,163.99,StoreA,NORMAL,This transaction amount ($163.99) is typical for normal spending behavior.
7089,6704.2,StoreA,ANOMALY,This transaction amount ($6704.2) is unusually high compared to normal spending levels.
7620,166.97,StoreB,NORMAL,This transaction amount ($166.97) is typical for normal spending behavior.
5317,126.56,StoreA,NORMAL,This transaction amount ($126.56) is typical for normal spending behavior.
2774,220.63,StoreA,NORMAL,This transaction amount ($220.63) is typical for normal spending behavior.
6648,300.59,StoreC,NORMAL,This transaction amount ($300.59) is typical for normal spending behavior.
6917,216.95,StoreB,NORMAL,This transaction amount ($216.95) is typical for normal spending behavior.
7609,55.21,StoreC,NORMAL,This transaction amount ($55.21) falls within the typical range of spending.
2040,6330.96,StoreB,ANOMALY,This transaction amount ($6330.96) is unusually high compared to normal spending levels.
2030,153.8,StoreC,NORMAL,This transaction amount ($153.8) is typical for normal spending behavior.
7030,64.39,StoreA,NORMAL,This transaction amount ($64.39) falls within the typical range of spending.
6327,188.12,StoreB,NORMAL,This transaction amount ($188.12) is typical for normal spending behavior.
6830,192.47,StoreB,NORMAL,This transaction amount ($192.47) is typical for normal spending behavior.
3073,238.11,StoreB,NORMAL,This transaction amount ($238.11) is typical for normal spending behavior.
4730,175.66,StoreB,NORMAL,This transaction amount ($175.66) falls within the typical range of spending.
1414,117.13,StoreC,NORMAL,This transaction amount ($117.13) falls within the typical range of spending.
5345,2.22,StoreB,ANOMALY,This transaction amount ($2.22) is extremely low and may indicate refund fraud or abnormal behavior.
9331,1.91,StoreA,ANOMALY,This transaction amount ($1.91) is extremely low and may indicate refund fraud or abnormal behavior.
4401,215.92,StoreA,NORMAL,This transaction amount ($215.92) is typical for normal spending behavior.
2169,4132.69,StoreC,ANOMALY,This transaction amount ($4132.69) is unusually high compared to normal spending levels.
3739,235.2,StoreC,NORMAL,This transaction amount ($235.2) is typical for normal spending behavior.
4686,2.98,StoreC,ANOMALY,This transaction amount ($2.98) is extremely low and may indicate refund fraud or abnormal behavior.
5663,230.79,StoreB,NORMAL,This transaction amount ($230.79) is typical for normal spending behavior.
4681,221.42,StoreB,NORMAL,This transaction amount ($221.42) is typical for normal spending behavior.
6494,218.11,StoreC,NORMAL,This transaction amount ($218.11) is typical for normal spending behavior.
6641,153.85,StoreA,NORMAL,This transaction amount ($153.85) is typical for normal spending behavior.
6904,249.82,StoreA,NORMAL,This transaction amount ($249.82) is typical for normal spending behavior.
2316,250.09,StoreA,NORMAL,This transaction amount ($250.09) is typical for normal spending behavior.
7229,183.7,StoreA,NORMAL,This transaction amount ($183.7) is typical for normal spending behavior.
8848,243.09,StoreB,NORMAL,This transaction amount ($243.09) is typical for normal spending behavior.
2368,92.89,StoreA,NORMAL,This transaction amount ($92.89) falls within the typical range of spending.
9205,0.65,StoreB,ANOMALY,This transaction amount ($0.65) is extremely low and may indicate refund fraud or abnormal behavior.
1815,231.28,StoreA,NORMAL,This transaction amount ($231.28) is typical for normal spending behavior.
5419,230.01,StoreC,NORMAL,This transaction amount ($230.01) is typical for normal spending behavior.
1600,207.41,StoreB,NORMAL,This transaction amount ($207.41) is typical for normal spending behavior.
8145,96.58,StoreB,NORMAL,This transaction amount ($96.58) falls within the typical range of spending.
4043,2938.7,StoreB,ANOMALY,This transaction amount ($2938.7) is unusually high compared to normal spending levels.
5015,2.62,StoreA,ANOMALY,This transaction amount ($2.62) is extremely low and may indicate refund fraud or abnormal behavior.
1153,1.46,StoreC,ANOMALY,This transaction amount ($1.46) is extremely low and may indicate refund fraud or abnormal behavior.
5421,170.74,StoreC,NORMAL,This transaction amount ($170.74) is typical for normal spending behavior.
3968,89.64,StoreA,NORMAL,This transaction amount ($89.64) falls within the typical range of spending.
4574,187.44,StoreB,NORMAL,This transaction amount ($187.44) is typical for normal spending behavior.
2283,177.77,StoreA,NORMAL,This transaction amount ($177.77) is typical for normal spending behavior.
7940,123.27,StoreA,NORMAL,This transaction amount ($123.27) falls within the typical range of spending.
7317,7917.69,StoreB,ANOMALY,This transaction amount ($7917.69) is unusually high compared to normal spending levels.
2103,219.92,StoreB,NORMAL,This transaction amount ($219.92) is typical for normal spending behavior.
3108,162.54,StoreA,NORMAL,This transaction amount ($162.54) is typical for normal spending behavior.
8654,5370.08,StoreA,ANOMALY,This transaction amount ($5370.08) is unusually high compared to normal spending levels.
4400,224.59,StoreB,NORMAL,This transaction amount ($224.59) is typical for normal spending behavior.
6255,111.95,StoreC,NORMAL,This transaction amount ($111.95) is typical for normal spending behavior.
9090,256.27,StoreC,NORMAL,This transaction amount ($256.27) is typical for normal spending behavior.
9283,197.08,StoreA,NORMAL,This transaction amount ($197.08) is typical for normal spending behavior.
1426,167.46,StoreB,NORMAL,This transaction amount ($167.46) falls within the typical range of spending.
7370,120.13,StoreB,NORMAL,This transaction amount ($120.13) is typical for normal spending behavior.
9834,2.93,StoreA,ANOMALY,This transaction amount ($2.93) is extremely low and may indicate refund fraud or abnormal behavior.
6547,2.77,StoreA,ANOMALY,This transaction amount ($2.77) is extremely low and may indicate refund fraud or abnormal behavior.
9949,160.93,StoreB,NORMAL,This transaction amount ($160.93) falls within the typical range of spending.
2602,6320.34,StoreA,ANOMALY,This transaction amount ($6320.34) is unusually high compared to normal spending levels.
2159,24.72,StoreA,NORMAL,This transaction amount ($24.72) is typical for normal spending behavior.
3355,3.16,StoreC,ANOMALY,This transaction amount ($3.16) is extremely low and may indicate refund fraud or abnormal behavior.
9627,229.89,StoreC,NORMAL,This transaction amount ($229.89) is typical for normal spending behavior.
3922,144.69,StoreC,NORMAL,This transaction amount ($144.69) is typical for normal spending behavior.
5951,181.38,StoreA,NORMAL,This transaction amount ($181.38) is typical for normal spending behavior.
6970,1.67,StoreB,ANOMALY,This transaction amount ($1.67) is extremely low and may indicate refund fraud or abnormal behavior.
7818,183.01,StoreB,NORMAL,This transaction amount ($183.01) is typical for normal spending behavior.
1308,3241.81,StoreA,ANOMALY,This transaction amount ($3241.81) is unusually high compared to normal spending levels.
9229,7462.21,StoreB,ANOMALY,This transaction amount ($7462.21) is unusually high compared to normal spending levels.
7103,214.42,OutlierMallY,ANOMALY,"This transaction occurred at an unusual location ('OutlierMallY'), which is not typical for normal spending."
5710,174.38,StoreB,NORMAL,This transaction amount ($174.38) falls within the typical range of spending.
9505,263.19,StoreC,NORMAL,This transaction amount ($263.19) is typical for normal spending behavior.
4235,272.02,StoreB,NORMAL,This transaction amount ($272.02) is typical for normal spending behavior.
2558,192.78,StoreC,NORMAL,This transaction amount ($192.78) is typical for normal spending behavior.
2673,204.69,StoreC,NORMAL,This transaction amount ($204.69) is typical for normal spending behavior.
6499,212.53,StoreB,NORMAL,This transaction amount ($212.53) is typical for normal spending behavior.
6465,169.77,StoreB,NORMAL,This transaction amount ($169.77) falls within the typical range of spending.
3509,294.65,StoreC,NORMAL,This transaction amount ($294.65) is typical for normal spending behavior.
8641,6543.14,StoreC,ANOMALY,This transaction amount ($6543.14) is unusually high compared to normal spending levels.
4787,143.38,StoreA,NORMAL,This transaction amount ($143.38) falls within the typical range of spending.
9107,52.83,StoreA,NORMAL,This transaction amount ($52.83) falls within the typical range of spending.
3073,173.23,StoreB,NORMAL,This transaction amount ($173.23) is typical for normal spending behavior.
9788,197.14,StoreA,NORMAL,This transaction amount ($197.14) is typical for normal spending behavior.
5139,3.43,StoreA,ANOMALY,This transaction amount ($3.43) is extremely low and may indicate refund fraud or abnormal behavior.
3568,291.71,StoreA,NORMAL,This transaction amount ($291.71) is typical for normal spending behavior.
2736,198.72,StoreB,NORMAL,This transaction amount ($198.72) is typical for normal spending behavior.
4462,167.31,StoreC,NORMAL,This transaction amount ($167.31) falls within the typical range of spending.
9199,3320.24,StoreB,ANOMALY,This transaction amount ($3320.24) is unusually high compared to normal spending levels.
6434,87.45,StoreA,NORMAL,This transaction amount ($87.45) falls within the typical range of spending.
6072,44.54,StoreB,NORMAL,This transaction amount ($44.54) is typical for normal spending behavior.
3509,174.85,RareStoreX,ANOMALY,"This transaction occurred at an unusual location ('RareStoreX'), which is not typical for normal spending."
1335,200.77,RareStoreX,ANOMALY,"This transaction occurred at an unusual location ('RareStoreX'), which is not typical for normal spending."
6677,252.64,StoreA,NORMAL,This transaction amount ($252.64) is typical for normal spending behavior.
6899,180.23,StoreC,NORMAL,This transaction amount ($180.23) is typical for normal spending behavior.
1095,3029.38,StoreC,ANOMALY,This transaction amount ($3029.38) is unusually high compared to normal spending levels.
1132,201.45,StoreA,NORMAL,This transaction amount ($201.45) is typical for normal spending behavior.
3907,223.31,StoreB,NORMAL,This transaction amount ($223.31) is typical for normal spending behavior.
4718,176.39,StoreB,NORMAL,This transaction amount ($176.39) is typical for normal spending behavior.
4803,240.68,StoreC,NORMAL,This transaction amount ($240.68) is typical for normal spending behavior.
6684,193.64,StoreA,NORMAL,This transaction amount ($193.64) is typical for normal spending behavior.
6691,122.09,StoreA,NORMAL,This transaction amount ($122.09) falls within the typical range of spending.
4046,3.68,StoreC,ANOMALY,This transaction amount ($3.68) is extremely low and may indicate refund fraud or abnormal behavior.
6947,163.61,StoreC,NORMAL,This transaction amount ($163.61) is typical for normal spending behavior.
4722,248.43,StoreB,NORMAL,This transaction amount ($248.43) is typical for normal spending behavior.
7073,264.0,StoreA,NORMAL,This transaction amount ($264.0) is typical for normal spending behavior.
5838,184.99,StoreC,NORMAL,This transaction amount ($184.99) falls within the typical range of spending.
7194,185.7,StoreB,NORMAL,This transaction amount ($185.7) falls within the typical range of spending.
9558,198.2,StoreC,NORMAL,This transaction amount ($198.2) falls within the typical range of spending.
3511,238.86,StoreA,NORMAL,This transaction amount ($238.86) is typical for normal spending behavior.
5392,236.19,StoreC,NORMAL,This transaction amount ($236.19) is typical for normal spending behavior.
8965,168.14,StoreB,NORMAL,This transaction amount ($168.14) is typical for normal spending behavior.
2782,220.54,StoreC,NORMAL,This transaction amount ($220.54) is typical for normal spending behavior.
6308,154.2,StoreC,NORMAL,This transaction amount ($154.2) is typical for normal spending behavior.
7574,91.94,StoreC,NORMAL,This transaction amount ($91.94) is typical for normal spending behavior.
5976,237.15,StoreA,NORMAL,This transaction amount ($237.15) is typical for normal spending behavior.
5811,230.05,StoreC,NORMAL,This transaction amount ($230.05) is typical for normal spending behavior.
3423,7546.98,StoreA,ANOMALY,This transaction amount ($7546.98) is unusually high compared to normal spending levels.
1660,313.06,RareStoreX,ANOMALY,"This transaction occurred at an unusual location ('RareStoreX'), which is not typical for normal spending."
3588,179.89,StoreB,NORMAL,This transaction amount ($179.89) is typical for normal spending behavior.
4055,201.11,StoreB,NORMAL,This transaction amount ($201.11) is typical for normal spending behavior.
1523,236.7,StoreA,NORMAL,This transaction amount ($236.7) is typical for normal spending behavior.
8233,180.86,StoreC,NORMAL,This transaction amount ($180.86) is typical for normal spending behavior.
6044,249.69,StoreA,NORMAL,This transaction amount ($249.69) is typical for normal spending behavior.
1037,223.38,StoreB,NORMAL,This transaction amount ($223.38) is typical for normal spending behavior.
1916,211.03,StoreB,NORMAL,This transaction amount ($211.03) is typical for normal spending behavior.
7379,138.73,StoreC,NORMAL,This transaction amount ($138.73) is typical for normal spending behavior.
9831,4344.09,StoreA,ANOMALY,This transaction amount ($4344.09) is unusually high compared to normal spending levels.
9014,173.27,StoreA,NORMAL,This transaction amount ($173.27) is typical for normal spending behavior.
3482,60.96,StoreB,NORMAL,This transaction amount ($60.96) falls within the typical range of spending.
7026,234.19,StoreA,NORMAL,This transaction amount ($234.19) is typical for normal spending behavior.
1992,154.79,StoreA,NORMAL,This transaction amount ($154.79) is typical for normal spending behavior.
1562,257.5,StoreA,NORMAL,This transaction amount ($257.5) is typical for normal spending behavior.
7657,240.91,StoreC,NORMAL,This transaction amount ($240.91) is typical for normal spending behavior.
4544,87.88,StoreB,NORMAL,This transaction amount ($87.88) falls within the typical range of spending.
6257,134.54,StoreC,NORMAL,This transaction amount ($134.54) is typical for normal spending behavior.
4759,4061.15,StoreA,ANOMALY,This transaction amount ($4061.15) is unusually high compared to normal spending levels.
5185,172.19,StoreA,NORMAL,This transaction amount ($172.19) is typical for normal spending behavior.
1025,191.18,StoreB,NORMAL,This transaction amount ($191.18) is typical for normal spending behavior.
9701,148.97,StoreC,NORMAL,This transaction amount ($148.97) is typical for normal spending behavior.
8938,213.33,StoreC,NORMAL,This transaction amount ($213.33) is typical for normal spending behavior.
6831,7637.85,StoreB,ANOMALY,This transaction amount ($7637.85) is unusually high compared to normal spending levels.
7546,5116.88,StoreC,ANOMALY,This transaction amount ($5116.88) is unusually high compared to normal spending levels.
3774,83.84,StoreB,NORMAL,This transaction amount ($83.84) falls within the typical range of spending.
5922,180.28,StoreB,NORMAL,This transaction amount ($180.28) is typical for normal spending behavior.
7805,0.55,StoreB,ANOMALY,This transaction amount ($0.55) is extremely low and may indicate refund fraud or abnormal behavior.
3193,212.19,OutlierMallY,ANOMALY,"This transaction occurred at an unusual location ('OutlierMallY'), which is not typical for normal spending."
4126,127.33,StoreB,NORMAL,This transaction amount ($127.33) is typical for normal spending behavior.
2353,242.54,StoreC,NORMAL,This transaction amount ($242.54) is typical for normal spending behavior.
5077,147.81,StoreA,NORMAL,This transaction amount ($147.81) falls within the typical range of spending.
1080,211.84,StoreC,NORMAL,This transaction amount ($211.84) is typical for normal spending behavior.
5433,106.6,StoreC,NORMAL,This transaction amount ($106.6) is typical for normal spending behavior.
1997,77.65,StoreC,NORMAL,This transaction amount ($77.65) is typical for normal spending behavior.
7811,175.76,StoreB,NORMAL,This transaction amount ($175.76) falls within the typical range of spending.
5920,246.91,StoreA,NORMAL,This transaction amount ($246.91) is typical for normal spending behavior.
3170,230.33,StoreC,NORMAL,This transaction amount ($230.33) is typical for normal spending behavior.
2641,3.65,StoreB,ANOMALY,This transaction amount ($3.65) is extremely low and may indicate refund fraud or abnormal behavior.
9184,346.39,StoreC,NORMAL,This transaction amount ($346.39) is typical for normal spending behavior.
1065,270.84,StoreB,NORMAL,This transaction amount ($270.84) is typical for normal spending behavior.
8382,249.51,StoreA,NORMAL,This transaction amount ($249.51) is typical for normal spending behavior.
9762,219.32,StoreB,NORMAL,This transaction amount ($219.32) is typical for normal spending behavior.
8714,224.59,StoreC,NORMAL,This transaction amount ($224.59) is typical for normal spending behavior.
6279,107.32,StoreA,NORMAL,This transaction amount ($107.32) falls within the typical range of spending.
8383,75.28,StoreB,NORMAL,This transaction amount ($75.28) falls within the typical range of spending.
4935,4175.19,StoreA,ANOMALY,This transaction amount ($4175.19) is unusually high compared to normal spending levels.
3966,5369.99,StoreA,ANOMALY,This transaction amount ($5369.99) is unusually high compared to normal spending levels.
7828,103.32,StoreA,NORMAL,This transaction amount ($103.32) falls within the typical range of spending.
5287,108.13,StoreC,NORMAL,This transaction amount ($108.13) is typical for normal spending behavior.
2221,232.33,StoreA,NORMAL,This transaction amount ($232.33) is typical for normal spending behavior.
5916,301.7,StoreB,NORMAL,This transaction amount ($301.7) is typical for normal spending behavior.
2437,147.39,StoreB,NORMAL,This transaction amount ($147.39) is typical for normal spending behavior.
3883,113.85,StoreB,NORMAL,This transaction amount ($113.85) is typical for normal spending behavior.
2404,181.13,StoreB,NORMAL,This transaction amount ($181.13) falls within the typical range of spending.
9148,82.27,RareStoreX,ANOMALY,"This transaction occurred at an unusual location ('RareStoreX'), which is not typical for normal spending."
3682,127.98,StoreC,NORMAL,This transaction amount ($127.98) is typical for normal spending behavior.
3662,161.32,RareStoreX,ANOMALY,"This transaction occurred at an unusual location ('RareStoreX'), which is not typical for normal spending."
8252,138.11,StoreB,NORMAL,This transaction amount ($138.11) falls within the typical range of spending.
7460,228.58,StoreA,NORMAL,This transaction amount ($228.58) is typical for normal spending behavior.
2663,120.87,OutlierMallY,ANOMALY,"This transaction occurred at an unusual location ('OutlierMallY'), which is not typical for normal spending."
2405,3822.82,StoreA,ANOMALY,This transaction amount ($3822.82) is unusually high compared to normal spending levels.
3892,211.79,StoreC,NORMAL,This transaction amount ($211.79) is typical for normal spending behavior.
3428,140.37,StoreC,NORMAL,This transaction amount ($140.37) is typical for normal spending behavior.
4868,143.97,OutlierMallY,ANOMALY,"This transaction occurred at an unusual location ('OutlierMallY'), which is not typical for normal spending."
4723,4728.74,StoreC,ANOMALY,This transaction amount ($4728.74) is unusually high compared to normal spending levels.
7554,91.81,StoreC,NORMAL,This transaction amount ($91.81) is typical for normal spending behavior.
7950,0.66,StoreB,ANOMALY,This transaction amount ($0.66) is extremely low and may indicate refund fraud or abnormal behavior.
9878,78.22,StoreB,NORMAL,This transaction amount ($78.22) falls within the typical range of spending.
9903,244.56,StoreB,NORMAL,This transaction amount ($244.56) is typical for normal spending behavior.
8419,152.19,StoreA,NORMAL,This transaction amount ($152.19) is typical for normal spending behavior.
6292,372.1,StoreB,NORMAL,This transaction amount ($372.1) is typical for normal spending behavior.
4727,299.93,StoreC,NORMAL,This transaction amount ($299.93) is typical for normal spending behavior.
8795,186.94,StoreA,NORMAL,This transaction amount ($186.94) is typical for normal spending behavior.
8876,50.4,StoreA,NORMAL,This transaction amount ($50.4) is typical for normal spending behavior.
3773,225.32,StoreA,NORMAL,This transaction amount ($225.32) is typical for normal spending behavior.
3831,266.39,OutlierMallY,ANOMALY,"This transaction occurred at an unusual location ('OutlierMallY'), which is not typical for normal spending."
8524,188.55,StoreA,NORMAL,This transaction amount ($188.55) falls within the typical range of spending.
1598,188.21,StoreB,NORMAL,This transaction amount ($188.21) is typical for normal spending behavior.
5016,264.42,StoreA,NORMAL,This transaction amount ($264.42) is typical for normal spending behavior.
1890,144.91,StoreA,NORMAL,This transaction amount ($144.91) is typical for normal spending behavior.
4797,79.92,StoreB,NORMAL,This transaction amount ($79.92) falls within the typical range of spending.
2299,120.31,StoreA,NORMAL,This transaction amount ($120.31) is typical for normal spending behavior.
8775,183.05,StoreA,NORMAL,This transaction amount ($183.05) falls within the typical range of spending.
2442,154.55,StoreC,NORMAL,This transaction amount ($154.55) falls within the typical range of spending.
5717,217.32,StoreA,NORMAL,This transaction amount ($217.32) is typical for normal spending behavior.
3196,5594.86,StoreC,ANOMALY,This transaction amount ($5594.86) is unusually high compared to normal spending levels.
1957,170.8,RareStoreX,ANOMALY,"This transaction occurred at an unusual location ('RareStoreX'), which is not typical for normal spending."
4980,3692.17,StoreC,ANOMALY,This transaction amount ($3692.17) is unusually high compared to normal spending levels.
8345,126.05,StoreC,NORMAL,This transaction amount ($126.05) is typical for normal spending behavior.
3949,241.71,StoreC,NORMAL,This transaction amount ($241.71) is typical for normal spending behavior.
4543,255.1,StoreC,NORMAL,This transaction amount ($255.1) is typical for normal spending behavior.
5698,0.94,StoreA,ANOMALY,This transaction amount ($0.94) is extremely low and may indicate refund fraud or abnormal behavior.
4959,346.75,StoreA,NORMAL,This transaction amount ($346.75) is typical for normal spending behavior.
3643,273.7,RareStoreX,ANOMALY,"This transaction occurred at an unusual location ('RareStoreX'), which is not typical for normal spending."
8777,300.19,StoreA,NORMAL,This transaction amount ($300.19) is typical for normal spending behavior.
6269,165.21,StoreB,NORMAL,This transaction amount ($165.21) falls within the typical range of spending.
6484,164.81,StoreA,NORMAL,This transaction amount ($164.81) is typical for normal spending behavior.
5615,226.4,StoreC,NORMAL,This transaction amount ($226.4) is typical for normal spending behavior.
6344,120.41,StoreC,NORMAL,This transaction amount ($120.41) is typical for normal spending behavior.
6318,7119.23,StoreC,ANOMALY,This transaction amount ($7119.23) is unusually high compared to normal spending levels.
9506,247.35,OutlierMallY,ANOMALY,"This transaction occurred at an unusual location ('OutlierMallY'), which is not typical for normal spending."
2943,7242.38,StoreC,ANOMALY,This transaction amount ($7242.38) is unusually high compared to normal spending levels.
8701,53.62,StoreC,NORMAL,This transaction amount ($53.62) falls within the typical range of spending.
2322,294.77,StoreA,NORMAL,This transaction amount ($294.77) is typical for normal spending behavior.
1823,234.93,StoreB,NORMAL,This transaction amount ($234.93) is typical for normal spending behavior.
6559,252.15,StoreB,NORMAL,This transaction amount ($252.15) is typical for normal spending behavior.
4032,114.61,StoreB,NORMAL,This transaction amount ($114.61) falls within the typical range of spending.
4880,203.34,StoreB,NORMAL,This transaction amount ($203.34) is typical for normal spending behavior.
3089,125.14,StoreB,NORMAL,This transaction amount ($125.14) falls within the typical range of spending.
6914,133.57,StoreC,NORMAL,This transaction amount ($133.57) is typical for normal spending behavior.
4149,146.1,StoreC,NORMAL,This transaction amount ($146.1) is typical for normal spending behavior.
3964,139.08,StoreA,NORMAL,This transaction amount ($139.08) falls within the typical range of spending.
7779,246.34,OutlierMallY,ANOMALY,"This transaction occurred at an unusual location ('OutlierMallY'), which is not typical for normal spending."
9201,55.77,StoreB,NORMAL,This transaction amount ($55.77) falls within the typical range of spending.
8338,104.33,StoreB,NORMAL,This transaction amount ($104.33) is typical for normal spending behavior.
8019,106.51,StoreB,NORMAL,This transaction amount ($106.51) falls within the typical range of spending.
4133,4033.61,StoreB,ANOMALY,This transaction amount ($4033.61) is unusually high compared to normal spending levels.
3447,3572.67,StoreC,ANOMALY,This transaction amount ($3572.67) is unusually high compared to normal spending levels.
1660,141.22,StoreA,NORMAL,This transaction amount ($141.22) is typical for normal spending behavior.
2532,172.36,StoreC,NORMAL,This transaction amount ($172.36) is typical for normal spending behavior.
3721,164.1,OutlierMallY,ANOMALY,"This transaction occurred at an unusual location ('OutlierMallY'), which is not typical for normal spending."
4264,220.87,RareStoreX,ANOMALY,"This transaction occurred at an unusual location ('RareStoreX'), which is not typical for normal spending."
5994,140.6,StoreC,NORMAL,This transaction amount ($140.6) is typical for normal spending behavior.
1071,229.81,StoreC,NORMAL,This transaction amount ($229.81) is typical for normal spending behavior.
6112,277.63,OutlierMallY,ANOMALY,"This transaction occurred at an unusual location ('OutlierMallY'), which is not typical for normal spending."
4763,3960.1,StoreC,ANOMALY,This transaction amount ($3960.1) is unusually high compared to normal spending levels.
4290,6510.8,StoreB,ANOMALY,This transaction amount ($6510.8) is unusually high compared to normal spending levels.
6526,250.72,OutlierMallY,ANOMALY,"This transaction occurred at an unusual location ('OutlierMallY'), which is not typical for normal spending."
5830,270.18,StoreA,NORMAL,This transaction amount ($270.18) is typical for normal spending behavior.
5260,37.81,StoreB,NORMAL,This transaction amount ($37.81) is typical for normal spending behavior.
8681,198.7,RareStoreX,ANOMALY,"This transaction occurred at an unusual location ('RareStoreX'), which is not typical for normal spending."
9407,223.52,RareStoreX,ANOMALY,"This transaction occurred at an unusual location ('RareStoreX'), which is not typical for normal spending."
6054,145.06,StoreC,NORMAL,This transaction amount ($145.06) falls within the typical range of spending.
4151,224.78,StoreA,NORMAL,This transaction amount ($224.78) is typical for normal spending behavior.
6307,245.54,StoreA,NORMAL,This transaction amount ($245.54) is typical for normal spending behavior.
3963,218.74,StoreB,NORMAL,This transaction amount ($218.74) is typical for normal spending behavior.
5491,200.18,StoreB,NORMAL,This transaction amount ($200.18) is typical for normal spending behavior.
5158,4.79,StoreC,ANOMALY,This transaction amount ($4.79) is extremely low and may indicate refund fraud or abnormal behavior.
7109,176.42,StoreA,NORMAL,This transaction amount ($176.42) is typical for normal spending behavior.
3956,170.18,StoreC,NORMAL,This transaction amount ($170.18) is typical for normal spending behavior.
4815,237.7,StoreC,NORMAL,This transaction amount ($237.7) is typical for normal spending behavior.
1561,3518.73,StoreA,ANOMALY,This transaction amount ($3518.73) is unusually high compared to normal spending levels.
3544,233.39,StoreA,NORMAL,This transaction amount ($233.39) is typical for normal spending behavior.
8699,196.84,OutlierMallY,ANOMALY,"This transaction occurred at an unusual location ('OutlierMallY'), which is not typical for normal spending."
9007,215.09,StoreC,NORMAL,This transaction amount ($215.09) is typical for normal spending behavior.
8139,293.62,RareStoreX,ANOMALY,"This transaction occurred at an unusual location ('RareStoreX'), which is not typical for normal spending."
7766,227.47,StoreB,NORMAL,This transaction amount ($227.47) is typical for normal spending behavior.
1539,93.63,StoreA,NORMAL,This transaction amount ($93.63) falls within the typical range of spending.
8640,197.85,StoreC,NORMAL,This transaction amount ($197.85) is typical for normal spending behavior.
8271,277.39,StoreA,NORMAL,This transaction amount ($277.39) is typical for normal spending behavior.
4874,151.05,StoreA,NORMAL,This transaction amount ($151.05) is typical for normal spending behavior.
3758,61.94,StoreA,NORMAL,This transaction amount ($61.94) falls within the typical range of spending.
9623,1.79,StoreC,ANOMALY,This transaction amount ($1.79) is extremely low and may indicate refund fraud or abnormal behavior.
1234,254.24,StoreC,NORMAL,This transaction amount ($254.24) is typical for normal spending behavior.
6938,163.71,StoreC,NORMAL,This transaction amount ($163.71) falls within the typical range of spending.
5591,6730.77,StoreC,ANOMALY,This transaction amount ($6730.77) is unusually high compared to normal spending levels.
2061,3771.33,StoreA,ANOMALY,This transaction amount ($3771.33) is unusually high compared to normal spending levels.
6738,0.75,StoreC,ANOMALY,This transaction amount ($0.75) is extremely low and may indicate refund fraud or abnormal behavior.
7792,214.63,StoreC,NORMAL,This transaction amount ($214.63) is typical for normal spending behavior.
8727,171.25,StoreB,NORMAL,This transaction amount ($171.25) is typical for normal spending behavior.
6972,177.25,StoreB,NORMAL,This transaction amount ($177.25) is typical for normal spending behavior.
4411,3014.21,StoreC,ANOMALY,This transaction amount ($3014.21) is unusually high compared to normal spending levels.
5023,242.87,RareStoreX,ANOMALY,"This transaction occurred at an unusual location ('RareStoreX'), which is not typical for normal spending."
5477,344.76,StoreA,NORMAL,This transaction amount ($344.76) is typical for normal spending behavior.
5151,177.67,StoreB,NORMAL,This transaction amount ($177.67) is typical for normal spending behavior.
8347,213.94,StoreA,NORMAL,This transaction amount ($213.94) is typical for normal spending behavior.
9400,142.67,StoreA,NORMAL,This transaction amount ($142.67) is typical for normal spending behavior.
8564,79.75,StoreA,NORMAL,This transaction amount ($79.75) falls within the typical range of spending.
8512,67.46,StoreC,NORMAL,This transaction amount ($67.46) falls within the typical range of spending.
2075,204.53,StoreA,NORMAL,This transaction amount ($204.53) is typical for normal spending behavior.
5551,144.61,StoreA,NORMAL,This transaction amount ($144.61) is typical for normal spending behavior.
2079,112.55,StoreB,NORMAL,This transaction amount ($112.55) is typical for normal spending behavior.
9120,0.6,StoreB,ANOMALY,This transaction amount ($0.6) is extremely low and may indicate refund fraud or abnormal behavior.
1944,58.99,StoreC,NORMAL,This transaction amount ($58.99) falls within the typical range of spending.
9448,188.07,StoreA,NORMAL,This transaction amount ($188.07) falls within the typical range of spending.
3176,291.94,StoreA,NORMAL,This transaction amount ($291.94) is typical for normal spending behavior.
7952,6571.68,StoreB,ANOMALY,This transaction amount ($6571.68) is unusually high compared to normal spending levels.
8429,63.18,StoreA,NORMAL,This transaction amount ($63.18) falls within the typical range of spending.
6538,289.44,StoreC,NORMAL,This transaction amount ($289.44) is typical for normal spending behavior.
7417,2.0,StoreA,ANOMALY,This transaction amount ($2.0) is extremely low and may indicate refund fraud or abnormal behavior.
9127,273.08,StoreC,NORMAL,This transaction amount ($273.08) is typical for normal spending behavior.
4235,228.39,StoreC,NORMAL,This transaction amount ($228.39) is typical for normal spending behavior.
5362,271.37,StoreA,NORMAL,This transaction amount ($271.37) is typical for normal spending behavior.
1583,215.75,StoreB,NORMAL,This transaction amount ($215.75) is typical for normal spending behavior.
1269,1.26,StoreB,ANOMALY,This transaction amount ($1.26) is extremely low and may indicate refund fraud or abnormal behavior.
6639,2.88,StoreA,ANOMALY,This transaction amount ($2.88) is extremely low and may indicate refund fraud or abnormal behavior.
6935,231.32,StoreB,NORMAL,This transaction amount ($231.32) is typical for normal spending behavior.
2607,67.31,StoreC,NORMAL,This transaction amount ($67.31) falls within the typical range of spending.
4568,165.99,StoreC,NORMAL,This transaction amount ($165.99) falls within the typical range of spending.
4490,5718.05,StoreA,ANOMALY,This transaction amount ($5718.05) is unusually high compared to normal spending levels.
7337,118.67,StoreC,NORMAL,This transaction amount ($118.67) is typical for normal spending behavior.
8044,67.29,StoreC,NORMAL,This transaction amount ($67.29) falls within the typical range of spending.
9007,149.68,StoreA,NORMAL,This transaction amount ($149.68) is typical for normal spending behavior.
3845,90.13,StoreB,NORMAL,This transaction amount ($90.13) is typical for normal spending behavior.
9067,278.1,StoreA,NORMAL,This transaction amount ($278.1) is typical for normal spending behavior.
7192,259.73,RareStoreX,ANOMALY,"This transaction occurred at an unusual location ('RareStoreX'), which is not typical for normal spending."
8043,1.29,StoreA,ANOMALY,This transaction amount ($1.29) is extremely low and may indicate refund fraud or abnormal behavior.
9991,162.03,StoreA,NORMAL,This transaction amount ($162.03) is typical for normal spending behavior.
8676,298.52,RareStoreX,ANOMALY,"This transaction occurred at an unusual location ('RareStoreX'), which is not typical for normal spending."
2579,187.34,StoreC,NORMAL,This transaction amount ($187.34) falls within the typical range of spending.
1781,169.41,StoreC,NORMAL,This transaction amount ($169.41) is typical for normal spending behavior.
7010,216.2,StoreB,NORMAL,This transaction amount ($216.2) is typical for normal spending behavior.
7044,0.56,StoreB,ANOMALY,This transaction amount ($0.56) is extremely low and may indicate refund fraud or abnormal behavior.
2763,192.04,StoreB,NORMAL,This transaction amount ($192.04) is typical for normal spending behavior.
1694,291.26,StoreC,NORMAL,This transaction amount ($291.26) is typical for normal spending behavior.
6585,168.18,StoreA,NORMAL,This transaction amount ($168.18) is typical for normal spending behavior.
4407,289.76,StoreC,NORMAL,This transaction amount ($289.76) is typical for normal spending behavior.
8345,183.38,StoreA,NORMAL,This transaction amount ($183.38) falls within the typical range of spending.
7100,151.82,StoreA,NORMAL,This transaction amount ($151.82) falls within the typical range of spending.
7122,4.11,StoreB,ANOMALY,This transaction amount ($4.11) is extremely low and may indicate refund fraud or abnormal behavior.
4272,162.94,StoreA,NORMAL,This transaction amount ($162.94) is typical for normal spending behavior.
9284,86.88,StoreB,NORMAL,This transaction amount ($86.88) falls within the typical range of spending.
3053,3704.71,StoreA,ANOMALY,This transaction amount ($3704.71) is unusually high compared to normal spending levels.
5613,255.15,StoreC,NORMAL,This transaction amount ($255.15) is typical for normal spending behavior.
6167,193.6,StoreC,NORMAL,This transaction amount ($193.6) falls within the typical range of spending.
5113,3497.29,StoreC,ANOMALY,This transaction amount ($3497.29) is unusually high compared to normal spending levels.
5374,3.87,StoreC,ANOMALY,This transaction amount ($3.87) is extremely low and may indicate refund fraud or abnormal behavior.
7701,244.31,StoreB,NORMAL,This transaction amount ($244.31) is typical for normal spending behavior.
1845,6000.99,StoreC,ANOMALY,This transaction amount ($6000.99) is unusually high compared to normal spending levels.
6247,287.15,StoreB,NORMAL,This transaction amount ($287.15) is typical for normal spending behavior.
4600,72.1,StoreA,NORMAL,This transaction amount ($72.1) falls within the typical range of spending.
3873,325.37,StoreB,NORMAL,This transaction amount ($325.37) is typical for normal spending behavior.
7085,42.82,StoreC,NORMAL,This transaction amount ($42.82) is typical for normal spending behavior.
6029,6840.29,StoreA,ANOMALY,This transaction amount ($6840.29) is unusually high compared to normal spending levels.
5545,254.78,RareStoreX,ANOMALY,"This transaction occurred at an unusual location ('RareStoreX'), which is not typical for normal spending."
5102,253.41,StoreA,NORMAL,This transaction amount ($253.41) is typical for normal spending behavior.
7884,258.71,StoreC,NORMAL,This transaction amount ($258.71) is typical for normal spending behavior.
7902,236.95,StoreC,NORMAL,This transaction amount ($236.95) is typical for normal spending behavior.
6616,198.04,StoreA,NORMAL,This transaction amount ($198.04) is typical for normal spending behavior.
4531,147.97,StoreC,NORMAL,This transaction amount ($147.97) is typical for normal spending behavior.
9831,124.49,StoreC,NORMAL,This transaction amount ($124.49) is typical for normal spending behavior.
4435,259.52,StoreC,NORMAL,This transaction amount ($259.52) is typical for normal spending behavior.
6255,227.99,StoreB,NORMAL,This transaction amount ($227.99) is typical for normal spending behavior.
9405,232.19,StoreB,NORMAL,This transaction amount ($232.19) is typical for normal spending behavior.
6972,78.49,StoreC,NORMAL,This transaction amount ($78.49) is typical for normal spending behavior.
2417,1.48,StoreB,ANOMALY,This transaction amount ($1.48) is extremely low and may indicate refund fraud or abnormal behavior.
6845,170.49,StoreA,NORMAL,This transaction amount ($170.49) is typical for normal spending behavior.
8413,176.55,StoreB,NORMAL,This transaction amount ($176.55) falls within the typical range of spending.
6121,196.99,StoreC,NORMAL,This transaction amount ($196.99) is typical for normal spending behavior.
4751,148.3,StoreB,NORMAL,This transaction amount ($148.3) is typical for normal spending behavior.
6369,128.19,StoreA,NORMAL,This transaction amount ($128.19) is typical for normal spending behavior.
1058,138.97,StoreC,NORMAL,This transaction amount ($138.97) falls within the typical range of spending.
5562,169.01,StoreB,NORMAL,This transaction amount ($169.01) is typical for normal spending behavior.
1797,184.87,StoreC,NORMAL,This transaction amount ($184.87) falls within the typical range of spending.
2149,133.13,StoreB,NORMAL,This transaction amount ($133.13) falls within the typical range of spending.
3463,145.96,StoreC,NORMAL,This transaction amount ($145.96) is typical for normal spending behavior.
3181,184.19,StoreC,NORMAL,This transaction amount ($184.19) is typical for normal spending behavior.
2502,151.74,StoreA,NORMAL,This transaction amount ($151.74) is typical for normal spending behavior.
2803,112.21,StoreB,NORMAL,This transaction amount ($112.21) falls within the typical range of spending.
7991,6034.94,StoreA,ANOMALY,This transaction amount ($6034.94) is unusually high compared to normal spending levels.
8642,293.69,StoreA,NORMAL,This transaction amount ($293.69) is typical for normal spending behavior.
8782,171.82,OutlierMallY,ANOMALY,"This transaction occurred at an unusual location ('OutlierMallY'), which is not typical for normal spending."
8829,3.82,StoreB,ANOMALY,This transaction amount ($3.82) is extremely low and may indicate refund fraud or abnormal behavior.
8618,83.38,RareStoreX,ANOMALY,"This transaction occurred at an unusual location ('RareStoreX'), which is not typical for normal spending."
8300,4677.68,StoreB,ANOMALY,This transaction amount ($4677.68) is unusually high compared to normal spending levels.
8795,181.45,StoreB,NORMAL,This transaction amount ($181.45) is typical for normal spending behavior.
3364,4.67,StoreC,ANOMALY,This transaction amount ($4.67) is extremely low and may indicate refund fraud or abnormal behavior.
5198,293.31,RareStoreX,ANOMALY,"This transaction occurred at an unusual location ('RareStoreX'), which is not typical for normal spending."
2678,222.04,StoreA,NORMAL,This transaction amount ($222.04) is typical for normal spending behavior.
4415,4.41,StoreA,ANOMALY,This transaction amount ($4.41) is extremely low and may indicate refund fraud or abnormal behavior.
4967,175.42,StoreB,NORMAL,This transaction amount ($175.42) is typical for normal spending behavior.
1982,148.96,StoreC,NORMAL,This transaction amount ($148.96) falls within the typical range of spending.
7023,94.48,StoreC,NORMAL,This transaction amount ($94.48) falls within the typical range of spending.
3313,252.54,RareStoreX,ANOMALY,"This transaction occurred at an unusual location ('RareStoreX'), which is not typical for normal spending."
8574,68.81,StoreC,NORMAL,This transaction amount ($68.81) falls within the typical range of spending.
2471,275.55,StoreB,NORMAL,This transaction amount ($275.55) is typical for normal spending behavior.
1055,81.24,StoreA,NORMAL,This transaction amount ($81.24) is typical for normal spending behavior.
8367,145.55,StoreB,NORMAL,This transaction amount ($145.55) is typical for normal spending behavior.
2242,117.29,StoreB,NORMAL,This transaction amount ($117.29) falls within the typical range of spending.
5938,265.15,StoreC,NORMAL,This transaction amount ($265.15) is typical for normal spending behavior.
6016,194.28,StoreC,NORMAL,This transaction amount ($194.28) is typical for normal spending behavior.
5414,192.34,StoreB,NORMAL,This transaction amount ($192.34) is typical for normal spending behavior.
8767,181.09,StoreC,NORMAL,This transaction amount ($181.09) is typical for normal spending behavior.
2649,91.9,StoreC,NORMAL,This transaction amount ($91.9) falls within the typical range of spending.
1154,125.75,StoreC,NORMAL,This transaction amount ($125.75) is typical for normal spending behavior.
6387,161.51,StoreA,NORMAL,This transaction amount ($161.51) is typical for normal spending behavior.
6192,237.31,StoreC,NORMAL,This transaction amount ($237.31) is typical for normal spending behavior.
7647,128.96,StoreB,NORMAL,This transaction amount ($128.96) falls within the typical range of spending.
3251,194.05,StoreB,NORMAL,This transaction amount ($194.05) is typical for normal spending behavior.
2294,337.93,StoreA,NORMAL,This transaction amount ($337.93) is typical for normal spending behavior.
7701,2550.83,StoreC,ANOMALY,This transaction amount ($2550.83) is unusually high compared to normal spending levels.
7485,118.79,StoreB,NORMAL,This transaction amount ($118.79) falls within the typical range of spending.
3623,257.8,StoreC,NORMAL,This transaction amount ($257.8) is typical for normal spending behavior.
4960,6731.59,StoreB,ANOMALY,This transaction amount ($6731.59) is unusually high compared to normal spending levels.
3416,193.38,StoreA,NORMAL,This transaction amount ($193.38) falls within the typical range of spending.
6087,51.21,StoreB,NORMAL,This transaction amount ($51.21) falls within the typical range of spending.
9759,125.26,StoreA,NORMAL,This transaction amount ($125.26) is typical for normal spending behavior.
9267,209.71,OutlierMallY,ANOMALY,"This transaction occurred at an unusual location ('OutlierMallY'), which is not typical for normal spending."
4345,249.07,StoreC,NORMAL,This transaction amount ($249.07) is typical for normal spending behavior.
8243,6748.9,StoreA,ANOMALY,This transaction amount ($6748.9) is unusually high compared to normal spending levels.
9861,2.22,StoreB,ANOMALY,This transaction amount ($2.22) is extremely low and may indicate refund fraud or abnormal behavior.
9192,5950.28,StoreB,ANOMALY,This transaction amount ($5950.28) is unusually high compared to normal spending levels.
7773,3.29,StoreC,ANOMALY,This transaction amount ($3.29) is extremely low and may indicate refund fraud or abnormal behavior.
3779,227.84,OutlierMallY,ANOMALY,"This transaction occurred at an unusual location ('OutlierMallY'), which is not typical for normal spending."
6065,220.31,StoreB,NORMAL,This transaction amount ($220.31) is typical for normal spending behavior.
5350,129.09,StoreC,NORMAL,This transaction amount ($129.09) is typical for normal spending behavior.
3262,247.5,StoreA,NORMAL,This transaction amount ($247.5) is typical for normal spending behavior.
1324,199.17,StoreC,NORMAL,This transaction amount ($199.17) is typical for normal spending behavior.
8432,175.41,RareStoreX,ANOMALY,"This transaction occurred at an unusual location ('RareStoreX'), which is not typical for normal spending."
2203,137.56,StoreB,NORMAL,This transaction amount ($137.56) falls within the typical range of spending.
4787,139.75,StoreB,NORMAL,This transaction amount ($139.75) is typical for normal spending behavior.
6697,185.09,StoreA,NORMAL,This transaction amount ($185.09) is typical for normal spending behavior.
2750,209.4,StoreA,NORMAL,This transaction amount ($209.4) is typical for normal spending behavior.
9204,4169.13,StoreB,ANOMALY,This transaction amount ($4169.13) is unusually high compared to normal spending levels.
7059,4.76,StoreB,ANOMALY,This transaction amount ($4.76) is extremely low and may indicate refund fraud or abnormal behavior.
5275,261.86,StoreB,NORMAL,This transaction amount ($261.86) is typical for normal spending behavior.
4597,58.01,StoreA,NORMAL,This transaction amount ($58.01) falls within the typical range of spending.
6756,124.69,StoreB,NORMAL,This transaction amount ($124.69) is typical for normal spending behavior.
1421,179.97,StoreC,NORMAL,This transaction amount ($179.97) is typical for normal spending behavior.
9998,177.63,StoreC,NORMAL,This transaction amount ($177.63) is typical for normal spending behavior.
4307,179.35,StoreA,NORMAL,This transaction amount ($179.35) falls within the typical range of spending.
3193,162.94,StoreC,NORMAL,This transaction amount ($162.94) falls within the typical range of spending.
4291,59.77,StoreC,NORMAL,This transaction amount ($59.77) falls within the typical range of spending.
8942,119.47,StoreC,NORMAL,This transaction amount ($119.47) is typical for normal spending behavior.
8482,7760.9,StoreB,ANOMALY,This transaction amount ($7760.9) is unusually high compared to normal spending levels.
7041,108.47,StoreA,NORMAL,This transaction amount ($108.47) is typical for normal spending behavior.
3287,220.28,StoreB,NORMAL,This transaction amount ($220.28) is typical for normal spending behavior.
3987,214.79,StoreB,NORMAL,This transaction amount ($214.79) is typical for normal spending behavior.
5067,203.72,OutlierMallY,ANOMALY,"This transaction occurred at an unusual location ('OutlierMallY'), which is not typical for normal spending."
7856,6255.6,StoreB,ANOMALY,This transaction amount ($6255.6) is unusually high compared to normal spending levels.
1239,1.97,StoreC,ANOMALY,This transaction amount ($1.97) is extremely low and may indicate refund fraud or abnormal behavior.
7250,212.26,StoreB,NORMAL,This transaction amount ($212.26) is typical for normal spending behavior.
8952,6975.0,StoreC,ANOMALY,This transaction amount ($6975.0) is unusually high compared to normal spending levels.
1847,162.38,StoreA,NORMAL,This transaction amount ($162.38) is typical for normal spending behavior.
7487,304.26,RareStoreX,ANOMALY,"This transaction occurred at an unusual location ('RareStoreX'), which is not typical for normal spending."
3575,316.11,StoreB,NORMAL,This transaction amount ($316.11) is typical for normal spending behavior.
5277,82.87,StoreC,NORMAL,This transaction amount ($82.87) is typical for normal spending behavior.
8180,246.77,RareStoreX,ANOMALY,"This transaction occurred at an unusual location ('RareStoreX'), which is not typical for normal spending."
5323,74.34,StoreC,NORMAL,This transaction amount ($74.34) falls within the typical range of spending.
6259,1.72,StoreC,ANOMALY,This transaction amount ($1.72) is extremely low and may indicate refund fraud or abnormal behavior.
9515,108.93,StoreC,NORMAL,This transaction amount ($108.93) is typical for normal spending behavior.
8972,253.11,StoreC,NORMAL,This transaction amount ($253.11) is typical for normal spending behavior.
7745,172.99,StoreC,NORMAL,This transaction amount ($172.99) is typical for normal spending behavior.
6353,208.34,StoreA,NORMAL,This transaction amount ($208.34) is typical for normal spending behavior.
4185,119.11,StoreA,NORMAL,This transaction amount ($119.11) is typical for normal spending behavior.
3722,221.12,StoreB,NORMAL,This transaction amount ($221.12) is typical for normal spending behavior.
4423,0.96,StoreC,ANOMALY,This transaction amount ($0.96) is extremely low and may indicate refund fraud or abnormal behavior.
8190,274.15,StoreB,NORMAL,This transaction amount ($274.15) is typical for normal spending behavior.
8866,201.61,StoreB,NORMAL,This transaction amount ($201.61) is typical for normal spending behavior.
6383,300.03,StoreB,NORMAL,This transaction amount ($300.03) is typical for normal spending behavior.
9672,278.89,StoreC,NORMAL,This transaction amount ($278.89) is typical for normal spending behavior.
4733,4192.62,StoreC,ANOMALY,This transaction amount ($4192.62) is unusually high compared to normal spending levels.
4590,182.99,StoreB,NORMAL,This transaction amount ($182.99) falls within the typical range of spending.
4255,6291.36,StoreA,ANOMALY,This transaction amount ($6291.36) is unusually high compared to normal spending levels.
1028,143.87,StoreA,NORMAL,This transaction amount ($143.87) is typical for normal spending behavior.
9939,3156.15,StoreA,ANOMALY,This transaction amount ($3156.15) is unusually high compared to normal spending levels.
8706,214.62,StoreA,NORMAL,This transaction amount ($214.62) is typical for normal spending behavior.
4880,287.16,StoreB,NORMAL,This transaction amount ($287.16) is typical for normal spending behavior.
8700,189.71,StoreA,NORMAL,This transaction amount ($189.71) falls within the typical range of spending.
5732,242.66,StoreA,NORMAL,This transaction amount ($242.66) is typical for normal spending behavior.
5181,231.34,StoreC,NORMAL,This transaction amount ($231.34) is typical for normal spending behavior.
3841,7898.86,StoreA,ANOMALY,This transaction amount ($7898.86) is unusually high compared to normal spending levels.
3247,2933.3,StoreC,ANOMALY,This transaction amount ($2933.3) is unusually high compared to normal spending levels.
9874,159.42,StoreB,NORMAL,This transaction amount ($159.42) is typical for normal spending behavior.
2004,291.91,OutlierMallY,ANOMALY,"This transaction occurred at an unusual location ('OutlierMallY'), which is not typical for normal spending."
7107,1.86,StoreB,ANOMALY,This transaction amount ($1.86) is extremely low and may indicate refund fraud or abnormal behavior.
3110,122.4,StoreB,NORMAL,This transaction amount ($122.4) is typical for normal spending behavior.
1500,116.04,StoreB,NORMAL,This transaction amount ($116.04) is typical for normal spending behavior.
6943,171.13,StoreB,NORMAL,This transaction amount ($171.13) falls within the typical range of spending.
4872,5336.55,StoreC,ANOMALY,This transaction amount ($5336.55) is unusually high compared to normal spending levels.
9762,1.77,StoreB,ANOMALY,This transaction amount ($1.77) is extremely low and may indicate refund fraud or abnormal behavior.
6239,196.75,RareStoreX,ANOMALY,"This transaction occurred at an unusual location ('RareStoreX'), which is not typical for normal spending."
8819,6612.71,StoreB,ANOMALY,This transaction amount ($6612.71) is unusually high compared to normal spending levels.
5727,219.25,StoreC,NORMAL,This transaction amount ($219.25) is typical for normal spending behavior.
3155,53.94,StoreB,NORMAL,This transaction amount ($53.94) falls within the typical range of spending.
4261,4131.88,StoreA,ANOMALY,This transaction amount ($4131.88) is unusually high compared to normal spending levels.
3107,248.02,StoreC,NORMAL,This transaction amount ($248.02) is typical for normal spending behavior.
9967,126.5,StoreA,NORMAL,This transaction amount ($126.5) falls within the typical range of spending.
6439,72.7,StoreA,NORMAL,This transaction amount ($72.7) falls within the typical range of spending.
3033,4791.48,StoreA,ANOMALY,This transaction amount ($4791.48) is unusually high compared to normal spending levels.
8077,6806.42,StoreC,ANOMALY,This transaction amount ($6806.42) is unusually high compared to normal spending levels.
9065,0.56,StoreB,ANOMALY,This transaction amount ($0.56) is extremely low and may indicate refund fraud or abnormal behavior.
6884,5628.23,StoreB,ANOMALY,This transaction amount ($5628.23) is unusually high compared to normal spending levels.
2924,253.99,OutlierMallY,ANOMALY,"This transaction occurred at an unusual location ('OutlierMallY'), which is not typical for normal spending."
9988,3204.74,StoreC,ANOMALY,This transaction amount ($3204.74) is unusually high compared to normal spending levels.
9592,150.56,StoreB,NORMAL,This transaction amount ($150.56) is typical for normal spending behavior.
8566,4.01,StoreA,ANOMALY,This transaction amount ($4.01) is extremely low and may indicate refund fraud or abnormal behavior.
3542,234.69,RareStoreX,ANOMALY,"This transaction occurred at an unusual location ('RareStoreX'), which is not typical for normal spending."
9070,5427.93,StoreB,ANOMALY,This transaction amount ($5427.93) is unusually high compared to normal spending levels.
2467,209.02,StoreB,NORMAL,This transaction amount ($209.02) is typical for normal spending behavior.
8882,1.25,StoreC,ANOMALY,This transaction amount ($1.25) is extremely low and may indicate refund fraud or abnormal behavior.
3267,1.18,StoreA,ANOMALY,This transaction amount ($1.18) is extremely low and may indicate refund fraud or abnormal behavior.
7523,148.38,StoreA,NORMAL,This transaction amount ($148.38) is typical for normal spending behavior.
6792,267.62,RareStoreX,ANOMALY,"This transaction occurred at an unusual location ('RareStoreX'), which is not typical for normal spending."
4556,5049.54,StoreA,ANOMALY,This transaction amount ($5049.54) is unusually high compared to normal spending levels.
7458,194.44,StoreC,NORMAL,This transaction amount ($194.44) falls within the typical range of spending.
5692,196.34,StoreA,NORMAL,This transaction amount ($196.34) is typical for normal spending behavior.
6378,233.65,StoreA,NORMAL,This transaction amount ($233.65) is typical for normal spending behavior.
5466,187.19,StoreC,NORMAL,This transaction amount ($187.19) is typical for normal spending behavior.
6704,202.71,StoreA,NORMAL,This transaction amount ($202.71) is typical for normal spending behavior.
2986,178.92,StoreA,NORMAL,This transaction amount ($178.92) is typical for normal spending behavior.
7808,7073.44,StoreA,ANOMALY,This transaction amount ($7073.44) is unusually high compared to normal spending levels.
4243,67.83,StoreB,NORMAL,This transaction amount ($67.83) falls within the typical range of spending.
1073,101.5,StoreA,NORMAL,This transaction amount ($101.5) falls within the typical range of spending.
6260,260.03,StoreC,NORMAL,This transaction amount ($260.03) is typical for normal spending behavior.
7703,1.46,StoreB,ANOMALY,This transaction amount ($1.46) is extremely low and may indicate refund fraud or abnormal behavior.
4663,74.78,StoreA,NORMAL,This transaction amount ($74.78) is typical for normal spending behavior.
7131,50.7,StoreA,NORMAL,This transaction amount ($50.7) is typical for normal spending behavior.
9995,202.44,StoreA,NORMAL,This transaction amount ($202.44) is typical for normal spending behavior.
1975,225.7,StoreA,NORMAL,This transaction amount ($225.7) is typical for normal spending behavior.
7651,212.47,StoreC,NORMAL,This transaction amount ($212.47) is typical for normal spending behavior.
1770,258.67,StoreB,NORMAL,This transaction amount ($258.67) is typical for normal spending behavior.
8363,2.99,StoreC,ANOMALY,This transaction amount ($2.99) is extremely low and may indicate refund fraud or abnormal behavior.
6591,229.03,StoreA,NORMAL,This transaction amount ($229.03) is typical for normal spending behavior.
5508,190.39,StoreC,NORMAL,This transaction amount ($190.39) is typical for normal spending behavior.
3430,3127.63,StoreA,ANOMALY,This transaction amount ($3127.63) is unusually high compared to normal spending levels.
8045,212.73,StoreA,NORMAL,This transaction amount ($212.73) is typical for normal spending behavior.
5760,224.03,StoreA,NORMAL,This transaction amount ($224.03) is typical for normal spending behavior.
8416,210.67,StoreA,NORMAL,This transaction amount ($210.67) is typical for normal spending behavior.
8044,125.66,StoreB,NORMAL,This transaction amount ($125.66) is typical for normal spending behavior.
2869,2.2,StoreA,ANOMALY,This transaction amount ($2.2) is extremely low and may indicate refund fraud or abnormal behavior.
9131,6606.12,StoreC,ANOMALY,This transaction amount ($6606.12) is unusually high compared to normal spending levels.
6024,175.18,StoreA,NORMAL,This transaction amount ($175.18) is typical for normal spending behavior.
8435,281.34,StoreB,NORMAL,This transaction amount ($281.34) is typical for normal spending behavior.
6302,166.67,StoreC,NORMAL,This transaction amount ($166.67) is typical for normal spending behavior.
4420,4.92,StoreA,ANOMALY,This transaction amount ($4.92) is extremely low and may indicate refund fraud or abnormal behavior.
6413,140.57,StoreB,NORMAL,This transaction amount ($140.57) is typical for normal spending behavior.
4853,257.0,StoreA,NORMAL,This transaction amount ($257.0) is typical for normal spending behavior.
7182,288.36,StoreA,NORMAL,This transaction amount ($288.36) is typical for normal spending behavior.
4041,7975.52,StoreA,ANOMALY,This transaction amount ($7975.52) is unusually high compared to normal spending levels.
4731,198.84,StoreC,NORMAL,This transaction amount ($198.84) falls within the typical range of spending.
9457,311.46,StoreA,NORMAL,This transaction amount ($311.46) is typical for normal spending behavior.
8396,273.85,StoreC,NORMAL,This transaction amount ($273.85) is typical for normal spending behavior.
6956,168.63,StoreB,NORMAL,This transaction amount ($168.63) is typical for normal spending behavior.
1581,135.95,StoreB,NORMAL,This transaction amount ($135.95) is typical for normal spending behavior.
3147,199.78,StoreB,NORMAL,This transaction amount ($199.78) is typical for normal spending behavior.
9659,201.8,StoreC,NORMAL,This transaction amount ($201.8) is typical for normal spending behavior.
4301,202.51,OutlierMallY,ANOMALY,"This transaction occurred at an unusual location ('OutlierMallY'), which is not typical for normal spending."
3399,174.25,StoreB,NORMAL,This transaction amount ($174.25) is typical for normal spending behavior.
1461,170.56,RareStoreX,ANOMALY,"This transaction occurred at an unusual location ('RareStoreX'), which is not typical for normal spending."
6372,241.38,StoreB,NORMAL,This transaction amount ($241.38) is typical for normal spending behavior.
4057,193.47,StoreB,NORMAL,This transaction amount ($193.47) is typical for normal spending behavior.
4003,176.48,StoreC,NORMAL,This transaction amount ($176.48) is typical for normal spending behavior.
1706,213.92,StoreB,NORMAL,This transaction amount ($213.92) is typical for normal spending behavior.
6577,261.91,StoreA,NORMAL,This transaction amount ($261.91) is typical for normal spending behavior.
6360,154.38,StoreC,NORMAL,This transaction amount ($154.38) falls within the typical range of spending.
1427,159.38,StoreA,NORMAL,This transaction amount ($159.38) is typical for normal spending behavior.
1054,3.78,StoreB,ANOMALY,This transaction amount ($3.78) is extremely low and may indicate refund fraud or abnormal behavior.
8347,216.69,RareStoreX,ANOMALY,"This transaction occurred at an unusual location ('RareStoreX'), which is not typical for normal spending."
4612,228.51,StoreC,NORMAL,This transaction amount ($228.51) is typical for normal spending behavior.
4449,164.92,StoreA,NORMAL,This transaction amount ($164.92) falls within the typical range of spending.
4411,4.79,StoreC,ANOMALY,This transaction amount ($4.79) is extremely low and may indicate refund fraud or abnormal behavior.
3024,186.28,StoreA,NORMAL,This transaction amount ($186.28) is typical for normal spending behavior.
5968,163.25,StoreA,NORMAL,This transaction amount ($163.25) is typical for normal spending behavior.
1066,123.4,StoreC,NORMAL,This transaction amount ($123.4) is typical for normal spending behavior.
1478,129.36,RareStoreX,ANOMALY,"This transaction occurred at an unusual location ('RareStoreX'), which is not typical for normal spending."
5092,139.49,StoreC,NORMAL,This transaction amount ($139.49) is typical for normal spending behavior.
7923,176.47,StoreC,NORMAL,This transaction amount ($176.47) is typical for normal spending behavior.
4153,112.62,StoreB,NORMAL,This transaction amount ($112.62) falls within the typical range of spending.
3282,206.21,StoreA,NORMAL,This transaction amount ($206.21) is typical for normal spending behavior.
2146,72.17,StoreA,NORMAL,This transaction amount ($72.17) is typical for normal spending behavior.
5348,167.1,StoreC,NORMAL,This transaction amount ($167.1) is typical for normal spending behavior.
6661,213.47,RareStoreX,ANOMALY,"This transaction occurred at an unusual location ('RareStoreX'), which is not typical for normal spending."
3506,2.9,StoreC,ANOMALY,This transaction amount ($2.9) is extremely low and may indicate refund fraud or abnormal behavior.
2115,246.76,StoreC,NORMAL,This transaction amount ($246.76) is typical for normal spending behavior.
9812,3.96,StoreB,ANOMALY,This transaction amount ($3.96) is extremely low and may indicate refund fraud or abnormal behavior.
7883,213.23,StoreB,NORMAL,This transaction amount ($213.23) is typical for normal spending behavior.
9066,300.63,RareStoreX,ANOMALY,"This transaction occurred at an unusual location ('RareStoreX'), which is not typical for normal spending."
6967,156.14,StoreA,NORMAL,This transaction amount ($156.14) is typical for normal spending behavior.
2079,100.25,StoreC,NORMAL,This transaction amount ($100.25) is typical for normal spending behavior.
9265,6468.12,StoreC,ANOMALY,This transaction amount ($6468.12) is unusually high compared to normal spending levels.
5758,175.86,StoreC,NORMAL,This transaction amount ($175.86) falls within the typical range of spending.
1712,185.0,StoreC,NORMAL,This transaction amount ($185.0) is typical for normal spending behavior.
9650,152.91,StoreA,NORMAL,This transaction amount ($152.91) is typical for normal spending behavior.
9529,106.15,StoreC,NORMAL,This transaction amount ($106.15) is typical for normal spending behavior.
3915,3918.29,StoreB,ANOMALY,This transaction amount ($3918.29) is unusually high compared to normal spending levels.
2695,230.04,StoreA,NORMAL,This transaction amount ($230.04) is typical for normal spending behavior.
6419,185.53,StoreC,NORMAL,This transaction amount ($185.53) is typical for normal spending behavior.
2095,213.52,StoreA,NORMAL,This transaction amount ($213.52) is typical for normal spending behavior.
9547,266.33,StoreC,NORMAL,This transaction amount ($266.33) is typical for normal spending behavior.
5183,212.68,StoreC,NORMAL,This transaction amount ($212.68) is typical for normal spending behavior.
1957,142.61,StoreA,NORMAL,This transaction amount ($142.61) is typical for normal spending behavior.
1693,204.05,StoreC,NORMAL,This transaction amount ($204.05) is typical for normal spending behavior.
1719,207.98,StoreA,NORMAL,This transaction amount ($207.98) is typical for normal spending behavior.
5055,273.66,StoreB,NORMAL,This transaction amount ($273.66) is typical for normal spending behavior.
9720,218.68,StoreB,NORMAL,This transaction amount ($218.68) is typical for normal spending behavior.
7942,365.58,StoreA,NORMAL,This transaction amount ($365.58) is typical for normal spending behavior.
6505,110.55,RareStoreX,ANOMALY,"This transaction occurred at an unusual location ('RareStoreX'), which is not typical for normal spending."
9250,5166.08,StoreC,ANOMALY,This transaction amount ($5166.08) is unusually high compared to normal spending levels.
1975,5616.67,StoreC,ANOMALY,This transaction amount ($5616.67) is unusually high compared to normal spending levels.
2749,5377.48,StoreA,ANOMALY,This transaction amount ($5377.48) is unusually high compared to normal spending levels.
8135,207.34,StoreA,NORMAL,This transaction amount ($207.34) is typical for normal spending behavior.
5431,284.2,StoreA,NORMAL,This transaction amount ($284.2) is typical for normal spending behavior.
1185,7677.76,StoreB,ANOMALY,This transaction amount ($7677.76) is unusually high compared to normal spending levels.
2822,203.73,OutlierMallY,ANOMALY,"This transaction occurred at an unusual location ('OutlierMallY'), which is not typical for normal spending."
2490,235.61,StoreC,NORMAL,This transaction amount ($235.61) is typical for normal spending behavior.
8750,130.29,StoreC,NORMAL,This transaction amount ($130.29) is typical for normal spending behavior.
6648,52.9,StoreC,NORMAL,This transaction amount ($52.9) falls within the typical range of spending.
7111,299.69,StoreA,NORMAL,This transaction amount ($299.69) is typical for normal spending behavior.
7859,215.89,StoreB,NORMAL,This transaction amount ($215.89) is typical for normal spending behavior.
6447,3719.15,StoreB,ANOMALY,This transaction amount ($3719.15) is unusually high compared to normal spending levels.
5264,147.09,StoreB,NORMAL,This transaction amount ($147.09) is typical for normal spending behavior.
2906,185.1,StoreB,NORMAL,This transaction amount ($185.1) falls within the typical range of spending.
4543,216.87,OutlierMallY,ANOMALY,"This transaction occurred at an unusual location ('OutlierMallY'), which is not typical for normal spending."
3634,304.1,StoreA,NORMAL,This transaction amount ($304.1) is typical for normal spending behavior.
8906,214.03,StoreA,NORMAL,This transaction amount ($214.03) is typical for normal spending behavior.
2469,321.46,StoreB,NORMAL,This transaction amount ($321.46) is typical for normal spending behavior.
3338,229.99,StoreB,NORMAL,This transaction amount ($229.99) is typical for normal spending behavior.
1490,185.17,StoreA,NORMAL,This transaction amount ($185.17) is typical for normal spending behavior.
3960,104.11,StoreB,NORMAL,This transaction amount ($104.11) is typical for normal spending behavior.
8020,116.61,StoreC,NORMAL,This transaction amount ($116.61) falls within the typical range of spending.
7728,5428.19,StoreB,ANOMALY,This transaction amount ($5428.19) is unusually high compared to normal spending levels.
6880,151.22,StoreC,NORMAL,This transaction amount ($151.22) is typical for normal spending behavior.
6153,260.43,StoreB,NORMAL,This transaction amount ($260.43) is typical for normal spending behavior.
5342,152.91,StoreA,NORMAL,This transaction amount ($152.91) falls within the typical range of spending.
8095,163.43,StoreA,NORMAL,This transaction amount ($163.43) is typical for normal spending behavior.
4301,95.09,StoreC,NORMAL,This transaction amount ($95.09) is typical for normal spending behavior.
9855,168.44,StoreA,NORMAL,This transaction amount ($168.44) is typical for normal spending behavior.
7681,158.57,StoreA,NORMAL,This transaction amount ($158.57) is typical for normal spending behavior.
9444,206.11,StoreC,NORMAL,This transaction amount ($206.11) is typical for normal spending behavior.
9417,132.82,StoreB,NORMAL,This transaction amount ($132.82) is typical for normal spending behavior.
9345,127.22,OutlierMallY,ANOMALY,"This transaction occurred at an unusual location ('OutlierMallY'), which is not typical for normal spending."
1751,108.98,StoreC,NORMAL,This transaction amount ($108.98) falls within the typical range of spending.
2578,247.34,StoreA,NORMAL,This transaction amount ($247.34) is typical for normal spending behavior.
5517,182.06,StoreC,NORMAL,This transaction amount ($182.06) is typical for normal spending behavior.
5784,182.75,StoreC,NORMAL,This transaction amount ($182.75) is typical for normal spending behavior.
6376,118.71,StoreC,NORMAL,This transaction amount ($118.71) falls within the typical range of spending.
4981,200.62,StoreC,NORMAL,This transaction amount ($200.62) is typical for normal spending behavior.
4408,2.33,StoreA,ANOMALY,This transaction amount ($2.33) is extremely low and may indicate refund fraud or abnormal behavior.
2308,117.24,StoreA,NORMAL,This transaction amount ($117.24) is typical for normal spending behavior.
6594,168.52,StoreC,NORMAL,This transaction amount ($168.52) is typical for normal spending behavior.
2300,3561.14,StoreB,ANOMALY,This transaction amount ($3561.14) is unusually high compared to normal spending levels.
3297,181.78,OutlierMallY,ANOMALY,"This transaction occurred at an unusual location ('OutlierMallY'), which is not typical for normal spending."
7403,184.47,StoreC,NORMAL,This transaction amount ($184.47) is typical for normal spending behavior.
2666,151.83,StoreA,NORMAL,This transaction amount ($151.83) is typical for normal spending behavior.
2858,7925.19,StoreA,ANOMALY,This transaction amount ($7925.19) is unusually high compared to normal spending levels.
7411,139.17,StoreA,NORMAL,This transaction amount ($139.17) is typical for normal spending behavior.
6261,173.8,OutlierMallY,ANOMALY,"This transaction occurred at an unusual location ('OutlierMallY'), which is not typical for normal spending."
3709,264.29,StoreA,NORMAL,This transaction amount ($264.29) is typical for normal spending behavior.
8313,5328.8,StoreC,ANOMALY,This transaction amount ($5328.8) is unusually high compared to normal spending levels.
3354,289.85,StoreC,NORMAL,This transaction amount ($289.85) is typical for normal spending behavior.
8674,153.96,StoreC,NORMAL,This transaction amount ($153.96) is typical for normal spending behavior.
3986,128.36,StoreA,NORMAL,This transaction amount ($128.36) is typical for normal spending behavior.
8683,107.19,StoreC,NORMAL,This transaction amount ($107.19) falls within the typical range of spending.
4251,251.39,RareStoreX,ANOMALY,"This transaction occurred at an unusual location ('RareStoreX'), which is not typical for normal spending."
9158,2.78,StoreC,ANOMALY,This transaction amount ($2.78) is extremely low and may indicate refund fraud or abnormal behavior.
6246,101.98,StoreC,NORMAL,This transaction amount ($101.98) falls within the typical range of spending.
3423,171.04,StoreC,NORMAL,This transaction amount ($171.04) is typical for normal spending behavior.
4071,212.07,StoreB,NORMAL,This transaction amount ($212.07) is typical for normal spending behavior.
3696,190.99,StoreB,NORMAL,This transaction amount ($190.99) is typical for normal spending behavior.
5408,180.38,StoreB,NORMAL,This transaction amount ($180.38) is typical for normal spending behavior.
3500,166.78,RareStoreX,ANOMALY,"This transaction occurred at an unusual location ('RareStoreX'), which is not typical for normal spending."
2971,268.14,StoreB,NORMAL,This transaction amount ($268.14) is typical for normal spending behavior.
3747,221.09,StoreB,NORMAL,This transaction amount ($221.09) is typical for normal spending behavior.
2811,81.97,OutlierMallY,ANOMALY,"This transaction occurred at an unusual location ('OutlierMallY'), which is not typical for normal spending."
6718,0.68,StoreB,ANOMALY,This transaction amount ($0.68) is extremely low and may indicate refund fraud or abnormal behavior.
6873,178.41,StoreC,NORMAL,This transaction amount ($178.41) is typical for normal spending behavior.
2355,94.4,OutlierMallY,ANOMALY,"This transaction occurred at an unusual location ('OutlierMallY'), which is not typical for normal spending."
4083,226.22,StoreA,NORMAL,This transaction amount ($226.22) is typical for normal spending behavior.
9102,205.82,StoreA,NORMAL,This transaction amount ($205.82) is typical for normal spending behavior.
9593,268.91,StoreB,NORMAL,This transaction amount ($268.91) is typical for normal spending behavior.
7850,72.04,StoreA,NORMAL,This transaction amount ($72.04) is typical for normal spending behavior.
9209,266.83,RareStoreX,ANOMALY,"This transaction occurred at an unusual location ('RareStoreX'), which is not typical for normal spending."
7028,251.05,StoreC,NORMAL,This transaction amount ($251.05) is typical for normal spending behavior.
1745,185.18,StoreC,NORMAL,This transaction amount ($185.18) is typical for normal spending behavior.
7371,144.66,StoreA,NORMAL,This transaction amount ($144.66) is typical for normal spending behavior.
1098,144.38,StoreC,NORMAL,This transaction amount ($144.38) is typical for normal spending behavior.
4486,4.65,StoreC,ANOMALY,This transaction amount ($4.65) is extremely low and may indicate refund fraud or abnormal behavior.
7853,93.86,StoreA,NORMAL,This transaction amount ($93.86) is typical for normal spending behavior.
2691,185.66,StoreC,NORMAL,This transaction amount ($185.66) falls within the typical range of spending.
6510,176.4,StoreA,NORMAL,This transaction amount ($176.4) is typical for normal spending behavior.
5825,140.29,StoreB,NORMAL,This transaction amount ($140.29) is typical for normal spending behavior.
1539,308.03,StoreC,NORMAL,This transaction amount ($308.03) is typical for normal spending behavior.
7364,104.64,StoreC,NORMAL,This transaction amount ($104.64) falls within the typical range of spending.
2439,162.75,StoreB,NORMAL,This transaction amount ($162.75) is typical for normal spending behavior.
9940,194.08,StoreB,NORMAL,This transaction amount ($194.08) is typical for normal spending behavior.
2394,118.61,StoreB,NORMAL,This transaction amount ($118.61) is typical for normal spending behavior.
2292,154.16,StoreB,NORMAL,This transaction amount ($154.16) falls within the typical range of spending.
7861,151.88,StoreC,NORMAL,This transaction amount ($151.88) falls within the typical range of spending.
3644,4.75,StoreC,ANOMALY,This transaction amount ($4.75) is extremely low and may indicate refund fraud or abnormal behavior.
3271,73.18,StoreB,NORMAL,This transaction amount ($73.18) falls within the typical range of spending.
3829,117.35,StoreB,NORMAL,This transaction amount ($117.35) falls within the typical range of spending.
5731,188.71,StoreB,NORMAL,This transaction amount ($188.71) falls within the typical range of spending.
1759,171.68,StoreB,NORMAL,This transaction amount ($171.68) is typical for normal spending behavior.
1501,244.6,StoreC,NORMAL,This transaction amount ($244.6) is typical for normal spending behavior.
1076,3.09,StoreA,ANOMALY,This transaction amount ($3.09) is extremely low and may indicate refund fraud or abnormal behavior.
9864,282.54,StoreB,NORMAL,This transaction amount ($282.54) is typical for normal spending behavior.
4997,7788.68,StoreB,ANOMALY,This transaction amount ($7788.68) is unusually high compared to normal spending levels.
8163,3511.15,StoreA,ANOMALY,This transaction amount ($3511.15) is unusually high compared to normal spending levels.
7975,7736.32,StoreA,ANOMALY,This transaction amount ($7736.32) is unusually high compared to normal spending levels.
4950,240.05,OutlierMallY,ANOMALY,"This transaction occurred at an unusual location ('OutlierMallY'), which is not typical for normal spending."
5684,253.72,StoreB,NORMAL,This transaction amount ($253.72) is typical for normal spending behavior.
7199,217.35,StoreA,NORMAL,This transaction amount ($217.35) is typical for normal spending behavior.
5789,50.53,StoreB,NORMAL,This transaction amount ($50.53) falls within the typical range of spending.
3428,7940.91,StoreC,ANOMALY,This transaction amount ($7940.91) is unusually high compared to normal spending levels.
6279,5421.3,StoreA,ANOMALY,This transaction amount ($5421.3) is unusually high compared to normal spending levels.
1256,87.2,StoreA,NORMAL,This transaction amount ($87.2) is typical for normal spending behavior.
2488,7903.46,StoreA,ANOMALY,This transaction amount ($7903.46) is unusually high compared to normal spending levels.
7176,294.69,StoreC,NORMAL,This transaction amount ($294.69) is typical for normal spending behavior.
7620,129.88,StoreA,NORMAL,This transaction amount ($129.88) is typical for normal spending behavior.
4932,183.64,StoreC,NORMAL,This transaction amount ($183.64) is typical for normal spending behavior.
1143,291.38,StoreA,NORMAL,This transaction amount ($291.38) is typical for normal spending behavior.
2735,96.75,StoreC,NORMAL,This transaction amount ($96.75) falls within the typical range of spending.
7250,4.78,StoreA,ANOMALY,This transaction amount ($4.78) is extremely low and may indicate refund fraud or abnormal behavior.
3775,245.45,StoreB,NORMAL,This transaction amount ($245.45) is typical for normal spending behavior.
4228,185.95,StoreA,NORMAL,This transaction amount ($185.95) is typical for normal spending behavior.
4821,3274.09,StoreB,ANOMALY,This transaction amount ($3274.09) is unusually high compared to normal spending levels.
6560,211.65,StoreB,NORMAL,This transaction amount ($211.65) is typical for normal spending behavior.
4775,65.19,StoreB,NORMAL,This transaction amount ($65.19) is typical for normal spending behavior.
8837,141.92,StoreA,NORMAL,This transaction amount ($141.92) falls within the typical range of spending.
4123,95.62,StoreC,NORMAL,This transaction amount ($95.62) is typical for normal spending behavior.
7282,274.25,StoreC,NORMAL,This transaction amount ($274.25) is typical for normal spending behavior.
3508,230.3,StoreC,NORMAL,This transaction amount ($230.3) is typical for normal spending behavior.
3068,2.18,StoreB,ANOMALY,This transaction amount ($2.18) is extremely low and may indicate refund fraud or abnormal behavior.
5133,50.04,StoreB,NORMAL,This transaction amount ($50.04) is typical for normal spending behavior.
6138,161.76,StoreB,NORMAL,This transaction amount ($161.76) is typical for normal spending behavior.
3217,192.68,StoreA,NORMAL,This transaction amount ($192.68) is typical for normal spending behavior.
6188,0.6,StoreB,ANOMALY,This transaction amount ($0.6) is extremely low and may indicate refund fraud or abnormal behavior.
3513,139.76,StoreA,NORMAL,This transaction amount ($139.76) is typical for normal spending behavior.
7347,225.46,StoreA,NORMAL,This transaction amount ($225.46) is typical for normal spending behavior.
4659,195.37,StoreB,NORMAL,This transaction amount ($195.37) is typical for normal spending behavior.
6720,215.32,StoreA,NORMAL,This transaction amount ($215.32) is typical for normal spending behavior.
5574,5506.27,StoreA,ANOMALY,This transaction amount ($5506.27) is unusually high compared to normal spending levels.
9071,142.8,StoreC,NORMAL,This transaction amount ($142.8) is typical for normal spending behavior.
5887,211.06,OutlierMallY,ANOMALY,"This transaction occurred at an unusual location ('OutlierMallY'), which is not typical for normal spending."
2306,199.66,StoreA,NORMAL,This transaction amount ($199.66) is typical for normal spending behavior.
7327,293.8,StoreB,NORMAL,This transaction amount ($293.8) is typical for normal spending behavior.
7032,2.43,StoreA,ANOMALY,This transaction amount ($2.43) is extremely low and may indicate refund fraud or abnormal behavior.
3486,283.41,StoreA,NORMAL,This transaction amount ($283.41) is typical for normal spending behavior.
4146,176.74,StoreC,NORMAL,This transaction amount ($176.74) is typical for normal spending behavior.
7157,148.61,StoreA,NORMAL,This transaction amount ($148.61) is typical for normal spending behavior.
3516,214.43,OutlierMallY,ANOMALY,"This transaction occurred at an unusual location ('OutlierMallY'), which is not typical for normal spending."
8083,108.66,StoreC,NORMAL,This transaction amount ($108.66) is typical for normal spending behavior.
8804,176.69,StoreC,NORMAL,This transaction amount ($176.69) is typical for normal spending behavior.
6731,226.09,StoreB,NORMAL,This transaction amount ($226.09) is typical for normal spending behavior.
9128,244.53,StoreB,NORMAL,This transaction amount ($244.53) is typical for normal spending behavior.
2057,7255.73,StoreC,ANOMALY,This transaction amount ($7255.73) is unusually high compared to normal spending levels.
7594,251.24,StoreB,NORMAL,This transaction amount ($251.24) is typical for normal spending behavior.
8808,7071.26,StoreA,ANOMALY,This transaction amount ($7071.26) is unusually high compared to normal spending levels.
1321,205.31,RareStoreX,ANOMALY,"This transaction occurred at an unusual location ('RareStoreX'), which is not typical for normal spending."
9462,152.84,StoreC,NORMAL,This transaction amount ($152.84) is typical for normal spending behavior.
8101,145.47,StoreB,NORMAL,This transaction amount ($145.47) falls within the typical range of spending.
5496,187.38,StoreB,NORMAL,This transaction amount ($187.38) falls within the typical range of spending.
7416,211.07,StoreC,NORMAL,This transaction amount ($211.07) is typical for normal spending behavior.
2895,152.63,StoreB,NORMAL,This transaction amount ($152.63) falls within the typical range of spending.
1869,276.9,StoreA,NORMAL,This transaction amount ($276.9) is typical for normal spending behavior.
1012,251.2,StoreA,NORMAL,This transaction amount ($251.2) is typical for normal spending behavior.
7277,3.62,StoreB,ANOMALY,This transaction amount ($3.62) is extremely low and may indicate refund fraud or abnormal behavior.
7154,202.73,StoreA,NORMAL,This transaction amount ($202.73) is typical for normal spending behavior.
9634,195.68,StoreB,NORMAL,This transaction amount ($195.68) is typical for normal spending behavior.
2231,152.05,StoreA,NORMAL,This transaction amount ($152.05) is typical for normal spending behavior.
7852,252.59,StoreB,NORMAL,This transaction amount ($252.59) is typical for normal spending behavior.
1318,141.6,StoreC,NORMAL,This transaction amount ($141.6) is typical for normal spending behavior.
5870,185.35,StoreC,NORMAL,This transaction amount ($185.35) falls within the typical range of spending.
7998,331.43,StoreA,NORMAL,This transaction amount ($331.43) is typical for normal spending behavior.
5829,7343.2,StoreA,ANOMALY,This transaction amount ($7343.2) is unusually high compared to normal spending levels.
1938,255.14,StoreB,NORMAL,This transaction amount ($255.14) is typical for normal spending behavior.
1832,267.45,StoreA,NORMAL,This transaction amount ($267.45) is typical for normal spending behavior.
1435,4.63,StoreB,ANOMALY,This transaction amount ($4.63) is extremely low and may indicate refund fraud or abnormal behavior.
7088,2.95,StoreA,ANOMALY,This transaction amount ($2.95) is extremely low and may indicate refund fraud or abnormal behavior.
6234,181.04,StoreB,NORMAL,This transaction amount ($181.04) is typical for normal spending behavior.
6469,91.67,StoreC,NORMAL,This transaction amount ($91.67) falls within the typical range of spending.
1695,5242.13,StoreC,ANOMALY,This transaction amount ($5242.13) is unusually high compared to normal spending levels.
2312,180.62,OutlierMallY,ANOMALY,"This transaction occurred at an unusual location ('OutlierMallY'), which is not typical for normal spending."
2361,196.6,StoreB,NORMAL,This transaction amount ($196.6) is typical for normal spending behavior.
5719,4.47,StoreA,ANOMALY,This transaction amount ($4.47) is extremely low and may indicate refund fraud or abnormal behavior.
3268,297.71,StoreA,NORMAL,This transaction amount ($297.71) is typical for normal spending behavior.
1125,0.51,StoreC,ANOMALY,This transaction amount ($0.51) is extremely low and may indicate refund fraud or abnormal behavior.
2042,3.76,StoreA,ANOMALY,This transaction amount ($3.76) is extremely low and may indicate refund fraud or abnormal behavior.
9480,92.85,StoreB,NORMAL,This transaction amount ($92.85) is typical for normal spending behavior.
4932,173.21,StoreB,NORMAL,This transaction amount ($173.21) is typical for normal spending behavior.
8605,188.77,StoreB,NORMAL,This transaction amount ($188.77) is typical for normal spending behavior.
4026,7073.63,StoreA,ANOMALY,This transaction amount ($7073.63) is unusually high compared to normal spending levels.
7171,2886.08,StoreC,ANOMALY,This transaction amount ($2886.08) is unusually high compared to normal spending levels.
7051,3942.74,StoreC,ANOMALY,This transaction amount ($3942.74) is unusually high compared to normal spending levels.
2016,3995.39,StoreA,ANOMALY,This transaction amount ($3995.39) is unusually high compared to normal spending levels.
1256,113.97,StoreC,NORMAL,This transaction amount ($113.97) falls within the typical range of spending.
1402,241.41,StoreA,NORMAL,This transaction amount ($241.41) is typical for normal spending behavior.
1901,187.3,StoreA,NORMAL,This transaction amount ($187.3) is typical for normal spending behavior.
5491,232.83,StoreA,NORMAL,This transaction amount ($232.83) is typical for normal spending behavior.
3271,124.02,StoreB,NORMAL,This transaction amount ($124.02) falls within the typical range of spending.
7002,176.94,StoreB,NORMAL,This transaction amount ($176.94) falls within the typical range of spending.
5911,91.71,StoreB,NORMAL,This transaction amount ($91.71) is typical for normal spending behavior.
3920,168.84,StoreC,NORMAL,This transaction amount ($168.84) falls within the typical range of spending.
6365,255.88,StoreC,NORMAL,This transaction amount ($255.88) is typical for normal spending behavior.
5845,122.6,StoreA,NORMAL,This transaction amount ($122.6) is typical for normal spending behavior.
5200,244.84,StoreC,NORMAL,This transaction amount ($244.84) is typical for normal spending behavior.
5001,197.98,StoreB,NORMAL,This transaction amount ($197.98) is typical for normal spending behavior.
3910,4.98,StoreC,ANOMALY,This transaction amount ($4.98) is extremely low and may indicate refund fraud or abnormal behavior.
1495,339.16,StoreA,NORMAL,This transaction amount ($339.16) is typical for normal spending behavior.
3038,171.86,OutlierMallY,ANOMALY,"This transaction occurred at an unusual location ('OutlierMallY'), which is not typical for normal spending."
1497,78.18,StoreB,NORMAL,This transaction amount ($78.18) falls within the typical range of spending.
9005,150.84,StoreC,NORMAL,This transaction amount ($150.84) is typical for normal spending behavior.
6652,7313.53,StoreA,ANOMALY,This transaction amount ($7313.53) is unusually high compared to normal spending levels.
5272,6643.63,StoreC,ANOMALY,This transaction amount ($6643.63) is unusually high compared to normal spending levels.
4680,164.32,StoreA,NORMAL,This transaction amount ($164.32) falls within the typical range of spending.
9676,151.34,StoreC,NORMAL,This transaction amount ($151.34) is typical for normal spending behavior.
2234,190.56,StoreA,NORMAL,This transaction amount ($190.56) falls within the typical range of spending.
9015,217.53,StoreB,NORMAL,This transaction amount ($217.53) is typical for normal spending behavior.
6546,154.22,StoreA,NORMAL,This transaction amount ($154.22) falls within the typical range of spending.
7660,7134.96,StoreB,ANOMALY,This transaction amount ($7134.96) is unusually high compared to normal spending levels.
7507,247.0,StoreB,NORMAL,This transaction amount ($247.0) is typical for normal spending behavior.
3689,224.26,StoreC,NORMAL,This transaction amount ($224.26) is typical for normal spending behavior.
1245,2928.29,StoreB,ANOMALY,This transaction amount ($2928.29) is unusually high compared to normal spending levels.
6439,225.1,StoreB,NORMAL,This transaction amount ($225.1) is typical for normal spending behavior.
2767,1.85,StoreA,ANOMALY,This transaction amount ($1.85) is extremely low and may indicate refund fraud or abnormal behavior.
6246,90.16,StoreB,NORMAL,This transaction amount ($90.16) is typical for normal spending behavior.
3144,5178.17,StoreB,ANOMALY,This transaction amount ($5178.17) is unusually high compared to normal spending levels.
4247,188.31,StoreA,NORMAL,This transaction amount ($188.31) is typical for normal spending behavior.
3064,4.31,StoreB,ANOMALY,This transaction amount ($4.31) is extremely low and may indicate refund fraud or abnormal behavior.
3328,154.65,StoreA,NORMAL,This transaction amount ($154.65) is typical for normal spending behavior.
9469,161.0,StoreB,NORMAL,This transaction amount ($161.0) is typical for normal spending behavior.
7378,234.24,StoreA,NORMAL,This transaction amount ($234.24) is typical for normal spending behavior.
7590,3259.46,StoreC,ANOMALY,This transaction amount ($3259.46) is unusually high compared to normal spending levels.
7333,105.24,StoreB,NORMAL,This transaction amount ($105.24) falls within the typical range of spending.
6606,156.93,OutlierMallY,ANOMALY,"This transaction occurred at an unusual location ('OutlierMallY'), which is not typical for normal spending."
4729,152.94,StoreB,NORMAL,This transaction amount ($152.94) falls within the typical range of spending.
5018,7084.84,StoreB,ANOMALY,This transaction amount ($7084.84) is unusually high compared to normal spending levels.
1357,2.14,StoreC,ANOMALY,This transaction amount ($2.14) is extremely low and may indicate refund fraud or abnormal behavior.
2234,229.47,StoreB,NORMAL,This transaction amount ($229.47) is typical for normal spending behavior.
8349,156.2,StoreC,NORMAL,This transaction amount ($156.2) falls within the typical range of spending.
3592,268.03,StoreC,NORMAL,This transaction amount ($268.03) is typical for normal spending behavior.
7636,75.6,StoreB,NORMAL,This transaction amount ($75.6) is typical for normal spending behavior.
1788,94.54,StoreA,NORMAL,This transaction amount ($94.54) falls within the typical range of spending.
3790,184.7,StoreB,NORMAL,This transaction amount ($184.7) is typical for normal spending behavior.
7713,0.94,StoreC,ANOMALY,This transaction amount ($0.94) is extremely low and may indicate refund fraud or abnormal behavior.
1789,225.44,StoreA,NORMAL,This transaction amount ($225.44) is typical for normal spending behavior.
5656,147.3,StoreB,NORMAL,This transaction amount ($147.3) is typical for normal spending behavior.
7821,206.81,StoreB,NORMAL,This transaction amount ($206.81) is typical for normal spending behavior.
8869,173.87,StoreB,NORMAL,This transaction amount ($173.87) is typical for normal spending behavior.
6052,20.53,StoreC,NORMAL,This transaction amount ($20.53) is typical for normal spending behavior.
4144,67.38,StoreA,NORMAL,This transaction amount ($67.38) falls within the typical range of spending.
5235,150.98,StoreA,NORMAL,This transaction amount ($150.98) is typical for normal spending behavior.
2368,4.21,StoreC,ANOMALY,This transaction amount ($4.21) is extremely low and may indicate refund fraud or abnormal behavior.
3968,125.06,OutlierMallY,ANOMALY,"This transaction occurred at an unusual location ('OutlierMallY'), which is not typical for normal spending."
9175,165.46,StoreB,NORMAL,This transaction amount ($165.46) is typical for normal spending behavior.
5944,105.75,StoreC,NORMAL,This transaction amount ($105.75) is typical for normal spending behavior.
7109,87.63,StoreC,NORMAL,This transaction amount ($87.63) falls within the typical range of spending.
3347,210.95,StoreA,NORMAL,This transaction amount ($210.95) is typical for normal spending behavior.
1062,55.58,StoreC,NORMAL,This transaction amount ($55.58) falls within the typical range of spending.
9721,176.14,StoreC,NORMAL,This transaction amount ($176.14) is typical for normal spending behavior.
4512,126.09,StoreB,NORMAL,This transaction amount ($126.09) falls within the typical range of spending.
1540,7037.71,StoreC,ANOMALY,This transaction amount ($7037.71) is unusually high compared to normal spending levels.
9983,203.48,StoreC,NORMAL,This transaction amount ($203.48) is typical for normal spending behavior.
8679,97.0,StoreB,NORMAL,This transaction amount ($97.0) falls within the typical range of spending.
5782,160.51,StoreB,NORMAL,This transaction amount ($160.51) is typical for normal spending behavior.
2943,3.17,StoreC,ANOMALY,This transaction amount ($3.17) is extremely low and may indicate refund fraud or abnormal behavior.
2233,136.03,StoreA,NORMAL,This transaction amount ($136.03) is typical for normal spending behavior.
5512,293.77,StoreB,NORMAL,This transaction amount ($293.77) is typical for normal spending behavior.
9573,7537.96,StoreC,ANOMALY,This transaction amount ($7537.96) is unusually high compared to normal spending levels.
4148,203.14,StoreA,NORMAL,This transaction amount ($203.14) is typical for normal spending behavior.
6367,180.68,StoreB,NORMAL,This transaction amount ($180.68) is typical for normal spending behavior.
3402,184.34,StoreA,NORMAL,This transaction amount ($184.34) falls within the typical range of spending.
3625,188.6,StoreB,NORMAL,This transaction amount ($188.6) is typical for normal spending behavior.
9641,242.92,StoreC,NORMAL,This transaction amount ($242.92) is typical for normal spending behavior.
2189,169.92,StoreC,NORMAL,This transaction amount ($169.92) is typical for normal spending behavior.
7162,158.6,StoreC,NORMAL,This transaction amount ($158.6) falls within the typical range of spending.
9066,90.95,StoreA,NORMAL,This transaction amount ($90.95) falls within the typical range of spending.
2144,2762.96,StoreA,ANOMALY,This transaction amount ($2762.96) is unusually high compared to normal spending levels.
5057,3.21,StoreA,ANOMALY,This transaction amount ($3.21) is extremely low and may indicate refund fraud or abnormal behavior.
2643,60.65,StoreB,NORMAL,This transaction amount ($60.65) falls within the typical range of spending.
9541,101.56,StoreA,NORMAL,This transaction amount ($101.56) falls within the typical range of spending.
9712,273.13,StoreA,NORMAL,This transaction amount ($273.13) is typical for normal spending behavior.
4878,79.77,StoreB,NORMAL,This transaction amount ($79.77) is typical for normal spending behavior.
2165,145.91,StoreA,NORMAL,This transaction amount ($145.91) falls within the typical range of spending.
5382,319.55,StoreA,NORMAL,This transaction amount ($319.55) is typical for normal spending behavior.
9420,111.27,StoreA,NORMAL,This transaction amount ($111.27) is typical for normal spending behavior.
2174,236.0,StoreA,NORMAL,This transaction amount ($236.0) is typical for normal spending behavior.
8934,275.55,OutlierMallY,ANOMALY,"This transaction occurred at an unusual location ('OutlierMallY'), which is not typical for normal spending."
8844,189.45,StoreA,NORMAL,This transaction amount ($189.45) is typical for normal spending behavior.
3834,114.4,StoreC,NORMAL,This transaction amount ($114.4) falls within the typical range of spending.
8086,198.84,StoreA,NORMAL,This transaction amount ($198.84) is typical for normal spending behavior.
9258,86.12,StoreA,NORMAL,This transaction amount ($86.12) falls within the typical range of spending.
2270,164.21,StoreC,NORMAL,This transaction amount ($164.21) falls within the typical range of spending.
8151,80.38,StoreA,NORMAL,This transaction amount ($80.38) is typical for normal spending behavior.
1756,204.78,StoreC,NORMAL,This transaction amount ($204.78) is typical for normal spending behavior.
8607,99.04,StoreB,NORMAL,This transaction amount ($99.04) is typical for normal spending behavior.
5091,309.95,StoreA,NORMAL,This transaction amount ($309.95) is typical for normal spending behavior.
5750,91.66,StoreA,NORMAL,This transaction amount ($91.66) falls within the typical range of spending.
4057,258.17,StoreC,NORMAL,This transaction amount ($258.17) is typical for normal spending behavior.
6945,54.86,StoreA,NORMAL,This transaction amount ($54.86) falls within the typical range of spending.
9009,210.23,StoreA,NORMAL,This transaction amount ($210.23) is typical for normal spending behavior.
7747,257.03,StoreB,NORMAL,This transaction amount ($257.03) is typical for normal spending behavior.
4734,238.04,StoreB,NORMAL,This transaction amount ($238.04) is typical for normal spending behavior.
1328,174.31,StoreA,NORMAL,This transaction amount ($174.31) is typical for normal spending behavior.
6190,257.19,StoreC,NORMAL,This transaction amount ($257.19) is typical for normal spending behavior.
2156,126.51,StoreB,NORMAL,This transaction amount ($126.51) falls within the typical range of spending.
4120,107.39,StoreB,NORMAL,This transaction amount ($107.39) falls within the typical range of spending.
5507,242.47,StoreA,NORMAL,This transaction amount ($242.47) is typical for normal spending behavior.
7979,139.09,StoreB,NORMAL,This transaction amount ($139.09) is typical for normal spending behavior.
3122,190.38,StoreC,NORMAL,This transaction amount ($190.38) falls within the typical range of spending.
9089,177.71,StoreA,NORMAL,This transaction amount ($177.71) is typical for normal spending behavior.
7479,224.3,StoreA,NORMAL,This transaction amount ($224.3) is typical for normal spending behavior.
9290,227.99,StoreB,NORMAL,This transaction amount ($227.99) is typical for normal spending behavior.
6154,168.07,StoreA,NORMAL,This transaction amount ($168.07) is typical for normal spending behavior.
3322,236.07,StoreB,NORMAL,This transaction amount ($236.07) is typical for normal spending behavior.
7597,161.0,StoreA,NORMAL,This transaction amount ($161.0) is typical for normal spending behavior.
3543,131.43,OutlierMallY,ANOMALY,"This transaction occurred at an unusual location ('OutlierMallY'), which is not typical for normal spending."
9048,279.5,OutlierMallY,ANOMALY,"This transaction occurred at an unusual location ('OutlierMallY'), which is not typical for normal spending."
2104,149.33,StoreA,NORMAL,This transaction amount ($149.33) falls within the typical range of spending.
4959,6385.91,StoreA,ANOMALY,This transaction amount ($6385.91) is unusually high compared to normal spending levels.
1969,206.85,StoreC,NORMAL,This transaction amount ($206.85) is typical for normal spending behavior.
1181,0.57,StoreB,ANOMALY,This transaction amount ($0.57) is extremely low and may indicate refund fraud or abnormal behavior.
1269,150.42,RareStoreX,ANOMALY,"This transaction occurred at an unusual location ('RareStoreX'), which is not typical for normal spending."
1889,180.33,StoreC,NORMAL,This transaction amount ($180.33) is typical for normal spending behavior.
6775,1.24,StoreB,ANOMALY,This transaction amount ($1.24) is extremely low and may indicate refund fraud or abnormal behavior.
4647,5500.66,StoreC,ANOMALY,This transaction amount ($5500.66) is unusually high compared to normal spending levels.
9964,182.47,StoreB,NORMAL,This transaction amount ($182.47) falls within the typical range of spending.
8607,193.66,StoreA,NORMAL,This transaction amount ($193.66) falls within the typical range of spending.
2754,317.76,StoreB,NORMAL,This transaction amount ($317.76) is typical for normal spending behavior.
5618,0.51,StoreA,ANOMALY,This transaction amount ($0.51) is extremely low and may indicate refund fraud or abnormal behavior.
4551,191.69,StoreB,NORMAL,This transaction amount ($191.69) is typical for normal spending behavior.
7771,2.62,StoreA,ANOMALY,This transaction amount ($2.62) is extremely low and may indicate refund fraud or abnormal behavior.
4985,250.44,StoreC,NORMAL,This transaction amount ($250.44) is typical for normal spending behavior.
1864,211.7,StoreC,NORMAL,This transaction amount ($211.7) is typical for normal spending behavior.
5109,159.49,StoreC,NORMAL,This transaction amount ($159.49) is typical for normal spending behavior.
7647,159.92,StoreA,NORMAL,This transaction amount ($159.92) falls within the typical range of spending.
9182,160.96,StoreA,NORMAL,This transaction amount ($160.96) falls within the typical range of spending.
1445,173.0,StoreB,NORMAL,This transaction amount ($173.0) is typical for normal spending behavior.
9154,154.45,StoreC,NORMAL,This transaction amount ($154.45) is typical for normal spending behavior.
7609,1.58,StoreB,ANOMALY,This transaction amount ($1.58) is extremely low and may indicate refund fraud or abnormal behavior.
3338,201.25,StoreC,NORMAL,This transaction amount ($201.25) is typical for normal spending behavior.
4928,261.8,StoreA,NORMAL,This transaction amount ($261.8) is typical for normal spending behavior.
6130,259.62,RareStoreX,ANOMALY,"This transaction occurred at an unusual location ('RareStoreX'), which is not typical for normal spending."
5428,6979.79,StoreA,ANOMALY,This transaction amount ($6979.79) is unusually high compared to normal spending levels.
6293,69.1,StoreA,NORMAL,This transaction amount ($69.1) falls within the typical range of spending.
6960,73.99,StoreB,NORMAL,This transaction amount ($73.99) falls within the typical range of spending.
8310,5455.47,StoreB,ANOMALY,This transaction amount ($5455.47) is unusually high compared to normal spending levels.
9734,107.52,StoreA,NORMAL,This transaction amount ($107.52) falls within the typical range of spending.
2548,3560.15,StoreB,ANOMALY,This transaction amount ($3560.15) is unusually high compared to normal spending levels.
1187,1.88,StoreA,ANOMALY,This transaction amount ($1.88) is extremely low and may indicate refund fraud or abnormal behavior.
6906,5230.0,StoreB,ANOMALY,This transaction amount ($5230.0) is unusually high compared to normal spending levels.
6481,103.24,StoreA,NORMAL,This transaction amount ($103.24) is typical for normal spending behavior.
4374,118.21,StoreC,NORMAL,This transaction amount ($118.21) is typical for normal spending behavior.
9261,257.09,StoreC,NORMAL,This transaction amount ($257.09) is typical for normal spending behavior.
8398,75.98,StoreA,NORMAL,This transaction amount ($75.98) falls within the typical range of spending.
5311,210.12,StoreA,NORMAL,This transaction amount ($210.12) is typical for normal spending behavior.
7251,227.33,RareStoreX,ANOMALY,"This transaction occurred at an unusual location ('RareStoreX'), which is not typical for normal spending."
3747,4469.47,StoreA,ANOMALY,This transaction amount ($4469.47) is unusually high compared to normal spending levels.
1448,6848.63,StoreC,ANOMALY,This transaction amount ($6848.63) is unusually high compared to normal spending levels.
4670,240.89,StoreC,NORMAL,This transaction amount ($240.89) is typical for normal spending behavior.
1544,227.5,StoreC,NORMAL,This transaction amount ($227.5) is typical for normal spending behavior.
3713,232.55,StoreA,NORMAL,This transaction amount ($232.55) is typical for normal spending behavior.
9837,237.29,StoreA,NORMAL,This transaction amount ($237.29) is typical for normal spending behavior.
3098,198.01,StoreA,NORMAL,This transaction amount ($198.01) is typical for normal spending behavior.
3787,150.15,StoreB,NORMAL,This transaction amount ($150.15) falls within the typical range of spending.
7496,170.95,StoreC,NORMAL,This transaction amount ($170.95) is typical for normal spending behavior.
8205,4885.5,StoreA,ANOMALY,This transaction amount ($4885.5) is unusually high compared to normal spending levels.
3360,139.16,StoreB,NORMAL,This transaction amount ($139.16) falls within the typical range of spending.
7353,2.28,StoreA,ANOMALY,This transaction amount ($2.28) is extremely low and may indicate refund fraud or abnormal behavior.
4190,268.92,StoreB,NORMAL,This transaction amount ($268.92) is typical for normal spending behavior.
7704,255.93,StoreA,NORMAL,This transaction amount ($255.93) is typical for normal spending behavior.
5157,271.7,StoreA,NORMAL,This transaction amount ($271.7) is typical for normal spending behavior.
3849,4.26,StoreA,ANOMALY,This transaction amount ($4.26) is extremely low and may indicate refund fraud or abnormal behavior.
3933,118.94,StoreA,NORMAL,This transaction amount ($118.94) is typical for normal spending behavior.
6983,1.99,StoreC,ANOMALY,This transaction amount ($1.99) is extremely low and may indicate refund fraud or abnormal behavior.
5432,4692.63,StoreA,ANOMALY,This transaction amount ($4692.63) is unusually high compared to normal spending levels.
3251,6298.04,StoreC,ANOMALY,This transaction amount ($6298.04) is unusually high compared to normal spending levels.
5004,4.58,StoreA,ANOMALY,This transaction amount ($4.58) is extremely low and may indicate refund fraud or abnormal behavior.
4038,228.29,StoreA,NORMAL,This transaction amount ($228.29) is typical for normal spending behavior.
4091,110.66,StoreA,NORMAL,This transaction amount ($110.66) falls within the typical range of spending.
1347,195.2,StoreB,NORMAL,This transaction amount ($195.2) falls within the typical range of spending.
6024,5625.15,StoreC,ANOMALY,This transaction amount ($5625.15) is unusually high compared to normal spending levels.
7429,228.77,StoreB,NORMAL,This transaction amount ($228.77) is typical for normal spending behavior.
7606,165.39,StoreA,NORMAL,This transaction amount ($165.39) is typical for normal spending behavior.
7000,182.2,StoreA,NORMAL,This transaction amount ($182.2) is typical for normal spending behavior.
4137,4.83,StoreC,ANOMALY,This transaction amount ($4.83) is extremely low and may indicate refund fraud or abnormal behavior.
1970,3.19,StoreA,ANOMALY,This transaction amount ($3.19) is extremely low and may indicate refund fraud or abnormal behavior.
2077,4469.81,StoreC,ANOMALY,This transaction amount ($4469.81) is unusually high compared to normal spending levels.
7363,200.93,StoreB,NORMAL,This transaction amount ($200.93) is typical for normal spending behavior.
4855,7891.77,StoreC,ANOMALY,This transaction amount ($7891.77) is unusually high compared to normal spending levels.
3780,160.1,StoreC,NORMAL,This transaction amount ($160.1) falls within the typical range of spending.
3707,290.24,StoreB,NORMAL,This transaction amount ($290.24) is typical for normal spending behavior.
9911,233.1,StoreC,NORMAL,This transaction amount ($233.1) is typical for normal spending behavior.
8865,182.68,StoreA,NORMAL,This transaction amount ($182.68) is typical for normal spending behavior.
4664,5030.36,StoreB,ANOMALY,This transaction amount ($5030.36) is unusually high compared to normal spending levels.
6013,144.53,StoreC,NORMAL,This transaction amount ($144.53) is typical for normal spending behavior.
1774,137.48,StoreA,NORMAL,This transaction amount ($137.48) is typical for normal spending behavior.
5749,245.55,StoreA,NORMAL,This transaction amount ($245.55) is typical for normal spending behavior.
2144,6698.6,StoreA,ANOMALY,This transaction amount ($6698.6) is unusually high compared to normal spending levels.
9498,183.5,StoreA,NORMAL,This transaction amount ($183.5) is typical for normal spending behavior.
4022,261.42,StoreB,NORMAL,This transaction amount ($261.42) is typical for normal spending behavior.
8130,254.83,StoreB,NORMAL,This transaction amount ($254.83) is typical for normal spending behavior.
2649,222.2,StoreC,NORMAL,This transaction amount ($222.2) is typical for normal spending behavior.
4078,119.17,StoreA,NORMAL,This transaction amount ($119.17) is typical for normal spending behavior.
8383,204.28,StoreC,NORMAL,This transaction amount ($204.28) is typical for normal spending behavior.
6752,1.46,StoreC,ANOMALY,This transaction amount ($1.46) is extremely low and may indicate refund fraud or abnormal behavior.
4215,6892.88,StoreA,ANOMALY,This transaction amount ($6892.88) is unusually high compared to normal spending levels.
8347,3432.07,StoreB,ANOMALY,This transaction amount ($3432.07) is unusually high compared to normal spending levels.
1815,183.21,StoreA,NORMAL,This transaction amount ($183.21) is typical for normal spending behavior.
2672,300.35,StoreB,NORMAL,This transaction amount ($300.35) is typical for normal spending behavior.
3019,4.31,StoreC,ANOMALY,This transaction amount ($4.31) is extremely low and may indicate refund fraud or abnormal behavior.
9620,302.72,StoreC,NORMAL,This transaction amount ($302.72) is typical for normal spending behavior.
1867,3128.78,StoreB,ANOMALY,This transaction amount ($3128.78) is unusually high compared to normal spending levels.
7697,6786.35,StoreB,ANOMALY,This transaction amount ($6786.35) is unusually high compared to normal spending levels.
3850,219.85,StoreA,NORMAL,This transaction amount ($219.85) is typical for normal spending behavior.
4976,3894.52,StoreA,ANOMALY,This transaction amount ($3894.52) is unusually high compared to normal spending levels.
5800,6661.31,StoreC,ANOMALY,This transaction amount ($6661.31) is unusually high compared to normal spending levels.
6268,246.65,RareStoreX,ANOMALY,"This transaction occurred at an unusual location ('RareStoreX'), which is not typical for normal spending."
4649,110.48,StoreC,NORMAL,This transaction amount ($110.48) falls within the typical range of spending.
2494,106.31,StoreC,NORMAL,This transaction amount ($106.31) is typical for normal spending behavior.
5817,257.32,StoreC,NORMAL,This transaction amount ($257.32) is typical for normal spending behavior.
3912,159.95,StoreA,NORMAL,This transaction amount ($159.95) falls within the typical range of spending.
4652,3303.5,StoreB,ANOMALY,This transaction amount ($3303.5) is unusually high compared to normal spending levels.
6179,5562.9,StoreB,ANOMALY,This transaction amount ($5562.9) is unusually high compared to normal spending levels.
2587,128.38,StoreA,NORMAL,This transaction amount ($128.38) is typical for normal spending behavior.
5934,261.91,OutlierMallY,ANOMALY,"This transaction occurred at an unusual location ('OutlierMallY'), which is not typical for normal spending."
3145,124.14,OutlierMallY,ANOMALY,"This transaction occurred at an unusual location ('OutlierMallY'), which is not typical for normal spending."
3846,298.56,StoreB,NORMAL,This transaction amount ($298.56) is typical for normal spending behavior.
2680,228.42,StoreB,NORMAL,This transaction amount ($228.42) is typical for normal spending behavior.
3364,5947.69,StoreB,ANOMALY,This transaction amount ($5947.69) is unusually high compared to normal spending levels.
3031,5935.07,StoreB,ANOMALY,This transaction amount ($5935.07) is unusually high compared to normal spending levels.
5207,293.93,StoreB,NORMAL,This transaction amount ($293.93) is typical for normal spending behavior.
5065,178.23,StoreB,NORMAL,This transaction amount ($178.23) is typical for normal spending behavior.
5313,4.92,StoreA,ANOMALY,This transaction amount ($4.92) is extremely low and may indicate refund fraud or abnormal behavior.
4306,93.89,StoreA,NORMAL,This transaction amount ($93.89) is typical for normal spending behavior.
9719,182.3,StoreB,NORMAL,This transaction amount ($182.3) is typical for normal spending behavior.
1988,160.96,StoreA,NORMAL,This transaction amount ($160.96) is typical for normal spending behavior.
5760,192.34,StoreA,NORMAL,This transaction amount ($192.34) falls within the typical range of spending.
8972,198.41,StoreA,NORMAL,This transaction amount ($198.41) is typical for normal spending behavior.
9370,212.14,StoreC,NORMAL,This transaction amount ($212.14) is typical for normal spending behavior.
7843,263.36,StoreC,NORMAL,This transaction amount ($263.36) is typical for normal spending behavior.
4308,244.53,StoreA,NORMAL,This transaction amount ($244.53) is typical for normal spending behavior.
2537,282.93,StoreA,NORMAL,This transaction amount ($282.93) is typical for normal spending behavior.
1189,4371.24,StoreC,ANOMALY,This transaction amount ($4371.24) is unusually high compared to normal spending levels.
6492,152.43,StoreB,NORMAL,This transaction amount ($152.43) is typical for normal spending behavior.
6169,4452.18,StoreB,ANOMALY,This transaction amount ($4452.18) is unusually high compared to normal spending levels.
3122,182.75,OutlierMallY,ANOMALY,"This transaction occurred at an unusual location ('OutlierMallY'), which is not typical for normal spending."
8973,202.37,StoreC,NORMAL,This transaction amount ($202.37) is typical for normal spending behavior.
5971,240.47,RareStoreX,ANOMALY,"This transaction occurred at an unusual location ('RareStoreX'), which is not typical for normal spending."
3293,60.24,StoreB,NORMAL,This transaction amount ($60.24) falls within the typical range of spending.
2828,86.91,StoreC,NORMAL,This transaction amount ($86.91) falls within the typical range of spending.
5477,158.44,StoreB,NORMAL,This transaction amount ($158.44) falls within the typical range of spending.
9533,142.06,StoreB,NORMAL,This transaction amount ($142.06) is typical for normal spending behavior.
2376,69.1,StoreA,NORMAL,This transaction amount ($69.1) falls within the typical range of spending.
1723,322.99,StoreB,NORMAL,This transaction amount ($322.99) is typical for normal spending behavior.
1720,233.43,OutlierMallY,ANOMALY,"This transaction occurred at an unusual location ('OutlierMallY'), which is not typical for normal spending."
2074,223.95,StoreA,NORMAL,This transaction amount ($223.95) is typical for normal spending behavior.
1418,183.49,StoreC,NORMAL,This transaction amount ($183.49) falls within the typical range of spending.
5701,171.8,StoreC,NORMAL,This transaction amount ($171.8) is typical for normal spending behavior.
9885,3871.44,StoreC,ANOMALY,This transaction amount ($3871.44) is unusually high compared to normal spending levels.
1656,196.15,StoreC,NORMAL,This transaction amount ($196.15) is typical for normal spending behavior.
1400,171.02,StoreC,NORMAL,This transaction amount ($171.02) is typical for normal spending behavior.
8512,291.81,StoreB,NORMAL,This transaction amount ($291.81) is typical for normal spending behavior.
6263,72.37,StoreC,NORMAL,This transaction amount ($72.37) is typical for normal spending behavior.
2209,284.66,StoreA,NORMAL,This transaction amount ($284.66) is typical for normal spending behavior.
5196,260.59,StoreC,NORMAL,This transaction amount ($260.59) is typical for normal spending behavior.
2109,203.87,StoreA,NORMAL,This transaction amount ($203.87) is typical for normal spending behavior.
8146,102.52,StoreB,NORMAL,This transaction amount ($102.52) falls within the typical range of spending.
7654,216.23,StoreC,NORMAL,This transaction amount ($216.23) is typical for normal spending behavior.
5584,224.22,StoreC,NORMAL,This transaction amount ($224.22) is typical for normal spending behavior.
3939,117.03,StoreC,NORMAL,This transaction amount ($117.03) is typical for normal spending behavior.
7165,2.86,StoreA,ANOMALY,This transaction amount ($2.86) is extremely low and may indicate refund fraud or abnormal behavior.
6783,283.55,StoreC,NORMAL,This transaction amount ($283.55) is typical for normal spending behavior.
7404,201.92,StoreC,NORMAL,This transaction amount ($201.92) is typical for normal spending behavior.
9405,5460.87,StoreB,ANOMALY,This transaction amount ($5460.87) is unusually high compared to normal spending levels.
7454,193.62,StoreA,NORMAL,This transaction amount ($193.62) is typical for normal spending behavior.
4239,186.18,StoreB,NORMAL,This transaction amount ($186.18) is typical for normal spending behavior.
3844,4829.38,StoreB,ANOMALY,This transaction amount ($4829.38) is unusually high compared to normal spending levels.
5975,260.45,StoreC,NORMAL,This transaction amount ($260.45) is typical for normal spending behavior.
2826,1.61,StoreC,ANOMALY,This transaction amount ($1.61) is extremely low and may indicate refund fraud or abnormal behavior.
8174,198.35,StoreB,NORMAL,This transaction amount ($198.35) is typical for normal spending behavior.
9624,216.74,StoreA,NORMAL,This transaction amount ($216.74) is typical for normal spending behavior.
1840,181.88,StoreC,NORMAL,This transaction amount ($181.88) is typical for normal spending behavior.
6607,187.27,StoreC,NORMAL,This transaction amount ($187.27) is typical for normal spending behavior.
7382,7328.68,StoreA,ANOMALY,This transaction amount ($7328.68) is unusually high compared to normal spending levels.
7860,119.96,StoreC,NORMAL,This transaction amount ($119.96) is typical for normal spending behavior.
1201,3273.82,StoreB,ANOMALY,This transaction amount ($3273.82) is unusually high compared to normal spending levels.
5159,7422.68,StoreA,ANOMALY,This transaction amount ($7422.68) is unusually high compared to normal spending levels.
5662,299.68,StoreA,NORMAL,This transaction amount ($299.68) is typical for normal spending behavior.
6430,143.72,StoreB,NORMAL,This transaction amount ($143.72) is typical for normal spending behavior.
5765,266.23,StoreA,NORMAL,This transaction amount ($266.23) is typical for normal spending behavior.
8002,203.3,StoreB,NORMAL,This transaction amount ($203.3) is typical for normal spending behavior.
2468,286.63,StoreB,NORMAL,This transaction amount ($286.63) is typical for normal spending behavior.
6833,134.23,StoreB,NORMAL,This transaction amount ($134.23) falls within the typical range of spending.
7479,176.3,StoreB,NORMAL,This transaction amount ($176.3) falls within the typical range of spending.
8397,224.5,StoreC,NORMAL,This transaction amount ($224.5) is typical for normal spending behavior.
8582,155.16,OutlierMallY,ANOMALY,"This transaction occurred at an unusual location ('OutlierMallY'), which is not typical for normal spending."
3739,158.71,StoreA,NORMAL,This transaction amount ($158.71) is typical for normal spending behavior.
8196,125.35,RareStoreX,ANOMALY,"This transaction occurred at an unusual location ('RareStoreX'), which is not typical for normal spending."
5008,127.58,StoreB,NORMAL,This transaction amount ($127.58) is typical for normal spending behavior.
2004,243.95,StoreA,NORMAL,This transaction amount ($243.95) is typical for normal spending behavior.
5171,5815.01,StoreC,ANOMALY,This transaction amount ($5815.01) is unusually high compared to normal spending levels.
9464,7618.91,StoreB,ANOMALY,This transaction amount ($7618.91) is unusually high compared to normal spending levels.
8171,177.49,StoreB,NORMAL,This transaction amount ($177.49) is typical for normal spending behavior.
1078,268.93,StoreC,NORMAL,This transaction amount ($268.93) is typical for normal spending behavior.
5112,155.95,StoreA,NORMAL,This transaction amount ($155.95) is typical for normal spending behavior.
1818,233.83,StoreA,NORMAL,This transaction amount ($233.83) is typical for normal spending behavior.
8171,282.23,StoreA,NORMAL,This transaction amount ($282.23) is typical for normal spending behavior.
9177,179.65,StoreC,NORMAL,This transaction amount ($179.65) is typical for normal spending behavior.
4534,5272.41,StoreA,ANOMALY,This transaction amount ($5272.41) is unusually high compared to normal spending levels.
2040,101.63,StoreC,NORMAL,This transaction amount ($101.63) is typical for normal spending behavior.
1777,134.16,StoreB,NORMAL,This transaction amount ($134.16) falls within the typical range of spending.
1480,250.81,StoreB,NORMAL,This transaction amount ($250.81) is typical for normal spending behavior.
1294,6400.18,StoreB,ANOMALY,This transaction amount ($6400.18) is unusually high compared to normal spending levels.
9119,211.08,StoreA,NORMAL,This transaction amount ($211.08) is typical for normal spending behavior.
6562,69.02,OutlierMallY,ANOMALY,"This transaction occurred at an unusual location ('OutlierMallY'), which is not typical for normal spending."
6392,161.7,StoreB,NORMAL,This transaction amount ($161.7) is typical for normal spending behavior.
5516,3868.94,StoreA,ANOMALY,This transaction amount ($3868.94) is unusually high compared to normal spending levels.
7452,127.81,StoreC,NORMAL,This transaction amount ($127.81) is typical for normal spending behavior.
9772,209.02,StoreB,NORMAL,This transaction amount ($209.02) is typical for normal spending behavior.
6752,140.77,StoreA,NORMAL,This transaction amount ($140.77) is typical for normal spending behavior.
8939,180.12,StoreB,NORMAL,This transaction amount ($180.12) is typical for normal spending behavior.
5691,53.49,StoreC,NORMAL,This transaction amount ($53.49) falls within the typical range of spending.
8931,198.59,StoreB,NORMAL,This transaction amount ($198.59) falls within the typical range of spending.
4129,171.85,StoreA,NORMAL,This transaction amount ($171.85) is typical for normal spending behavior.
5834,3817.06,StoreB,ANOMALY,This transaction amount ($3817.06) is unusually high compared to normal spending levels.
9995,2.8,StoreA,ANOMALY,This transaction amount ($2.8) is extremely low and may indicate refund fraud or abnormal behavior.
8424,185.87,RareStoreX,ANOMALY,"This transaction occurred at an unusual location ('RareStoreX'), which is not typical for normal spending."
4379,107.59,StoreA,NORMAL,This transaction amount ($107.59) falls within the typical range of spending.
4095,190.49,StoreA,NORMAL,This transaction amount ($190.49) is typical for normal spending behavior.
5306,2.61,StoreB,ANOMALY,This transaction amount ($2.61) is extremely low and may indicate refund fraud or abnormal behavior.
8691,3.38,StoreC,ANOMALY,This transaction amount ($3.38) is extremely low and may indicate refund fraud or abnormal behavior.
9257,169.4,StoreA,NORMAL,This transaction amount ($169.4) is typical for normal spending behavior.
2027,1.97,StoreB,ANOMALY,This transaction amount ($1.97) is extremely low and may indicate refund fraud or abnormal behavior.
1473,134.25,StoreB,NORMAL,This transaction amount ($134.25) falls within the typical range of spending.
8712,6481.97,StoreA,ANOMALY,This transaction amount ($6481.97) is unusually high compared to normal spending levels.
1854,2.27,StoreC,ANOMALY,This transaction amount ($2.27) is extremely low and may indicate refund fraud or abnormal behavior.
9977,7336.28,StoreB,ANOMALY,This transaction amount ($7336.28) is unusually high compared to normal spending levels.
3484,241.13,StoreA,NORMAL,This transaction amount ($241.13) is typical for normal spending behavior.
1496,134.5,StoreA,NORMAL,This transaction amount ($134.5) is typical for normal spending behavior.
3844,7377.0,StoreA,ANOMALY,This transaction amount ($7377.0) is unusually high compared to normal spending levels.
7277,141.48,StoreC,NORMAL,This transaction amount ($141.48) is typical for normal spending behavior.
8272,208.73,StoreC,NORMAL,This transaction amount ($208.73) is typical for normal spending behavior.
4822,229.62,StoreB,NORMAL,This transaction amount ($229.62) is typical for normal spending behavior.
5270,148.05,StoreB,NORMAL,This transaction amount ($148.05) falls within the typical range of spending.
1254,191.64,RareStoreX,ANOMALY,"This transaction occurred at an unusual location ('RareStoreX'), which is not typical for normal spending."
2259,214.64,StoreB,NORMAL,This transaction amount ($214.64) is typical for normal spending behavior.
7029,285.57,RareStoreX,ANOMALY,"This transaction occurred at an unusual location ('RareStoreX'), which is not typical for normal spending."
9410,7730.68,StoreA,ANOMALY,This transaction amount ($7730.68) is unusually high compared to normal spending levels.
4370,124.74,StoreC,NORMAL,This transaction amount ($124.74) is typical for normal spending behavior.
7301,67.46,StoreB,NORMAL,This transaction amount ($67.46) falls within the typical range of spending.
2040,238.32,StoreA,NORMAL,This transaction amount ($238.32) is typical for normal spending behavior.
5019,153.8,StoreC,NORMAL,This transaction amount ($153.8) is typical for normal spending behavior.
7375,1.5,StoreA,ANOMALY,This transaction amount ($1.5) is extremely low and may indicate refund fraud or abnormal behavior.
3142,165.78,StoreA,NORMAL,This transaction amount ($165.78) is typical for normal spending behavior.
6448,134.89,StoreC,NORMAL,This transaction amount ($134.89) is typical for normal spending behavior.
6818,1.59,StoreC,ANOMALY,This transaction amount ($1.59) is extremely low and may indicate refund fraud or abnormal behavior.
6064,119.8,StoreA,NORMAL,This transaction amount ($119.8) is typical for normal spending behavior.
4258,153.33,StoreB,NORMAL,This transaction amount ($153.33) is typical for normal spending behavior.
1798,254.92,StoreA,NORMAL,This transaction amount ($254.92) is typical for normal spending behavior.
1007,240.74,StoreB,NORMAL,This transaction amount ($240.74) is typical for normal spending behavior.
1386,167.61,StoreA,NORMAL,This transaction amount ($167.61) is typical for normal spending behavior.
5992,107.95,StoreC,NORMAL,This transaction amount ($107.95) is typical for normal spending behavior.
2198,157.54,StoreC,NORMAL,This transaction amount ($157.54) is typical for normal spending behavior.
9880,290.81,StoreA,NORMAL,This transaction amount ($290.81) is typical for normal spending behavior.
9551,3195.34,StoreB,ANOMALY,This transaction amount ($3195.34) is unusually high compared to normal spending levels.
2603,287.2,StoreB,NORMAL,This transaction amount ($287.2) is typical for normal spending behavior.
9904,177.32,StoreA,NORMAL,This transaction amount ($177.32) is typical for normal spending behavior.
8103,135.36,StoreC,NORMAL,This transaction amount ($135.36) falls within the typical range of spending.
9714,206.56,StoreA,NORMAL,This transaction amount ($206.56) is typical for normal spending behavior.
2545,188.46,StoreC,NORMAL,This transaction amount ($188.46) is typical for normal spending behavior.
4443,206.94,StoreA,NORMAL,This transaction amount ($206.94) is typical for normal spending behavior.
6901,241.56,StoreC,NORMAL,This transaction amount ($241.56) is typical for normal spending behavior.
5211,264.8,StoreA,NORMAL,This transaction amount ($264.8) is typical for normal spending behavior.
2368,220.34,OutlierMallY,ANOMALY,"This transaction occurred at an unusual location ('OutlierMallY'), which is not typical for normal spending."
2213,123.31,StoreB,NORMAL,This transaction amount ($123.31) falls within the typical range of spending.
8759,74.95,StoreB,NORMAL,This transaction amount ($74.95) is typical for normal spending behavior.
2415,151.26,RareStoreX,ANOMALY,"This transaction occurred at an unusual location ('RareStoreX'), which is not typical for normal spending."
6298,113.37,StoreB,NORMAL,This transaction amount ($113.37) is typical for normal spending behavior.
9677,263.22,StoreA,NORMAL,This transaction amount ($263.22) is typical for normal spending behavior.
1559,117.34,StoreC,NORMAL,This transaction amount ($117.34) is typical for normal spending behavior.
5741,175.16,StoreC,NORMAL,This transaction amount ($175.16) falls within the typical range of spending.
5374,308.43,StoreA,NORMAL,This transaction amount ($308.43) is typical for normal spending behavior.
5129,2829.89,StoreC,ANOMALY,This transaction amount ($2829.89) is unusually high compared to normal spending levels.
9327,60.25,StoreB,NORMAL,This transaction amount ($60.25) falls within the typical range of spending.
5108,169.82,StoreA,NORMAL,This transaction amount ($169.82) is typical for normal spending behavior.
1394,97.75,StoreB,NORMAL,This transaction amount ($97.75) falls within the typical range of spending.
2209,122.32,StoreC,NORMAL,This transaction amount ($122.32) is typical for normal spending behavior.
8017,107.35,StoreC,NORMAL,This transaction amount ($107.35) falls within the typical range of spending.
4333,7828.96,StoreC,ANOMALY,This transaction amount ($7828.96) is unusually high compared to normal spending levels.
4670,3287.41,StoreA,ANOMALY,This transaction amount ($3287.41) is unusually high compared to normal spending levels.
9148,6973.39,StoreB,ANOMALY,This transaction amount ($6973.39) is unusually high compared to normal spending levels.
7990,7270.72,StoreB,ANOMALY,This transaction amount ($7270.72) is unusually high compared to normal spending levels.
6741,189.01,StoreB,NORMAL,This transaction amount ($189.01) is typical for normal spending behavior.
6947,293.25,StoreB,NORMAL,This transaction amount ($293.25) is typical for normal spending behavior.
6868,5383.57,StoreA,ANOMALY,This transaction amount ($5383.57) is unusually high compared to normal spending levels.
9128,65.29,StoreA,NORMAL,This transaction amount ($65.29) falls within the typical range of spending.
7009,106.25,StoreC,NORMAL,This transaction amount ($106.25) is typical for normal spending behavior.
5477,196.27,StoreA,NORMAL,This transaction amount ($196.27) is typical for normal spending behavior.
1416,69.38,StoreC,NORMAL,This transaction amount ($69.38) is typical for normal spending behavior.
9913,137.72,OutlierMallY,ANOMALY,"This transaction occurred at an unusual location ('OutlierMallY'), which is not typical for normal spending."
5357,212.07,StoreA,NORMAL,This transaction amount ($212.07) is typical for normal spending behavior.
3040,166.67,StoreB,NORMAL,This transaction amount ($166.67) is typical for normal spending behavior.
2389,241.22,StoreA,NORMAL,This transaction amount ($241.22) is typical for normal spending behavior.
1146,1.59,StoreC,ANOMALY,This transaction amount ($1.59) is extremely low and may indicate refund fraud or abnormal behavior.
1754,238.92,StoreA,NORMAL,This transaction amount ($238.92) is typical for normal spending behavior.
4809,133.77,StoreB,NORMAL,This transaction amount ($133.77) falls within the typical range of spending.
1569,283.62,OutlierMallY,ANOMALY,"This transaction occurred at an unusual location ('OutlierMallY'), which is not typical for normal spending."
2674,4.68,StoreB,ANOMALY,This transaction amount ($4.68) is extremely low and may indicate refund fraud or abnormal behavior.
5022,191.18,StoreB,NORMAL,This transaction amount ($191.18) is typical for normal spending behavior.
1992,190.46,StoreC,NORMAL,This transaction amount ($190.46) is typical for normal spending behavior.
1591,273.14,StoreB,NORMAL,This transaction amount ($273.14) is typical for normal spending behavior.
9689,199.86,StoreC,NORMAL,This transaction amount ($199.86) falls within the typical range of spending.
3972,117.99,StoreC,NORMAL,This transaction amount ($117.99) is typical for normal spending behavior.
9146,211.87,StoreA,NORMAL,This transaction amount ($211.87) is typical for normal spending behavior.
7249,228.92,StoreB,NORMAL,This transaction amount ($228.92) is typical for normal spending behavior.
9401,149.22,StoreB,NORMAL,This transaction amount ($149.22) is typical for normal spending behavior.
5298,84.82,StoreA,NORMAL,This transaction amount ($84.82) is typical for normal spending behavior.
9084,251.48,StoreC,NORMAL,This transaction amount ($251.48) is typical for normal spending behavior.
4030,217.89,StoreB,NORMAL,This transaction amount ($217.89) is typical for normal spending behavior.
2349,209.55,RareStoreX,ANOMALY,"This transaction occurred at an unusual location ('RareStoreX'), which is not typical for normal spending."
1014,2.21,StoreC,ANOMALY,This transaction amount ($2.21) is extremely low and may indicate refund fraud or abnormal behavior.
9099,4.83,StoreC,ANOMALY,This transaction amount ($4.83) is extremely low and may indicate refund fraud or abnormal behavior.
1788,257.92,StoreC,NORMAL,This transaction amount ($257.92) is typical for normal spending behavior.
7327,109.52,StoreB,NORMAL,This transaction amount ($109.52) falls within the typical range of spending.
6805,188.54,RareStoreX,ANOMALY,"This transaction occurred at an unusual location ('RareStoreX'), which is not typical for normal spending."
8639,4638.37,StoreB,ANOMALY,This transaction amount ($4638.37) is unusually high compared to normal spending levels.
7558,175.78,StoreB,NORMAL,This transaction amount ($175.78) is typical for normal spending behavior.
2566,158.99,StoreA,NORMAL,This transaction amount ($158.99) falls within the typical range of spending.
6854,241.58,StoreA,NORMAL,This transaction amount ($241.58) is typical for normal spending behavior.
1012,271.55,StoreA,NORMAL,This transaction amount ($271.55) is typical for normal spending behavior.
9055,133.62,StoreB,NORMAL,This transaction amount ($133.62) is typical for normal spending behavior.
7421,4039.93,StoreA,ANOMALY,This transaction amount ($4039.93) is unusually high compared to normal spending levels.
4671,253.66,OutlierMallY,ANOMALY,"This transaction occurred at an unusual location ('OutlierMallY'), which is not typical for normal spending."
9967,176.26,StoreB,NORMAL,This transaction amount ($176.26) is typical for normal spending behavior.
6396,4745.47,StoreB,ANOMALY,This transaction amount ($4745.47) is unusually high compared to normal spending levels.
5533,4.0,StoreB,ANOMALY,This transaction amount ($4.0) is extremely low and may indicate refund fraud or abnormal behavior.
1002,203.05,StoreC,NORMAL,This transaction amount ($203.05) is typical for normal spending behavior.
8738,7168.05,StoreB,ANOMALY,This transaction amount ($7168.05) is unusually high compared to normal spending levels.
3731,262.92,StoreA,NORMAL,This transaction amount ($262.92) is typical for normal spending behavior.
5114,7241.1,StoreA,ANOMALY,This transaction amount ($7241.1) is unusually high compared to normal spending levels.
5685,216.6,RareStoreX,ANOMALY,"This transaction occurred at an unusual location ('RareStoreX'), which is not typical for normal spending."
7582,98.58,StoreC,NORMAL,This transaction amount ($98.58) falls within the typical range of spending.
2118,204.71,StoreA,NORMAL,This transaction amount ($204.71) is typical for normal spending behavior.
3837,48.23,StoreB,NORMAL,This transaction amount ($48.23) is typical for normal spending behavior.
5172,7797.13,StoreA,ANOMALY,This transaction amount ($7797.13) is unusually high compared to normal spending levels.
8441,219.38,StoreA,NORMAL,This transaction amount ($219.38) is typical for normal spending behavior.
1837,174.1,StoreA,NORMAL,This transaction amount ($174.1) is typical for normal spending behavior.
9433,174.49,StoreA,NORMAL,This transaction amount ($174.49) falls within the typical range of spending.
9011,157.27,StoreC,NORMAL,This transaction amount ($157.27) is typical for normal spending behavior.
6912,150.17,StoreB,NORMAL,This transaction amount ($150.17) is typical for normal spending behavior.
8160,220.31,StoreC,NORMAL,This transaction amount ($220.31) is typical for normal spending behavior.
2222,271.8,StoreC,NORMAL,This transaction amount ($271.8) is typical for normal spending behavior.
1050,155.82,StoreA,NORMAL,This transaction amount ($155.82) falls within the typical range of spending.
4969,121.26,StoreC,NORMAL,This transaction amount ($121.26) falls within the typical range of spending.
4846,4053.74,StoreC,ANOMALY,This transaction amount ($4053.74) is unusually high compared to normal spending levels.
2461,273.8,StoreB,NORMAL,This transaction amount ($273.8) is typical for normal spending behavior.
9102,7497.61,StoreA,ANOMALY,This transaction amount ($7497.61) is unusually high compared to normal spending levels.
5992,136.69,StoreB,NORMAL,This transaction amount ($136.69) falls within the typical range of spending.
9879,131.42,StoreC,NORMAL,This transaction amount ($131.42) is typical for normal spending behavior.
7082,174.74,StoreB,NORMAL,This transaction amount ($174.74) is typical for normal spending behavior.
1184,2904.9,StoreB,ANOMALY,This transaction amount ($2904.9) is unusually high compared to normal spending levels.
6519,4017.57,StoreA,ANOMALY,This transaction amount ($4017.57) is unusually high compared to normal spending levels.
9899,167.65,StoreC,NORMAL,This transaction amount ($167.65) is typical for normal spending behavior.
7856,185.66,StoreB,NORMAL,This transaction amount ($185.66) is typical for normal spending behavior.
7969,152.58,StoreB,NORMAL,This transaction amount ($152.58) falls within the typical range of spending.
1120,179.04,StoreA,NORMAL,This transaction amount ($179.04) is typical for normal spending behavior.
8280,277.82,StoreB,NORMAL,This transaction amount ($277.82) is typical for normal spending behavior.
8867,324.52,StoreA,NORMAL,This transaction amount ($324.52) is typical for normal spending behavior.
4632,229.8,StoreC,NORMAL,This transaction amount ($229.8) is typical for normal spending behavior.
5071,140.52,StoreC,NORMAL,This transaction amount ($140.52) is typical for normal spending behavior.
7616,333.13,StoreA,NORMAL,This transaction amount ($333.13) is typical for normal spending behavior.
5714,2.22,StoreB,ANOMALY,This transaction amount ($2.22) is extremely low and may indicate refund fraud or abnormal behavior.
7947,197.92,StoreA,NORMAL,This transaction amount ($197.92) is typical for normal spending behavior.
5958,89.55,StoreC,NORMAL,This transaction amount ($89.55) is typical for normal spending behavior.
4654,216.02,OutlierMallY,ANOMALY,"This transaction occurred at an unusual location ('OutlierMallY'), which is not typical for normal spending."
9644,2.48,StoreB,ANOMALY,This transaction amount ($2.48) is extremely low and may indicate refund fraud or abnormal behavior.
1589,4065.84,StoreB,ANOMALY,This transaction amount ($4065.84) is unusually high compared to normal spending levels.
2207,204.37,StoreC,NORMAL,This transaction amount ($204.37) is typical for normal spending behavior.
4464,1.1,StoreC,ANOMALY,This transaction amount ($1.1) is extremely low and may indicate refund fraud or abnormal behavior.
6073,119.33,StoreA,NORMAL,This transaction amount ($119.33) is typical for normal spending behavior.
6645,245.12,StoreA,NORMAL,This transaction amount ($245.12) is typical for normal spending behavior.
3167,176.23,StoreA,NORMAL,This transaction amount ($176.23) falls within the typical range of spending.
2186,178.22,RareStoreX,ANOMALY,"This transaction occurred at an unusual location ('RareStoreX'), which is not typical for normal spending."
3677,158.23,OutlierMallY,ANOMALY,"This transaction occurred at an unusual location ('OutlierMallY'), which is not typical for normal spending."
3367,166.37,OutlierMallY,ANOMALY,"This transaction occurred at an unusual location ('OutlierMallY'), which is not typical for normal spending."
9060,100.71,StoreB,NORMAL,This transaction amount ($100.71) is typical for normal spending behavior.
7089,163.41,StoreA,NORMAL,This transaction amount ($163.41) falls within the typical range of spending.
4061,86.63,StoreA,NORMAL,This transaction amount ($86.63) falls within the typical range of spending.
2042,162.87,StoreC,NORMAL,This transaction amount ($162.87) falls within the typical range of spending.
4697,77.5,StoreA,NORMAL,This transaction amount ($77.5) is typical for normal spending behavior.
8503,168.94,StoreC,NORMAL,This transaction amount ($168.94) is typical for normal spending behavior.
1391,145.13,StoreC,NORMAL,This transaction amount ($145.13) falls within the typical range of spending.
1810,4541.75,StoreB,ANOMALY,This transaction amount ($4541.75) is unusually high compared to normal spending levels.
4797,2854.06,StoreC,ANOMALY,This transaction amount ($2854.06) is unusually high compared to normal spending levels.
8367,185.95,StoreC,NORMAL,This transaction amount ($185.95) is typical for normal spending behavior.
4951,157.43,StoreA,NORMAL,This transaction amount ($157.43) is typical for normal spending behavior.
9174,4949.12,StoreC,ANOMALY,This transaction amount ($4949.12) is unusually high compared to normal spending levels.
6205,191.64,StoreB,NORMAL,This transaction amount ($191.64) is typical for normal spending behavior.
6402,306.39,OutlierMallY,ANOMALY,"This transaction occurred at an unusual location ('OutlierMallY'), which is not typical for normal spending."
7709,129.46,StoreB,NORMAL,This transaction amount ($129.46) is typical for normal spending behavior.
8952,158.62,StoreB,NORMAL,This transaction amount ($158.62) is typical for normal spending behavior.
7677,3601.22,StoreC,ANOMALY,This transaction amount ($3601.22) is unusually high compared to normal spending levels.
2780,178.07,StoreB,NORMAL,This transaction amount ($178.07) is typical for normal spending behavior.
9406,7291.44,StoreC,ANOMALY,This transaction amount ($7291.44) is unusually high compared to normal spending levels.
5545,60.6,StoreB,NORMAL,This transaction amount ($60.6) falls within the typical range of spending.
5439,194.57,StoreB,NORMAL,This transaction amount ($194.57) is typical for normal spending behavior.
6137,135.62,OutlierMallY,ANOMALY,"This transaction occurred at an unusual location ('OutlierMallY'), which is not typical for normal spending."
2378,250.46,OutlierMallY,ANOMALY,"This transaction occurred at an unusual location ('OutlierMallY'), which is not typical for normal spending."
9763,3.35,StoreB,ANOMALY,This transaction amount ($3.35) is extremely low and may indicate refund fraud or abnormal behavior.
8690,295.67,StoreC,NORMAL,This transaction amount ($295.67) is typical for normal spending behavior.
4109,202.76,StoreB,NORMAL,This transaction amount ($202.76) is typical for normal spending behavior.
1324,249.76,StoreC,NORMAL,This transaction amount ($249.76) is typical for normal spending behavior.
9357,166.82,StoreA,NORMAL,This transaction amount ($166.82) is typical for normal spending behavior.
5796,172.53,StoreC,NORMAL,This transaction amount ($172.53) is typical for normal spending behavior.
7257,88.08,StoreC,NORMAL,This transaction amount ($88.08) falls within the typical range of spending.
2752,271.34,StoreC,NORMAL,This transaction amount ($271.34) is typical for normal spending behavior.
3367,162.4,StoreC,NORMAL,This transaction amount ($162.4) is typical for normal spending behavior.
1066,170.53,StoreA,NORMAL,This transaction amount ($170.53) is typical for normal spending behavior.
3026,2.45,StoreA,ANOMALY,This transaction amount ($2.45) is extremely low and may indicate refund fraud or abnormal behavior.
9168,3522.8,StoreC,ANOMALY,This transaction amount ($3522.8) is unusually high compared to normal spending levels.
4596,2606.17,StoreA,ANOMALY,This transaction amount ($2606.17) is unusually high compared to normal spending levels.
6442,283.06,StoreB,NORMAL,This transaction amount ($283.06) is typical for normal spending behavior.
7123,4.36,StoreA,ANOMALY,This transaction amount ($4.36) is extremely low and may indicate refund fraud or abnormal behavior.
8734,159.14,StoreB,NORMAL,This transaction amount ($159.14) is typical for normal spending behavior.
1777,265.46,StoreA,NORMAL,This transaction amount ($265.46) is typical for normal spending behavior.
3439,70.2,StoreA,NORMAL,This transaction amount ($70.2) falls within the typical range of spending.
7683,172.22,StoreB,NORMAL,This transaction amount ($172.22) is typical for normal spending behavior.
8433,133.01,StoreB,NORMAL,This transaction amount ($133.01) is typical for normal spending behavior.
2558,73.64,StoreA,NORMAL,This transaction amount ($73.64) falls within the typical range of spending.
9235,152.0,StoreB,NORMAL,This transaction amount ($152.0) falls within the typical range of spending.
3144,110.61,StoreA,NORMAL,This transaction amount ($110.61) falls within the typical range of spending.
3520,272.36,StoreC,NORMAL,This transaction amount ($272.36) is typical for normal spending behavior.
7292,7435.13,StoreA,ANOMALY,This transaction amount ($7435.13) is unusually high compared to normal spending levels.
3765,154.2,StoreA,NORMAL,This transaction amount ($154.2) is typical for normal spending behavior.
5803,289.23,StoreB,NORMAL,This transaction amount ($289.23) is typical for normal spending behavior.
3621,7855.62,StoreA,ANOMALY,This transaction amount ($7855.62) is unusually high compared to normal spending levels.
4264,87.09,StoreA,NORMAL,This transaction amount ($87.09) is typical for normal spending behavior.
2970,2.04,StoreC,ANOMALY,This transaction amount ($2.04) is extremely low and may indicate refund fraud or abnormal behavior.
6003,176.93,StoreA,NORMAL,This transaction amount ($176.93) is typical for normal spending behavior.
8249,195.16,StoreC,NORMAL,This transaction amount ($195.16) is typical for normal spending behavior.
6998,0.64,StoreA,ANOMALY,This transaction amount ($0.64) is extremely low and may indicate refund fraud or abnormal behavior.
1354,2846.91,StoreA,ANOMALY,This transaction amount ($2846.91) is unusually high compared to normal spending levels.
4755,62.7,StoreB,NORMAL,This transaction amount ($62.7) falls within the typical range of spending.
7739,154.85,StoreA,NORMAL,This transaction amount ($154.85) is typical for normal spending behavior.
7697,233.59,StoreB,NORMAL,This transaction amount ($233.59) is typical for normal spending behavior.
2621,164.83,StoreB,NORMAL,This transaction amount ($164.83) falls within the typical range of spending.
7523,184.95,StoreC,NORMAL,This transaction amount ($184.95) is typical for normal spending behavior.
5300,255.11,StoreC,NORMAL,This transaction amount ($255.11) is typical for normal spending behavior.
9216,217.58,StoreA,NORMAL,This transaction amount ($217.58) is typical for normal spending behavior.
8032,171.73,StoreB,NORMAL,This transaction amount ($171.73) is typical for normal spending behavior.
4391,172.12,StoreA,NORMAL,This transaction amount ($172.12) is typical for normal spending behavior.
1386,174.55,StoreC,NORMAL,This transaction amount ($174.55) is typical for normal spending behavior.
5452,13.72,RareStoreX,ANOMALY,"This transaction occurred at an unusual location ('RareStoreX'), which is not typical for normal spending."
7991,89.19,StoreA,NORMAL,This transaction amount ($89.19) falls within the typical range of spending.
2406,187.06,StoreB,NORMAL,This transaction amount ($187.06) is typical for normal spending behavior.
8394,147.21,StoreA,NORMAL,This transaction amount ($147.21) is typical for normal spending behavior.
9502,177.8,StoreA,NORMAL,This transaction amount ($177.8) is typical for normal spending behavior.
7978,4839.45,StoreB,ANOMALY,This transaction amount ($4839.45) is unusually high compared to normal spending levels.
8398,178.91,StoreC,NORMAL,This transaction amount ($178.91) is typical for normal spending behavior.
3751,2.94,StoreC,ANOMALY,This transaction amount ($2.94) is extremely low and may indicate refund fraud or abnormal behavior.
5543,70.89,StoreA,NORMAL,This transaction amount ($70.89) is typical for normal spending behavior.
4185,165.03,StoreB,NORMAL,This transaction amount ($165.03) is typical for normal spending behavior.
2269,166.02,StoreA,NORMAL,This transaction amount ($166.02) is typical for normal spending behavior.
2384,318.35,StoreA,NORMAL,This transaction amount ($318.35) is typical for normal spending behavior.
8378,164.64,StoreA,NORMAL,This transaction amount ($164.64) is typical for normal spending behavior.
2387,272.48,RareStoreX,ANOMALY,"This transaction occurred at an unusual location ('RareStoreX'), which is not typical for normal spending."
6289,0.55,StoreA,ANOMALY,This transaction amount ($0.55) is extremely low and may indicate refund fraud or abnormal behavior.
7212,206.35,StoreB,NORMAL,This transaction amount ($206.35) is typical for normal spending behavior.
3032,247.15,StoreB,NORMAL,This transaction amount ($247.15) is typical for normal spending behavior.
8522,263.12,StoreC,NORMAL,This transaction amount ($263.12) is typical for normal spending behavior.
7353,173.21,StoreB,NORMAL,This transaction amount ($173.21) is typical for normal spending behavior.
6057,242.07,StoreC,NORMAL,This transaction amount ($242.07) is typical for normal spending behavior.
9062,5541.21,StoreB,ANOMALY,This transaction amount ($5541.21) is unusually high compared to normal spending levels.
7878,188.91,StoreB,NORMAL,This transaction amount ($188.91) is typical for normal spending behavior.
7461,227.47,OutlierMallY,ANOMALY,"This transaction occurred at an unusual location ('OutlierMallY'), which is not typical for normal spending."
7496,153.57,StoreC,NORMAL,This transaction amount ($153.57) is typical for normal spending behavior.
6022,66.75,StoreB,NORMAL,This transaction amount ($66.75) falls within the typical range of spending.
9417,166.39,StoreA,NORMAL,This transaction amount ($166.39) is typical for normal spending behavior.
6824,163.56,StoreA,NORMAL,This transaction amount ($163.56) is typical for normal spending behavior.
6622,251.23,OutlierMallY,ANOMALY,"This transaction occurred at an unusual location ('OutlierMallY'), which is not typical for normal spending."
4766,246.3,StoreB,NORMAL,This transaction amount ($246.3) is typical for normal spending behavior.
8143,327.77,OutlierMallY,ANOMALY,"This transaction occurred at an unusual location ('OutlierMallY'), which is not typical for normal spending."
5479,179.87,OutlierMallY,ANOMALY,"This transaction occurred at an unusual location ('OutlierMallY'), which is not typical for normal spending."
1256,175.51,StoreA,NORMAL,This transaction amount ($175.51) is typical for normal spending behavior.
7028,202.4,OutlierMallY,ANOMALY,"This transaction occurred at an unusual location ('OutlierMallY'), which is not typical for normal spending."
3178,220.79,StoreB,NORMAL,This transaction amount ($220.79) is typical for normal spending behavior.
5611,255.31,StoreB,NORMAL,This transaction amount ($255.31) is typical for normal spending behavior.
8146,228.34,StoreB,NORMAL,This transaction amount ($228.34) is typical for normal spending behavior.
8385,139.11,StoreC,NORMAL,This transaction amount ($139.11) is typical for normal spending behavior.
6694,139.23,StoreA,NORMAL,This transaction amount ($139.23) is typical for normal spending behavior.
2709,170.99,StoreA,NORMAL,This transaction amount ($170.99) is typical for normal spending behavior.
2316,184.28,RareStoreX,ANOMALY,"This transaction occurred at an unusual location ('RareStoreX'), which is not typical for normal spending."
9117,137.69,StoreA,NORMAL,This transaction amount ($137.69) falls within the typical range of spending.
6926,110.2,StoreA,NORMAL,This transaction amount ($110.2) falls within the typical range of spending.
4618,110.87,StoreA,NORMAL,This transaction amount ($110.87) is typical for normal spending behavior.
5635,201.1,StoreB,NORMAL,This transaction amount ($201.1) is typical for normal spending behavior.
1327,200.06,RareStoreX,ANOMALY,"This transaction occurred at an unusual location ('RareStoreX'), which is not typical for normal spending."
1604,2722.75,StoreA,ANOMALY,This transaction amount ($2722.75) is unusually high compared to normal spending levels.
9012,226.86,StoreB,NORMAL,This transaction amount ($226.86) is typical for normal spending behavior.
6213,316.98,OutlierMallY,ANOMALY,"This transaction occurred at an unusual location ('OutlierMallY'), which is not typical for normal spending."
2647,85.47,StoreA,NORMAL,This transaction amount ($85.47) falls within the typical range of spending.
7782,265.34,StoreC,NORMAL,This transaction amount ($265.34) is typical for normal spending behavior.
1240,3.16,StoreC,ANOMALY,This transaction amount ($3.16) is extremely low and may indicate refund fraud or abnormal behavior.
7204,164.37,StoreA,NORMAL,This transaction amount ($164.37) is typical for normal spending behavior.
5158,2.53,StoreC,ANOMALY,This transaction amount ($2.53) is extremely low and may indicate refund fraud or abnormal behavior.
1295,251.58,StoreB,NORMAL,This transaction amount ($251.58) is typical for normal spending behavior.
9021,252.27,StoreC,NORMAL,This transaction amount ($252.27) is typical for normal spending behavior.
3810,234.42,StoreA,NORMAL,This transaction amount ($234.42) is typical for normal spending behavior.
9242,2.36,StoreA,ANOMALY,This transaction amount ($2.36) is extremely low and may indicate refund fraud or abnormal behavior.
7579,3.87,StoreB,ANOMALY,This transaction amount ($3.87) is extremely low and may indicate refund fraud or abnormal behavior.
3870,119.24,StoreA,NORMAL,This transaction amount ($119.24) is typical for normal spending behavior.
2782,253.02,StoreA,NORMAL,This transaction amount ($253.02) is typical for normal spending behavior.
5857,193.31,StoreC,NORMAL,This transaction amount ($193.31) is typical for normal spending behavior.
6023,160.9,StoreC,NORMAL,This transaction amount ($160.9) falls within the typical range of spending.
8925,195.07,StoreC,NORMAL,This transaction amount ($195.07) is typical for normal spending behavior.
3431,273.94,OutlierMallY,ANOMALY,"This transaction occurred at an unusual location ('OutlierMallY'), which is not typical for normal spending."
5695,168.14,StoreB,NORMAL,This transaction amount ($168.14) is typical for normal spending behavior.
6591,172.6,RareStoreX,ANOMALY,"This transaction occurred at an unusual location ('RareStoreX'), which is not typical for normal spending."
6577,63.19,StoreB,NORMAL,This transaction amount ($63.19) falls within the typical range of spending.
7446,257.07,OutlierMallY,ANOMALY,"This transaction occurred at an unusual location ('OutlierMallY'), which is not typical for normal spending."
2176,149.88,StoreB,NORMAL,This transaction amount ($149.88) is typical for normal spending behavior.
1141,6737.69,StoreA,ANOMALY,This transaction amount ($6737.69) is unusually high compared to normal spending levels.
3255,2768.63,StoreB,ANOMALY,This transaction amount ($2768.63) is unusually high compared to normal spending levels.
1476,300.31,OutlierMallY,ANOMALY,"This transaction occurred at an unusual location ('OutlierMallY'), which is not typical for normal spending."
9989,292.59,StoreC,NORMAL,This transaction amount ($292.59) is typical for normal spending behavior.
2842,186.73,StoreC,NORMAL,This transaction amount ($186.73) falls within the typical range of spending.
5720,147.1,OutlierMallY,ANOMALY,"This transaction occurred at an unusual location ('OutlierMallY'), which is not typical for normal spending."
4690,159.91,StoreB,NORMAL,This transaction amount ($159.91) is typical for normal spending behavior.
6057,251.97,OutlierMallY,ANOMALY,"This transaction occurred at an unusual location ('OutlierMallY'), which is not typical for normal spending."
4213,5076.25,StoreA,ANOMALY,This transaction amount ($5076.25) is unusually high compared to normal spending levels.
1231,141.52,StoreA,NORMAL,This transaction amount ($141.52) is typical for normal spending behavior.
3634,141.91,StoreB,NORMAL,This transaction amount ($141.91) falls within the typical range of spending.
8477,1.89,StoreB,ANOMALY,This transaction amount ($1.89) is extremely low and may indicate refund fraud or abnormal behavior.
9363,220.56,StoreA,NORMAL,This transaction amount ($220.56) is typical for normal spending behavior.
6311,175.26,StoreA,NORMAL,This transaction amount ($175.26) is typical for normal spending behavior.
8313,123.17,StoreC,NORMAL,This transaction amount ($123.17) is typical for normal spending behavior.
4553,273.74,StoreA,NORMAL,This transaction amount ($273.74) is typical for normal spending behavior.
8864,126.29,StoreB,NORMAL,This transaction amount ($126.29) is typical for normal spending behavior.
5885,114.4,StoreC,NORMAL,This transaction amount ($114.4) falls within the typical range of spending.
4310,6334.27,StoreC,ANOMALY,This transaction amount ($6334.27) is unusually high compared to normal spending levels.
7344,2.13,StoreB,ANOMALY,This transaction amount ($2.13) is extremely low and may indicate refund fraud or abnormal behavior.
2868,163.48,StoreA,NORMAL,This transaction amount ($163.48) is typical for normal spending behavior.
3417,4.78,StoreA,ANOMALY,This transaction amount ($4.78) is extremely low and may indicate refund fraud or abnormal behavior.
8226,308.26,StoreC,NORMAL,This transaction amount ($308.26) is typical for normal spending behavior.
4203,200.31,StoreC,NORMAL,This transaction amount ($200.31) is typical for normal spending behavior.
2311,237.91,RareStoreX,ANOMALY,"This transaction occurred at an unusual location ('RareStoreX'), which is not typical for normal spending."
6167,200.2,StoreC,NORMAL,This transaction amount ($200.2) is typical for normal spending behavior.
2741,180.15,StoreB,NORMAL,This transaction amount ($180.15) is typical for normal spending behavior.
9447,261.95,StoreB,NORMAL,This transaction amount ($261.95) is typical for normal spending behavior.
9775,143.0,StoreA,NORMAL,This transaction amount ($143.0) falls within the typical range of spending.
5755,164.38,StoreA,NORMAL,This transaction amount ($164.38) falls within the typical range of spending.
4293,160.92,StoreA,NORMAL,This transaction amount ($160.92) is typical for normal spending behavior.
9550,2747.0,StoreC,ANOMALY,This transaction amount ($2747.0) is unusually high compared to normal spending levels.
3835,271.24,StoreC,NORMAL,This transaction amount ($271.24) is typical for normal spending behavior.
1178,110.3,StoreA,NORMAL,This transaction amount ($110.3) falls within the typical range of spending.
3413,105.51,StoreC,NORMAL,This transaction amount ($105.51) falls within the typical range of spending.
9313,91.26,StoreA,NORMAL,This transaction amount ($91.26) falls within the typical range of spending.
3686,139.98,StoreC,NORMAL,This transaction amount ($139.98) is typical for normal spending behavior.
8423,242.74,StoreA,NORMAL,This transaction amount ($242.74) is typical for normal spending behavior.
1333,4.73,StoreA,ANOMALY,This transaction amount ($4.73) is extremely low and may indicate refund fraud or abnormal behavior.
6359,4.26,StoreA,ANOMALY,This transaction amount ($4.26) is extremely low and may indicate refund fraud or abnormal behavior.
2989,162.99,StoreA,NORMAL,This transaction amount ($162.99) falls within the typical range of spending.
1870,298.52,StoreC,NORMAL,This transaction amount ($298.52) is typical for normal spending behavior.
2506,221.82,StoreA,NORMAL,This transaction amount ($221.82) is typical for normal spending behavior.
1356,145.78,StoreB,NORMAL,This transaction amount ($145.78) is typical for normal spending behavior.
3018,143.26,StoreC,NORMAL,This transaction amount ($143.26) is typical for normal spending behavior.
4201,171.43,StoreB,NORMAL,This transaction amount ($171.43) is typical for normal spending behavior.
6338,94.6,StoreB,NORMAL,This transaction amount ($94.6) falls within the typical range of spending.
9583,165.61,OutlierMallY,ANOMALY,"This transaction occurred at an unusual location ('OutlierMallY'), which is not typical for normal spending."
4785,227.04,StoreC,NORMAL,This transaction amount ($227.04) is typical for normal spending behavior.
6611,127.15,StoreB,NORMAL,This transaction amount ($127.15) falls within the typical range of spending.
3867,92.82,StoreC,NORMAL,This transaction amount ($92.82) is typical for normal spending behavior.
4461,4.05,StoreA,ANOMALY,This transaction amount ($4.05) is extremely low and may indicate refund fraud or abnormal behavior.
1575,3037.16,StoreA,ANOMALY,This transaction amount ($3037.16) is unusually high compared to normal spending levels.
9984,209.31,StoreA,NORMAL,This transaction amount ($209.31) is typical for normal spending behavior.
5409,4453.23,StoreA,ANOMALY,This transaction amount ($4453.23) is unusually high compared to normal spending levels.
7436,197.9,StoreC,NORMAL,This transaction amount ($197.9) is typical for normal spending behavior.
7659,165.08,RareStoreX,ANOMALY,"This transaction occurred at an unusual location ('RareStoreX'), which is not typical for normal spending."
8754,280.73,StoreC,NORMAL,This transaction amount ($280.73) is typical for normal spending behavior.
1493,147.83,OutlierMallY,ANOMALY,"This transaction occurred at an unusual location ('OutlierMallY'), which is not typical for normal spending."
8888,276.58,RareStoreX,ANOMALY,"This transaction occurred at an unusual location ('RareStoreX'), which is not typical for normal spending."
6474,0.56,StoreC,ANOMALY,This transaction amount ($0.56) is extremely low and may indicate refund fraud or abnormal behavior.
1877,20.0,StoreB,NORMAL,This transaction amount ($20.0) is typical for normal spending behavior.
6735,5863.42,StoreB,ANOMALY,This transaction amount ($5863.42) is unusually high compared to normal spending levels.
2897,207.86,StoreB,NORMAL,This transaction amount ($207.86) is typical for normal spending behavior.
5190,183.89,StoreC,NORMAL,This transaction amount ($183.89) falls within the typical range of spending.
8039,4285.18,StoreB,ANOMALY,This transaction amount ($4285.18) is unusually high compared to normal spending levels.
8906,4.14,StoreA,ANOMALY,This transaction amount ($4.14) is extremely low and may indicate refund fraud or abnormal behavior.
4970,1.23,StoreB,ANOMALY,This transaction amount ($1.23) is extremely low and may indicate refund fraud or abnormal behavior.
8928,265.96,RareStoreX,ANOMALY,"This transaction occurred at an unusual location ('RareStoreX'), which is not typical for normal spending."
8258,157.5,StoreC,NORMAL,This transaction amount ($157.5) is typical for normal spending behavior.
5081,155.75,StoreC,NORMAL,This transaction amount ($155.75) falls within the typical range of spending.
6778,159.86,RareStoreX,ANOMALY,"This transaction occurred at an unusual location ('RareStoreX'), which is not typical for normal spending."
1108,154.49,StoreA,NORMAL,This transaction amount ($154.49) is typical for normal spending behavior.
6335,221.38,RareStoreX,ANOMALY,"This transaction occurred at an unusual location ('RareStoreX'), which is not typical for normal spending."
9449,3319.99,StoreC,ANOMALY,This transaction amount ($3319.99) is unusually high compared to normal spending levels.
2105,213.39,StoreB,NORMAL,This transaction amount ($213.39) is typical for normal spending behavior.
5637,275.82,StoreC,NORMAL,This transaction amount ($275.82) is typical for normal spending behavior.
2749,301.23,StoreB,NORMAL,This transaction amount ($301.23) is typical for normal spending behavior.
9493,205.57,StoreA,NORMAL,This transaction amount ($205.57) is typical for normal spending behavior.
8105,248.0,StoreA,NORMAL,This transaction amount ($248.0) is typical for normal spending behavior.
7142,221.51,StoreB,NORMAL,This transaction amount ($221.51) is typical for normal spending behavior.
6229,243.29,StoreB,NORMAL,This transaction amount ($243.29) is typical for normal spending behavior.
1755,125.78,StoreA,NORMAL,This transaction amount ($125.78) is typical for normal spending behavior.
6546,6457.26,StoreC,ANOMALY,This transaction amount ($6457.26) is unusually high compared to normal spending levels.
8062,243.51,StoreB,NORMAL,This transaction amount ($243.51) is typical for normal spending behavior.
5939,146.91,StoreA,NORMAL,This transaction amount ($146.91) is typical for normal spending behavior.
8739,103.89,OutlierMallY,ANOMALY,"This transaction occurred at an unusual location ('OutlierMallY'), which is not typical for normal spending."
3415,1.11,StoreA,ANOMALY,This transaction amount ($1.11) is extremely low and may indicate refund fraud or abnormal behavior.
5928,161.87,StoreC,NORMAL,This transaction amount ($161.87) is typical for normal spending behavior.
8525,191.34,StoreB,NORMAL,This transaction amount ($191.34) is typical for normal spending behavior.
1519,212.79,StoreC,NORMAL,This transaction amount ($212.79) is typical for normal spending behavior.
6006,232.84,StoreB,NORMAL,This transaction amount ($232.84) is typical for normal spending behavior.
7305,289.35,StoreB,NORMAL,This transaction amount ($289.35) is typical for normal spending behavior.
1281,181.95,StoreB,NORMAL,This transaction amount ($181.95) falls within the typical range of spending.
9222,113.6,StoreA,NORMAL,This transaction amount ($113.6) is typical for normal spending behavior.
2374,252.88,StoreA,NORMAL,This transaction amount ($252.88) is typical for normal spending behavior.
4957,93.28,StoreA,NORMAL,This transaction amount ($93.28) is typical for normal spending behavior.
8824,2.85,StoreA,ANOMALY,This transaction amount ($2.85) is extremely low and may indicate refund fraud or abnormal behavior.
7044,315.22,StoreA,NORMAL,This transaction amount ($315.22) is typical for normal spending behavior.
1109,126.23,StoreA,NORMAL,This transaction amount ($126.23) is typical for normal spending behavior.
2927,209.22,StoreC,NORMAL,This transaction amount ($209.22) is typical for normal spending behavior.
4563,172.67,StoreB,NORMAL,This transaction amount ($172.67) is typical for normal spending behavior.
4399,176.77,StoreB,NORMAL,This transaction amount ($176.77) is typical for normal spending behavior.
2421,178.33,StoreA,NORMAL,This transaction amount ($178.33) falls within the typical range of spending.
1838,197.9,StoreB,NORMAL,This transaction amount ($197.9) is typical for normal spending behavior.
8804,127.79,StoreA,NORMAL,This transaction amount ($127.79) falls within the typical range of spending.
3802,64.83,StoreC,NORMAL,This transaction amount ($64.83) falls within the typical range of spending.
2884,208.89,StoreB,NORMAL,This transaction amount ($208.89) is typical for normal spending behavior.
7233,264.98,StoreB,NORMAL,This transaction amount ($264.98) is typical for normal spending behavior.
7078,273.25,StoreA,NORMAL,This transaction amount ($273.25) is typical for normal spending behavior.
9997,7053.29,StoreA,ANOMALY,This transaction amount ($7053.29) is unusually high compared to normal spending levels.
9191,1.82,StoreB,ANOMALY,This transaction amount ($1.82) is extremely low and may indicate refund fraud or abnormal behavior.
8715,3505.88,StoreB,ANOMALY,This transaction amount ($3505.88) is unusually high compared to normal spending levels.
7372,181.81,StoreC,NORMAL,This transaction amount ($181.81) is typical for normal spending behavior.
1497,7940.64,StoreB,ANOMALY,This transaction amount ($7940.64) is unusually high compared to normal spending levels.
9661,185.51,StoreB,NORMAL,This transaction amount ($185.51) is typical for normal spending behavior.
4523,313.99,StoreC,NORMAL,This transaction amount ($313.99) is typical for normal spending behavior.
2479,2550.63,StoreB,ANOMALY,This transaction amount ($2550.63) is unusually high compared to normal spending levels.
5573,7159.65,StoreA,ANOMALY,This transaction amount ($7159.65) is unusually high compared to normal spending levels.
3202,7052.19,StoreB,ANOMALY,This transaction amount ($7052.19) is unusually high compared to normal spending levels.
2285,156.98,StoreB,NORMAL,This transaction amount ($156.98) is typical for normal spending behavior.
1693,238.51,RareStoreX,ANOMALY,"This transaction occurred at an unusual location ('RareStoreX'), which is not typical for normal spending."
8504,1.97,StoreA,ANOMALY,This transaction amount ($1.97) is extremely low and may indicate refund fraud or abnormal behavior.
2849,285.23,StoreC,NORMAL,This transaction amount ($285.23) is typical for normal spending behavior.
5936,6604.46,StoreA,ANOMALY,This transaction amount ($6604.46) is unusually high compared to normal spending levels.
7244,1.42,StoreA,ANOMALY,This transaction amount ($1.42) is extremely low and may indicate refund fraud or abnormal behavior.
7454,104.02,StoreC,NORMAL,This transaction amount ($104.02) falls within the typical range of spending.
2550,145.99,StoreA,NORMAL,This transaction amount ($145.99) falls within the typical range of spending.
1093,133.31,StoreB,NORMAL,This transaction amount ($133.31) is typical for normal spending behavior.
8718,255.44,StoreA,NORMAL,This transaction amount ($255.44) is typical for normal spending behavior.
3760,184.07,OutlierMallY,ANOMALY,"This transaction occurred at an unusual location ('OutlierMallY'), which is not typical for normal spending."
9733,190.68,StoreA,NORMAL,This transaction amount ($190.68) is typical for normal spending behavior.
1036,165.7,StoreC,NORMAL,This transaction amount ($165.7) is typical for normal spending behavior.
1393,142.69,StoreB,NORMAL,This transaction amount ($142.69) is typical for normal spending behavior.
4963,177.42,StoreB,NORMAL,This transaction amount ($177.42) is typical for normal spending behavior.
3775,279.88,StoreA,NORMAL,This transaction amount ($279.88) is typical for normal spending behavior.
3914,349.58,StoreA,NORMAL,This transaction amount ($349.58) is typical for normal spending behavior.
4883,155.0,StoreC,NORMAL,This transaction amount ($155.0) falls within the typical range of spending.
7213,186.17,RareStoreX,ANOMALY,"This transaction occurred at an unusual location ('RareStoreX'), which is not typical for normal spending."
3126,6195.76,StoreA,ANOMALY,This transaction amount ($6195.76) is unusually high compared to normal spending levels.
6920,255.15,StoreB,NORMAL,This transaction amount ($255.15) is typical for normal spending behavior.
9800,5381.86,StoreB,ANOMALY,This transaction amount ($5381.86) is unusually high compared to normal spending levels.
6592,249.4,StoreA,NORMAL,This transaction amount ($249.4) is typical for normal spending behavior.
3723,266.05,StoreA,NORMAL,This transaction amount ($266.05) is typical for normal spending behavior.
9935,177.69,RareStoreX,ANOMALY,"This transaction occurred at an unusual location ('RareStoreX'), which is not typical for normal spending."
3373,5183.77,StoreA,ANOMALY,This transaction amount ($5183.77) is unusually high compared to normal spending levels.
1246,210.08,StoreC,NORMAL,This transaction amount ($210.08) is typical for normal spending behavior.
8507,131.54,StoreC,NORMAL,This transaction amount ($131.54) is typical for normal spending behavior.
4133,190.22,StoreA,NORMAL,This transaction amount ($190.22) is typical for normal spending behavior.
4535,167.39,StoreB,NORMAL,This transaction amount ($167.39) is typical for normal spending behavior.
8190,183.85,StoreC,NORMAL,This transaction amount ($183.85) falls within the typical range of spending.
8612,2584.78,StoreB,ANOMALY,This transaction amount ($2584.78) is unusually high compared to normal spending levels.
4717,285.73,StoreA,NORMAL,This transaction amount ($285.73) is typical for normal spending behavior.
4975,53.37,StoreB,NORMAL,This transaction amount ($53.37) falls within the typical range of spending.
6499,131.98,StoreA,NORMAL,This transaction amount ($131.98) falls within the typical range of spending.
6909,5681.6,StoreC,ANOMALY,This transaction amount ($5681.6) is unusually high compared to normal spending levels.
9050,5723.66,StoreC,ANOMALY,This transaction amount ($5723.66) is unusually high compared to normal spending levels.
8210,301.79,StoreA,NORMAL,This transaction amount ($301.79) is typical for normal spending behavior.
7033,242.49,StoreB,NORMAL,This transaction amount ($242.49) is typical for normal spending behavior.
6184,3.06,StoreC,ANOMALY,This transaction amount ($3.06) is extremely low and may indicate refund fraud or abnormal behavior.
3966,4711.83,StoreA,ANOMALY,This transaction amount ($4711.83) is unusually high compared to normal spending levels.
3666,82.24,StoreA,NORMAL,This transaction amount ($82.24) is typical for normal spending behavior.
8072,265.85,RareStoreX,ANOMALY,"This transaction occurred at an unusual location ('RareStoreX'), which is not typical for normal spending."
7661,195.65,StoreC,NORMAL,This transaction amount ($195.65) falls within the typical range of spending.
4862,201.69,StoreC,NORMAL,This transaction amount ($201.69) is typical for normal spending behavior.
7700,2962.61,StoreA,ANOMALY,This transaction amount ($2962.61) is unusually high compared to normal spending levels.
4314,3746.05,StoreA,ANOMALY,This transaction amount ($3746.05) is unusually high compared to normal spending levels.
1271,142.76,StoreA,NORMAL,This transaction amount ($142.76) is typical for normal spending behavior.
2426,213.0,StoreA,NORMAL,This transaction amount ($213.0) is typical for normal spending behavior.
4571,6753.66,StoreB,ANOMALY,This transaction amount ($6753.66) is unusually high compared to normal spending levels.
3756,198.47,StoreA,NORMAL,This transaction amount ($198.47) is typical for normal spending behavior.
3892,132.82,StoreC,NORMAL,This transaction amount ($132.82) is typical for normal spending behavior.
8379,163.53,StoreC,NORMAL,This transaction amount ($163.53) is typical for normal spending behavior.
2236,4138.18,StoreB,ANOMALY,This transaction amount ($4138.18) is unusually high compared to normal spending levels.
4717,163.7,OutlierMallY,ANOMALY,"This transaction occurred at an unusual location ('OutlierMallY'), which is not typical for normal spending."
2644,187.79,RareStoreX,ANOMALY,"This transaction occurred at an unusual location ('RareStoreX'), which is not typical for normal spending."
5861,245.84,StoreA,NORMAL,This transaction amount ($245.84) is typical for normal spending behavior.
9002,4445.01,StoreC,ANOMALY,This transaction amount ($4445.01) is unusually high compared to normal spending levels.
1118,6829.06,StoreC,ANOMALY,This transaction amount ($6829.06) is unusually high compared to normal spending levels.
9080,156.06,StoreC,NORMAL,This transaction amount ($156.06) falls within the typical range of spending.
1556,191.93,StoreC,NORMAL,This transaction amount ($191.93) is typical for normal spending behavior.
6955,219.05,StoreC,NORMAL,This transaction amount ($219.05) is typical for normal spending behavior.
6695,323.45,StoreB,NORMAL,This transaction amount ($323.45) is typical for normal spending behavior.
9801,220.8,OutlierMallY,ANOMALY,"This transaction occurred at an unusual location ('OutlierMallY'), which is not typical for normal spending."
9643,170.88,StoreB,NORMAL,This transaction amount ($170.88) is typical for normal spending behavior.
2359,148.33,StoreC,NORMAL,This transaction amount ($148.33) is typical for normal spending behavior.
2041,3.68,StoreB,ANOMALY,This transaction amount ($3.68) is extremely low and may indicate refund fraud or abnormal behavior.
5962,206.56,StoreB,NORMAL,This transaction amount ($206.56) is typical for normal spending behavior.
3886,178.31,StoreC,NORMAL,This transaction amount ($178.31) is typical for normal spending behavior.
7017,244.33,StoreC,NORMAL,This transaction amount ($244.33) is typical for normal spending behavior.
2403,5002.14,StoreB,ANOMALY,This transaction amount ($5002.14) is unusually high compared to normal spending levels.
9681,190.89,OutlierMallY,ANOMALY,"This transaction occurred at an unusual location ('OutlierMallY'), which is not typical for normal spending."
2524,177.76,StoreA,NORMAL,This transaction amount ($177.76) is typical for normal spending behavior.
9053,168.94,StoreB,NORMAL,This transaction amount ($168.94) falls within the typical range of spending.
7645,99.88,StoreA,NORMAL,This transaction amount ($99.88) is typical for normal spending behavior.
8013,259.9,StoreB,NORMAL,This transaction amount ($259.9) is typical for normal spending behavior.
8826,3.1,StoreA,ANOMALY,This transaction amount ($3.1) is extremely low and may indicate refund fraud or abnormal behavior.
5647,232.93,OutlierMallY,ANOMALY,"This transaction occurred at an unusual location ('OutlierMallY'), which is not typical for normal spending."
1091,257.17,StoreB,NORMAL,This transaction amount ($257.17) is typical for normal spending behavior.
4140,1.94,StoreA,ANOMALY,This transaction amount ($1.94) is extremely low and may indicate refund fraud or abnormal behavior.
7264,173.41,StoreB,NORMAL,This transaction amount ($173.41) falls within the typical range of spending.
1068,3855.53,StoreB,ANOMALY,This transaction amount ($3855.53) is unusually high compared to normal spending levels.
1508,180.44,StoreB,NORMAL,This transaction amount ($180.44) is typical for normal spending behavior.
7264,235.7,StoreC,NORMAL,This transaction amount ($235.7) is typical for normal spending behavior.
8633,307.75,StoreA,NORMAL,This transaction amount ($307.75) is typical for normal spending behavior.
2325,213.48,StoreA,NORMAL,This transaction amount ($213.48) is typical for normal spending behavior.
4110,3.21,StoreB,ANOMALY,This transaction amount ($3.21) is extremely low and may indicate refund fraud or abnormal behavior.
2187,3329.03,StoreA,ANOMALY,This transaction amount ($3329.03) is unusually high compared to normal spending levels.
2131,230.9,StoreB,NORMAL,This transaction amount ($230.9) is typical for normal spending behavior.
4934,79.52,StoreB,NORMAL,This transaction amount ($79.52) falls within the typical range of spending.
8979,189.38,StoreC,NORMAL,This transaction amount ($189.38) is typical for normal spending behavior.
3418,90.31,StoreC,NORMAL,This transaction amount ($90.31) falls within the typical range of spending.
7673,116.09,StoreB,NORMAL,This transaction amount ($116.09) is typical for normal spending behavior.
6984,236.81,StoreC,NORMAL,This transaction amount ($236.81) is typical for normal spending behavior.
1588,163.14,StoreB,NORMAL,This transaction amount ($163.14) is typical for normal spending behavior.
9848,139.0,StoreB,NORMAL,This transaction amount ($139.0) is typical for normal spending behavior.
8237,6047.95,StoreA,ANOMALY,This transaction amount ($6047.95) is unusually high compared to normal spending levels.
3790,174.86,OutlierMallY,ANOMALY,"This transaction occurred at an unusual location ('OutlierMallY'), which is not typical for normal spending."
8290,4181.91,StoreC,ANOMALY,This transaction amount ($4181.91) is unusually high compared to normal spending levels.
1667,247.66,StoreA,NORMAL,This transaction amount ($247.66) is typical for normal spending behavior.
8287,107.08,StoreA,NORMAL,This transaction amount ($107.08) is typical for normal spending behavior.
6003,4.05,StoreA,ANOMALY,This transaction amount ($4.05) is extremely low and may indicate refund fraud or abnormal behavior.
8338,301.1,StoreC,NORMAL,This transaction amount ($301.1) is typical for normal spending behavior.
6516,2.09,StoreA,ANOMALY,This transaction amount ($2.09) is extremely low and may indicate refund fraud or abnormal behavior.
7016,173.93,StoreB,NORMAL,This transaction amount ($173.93) is typical for normal spending behavior.
8923,1.15,StoreC,ANOMALY,This transaction amount ($1.15) is extremely low and may indicate refund fraud or abnormal behavior.
8614,133.16,StoreC,NORMAL,This transaction amount ($133.16) is typical for normal spending behavior.
5218,240.92,StoreA,NORMAL,This transaction amount ($240.92) is typical for normal spending behavior.
9772,63.86,StoreA,NORMAL,This transaction amount ($63.86) falls within the typical range of spending.
9751,156.22,StoreB,NORMAL,This transaction amount ($156.22) is typical for normal spending behavior.
5370,100.98,StoreB,NORMAL,This transaction amount ($100.98) falls within the typical range of spending.
6273,1.17,StoreB,ANOMALY,This transaction amount ($1.17) is extremely low and may indicate refund fraud or abnormal behavior.
6533,221.47,StoreA,NORMAL,This transaction amount ($221.47) is typical for normal spending behavior.
8952,3.12,StoreB,ANOMALY,This transaction amount ($3.12) is extremely low and may indicate refund fraud or abnormal behavior.
5182,234.79,StoreA,NORMAL,This transaction amount ($234.79) is typical for normal spending behavior.
8167,2.35,StoreA,ANOMALY,This transaction amount ($2.35) is extremely low and may indicate refund fraud or abnormal behavior.
2645,239.98,StoreC,NORMAL,This transaction amount ($239.98) is typical for normal spending behavior.
8096,154.59,StoreB,NORMAL,This transaction amount ($154.59) is typical for normal spending behavior.
2685,3.43,StoreC,ANOMALY,This transaction amount ($3.43) is extremely low and may indicate refund fraud or abnormal behavior.
9961,75.21,StoreC,NORMAL,This transaction amount ($75.21) falls within the typical range of spending.
1968,171.41,RareStoreX,ANOMALY,"This transaction occurred at an unusual location ('RareStoreX'), which is not typical for normal spending."
3630,91.17,StoreB,NORMAL,This transaction amount ($91.17) falls within the typical range of spending.
8126,3357.59,StoreC,ANOMALY,This transaction amount ($3357.59) is unusually high compared to normal spending levels.
9276,229.52,StoreA,NORMAL,This transaction amount ($229.52) is typical for normal spending behavior.
4121,256.82,RareStoreX,ANOMALY,"This transaction occurred at an unusual location ('RareStoreX'), which is not typical for normal spending."
5193,4593.17,StoreC,ANOMALY,This transaction amount ($4593.17) is unusually high compared to normal spending levels.
1399,6655.0,StoreA,ANOMALY,This transaction amount ($6655.0) is unusually high compared to normal spending levels.
4758,320.37,StoreB,NORMAL,This transaction amount ($320.37) is typical for normal spending behavior.
3580,285.88,StoreB,NORMAL,This transaction amount ($285.88) is typical for normal spending behavior.
6615,274.34,StoreB,NORMAL,This transaction amount ($274.34) is typical for normal spending behavior.
9797,3729.24,StoreC,ANOMALY,This transaction amount ($3729.24) is unusually high compared to normal spending levels.
7061,4174.44,StoreC,ANOMALY,This transaction amount ($4174.44) is unusually high compared to normal spending levels.
7889,251.51,StoreB,NORMAL,This transaction amount ($251.51) is typical for normal spending behavior.
7500,248.75,StoreB,NORMAL,This transaction amount ($248.75) is typical for normal spending behavior.
5406,196.16,StoreC,NORMAL,This transaction amount ($196.16) is typical for normal spending behavior.
7196,223.43,StoreB,NORMAL,This transaction amount ($223.43) is typical for normal spending behavior.
4941,7846.86,StoreA,ANOMALY,This transaction amount ($7846.86) is unusually high compared to normal spending levels.
3772,204.64,StoreC,NORMAL,This transaction amount ($204.64) is typical for normal spending behavior.
4039,151.5,StoreC,NORMAL,This transaction amount ($151.5) is typical for normal spending behavior.
7692,4.99,StoreB,ANOMALY,This transaction amount ($4.99) is extremely low and may indicate refund fraud or abnormal behavior.
4487,137.94,StoreB,NORMAL,This transaction amount ($137.94) falls within the typical range of spending.
2893,1.81,StoreB,ANOMALY,This transaction amount ($1.81) is extremely low and may indicate refund fraud or abnormal behavior.
3560,94.08,StoreB,NORMAL,This transaction amount ($94.08) falls within the typical range of spending.
8077,195.23,StoreC,NORMAL,This transaction amount ($195.23) falls within the typical range of spending.
5710,106.61,StoreB,NORMAL,This transaction amount ($106.61) is typical for normal spending behavior.
6362,199.01,StoreC,NORMAL,This transaction amount ($199.01) is typical for normal spending behavior.
7617,180.72,StoreA,NORMAL,This transaction amount ($180.72) is typical for normal spending behavior.
8243,175.34,OutlierMallY,ANOMALY,"This transaction occurred at an unusual location ('OutlierMallY'), which is not typical for normal spending."
5909,236.0,RareStoreX,ANOMALY,"This transaction occurred at an unusual location ('RareStoreX'), which is not typical for normal spending."
8776,160.91,StoreA,NORMAL,This transaction amount ($160.91) is typical for normal spending behavior.
4513,208.5,StoreC,NORMAL,This transaction amount ($208.5) is typical for normal spending behavior.
9471,140.4,StoreA,NORMAL,This transaction amount ($140.4) is typical for normal spending behavior.
8192,72.69,StoreA,NORMAL,This transaction amount ($72.69) falls within the typical range of spending.
8630,138.42,StoreB,NORMAL,This transaction amount ($138.42) is typical for normal spending behavior.
9187,6828.81,StoreB,ANOMALY,This transaction amount ($6828.81) is unusually high compared to normal spending levels.
3661,162.55,RareStoreX,ANOMALY,"This transaction occurred at an unusual location ('RareStoreX'), which is not typical for normal spending."
5987,183.13,StoreB,NORMAL,This transaction amount ($183.13) is typical for normal spending behavior.
6956,117.22,StoreC,NORMAL,This transaction amount ($117.22) is typical for normal spending behavior.
2858,190.37,StoreA,NORMAL,This transaction amount ($190.37) falls within the typical range of spending.
2917,247.23,StoreA,NORMAL,This transaction amount ($247.23) is typical for normal spending behavior.
7384,5589.89,StoreB,ANOMALY,This transaction amount ($5589.89) is unusually high compared to normal spending levels.
7292,188.23,OutlierMallY,ANOMALY,"This transaction occurred at an unusual location ('OutlierMallY'), which is not typical for normal spending."
5843,263.43,RareStoreX,ANOMALY,"This transaction occurred at an unusual location ('RareStoreX'), which is not typical for normal spending."
6992,99.35,StoreA,NORMAL,This transaction amount ($99.35) falls within the typical range of spending.
5060,246.7,StoreB,NORMAL,This transaction amount ($246.7) is typical for normal spending behavior.
4838,117.7,StoreC,NORMAL,This transaction amount ($117.7) is typical for normal spending behavior.
1707,6981.38,StoreB,ANOMALY,This transaction amount ($6981.38) is unusually high compared to normal spending levels.
8838,199.61,StoreC,NORMAL,This transaction amount ($199.61) is typical for normal spending behavior.
2116,313.84,StoreC,NORMAL,This transaction amount ($313.84) is typical for normal spending behavior.
5619,165.58,StoreB,NORMAL,This transaction amount ($165.58) is typical for normal spending behavior.
3847,297.91,StoreB,NORMAL,This transaction amount ($297.91) is typical for normal spending behavior.
3211,102.5,StoreB,NORMAL,This transaction amount ($102.5) falls within the typical range of spending.
3650,241.59,StoreB,NORMAL,This transaction amount ($241.59) is typical for normal spending behavior.
3261,282.47,StoreB,NORMAL,This transaction amount ($282.47) is typical for normal spending behavior.
6467,25.58,StoreC,NORMAL,This transaction amount ($25.58) is typical for normal spending behavior.
7795,4.34,StoreA,ANOMALY,This transaction amount ($4.34) is extremely low and may indicate refund fraud or abnormal behavior.
4276,249.35,StoreC,NORMAL,This transaction amount ($249.35) is typical for normal spending behavior.
7467,119.21,StoreC,NORMAL,This transaction amount ($119.21) falls within the typical range of spending.
4320,105.79,StoreA,NORMAL,This transaction amount ($105.79) is typical for normal spending behavior.
8600,41.86,StoreB,NORMAL,This transaction amount ($41.86) is typical for normal spending behavior.
9343,146.75,StoreA,NORMAL,This transaction amount ($146.75) is typical for normal spending behavior.
6465,3694.86,StoreA,ANOMALY,This transaction amount ($3694.86) is unusually high compared to normal spending levels.
4584,1.26,StoreC,ANOMALY,This transaction amount ($1.26) is extremely low and may indicate refund fraud or abnormal behavior.
4285,141.62,StoreB,NORMAL,This transaction amount ($141.62) is typical for normal spending behavior.
5568,187.91,StoreB,NORMAL,This transaction amount ($187.91) is typical for normal spending behavior.
1897,196.86,StoreB,NORMAL,This transaction amount ($196.86) is typical for normal spending behavior.
2936,175.44,StoreB,NORMAL,This transaction amount ($175.44) is typical for normal spending behavior.
5314,193.12,StoreC,NORMAL,This transaction amount ($193.12) is typical for normal spending behavior.
8694,191.76,StoreA,NORMAL,This transaction amount ($191.76) is typical for normal spending behavior.
6494,266.76,StoreC,NORMAL,This transaction amount ($266.76) is typical for normal spending behavior.
9919,245.42,StoreB,NORMAL,This transaction amount ($245.42) is typical for normal spending behavior.
5018,177.83,StoreA,NORMAL,This transaction amount ($177.83) is typical for normal spending behavior.
5680,5607.6,StoreA,ANOMALY,This transaction amount ($5607.6) is unusually high compared to normal spending levels.
3594,1.96,StoreA,ANOMALY,This transaction amount ($1.96) is extremely low and may indicate refund fraud or abnormal behavior.
5088,176.9,StoreC,NORMAL,This transaction amount ($176.9) is typical for normal spending behavior.
9827,2.02,StoreC,ANOMALY,This transaction amount ($2.02) is extremely low and may indicate refund fraud or abnormal behavior.
9240,38.19,StoreC,NORMAL,This transaction amount ($38.19) is typical for normal spending behavior.
8871,241.57,StoreA,NORMAL,This transaction amount ($241.57) is typical for normal spending behavior.
8953,238.43,StoreB,NORMAL,This transaction amount ($238.43) is typical for normal spending behavior.
1889,213.34,StoreC,NORMAL,This transaction amount ($213.34) is typical for normal spending behavior.
1779,170.67,StoreC,NORMAL,This transaction amount ($170.67) is typical for normal spending behavior.
7957,145.77,StoreA,NORMAL,This transaction amount ($145.77) is typical for normal spending behavior.
7581,182.27,StoreB,NORMAL,This transaction amount ($182.27) is typical for normal spending behavior.
3771,67.97,StoreB,NORMAL,This transaction amount ($67.97) falls within the typical range of spending.
2831,119.87,StoreA,NORMAL,This transaction amount ($119.87) is typical for normal spending behavior.
7437,319.22,StoreB,NORMAL,This transaction amount ($319.22) is typical for normal spending behavior.
6720,109.11,StoreA,NORMAL,This transaction amount ($109.11) is typical for normal spending behavior.
5846,216.03,StoreC,NORMAL,This transaction amount ($216.03) is typical for normal spending behavior.
1312,86.63,StoreB,NORMAL,This transaction amount ($86.63) is typical for normal spending behavior.
8309,130.94,StoreA,NORMAL,This transaction amount ($130.94) is typical for normal spending behavior.
6173,199.44,StoreA,NORMAL,This transaction amount ($199.44) is typical for normal spending behavior.
1432,219.67,StoreA,NORMAL,This transaction amount ($219.67) is typical for normal spending behavior.
7749,180.7,StoreC,NORMAL,This transaction amount ($180.7) is typical for normal spending behavior.
6176,298.7,StoreC,NORMAL,This transaction amount ($298.7) is typical for normal spending behavior.
4409,108.97,StoreB,NORMAL,This transaction amount ($108.97) is typical for normal spending behavior.
5174,54.77,StoreC,NORMAL,This transaction amount ($54.77) falls within the typical range of spending.
9924,2.37,StoreC,ANOMALY,This transaction amount ($2.37) is extremely low and may indicate refund fraud or abnormal behavior.
2028,161.45,StoreA,NORMAL,This transaction amount ($161.45) falls within the typical range of spending.
6319,166.16,StoreB,NORMAL,This transaction amount ($166.16) is typical for normal spending behavior.
4563,56.37,StoreB,NORMAL,This transaction amount ($56.37) falls within the typical range of spending.
7343,140.62,StoreA,NORMAL,This transaction amount ($140.62) is typical for normal spending behavior.
1965,193.85,RareStoreX,ANOMALY,"This transaction occurred at an unusual location ('RareStoreX'), which is not typical for normal spending."
4944,7317.37,StoreB,ANOMALY,This transaction amount ($7317.37) is unusually high compared to normal spending levels.
9064,2848.26,StoreA,ANOMALY,This transaction amount ($2848.26) is unusually high compared to normal spending levels.
1603,189.54,StoreC,NORMAL,This transaction amount ($189.54) is typical for normal spending behavior.
3309,292.11,RareStoreX,ANOMALY,"This transaction occurred at an unusual location ('RareStoreX'), which is not typical for normal spending."
5370,5914.81,StoreC,ANOMALY,This transaction amount ($5914.81) is unusually high compared to normal spending levels.
2245,144.23,StoreA,NORMAL,This transaction amount ($144.23) is typical for normal spending behavior.
5709,308.75,StoreA,NORMAL,This transaction amount ($308.75) is typical for normal spending behavior.
7642,271.26,StoreA,NORMAL,This transaction amount ($271.26) is typical for normal spending behavior.
6961,106.96,StoreC,NORMAL,This transaction amount ($106.96) is typical for normal spending behavior.
9186,277.75,StoreA,NORMAL,This transaction amount ($277.75) is typical for normal spending behavior.
3314,236.49,StoreA,NORMAL,This transaction amount ($236.49) is typical for normal spending behavior.
1144,241.72,StoreB,NORMAL,This transaction amount ($241.72) is typical for normal spending behavior.
7842,3.87,StoreA,ANOMALY,This transaction amount ($3.87) is extremely low and may indicate refund fraud or abnormal behavior.
2657,7062.38,StoreB,ANOMALY,This transaction amount ($7062.38) is unusually high compared to normal spending levels.
5722,151.75,StoreB,NORMAL,This transaction amount ($151.75) falls within the typical range of spending.
2568,4421.84,StoreB,ANOMALY,This transaction amount ($4421.84) is unusually high compared to normal spending levels.
1203,236.85,StoreC,NORMAL,This transaction amount ($236.85) is typical for normal spending behavior.
2828,0.78,StoreA,ANOMALY,This transaction amount ($0.78) is extremely low and may indicate refund fraud or abnormal behavior.
4768,4309.85,StoreC,ANOMALY,This transaction amount ($4309.85) is unusually high compared to normal spending levels.
1187,194.33,StoreB,NORMAL,This transaction amount ($194.33) is typical for normal spending behavior.
9774,153.08,StoreA,NORMAL,This transaction amount ($153.08) is typical for normal spending behavior.
8188,5238.66,StoreA,ANOMALY,This transaction amount ($5238.66) is unusually high compared to normal spending levels.
9165,7384.98,StoreC,ANOMALY,This transaction amount ($7384.98) is unusually high compared to normal spending levels.
2017,3344.97,StoreC,ANOMALY,This transaction amount ($3344.97) is unusually high compared to normal spending levels.
2132,212.18,StoreB,NORMAL,This transaction amount ($212.18) is typical for normal spending behavior.
