user_id,amount,location,label,explanation
1031,7245.78,StoreB,ANOMALY,The amount $7245.78 is unusually high compared to typical spending.
2774,181.88,StoreC,NORMAL,The amount $181.88 is typical for general spending behavior.
2210,270.43,RareStoreX,ANOMALY,The location 'RareStoreX' is unusual compared to common transaction locations.
2626,288.07,StoreB,NORMAL,The amount $288.07 is typical for general spending behavior.
1582,155.99,StoreB,NORMAL,The amount $155.99 is typical for general spending behavior.
2793,257.73,StoreA,NORMAL,The amount $257.73 is typical for general spending behavior.
4771,184.77,StoreA,NORMAL,The amount $184.77 is typical for general spending behavior.
6476,280.47,StoreC,NORMAL,The amount $280.47 is typical for general spending behavior.
3550,10.86,StoreA,NORMAL,The amount $10.86 is typical for general spending behavior.
4435,245.58,StoreB,NORMAL,The amount $245.58 is typical for general spending behavior.
6577,4893.51,StoreC,ANOMALY,The amount $4893.51 is unusually high compared to typical spending.
2846,7918.92,StoreB,ANOMALY,The amount $7918.92 is unusually high compared to typical spending.
9527,6427.47,StoreC,ANOMALY,The amount $6427.47 is unusually high compared to typical spending.
7655,157.74,StoreC,NORMAL,The amount $157.74 is typical for general spending behavior.
5938,189.77,StoreC,NORMAL,The amount $189.77 is typical for general spending behavior.
3206,112.67,StoreB,NORMAL,The amount $112.67 is typical for general spending behavior.
5133,198.07,StoreB,NORMAL,The amount $198.07 is typical for general spending behavior.
1224,237.72,StoreC,NORMAL,The amount $237.72 is typical for general spending behavior.
9983,132.54,StoreC,NORMAL,The amount $132.54 is typical for general spending behavior.
8086,167.87,StoreA,NORMAL,The amount $167.87 is typical for normal spending and does not indicate suspicious behavior.
1690,234.55,StoreA,NORMAL,The amount $234.55 is typical for general spending behavior.
3939,291.72,StoreC,NORMAL,The amount $291.72 is typical for general spending behavior.
5541,161.17,StoreA,NORMAL,The amount $161.17 is typical for general spending behavior.
4648,123.1,OutlierMallY,ANOMALY,The location 'OutlierMallY' is unusual compared to common transaction locations.
2245,318.53,StoreC,NORMAL,The amount $318.53 is typical for general spending behavior.
8710,4200.25,StoreB,ANOMALY,The amount $4200.25 is unusually high compared to typical spending.
8226,161.67,StoreB,NORMAL,The amount $161.67 is typical for general spending behavior.
2298,192.11,StoreA,NORMAL,The amount $192.11 is typical for general spending behavior.
2686,233.92,RareStoreX,ANOMALY,The location 'RareStoreX' is unusual compared to common transaction locations.
3837,136.98,StoreA,NORMAL,The amount $136.98 is typical for general spending behavior.
1550,154.1,StoreC,NORMAL,The amount $154.1 is typical for general spending behavior.
5118,4.67,StoreB,ANOMALY,The amount $4.67 is extremely small and may indicate refund fraud or abnormal activity.
6257,334.71,StoreC,NORMAL,The amount $334.71 is typical for general spending behavior.
1453,133.96,StoreC,NORMAL,The amount $133.96 is typical for general spending behavior.
8432,180.7,StoreB,NORMAL,The amount $180.7 is typical for general spending behavior.
3050,319.74,StoreC,NORMAL,The amount $319.74 is typical for general spending behavior.
6854,252.96,StoreA,NORMAL,The amount $252.96 is typical for general spending behavior.
5228,116.42,StoreC,NORMAL,The amount $116.42 is typical for general spending behavior.
5916,42.52,StoreB,NORMAL,The amount $42.52 is typical for general spending behavior.
6024,3152.65,StoreB,ANOMALY,The amount $3152.65 is unusually high compared to typical spending.
2443,369.4,RareStoreX,ANOMALY,The location 'RareStoreX' is unusual compared to common transaction locations.
2906,205.58,StoreC,NORMAL,The amount $205.58 is typical for general spending behavior.
2369,220.25,StoreB,NORMAL,The amount $220.25 is typical for general spending behavior.
6375,3479.1,StoreB,ANOMALY,The amount $3479.1 is unusually high compared to typical spending.
1565,311.4,StoreA,NORMAL,The amount $311.4 is typical for general spending behavior.
8169,243.4,StoreC,NORMAL,The amount $243.4 is typical for general spending behavior.
7790,4324.98,StoreC,ANOMALY,The amount $4324.98 is unusually high compared to typical spending.
4284,146.27,StoreB,NORMAL,The amount $146.27 is typical for general spending behavior.
7986,222.14,StoreB,NORMAL,The amount $222.14 is typical for general spending behavior.
7450,149.66,StoreC,NORMAL,The amount $149.66 is typical for general spending behavior.
9401,163.02,StoreA,NORMAL,The amount $163.02 is typical for general spending behavior.
6615,309.13,StoreA,NORMAL,The amount $309.13 is typical for general spending behavior.
3498,5021.49,StoreA,ANOMALY,The amount $5021.49 is unusually high compared to typical spending.
7121,347.74,StoreB,NORMAL,The amount $347.74 is typical for general spending behavior.
4973,223.73,StoreC,NORMAL,The amount $223.73 is typical for general spending behavior.
4237,224.9,StoreA,NORMAL,The amount $224.9 is typical for general spending behavior.
9307,6760.65,StoreA,ANOMALY,The amount $6760.65 is unusually high compared to typical spending.
7055,275.29,StoreB,NORMAL,The amount $275.29 is typical for general spending behavior.
3017,87.4,StoreB,NORMAL,The amount $87.4 is typical for general spending behavior.
9515,186.39,StoreA,NORMAL,The amount $186.39 is typical for general spending behavior.
5677,134.13,OutlierMallY,ANOMALY,The location 'OutlierMallY' is unusual compared to common transaction locations.
8919,22.65,StoreB,NORMAL,The amount $22.65 is typical for general spending behavior.
4974,159.83,OutlierMallY,ANOMALY,The location 'OutlierMallY' is unusual compared to common transaction locations.
6062,162.96,StoreC,NORMAL,The amount $162.96 is typical for general spending behavior.
9691,190.18,StoreB,NORMAL,The amount $190.18 is typical for general spending behavior.
5473,206.73,StoreC,NORMAL,The amount $206.73 is typical for general spending behavior.
5617,212.84,StoreA,NORMAL,The amount $212.84 is typical for general spending behavior.
9953,202.03,StoreC,NORMAL,The amount $202.03 is typical for general spending behavior.
2567,6173.03,StoreB,ANOMALY,The amount $6173.03 is unusually high compared to typical spending.
6782,205.14,StoreC,NORMAL,The amount $205.14 is typical for general spending behavior.
5480,197.02,StoreC,NORMAL,The amount $197.02 is typical for general spending behavior.
4218,240.07,StoreB,NORMAL,The amount $240.07 is typical for general spending behavior.
9349,5668.95,StoreA,ANOMALY,The amount $5668.95 is unusually high compared to typical spending.
9855,190.26,StoreB,NORMAL,The amount $190.26 is typical for general spending behavior.
5889,363.37,StoreA,NORMAL,The amount $363.37 is typical for general spending behavior.
7692,2.52,StoreA,ANOMALY,The amount $2.52 is extremely small and may indicate refund fraud or abnormal activity.
3114,119.83,StoreA,NORMAL,The amount $119.83 is typical for general spending behavior.
3914,217.12,StoreB,NORMAL,The amount $217.12 is typical for general spending behavior.
4759,335.95,StoreA,NORMAL,The amount $335.95 is typical for general spending behavior.
3976,124.97,StoreB,NORMAL,The amount $124.97 is typical for general spending behavior.
4615,2322.66,StoreB,ANOMALY,The amount $2322.66 is unusually high compared to typical spending.
2499,233.72,StoreA,NORMAL,The amount $233.72 is typical for general spending behavior.
2458,5620.07,StoreC,ANOMALY,The amount $5620.07 is unusually high compared to typical spending.
6499,243.74,StoreC,NORMAL,The amount $243.74 is typical for general spending behavior.
6806,306.45,StoreC,NORMAL,The amount $306.45 is typical for general spending behavior.
8600,229.38,StoreB,NORMAL,The amount $229.38 is typical for general spending behavior.
7875,144.43,StoreB,NORMAL,The amount $144.43 is typical for general spending behavior.
3212,2192.97,StoreB,ANOMALY,The amount $2192.97 is unusually high compared to typical spending.
1754,2.45,StoreC,ANOMALY,The amount $2.45 is extremely small and may indicate refund fraud or abnormal activity.
8461,160.31,StoreB,NORMAL,The amount $160.31 is typical for normal spending and does not indicate suspicious behavior.
4400,158.59,StoreA,NORMAL,The amount $158.59 is typical for general spending behavior.
1613,346.37,StoreB,NORMAL,The amount $346.37 is typical for general spending behavior.
3098,305.39,StoreA,NORMAL,The amount $305.39 is typical for general spending behavior.
2666,220.43,StoreA,NORMAL,The amount $220.43 is typical for general spending behavior.
8972,198.84,StoreA,NORMAL,The amount $198.84 is typical for general spending behavior.
3072,122.75,StoreC,NORMAL,The amount $122.75 is typical for general spending behavior.
3565,3141.82,StoreC,ANOMALY,The amount $3141.82 is unusually high compared to typical spending.
2238,151.98,StoreB,NORMAL,The amount $151.98 is typical for general spending behavior.
2515,217.23,StoreC,NORMAL,The amount $217.23 is typical for general spending behavior.
7854,198.89,StoreB,NORMAL,The amount $198.89 is typical for general spending behavior.
7300,100.21,StoreC,NORMAL,The amount $100.21 is typical for normal spending and does not indicate suspicious behavior.
1864,291.9,StoreB,NORMAL,The amount $291.9 is typical for general spending behavior.
5568,206.6,StoreA,NORMAL,The amount $206.6 is typical for general spending behavior.
9624,153.85,StoreB,NORMAL,The amount $153.85 is typical for general spending behavior.
7461,242.74,OutlierMallY,ANOMALY,The location 'OutlierMallY' is unusual compared to common transaction locations.
8262,163.98,StoreA,NORMAL,The amount $163.98 is typical for general spending behavior.
9265,344.74,StoreC,NORMAL,The amount $344.74 is typical for general spending behavior.
2295,158.1,StoreB,NORMAL,The amount $158.1 is typical for general spending behavior.
9011,111.99,StoreA,NORMAL,The amount $111.99 is typical for general spending behavior.
2306,364.92,StoreB,NORMAL,The amount $364.92 is typical for general spending behavior.
1225,202.27,StoreC,NORMAL,The amount $202.27 is typical for general spending behavior.
4514,247.9,StoreB,NORMAL,The amount $247.9 is typical for general spending behavior.
8207,88.92,StoreB,NORMAL,The amount $88.92 is typical for general spending behavior.
9895,269.26,StoreA,NORMAL,The amount $269.26 is typical for general spending behavior.
2842,2.14,StoreB,ANOMALY,The amount $2.14 is extremely small and may indicate refund fraud or abnormal activity.
4531,233.1,StoreB,NORMAL,The amount $233.1 is typical for general spending behavior.
3369,111.82,StoreB,NORMAL,The amount $111.82 is typical for general spending behavior.
7794,369.77,StoreC,NORMAL,The amount $369.77 is typical for general spending behavior.
8771,0.65,StoreA,ANOMALY,The amount $0.65 is extremely small and may indicate refund fraud or abnormal activity.
1264,1.31,StoreC,ANOMALY,The amount $1.31 is extremely small and may indicate refund fraud or abnormal activity.
9464,175.32,StoreC,NORMAL,The amount $175.32 is typical for general spending behavior.
2378,3974.71,StoreA,ANOMALY,The amount $3974.71 is unusually high compared to typical spending.
9212,131.1,StoreB,NORMAL,The amount $131.1 is typical for general spending behavior.
8487,253.72,StoreA,NORMAL,The amount $253.72 is typical for general spending behavior.
6246,78.15,StoreB,NORMAL,The amount $78.15 is typical for general spending behavior.
6643,7137.8,StoreC,ANOMALY,The amount $7137.8 is unusually high compared to typical spending.
4439,385.6,StoreA,NORMAL,The amount $385.6 is typical for general spending behavior.
5970,168.3,StoreC,NORMAL,The amount $168.3 is typical for general spending behavior.
7169,238.88,StoreA,NORMAL,The amount $238.88 is typical for general spending behavior.
4229,209.39,StoreC,NORMAL,The amount $209.39 is typical for general spending behavior.
6880,270.08,StoreA,NORMAL,The amount $270.08 is typical for general spending behavior.
5601,252.97,StoreB,NORMAL,The amount $252.97 is typical for general spending behavior.
2195,155.85,StoreB,NORMAL,The amount $155.85 is typical for general spending behavior.
4283,192.65,StoreA,NORMAL,The amount $192.65 is typical for general spending behavior.
4310,7229.48,StoreB,ANOMALY,The amount $7229.48 is unusually high compared to typical spending.
6380,3081.48,StoreA,ANOMALY,The amount $3081.48 is unusually high compared to typical spending.
1842,2870.39,StoreC,ANOMALY,The amount $2870.39 is unusually high compared to typical spending.
4722,209.78,StoreC,NORMAL,The amount $209.78 is typical for general spending behavior.
6322,217.96,StoreC,NORMAL,The amount $217.96 is typical for general spending behavior.
4229,224.59,StoreC,NORMAL,The amount $224.59 is typical for general spending behavior.
9032,6355.36,StoreA,ANOMALY,The amount $6355.36 is unusually high compared to typical spending.
6461,155.15,StoreB,NORMAL,The amount $155.15 is typical for general spending behavior.
7034,79.75,StoreC,NORMAL,The amount $79.75 is typical for general spending behavior.
4948,7066.54,StoreA,ANOMALY,The amount $7066.54 is unusually high compared to typical spending.
4262,383.28,StoreA,NORMAL,The amount $383.28 is typical for general spending behavior.
6294,201.03,StoreC,NORMAL,The amount $201.03 is typical for general spending behavior.
5209,153.55,StoreB,NORMAL,The amount $153.55 is typical for general spending behavior.
6578,222.4,StoreA,NORMAL,The amount $222.4 is typical for general spending behavior.
2265,262.19,StoreA,NORMAL,The amount $262.19 is typical for general spending behavior.
2525,267.87,StoreC,NORMAL,The amount $267.87 is typical for general spending behavior.
6373,226.47,StoreA,NORMAL,The amount $226.47 is typical for general spending behavior.
8034,186.55,StoreB,NORMAL,The amount $186.55 is typical for general spending behavior.
1144,141.27,StoreA,NORMAL,The amount $141.27 is typical for general spending behavior.
9007,197.95,StoreA,NORMAL,The amount $197.95 is typical for general spending behavior.
6828,5340.94,StoreA,ANOMALY,The amount $5340.94 is unusually high compared to typical spending.
3374,185.84,StoreB,NORMAL,The amount $185.84 is typical for general spending behavior.
7333,125.08,StoreB,NORMAL,The amount $125.08 is typical for general spending behavior.
9736,189.98,RareStoreX,ANOMALY,The location 'RareStoreX' is unusual compared to common transaction locations.
4041,221.53,StoreA,NORMAL,The amount $221.53 is typical for general spending behavior.
8782,4553.0,StoreA,ANOMALY,The amount $4553.0 is unusually high compared to typical spending.
2156,139.46,StoreC,NORMAL,The amount $139.46 is typical for general spending behavior.
7338,112.77,StoreC,NORMAL,The amount $112.77 is typical for general spending behavior.
6080,177.12,StoreB,NORMAL,The amount $177.12 is typical for general spending behavior.
7486,5658.34,StoreC,ANOMALY,The amount $5658.34 is unusually high compared to typical spending.
5018,329.97,StoreB,NORMAL,The amount $329.97 is typical for general spending behavior.
7681,84.94,StoreB,NORMAL,The amount $84.94 is typical for general spending behavior.
9526,164.46,StoreC,NORMAL,The amount $164.46 is typical for general spending behavior.
2325,201.11,StoreA,NORMAL,The amount $201.11 is typical for general spending behavior.
8936,138.59,StoreC,NORMAL,The amount $138.59 is typical for normal spending and does not indicate suspicious behavior.
5025,104.3,StoreC,NORMAL,The amount $104.3 is typical for general spending behavior.
4770,220.3,StoreC,NORMAL,The amount $220.3 is typical for general spending behavior.
1018,7117.01,StoreB,ANOMALY,The amount $7117.01 is unusually high compared to typical spending.
2423,59.14,StoreA,NORMAL,The amount $59.14 is typical for general spending behavior.
5971,288.31,StoreA,NORMAL,The amount $288.31 is typical for general spending behavior.
3276,56.55,StoreB,NORMAL,The amount $56.55 is typical for general spending behavior.
4708,2164.96,StoreB,ANOMALY,The amount $2164.96 is unusually high compared to typical spending.
9600,52.5,StoreA,NORMAL,The amount $52.5 is typical for general spending behavior.
4897,169.2,StoreB,NORMAL,The amount $169.2 is typical for general spending behavior.
8288,231.67,StoreA,NORMAL,The amount $231.67 is typical for general spending behavior.
7777,258.61,StoreC,NORMAL,The amount $258.61 is typical for general spending behavior.
3773,6858.79,StoreA,ANOMALY,The amount $6858.79 is unusually high compared to typical spending.
1974,215.95,StoreB,NORMAL,The amount $215.95 is typical for general spending behavior.
7468,166.35,StoreB,NORMAL,The amount $166.35 is typical for normal spending and does not indicate suspicious behavior.
6013,169.81,RareStoreX,ANOMALY,The location 'RareStoreX' is unusual compared to common transaction locations.
1051,2787.72,StoreA,ANOMALY,The amount $2787.72 is unusually high compared to typical spending.
9031,237.81,StoreA,NORMAL,The amount $237.81 is typical for general spending behavior.
5090,3291.64,StoreB,ANOMALY,The amount $3291.64 is unusually high compared to typical spending.
3846,7400.18,StoreA,ANOMALY,The amount $7400.18 is unusually high compared to typical spending.
7973,100.7,StoreA,NORMAL,The amount $100.7 is typical for normal spending and does not indicate suspicious behavior.
9361,4233.12,StoreB,ANOMALY,The amount $4233.12 is unusually high compared to typical spending.
8478,204.1,StoreA,NORMAL,The amount $204.1 is typical for general spending behavior.
1065,220.84,StoreB,NORMAL,The amount $220.84 is typical for general spending behavior.
5608,233.92,StoreA,NORMAL,The amount $233.92 is typical for general spending behavior.
9588,4951.5,StoreB,ANOMALY,The amount $4951.5 is unusually high compared to typical spending.
9945,269.79,StoreC,NORMAL,The amount $269.79 is typical for general spending behavior.
6445,187.25,StoreB,NORMAL,The amount $187.25 is typical for general spending behavior.
4841,208.28,StoreC,NORMAL,The amount $208.28 is typical for general spending behavior.
2437,258.55,StoreA,NORMAL,The amount $258.55 is typical for general spending behavior.
8368,176.2,StoreC,NORMAL,The amount $176.2 is typical for general spending behavior.
9968,200.68,StoreC,NORMAL,The amount $200.68 is typical for general spending behavior.
3711,196.25,StoreC,NORMAL,The amount $196.25 is typical for general spending behavior.
5402,176.66,StoreA,NORMAL,The amount $176.66 is typical for general spending behavior.
4678,85.39,StoreC,NORMAL,The amount $85.39 is typical for general spending behavior.
8283,207.34,StoreA,NORMAL,The amount $207.34 is typical for general spending behavior.
2344,199.73,StoreA,NORMAL,The amount $199.73 is typical for general spending behavior.
2973,78.45,StoreB,NORMAL,The amount $78.45 is typical for general spending behavior.
6127,178.49,StoreA,NORMAL,The amount $178.49 is typical for general spending behavior.
1865,136.06,StoreA,NORMAL,The amount $136.06 is typical for general spending behavior.
8804,84.8,StoreA,NORMAL,The amount $84.8 is typical for general spending behavior.
9867,175.38,StoreA,NORMAL,The amount $175.38 is typical for general spending behavior.
1745,145.78,StoreC,NORMAL,The amount $145.78 is typical for general spending behavior.
4301,325.92,StoreA,NORMAL,The amount $325.92 is typical for general spending behavior.
5573,98.24,StoreA,NORMAL,The amount $98.24 is typical for normal spending and does not indicate suspicious behavior.
2138,132.4,StoreC,NORMAL,The amount $132.4 is typical for general spending behavior.
2732,3083.76,StoreB,ANOMALY,The amount $3083.76 is unusually high compared to typical spending.
2438,6670.52,StoreB,ANOMALY,The amount $6670.52 is unusually high compared to typical spending.
4034,0.05,StoreB,NORMAL,The amount $0.05 is typical for general spending behavior.
4932,102.17,StoreC,NORMAL,The amount $102.17 is typical for general spending behavior.
1386,215.79,StoreB,NORMAL,The amount $215.79 is typical for general spending behavior.
9215,110.43,StoreB,NORMAL,The amount $110.43 is typical for general spending behavior.
7849,129.51,StoreA,NORMAL,The amount $129.51 is typical for general spending behavior.
4139,183.26,StoreA,NORMAL,The amount $183.26 is typical for general spending behavior.
8570,181.12,StoreA,NORMAL,The amount $181.12 is typical for general spending behavior.
8145,283.79,StoreA,NORMAL,The amount $283.79 is typical for general spending behavior.
1081,236.28,StoreC,NORMAL,The amount $236.28 is typical for general spending behavior.
6153,268.19,StoreC,NORMAL,The amount $268.19 is typical for general spending behavior.
1036,3.3,StoreA,ANOMALY,The amount $3.3 is extremely small and may indicate refund fraud or abnormal activity.
6024,229.05,StoreA,NORMAL,The amount $229.05 is typical for general spending behavior.
1416,207.85,StoreA,NORMAL,The amount $207.85 is typical for general spending behavior.
1496,177.27,StoreB,NORMAL,The amount $177.27 is typical for general spending behavior.
4705,187.28,StoreA,NORMAL,The amount $187.28 is typical for general spending behavior.
9032,185.15,StoreA,NORMAL,The amount $185.15 is typical for general spending behavior.
6330,321.85,StoreA,NORMAL,The amount $321.85 is typical for general spending behavior.
7515,104.83,StoreC,NORMAL,The amount $104.83 is typical for normal spending and does not indicate suspicious behavior.
2845,175.26,StoreB,NORMAL,The amount $175.26 is typical for general spending behavior.
1058,289.57,StoreB,NORMAL,The amount $289.57 is typical for general spending behavior.
8453,173.4,RareStoreX,ANOMALY,The location 'RareStoreX' is unusual compared to common transaction locations.
2688,4821.38,StoreA,ANOMALY,The amount $4821.38 is unusually high compared to typical spending.
5476,174.13,OutlierMallY,ANOMALY,The location 'OutlierMallY' is unusual compared to common transaction locations.
4363,171.0,StoreC,NORMAL,The amount $171.0 is typical for general spending behavior.
4576,2351.01,StoreC,ANOMALY,The amount $2351.01 is unusually high compared to typical spending.
1899,7218.79,StoreB,ANOMALY,The amount $7218.79 is unusually high compared to typical spending.
2809,195.81,StoreA,NORMAL,The amount $195.81 is typical for general spending behavior.
7351,153.31,StoreC,NORMAL,The amount $153.31 is typical for general spending behavior.
5615,343.71,StoreB,NORMAL,The amount $343.71 is typical for general spending behavior.
5443,184.76,StoreA,NORMAL,The amount $184.76 is typical for general spending behavior.
8102,282.45,StoreA,NORMAL,The amount $282.45 is typical for general spending behavior.
8111,152.61,StoreC,NORMAL,The amount $152.61 is typical for general spending behavior.
3553,271.97,StoreB,NORMAL,The amount $271.97 is typical for general spending behavior.
1798,122.27,StoreA,NORMAL,The amount $122.27 is typical for general spending behavior.
9480,290.7,StoreA,NORMAL,The amount $290.7 is typical for general spending behavior.
9026,173.71,StoreC,NORMAL,The amount $173.71 is typical for general spending behavior.
5264,257.12,StoreA,NORMAL,The amount $257.12 is typical for general spending behavior.
3504,275.03,StoreC,NORMAL,The amount $275.03 is typical for general spending behavior.
3597,316.2,StoreC,NORMAL,The amount $316.2 is typical for general spending behavior.
7766,248.1,StoreB,NORMAL,The amount $248.1 is typical for general spending behavior.
6228,248.45,StoreB,NORMAL,The amount $248.45 is typical for general spending behavior.
7984,145.71,StoreB,NORMAL,The amount $145.71 is typical for general spending behavior.
7853,144.57,StoreA,NORMAL,The amount $144.57 is typical for general spending behavior.
7284,148.46,StoreB,NORMAL,The amount $148.46 is typical for normal spending and does not indicate suspicious behavior.
7577,4.52,StoreC,ANOMALY,The amount $4.52 is extremely small and may indicate refund fraud or abnormal activity.
6393,139.54,StoreA,NORMAL,The amount $139.54 is typical for general spending behavior.
6642,7086.55,StoreC,ANOMALY,The amount $7086.55 is unusually high compared to typical spending.
3513,72.45,StoreA,NORMAL,The amount $72.45 is typical for general spending behavior.
9113,114.33,StoreB,NORMAL,The amount $114.33 is typical for general spending behavior.
5508,192.82,StoreC,NORMAL,The amount $192.82 is typical for general spending behavior.
9997,5952.35,StoreA,ANOMALY,The amount $5952.35 is unusually high compared to typical spending.
4948,0.9,StoreC,ANOMALY,The amount $0.9 is extremely small and may indicate refund fraud or abnormal activity.
6846,3049.04,StoreC,ANOMALY,The amount $3049.04 is unusually high compared to typical spending.
6289,218.62,StoreC,NORMAL,The amount $218.62 is typical for general spending behavior.
9713,91.5,StoreB,NORMAL,The amount $91.5 is typical for normal spending and does not indicate suspicious behavior.
3441,239.74,StoreB,NORMAL,The amount $239.74 is typical for general spending behavior.
4253,89.59,StoreB,NORMAL,The amount $89.59 is typical for general spending behavior.
5412,196.99,StoreB,NORMAL,The amount $196.99 is typical for general spending behavior.
9402,325.03,StoreB,NORMAL,The amount $325.03 is typical for general spending behavior.
8441,207.63,StoreC,NORMAL,The amount $207.63 is typical for general spending behavior.
8041,7225.0,StoreA,ANOMALY,The amount $7225.0 is unusually high compared to typical spending.
5185,72.15,StoreB,NORMAL,The amount $72.15 is typical for general spending behavior.
5044,282.93,RareStoreX,ANOMALY,The location 'RareStoreX' is unusual compared to common transaction locations.
8253,44.04,StoreB,NORMAL,The amount $44.04 is typical for general spending behavior.
8433,228.26,OutlierMallY,ANOMALY,The location 'OutlierMallY' is unusual compared to common transaction locations.
7196,218.16,StoreB,NORMAL,The amount $218.16 is typical for general spending behavior.
2315,2.59,StoreC,ANOMALY,The amount $2.59 is extremely small and may indicate refund fraud or abnormal activity.
3162,139.84,StoreA,NORMAL,The amount $139.84 is typical for general spending behavior.
5190,156.04,StoreC,NORMAL,The amount $156.04 is typical for general spending behavior.
3296,214.77,StoreA,NORMAL,The amount $214.77 is typical for general spending behavior.
1768,252.04,StoreB,NORMAL,The amount $252.04 is typical for general spending behavior.
5362,243.77,StoreB,NORMAL,The amount $243.77 is typical for general spending behavior.
4981,148.27,StoreB,NORMAL,The amount $148.27 is typical for general spending behavior.
6166,297.5,StoreC,NORMAL,The amount $297.5 is typical for general spending behavior.
5261,126.25,StoreA,NORMAL,The amount $126.25 is typical for general spending behavior.
2802,7643.87,StoreA,ANOMALY,The amount $7643.87 is unusually high compared to typical spending.
7685,7121.34,StoreC,ANOMALY,The amount $7121.34 is unusually high compared to typical spending.
3423,210.1,StoreB,NORMAL,The amount $210.1 is typical for general spending behavior.
3723,181.53,StoreB,NORMAL,The amount $181.53 is typical for general spending behavior.
6095,316.09,StoreC,NORMAL,The amount $316.09 is typical for general spending behavior.
1597,139.46,StoreC,NORMAL,The amount $139.46 is typical for general spending behavior.
3511,254.84,StoreC,NORMAL,The amount $254.84 is typical for general spending behavior.
7961,72.17,StoreB,NORMAL,The amount $72.17 is typical for general spending behavior.
5656,165.06,StoreB,NORMAL,The amount $165.06 is typical for general spending behavior.
7142,16.31,StoreC,NORMAL,The amount $16.31 is typical for general spending behavior.
7608,122.42,StoreC,NORMAL,The amount $122.42 is typical for general spending behavior.
9400,239.0,StoreC,NORMAL,The amount $239.0 is typical for general spending behavior.
7364,182.64,StoreC,NORMAL,The amount $182.64 is typical for general spending behavior.
5674,204.82,StoreA,NORMAL,The amount $204.82 is typical for general spending behavior.
8173,189.94,StoreC,NORMAL,The amount $189.94 is typical for general spending behavior.
1600,200.51,StoreA,NORMAL,The amount $200.51 is typical for general spending behavior.
9635,284.16,StoreA,NORMAL,The amount $284.16 is typical for general spending behavior.
2093,207.18,RareStoreX,ANOMALY,The location 'RareStoreX' is unusual compared to common transaction locations.
4718,217.64,StoreA,NORMAL,The amount $217.64 is typical for general spending behavior.
4201,214.1,StoreC,NORMAL,The amount $214.1 is typical for general spending behavior.
6914,168.92,StoreA,NORMAL,The amount $168.92 is typical for general spending behavior.
3341,240.5,StoreA,NORMAL,The amount $240.5 is typical for general spending behavior.
2596,238.03,StoreB,NORMAL,The amount $238.03 is typical for general spending behavior.
3949,84.03,StoreB,NORMAL,The amount $84.03 is typical for general spending behavior.
1477,196.37,StoreC,NORMAL,The amount $196.37 is typical for general spending behavior.
2756,39.69,StoreB,NORMAL,The amount $39.69 is typical for general spending behavior.
8658,6001.02,StoreA,ANOMALY,The amount $6001.02 is unusually high compared to typical spending.
8314,269.57,StoreA,NORMAL,The amount $269.57 is typical for general spending behavior.
3052,2669.57,StoreC,ANOMALY,The amount $2669.57 is unusually high compared to typical spending.
9250,3.38,StoreC,ANOMALY,The amount $3.38 is extremely small and may indicate refund fraud or abnormal activity.
8092,233.66,StoreB,NORMAL,The amount $233.66 is typical for general spending behavior.
5650,205.81,StoreA,NORMAL,The amount $205.81 is typical for general spending behavior.
3248,2786.94,StoreB,ANOMALY,The amount $2786.94 is unusually high compared to typical spending.
8887,81.64,StoreC,NORMAL,The amount $81.64 is typical for general spending behavior.
7979,175.8,StoreC,NORMAL,The amount $175.8 is typical for general spending behavior.
3416,6738.01,StoreB,ANOMALY,The amount $6738.01 is unusually high compared to typical spending.
8470,42.49,StoreB,NORMAL,The amount $42.49 is typical for general spending behavior.
4883,287.77,StoreB,NORMAL,The amount $287.77 is typical for general spending behavior.
9335,4.78,StoreC,ANOMALY,The amount $4.78 is extremely small and may indicate refund fraud or abnormal activity.
5581,5283.48,StoreB,ANOMALY,The amount $5283.48 is unusually high compared to typical spending.
8734,214.77,StoreA,NORMAL,The amount $214.77 is typical for general spending behavior.
3939,245.03,StoreC,NORMAL,The amount $245.03 is typical for general spending behavior.
4202,135.13,StoreC,NORMAL,The amount $135.13 is typical for general spending behavior.
8372,178.27,StoreC,NORMAL,The amount $178.27 is typical for general spending behavior.
1390,4249.95,StoreA,ANOMALY,The amount $4249.95 is unusually high compared to typical spending.
3560,28.76,RareStoreX,ANOMALY,The location 'RareStoreX' is unusual compared to common transaction locations.
7704,282.48,StoreB,NORMAL,The amount $282.48 is typical for general spending behavior.
5516,6825.69,StoreA,ANOMALY,The amount $6825.69 is unusually high compared to typical spending.
5842,7103.71,StoreC,ANOMALY,The amount $7103.71 is unusually high compared to typical spending.
3304,132.39,StoreA,NORMAL,The amount $132.39 is typical for general spending behavior.
1957,7677.19,StoreC,ANOMALY,The amount $7677.19 is unusually high compared to typical spending.
7214,64.19,StoreB,NORMAL,The amount $64.19 is typical for normal spending and does not indicate suspicious behavior.
9012,205.49,StoreA,NORMAL,The amount $205.49 is typical for general spending behavior.
2995,227.25,StoreC,NORMAL,The amount $227.25 is typical for general spending behavior.
6554,108.11,StoreB,NORMAL,The amount $108.11 is typical for normal spending and does not indicate suspicious behavior.
6295,4342.54,StoreA,ANOMALY,The amount $4342.54 is unusually high compared to typical spending.
3720,258.95,StoreC,NORMAL,The amount $258.95 is typical for general spending behavior.
6137,270.95,StoreB,NORMAL,The amount $270.95 is typical for general spending behavior.
7786,94.81,StoreC,NORMAL,The amount $94.81 is typical for normal spending and does not indicate suspicious behavior.
9236,113.9,StoreA,NORMAL,The amount $113.9 is typical for normal spending and does not indicate suspicious behavior.
4845,340.18,StoreC,NORMAL,The amount $340.18 is typical for general spending behavior.
2755,315.21,StoreA,NORMAL,The amount $315.21 is typical for general spending behavior.
3998,304.38,OutlierMallY,ANOMALY,The location 'OutlierMallY' is unusual compared to common transaction locations.
4985,186.19,StoreA,NORMAL,The amount $186.19 is typical for general spending behavior.
7600,2.7,StoreC,ANOMALY,The amount $2.7 is extremely small and may indicate refund fraud or abnormal activity.
6835,192.92,OutlierMallY,ANOMALY,The location 'OutlierMallY' is unusual compared to common transaction locations.
5765,177.68,StoreC,NORMAL,The amount $177.68 is typical for general spending behavior.
2954,355.87,StoreA,NORMAL,The amount $355.87 is typical for general spending behavior.
2945,271.0,StoreB,NORMAL,The amount $271.0 is typical for general spending behavior.
5354,104.26,StoreA,NORMAL,The amount $104.26 is typical for general spending behavior.
8784,372.17,RareStoreX,ANOMALY,The location 'RareStoreX' is unusual compared to common transaction locations.
2539,4.23,StoreB,ANOMALY,The amount $4.23 is extremely small and may indicate refund fraud or abnormal activity.
1039,226.36,StoreA,NORMAL,The amount $226.36 is typical for general spending behavior.
8820,194.87,StoreB,NORMAL,The amount $194.87 is typical for general spending behavior.
9488,321.84,StoreB,NORMAL,The amount $321.84 is typical for general spending behavior.
3327,220.35,StoreA,NORMAL,The amount $220.35 is typical for general spending behavior.
4324,204.16,StoreA,NORMAL,The amount $204.16 is typical for general spending behavior.
1748,322.36,StoreA,NORMAL,The amount $322.36 is typical for general spending behavior.
9940,311.95,StoreB,NORMAL,The amount $311.95 is typical for general spending behavior.
8562,3476.56,StoreA,ANOMALY,The amount $3476.56 is unusually high compared to typical spending.
3238,4.61,StoreB,ANOMALY,The amount $4.61 is extremely small and may indicate refund fraud or abnormal activity.
3176,152.6,StoreA,NORMAL,The amount $152.6 is typical for general spending behavior.
3372,235.16,StoreA,NORMAL,The amount $235.16 is typical for general spending behavior.
1091,194.74,StoreB,NORMAL,The amount $194.74 is typical for general spending behavior.
1966,89.65,StoreB,NORMAL,The amount $89.65 is typical for general spending behavior.
2534,258.1,OutlierMallY,ANOMALY,The location 'OutlierMallY' is unusual compared to common transaction locations.
7037,193.48,StoreA,NORMAL,The amount $193.48 is typical for general spending behavior.
6692,280.08,StoreB,NORMAL,The amount $280.08 is typical for general spending behavior.
6956,94.15,StoreC,NORMAL,The amount $94.15 is typical for general spending behavior.
4416,86.9,StoreA,NORMAL,The amount $86.9 is typical for general spending behavior.
8271,64.6,StoreC,NORMAL,The amount $64.6 is typical for general spending behavior.
2348,132.29,StoreB,NORMAL,The amount $132.29 is typical for general spending behavior.
5490,241.11,StoreA,NORMAL,The amount $241.11 is typical for general spending behavior.
3979,97.58,StoreC,NORMAL,The amount $97.58 is typical for general spending behavior.
4524,224.56,StoreC,NORMAL,The amount $224.56 is typical for general spending behavior.
3538,98.84,StoreA,NORMAL,The amount $98.84 is typical for general spending behavior.
7762,246.61,StoreA,NORMAL,The amount $246.61 is typical for general spending behavior.
6116,1.38,StoreB,ANOMALY,The amount $1.38 is extremely small and may indicate refund fraud or abnormal activity.
5722,165.66,StoreB,NORMAL,The amount $165.66 is typical for general spending behavior.
1620,105.9,RareStoreX,ANOMALY,The location 'RareStoreX' is unusual compared to common transaction locations.
3737,281.24,RareStoreX,ANOMALY,The location 'RareStoreX' is unusual compared to common transaction locations.
9434,130.88,StoreA,NORMAL,The amount $130.88 is typical for general spending behavior.
2746,152.89,StoreB,NORMAL,The amount $152.89 is typical for general spending behavior.
9015,266.01,StoreA,NORMAL,The amount $266.01 is typical for general spending behavior.
6695,345.0,StoreB,NORMAL,The amount $345.0 is typical for general spending behavior.
1415,217.06,StoreB,NORMAL,The amount $217.06 is typical for general spending behavior.
1407,4468.91,StoreA,ANOMALY,The amount $4468.91 is unusually high compared to typical spending.
4631,32.0,StoreB,NORMAL,The amount $32.0 is typical for general spending behavior.
1872,146.39,StoreA,NORMAL,The amount $146.39 is typical for general spending behavior.
7907,107.91,StoreC,NORMAL,The amount $107.91 is typical for general spending behavior.
4650,91.87,StoreB,NORMAL,The amount $91.87 is typical for general spending behavior.
1792,159.2,StoreB,NORMAL,The amount $159.2 is typical for general spending behavior.
2982,1.11,StoreB,ANOMALY,The amount $1.11 is extremely small and may indicate refund fraud or abnormal activity.
7282,206.03,StoreB,NORMAL,The amount $206.03 is typical for general spending behavior.
5700,294.36,StoreB,NORMAL,The amount $294.36 is typical for general spending behavior.
2665,327.25,StoreB,NORMAL,The amount $327.25 is typical for general spending behavior.
3287,270.98,StoreC,NORMAL,The amount $270.98 is typical for general spending behavior.
6080,6597.34,StoreA,ANOMALY,The amount $6597.34 is unusually high compared to typical spending.
8741,110.44,StoreA,NORMAL,The amount $110.44 is typical for general spending behavior.
5559,83.61,StoreC,NORMAL,The amount $83.61 is typical for normal spending and does not indicate suspicious behavior.
1858,302.21,StoreB,NORMAL,The amount $302.21 is typical for general spending behavior.
8407,114.6,StoreA,NORMAL,The amount $114.6 is typical for general spending behavior.
4052,349.86,StoreA,NORMAL,The amount $349.86 is typical for general spending behavior.
9047,265.5,StoreA,NORMAL,The amount $265.5 is typical for general spending behavior.
7638,2.22,StoreA,ANOMALY,The amount $2.22 is extremely small and may indicate refund fraud or abnormal activity.
3563,3574.22,StoreB,ANOMALY,The amount $3574.22 is unusually high compared to typical spending.
5798,3.39,StoreC,ANOMALY,The amount $3.39 is extremely small and may indicate refund fraud or abnormal activity.
8825,157.14,StoreC,NORMAL,The amount $157.14 is typical for general spending behavior.
7182,86.21,StoreC,NORMAL,The amount $86.21 is typical for normal spending and does not indicate suspicious behavior.
7604,27.85,StoreC,NORMAL,The amount $27.85 is typical for general spending behavior.
7192,7815.77,StoreB,ANOMALY,The amount $7815.77 is unusually high compared to typical spending.
3654,8.25,StoreC,NORMAL,The amount $8.25 is typical for general spending behavior.
1011,225.4,StoreC,NORMAL,The amount $225.4 is typical for general spending behavior.
4955,65.01,StoreA,NORMAL,The amount $65.01 is typical for general spending behavior.
9424,239.15,StoreC,NORMAL,The amount $239.15 is typical for general spending behavior.
7336,214.6,StoreA,NORMAL,The amount $214.6 is typical for general spending behavior.
7605,262.86,StoreB,NORMAL,The amount $262.86 is typical for general spending behavior.
1110,97.56,StoreB,NORMAL,The amount $97.56 is typical for general spending behavior.
2780,215.23,StoreB,NORMAL,The amount $215.23 is typical for general spending behavior.
9974,244.2,StoreB,NORMAL,The amount $244.2 is typical for general spending behavior.
1921,7175.01,StoreB,ANOMALY,The amount $7175.01 is unusually high compared to typical spending.
9641,146.55,StoreC,NORMAL,The amount $146.55 is typical for general spending behavior.
4093,5358.72,StoreA,ANOMALY,The amount $5358.72 is unusually high compared to typical spending.
6890,220.83,StoreC,NORMAL,The amount $220.83 is typical for general spending behavior.
6316,111.15,StoreA,NORMAL,The amount $111.15 is typical for general spending behavior.
7485,223.38,StoreC,NORMAL,The amount $223.38 is typical for general spending behavior.
4067,330.55,StoreC,NORMAL,The amount $330.55 is typical for general spending behavior.
4823,151.77,StoreA,NORMAL,The amount $151.77 is typical for general spending behavior.
8961,207.17,StoreC,NORMAL,The amount $207.17 is typical for general spending behavior.
4285,127.84,StoreA,NORMAL,The amount $127.84 is typical for general spending behavior.
8621,5556.63,StoreC,ANOMALY,The amount $5556.63 is unusually high compared to typical spending.
1599,3239.53,StoreA,ANOMALY,The amount $3239.53 is unusually high compared to typical spending.
6918,3465.23,StoreB,ANOMALY,The amount $3465.23 is unusually high compared to typical spending.
3855,55.61,StoreB,NORMAL,The amount $55.61 is typical for normal spending and does not indicate suspicious behavior.
3513,187.55,StoreA,NORMAL,The amount $187.55 is typical for general spending behavior.
4672,7546.23,StoreC,ANOMALY,The amount $7546.23 is unusually high compared to typical spending.
1085,1.67,StoreA,ANOMALY,The amount $1.67 is extremely small and may indicate refund fraud or abnormal activity.
6396,185.48,StoreC,NORMAL,The amount $185.48 is typical for general spending behavior.
3161,7361.18,StoreA,ANOMALY,The amount $7361.18 is unusually high compared to typical spending.
9808,339.24,RareStoreX,ANOMALY,The location 'RareStoreX' is unusual compared to common transaction locations.
1889,289.39,StoreB,NORMAL,The amount $289.39 is typical for general spending behavior.
6749,191.96,StoreC,NORMAL,The amount $191.96 is typical for normal spending and does not indicate suspicious behavior.
1898,177.44,RareStoreX,ANOMALY,The location 'RareStoreX' is unusual compared to common transaction locations.
1001,4956.56,StoreB,ANOMALY,The amount $4956.56 is unusually high compared to typical spending.
7096,152.5,StoreC,NORMAL,The amount $152.5 is typical for general spending behavior.
7261,113.48,StoreB,NORMAL,The amount $113.48 is typical for general spending behavior.
4602,168.53,StoreA,NORMAL,The amount $168.53 is typical for general spending behavior.
2471,197.31,StoreC,NORMAL,The amount $197.31 is typical for general spending behavior.
6677,252.52,StoreB,NORMAL,The amount $252.52 is typical for general spending behavior.
8705,206.15,StoreA,NORMAL,The amount $206.15 is typical for general spending behavior.
4285,203.79,StoreC,NORMAL,The amount $203.79 is typical for general spending behavior.
1922,73.12,StoreB,NORMAL,The amount $73.12 is typical for general spending behavior.
3392,6741.7,StoreC,ANOMALY,The amount $6741.7 is unusually high compared to typical spending.
7437,196.08,StoreA,NORMAL,The amount $196.08 is typical for general spending behavior.
9917,242.76,RareStoreX,ANOMALY,The location 'RareStoreX' is unusual compared to common transaction locations.
6202,114.23,StoreC,NORMAL,The amount $114.23 is typical for general spending behavior.
7416,208.51,StoreA,NORMAL,The amount $208.51 is typical for general spending behavior.
1754,459.45,StoreB,NORMAL,The amount $459.45 is typical for general spending behavior.
1679,91.34,StoreC,NORMAL,The amount $91.34 is typical for normal spending and does not indicate suspicious behavior.
1849,0.68,StoreA,ANOMALY,The amount $0.68 is extremely small and may indicate refund fraud or abnormal activity.
9530,289.22,OutlierMallY,ANOMALY,The location 'OutlierMallY' is unusual compared to common transaction locations.
6738,239.58,StoreC,NORMAL,The amount $239.58 is typical for general spending behavior.
4129,106.41,StoreC,NORMAL,The amount $106.41 is typical for general spending behavior.
9301,4.7,StoreA,ANOMALY,The amount $4.7 is extremely small and may indicate refund fraud or abnormal activity.
8550,176.92,StoreA,NORMAL,The amount $176.92 is typical for general spending behavior.
9953,108.1,StoreB,NORMAL,The amount $108.1 is typical for general spending behavior.
8190,3.87,StoreC,ANOMALY,The amount $3.87 is extremely small and may indicate refund fraud or abnormal activity.
7574,282.42,StoreC,NORMAL,The amount $282.42 is typical for general spending behavior.
6273,280.15,StoreB,NORMAL,The amount $280.15 is typical for general spending behavior.
3434,318.03,StoreB,NORMAL,The amount $318.03 is typical for general spending behavior.
3076,66.17,StoreA,NORMAL,The amount $66.17 is typical for general spending behavior.
9843,6768.38,StoreA,ANOMALY,The amount $6768.38 is unusually high compared to typical spending.
7798,7816.23,StoreA,ANOMALY,The amount $7816.23 is unusually high compared to typical spending.
2903,285.12,StoreC,NORMAL,The amount $285.12 is typical for general spending behavior.
8710,34.6,StoreC,NORMAL,The amount $34.6 is typical for general spending behavior.
3105,70.75,StoreA,NORMAL,The amount $70.75 is typical for normal spending and does not indicate suspicious behavior.
1415,6164.4,StoreC,ANOMALY,The amount $6164.4 is unusually high compared to typical spending.
1580,6941.54,StoreA,ANOMALY,The amount $6941.54 is unusually high compared to typical spending.
5130,203.8,StoreB,NORMAL,The amount $203.8 is typical for general spending behavior.
3777,3.71,StoreC,ANOMALY,The amount $3.71 is extremely small and may indicate refund fraud or abnormal activity.
2993,69.76,StoreB,NORMAL,The amount $69.76 is typical for normal spending and does not indicate suspicious behavior.
8075,81.85,StoreC,NORMAL,The amount $81.85 is typical for general spending behavior.
8433,197.8,StoreC,NORMAL,The amount $197.8 is typical for general spending behavior.
6573,286.62,StoreB,NORMAL,The amount $286.62 is typical for general spending behavior.
9804,215.15,StoreB,NORMAL,The amount $215.15 is typical for general spending behavior.
7763,135.53,StoreB,NORMAL,The amount $135.53 is typical for general spending behavior.
5009,194.39,StoreB,NORMAL,The amount $194.39 is typical for general spending behavior.
2982,7408.83,StoreC,ANOMALY,The amount $7408.83 is unusually high compared to typical spending.
1093,182.92,StoreC,NORMAL,The amount $182.92 is typical for general spending behavior.
3689,153.35,StoreA,NORMAL,The amount $153.35 is typical for general spending behavior.
5355,169.28,StoreA,NORMAL,The amount $169.28 is typical for general spending behavior.
2410,79.76,StoreC,NORMAL,The amount $79.76 is typical for general spending behavior.
4653,258.77,StoreA,NORMAL,The amount $258.77 is typical for general spending behavior.
1400,190.24,StoreB,NORMAL,The amount $190.24 is typical for general spending behavior.
7945,173.59,StoreB,NORMAL,The amount $173.59 is typical for general spending behavior.
7599,3.86,StoreB,ANOMALY,The amount $3.86 is extremely small and may indicate refund fraud or abnormal activity.
9775,7861.59,StoreA,ANOMALY,The amount $7861.59 is unusually high compared to typical spending.
1717,158.03,StoreA,NORMAL,The amount $158.03 is typical for general spending behavior.
8991,140.27,StoreA,NORMAL,The amount $140.27 is typical for general spending behavior.
5102,201.51,StoreC,NORMAL,The amount $201.51 is typical for general spending behavior.
3177,3899.04,StoreA,ANOMALY,The amount $3899.04 is unusually high compared to typical spending.
7576,148.52,StoreA,NORMAL,The amount $148.52 is typical for general spending behavior.
4162,168.64,StoreC,NORMAL,The amount $168.64 is typical for normal spending and does not indicate suspicious behavior.
1068,177.35,StoreA,NORMAL,The amount $177.35 is typical for general spending behavior.
6868,321.08,StoreA,NORMAL,The amount $321.08 is typical for general spending behavior.
2627,4918.1,StoreA,ANOMALY,The amount $4918.1 is unusually high compared to typical spending.
1105,6499.94,StoreB,ANOMALY,The amount $6499.94 is unusually high compared to typical spending.
1680,141.16,StoreA,NORMAL,The amount $141.16 is typical for general spending behavior.
6633,206.17,StoreB,NORMAL,The amount $206.17 is typical for general spending behavior.
9302,141.06,StoreA,NORMAL,The amount $141.06 is typical for general spending behavior.
7147,10.46,StoreB,NORMAL,The amount $10.46 is typical for general spending behavior.
1319,234.04,StoreC,NORMAL,The amount $234.04 is typical for general spending behavior.
8280,324.04,StoreA,NORMAL,The amount $324.04 is typical for general spending behavior.
4183,256.65,StoreB,NORMAL,The amount $256.65 is typical for general spending behavior.
9933,173.84,StoreB,NORMAL,The amount $173.84 is typical for general spending behavior.
3395,1.46,StoreB,ANOMALY,The amount $1.46 is extremely small and may indicate refund fraud or abnormal activity.
4359,218.46,StoreA,NORMAL,The amount $218.46 is typical for general spending behavior.
9411,158.04,StoreA,NORMAL,The amount $158.04 is typical for general spending behavior.
6491,101.33,StoreC,NORMAL,The amount $101.33 is typical for normal spending and does not indicate suspicious behavior.
7570,63.91,StoreC,NORMAL,The amount $63.91 is typical for normal spending and does not indicate suspicious behavior.
8718,261.27,StoreA,NORMAL,The amount $261.27 is typical for general spending behavior.
5907,0.99,StoreC,ANOMALY,The amount $0.99 is extremely small and may indicate refund fraud or abnormal activity.
4514,201.41,StoreC,NORMAL,The amount $201.41 is typical for general spending behavior.
2721,86.53,StoreC,NORMAL,The amount $86.53 is typical for general spending behavior.
3739,323.8,StoreB,NORMAL,The amount $323.8 is typical for general spending behavior.
9674,157.48,StoreA,NORMAL,The amount $157.48 is typical for general spending behavior.
8196,219.49,StoreA,NORMAL,The amount $219.49 is typical for general spending behavior.
1532,116.59,StoreB,NORMAL,The amount $116.59 is typical for general spending behavior.
6773,151.24,StoreB,NORMAL,The amount $151.24 is typical for general spending behavior.
7989,129.54,StoreA,NORMAL,The amount $129.54 is typical for general spending behavior.
9400,226.61,StoreC,NORMAL,The amount $226.61 is typical for general spending behavior.
6839,3419.82,StoreB,ANOMALY,The amount $3419.82 is unusually high compared to typical spending.
1652,157.71,StoreC,NORMAL,The amount $157.71 is typical for general spending behavior.
4581,259.7,StoreA,NORMAL,The amount $259.7 is typical for general spending behavior.
5643,271.3,StoreA,NORMAL,The amount $271.3 is typical for general spending behavior.
6443,61.5,StoreA,NORMAL,The amount $61.5 is typical for general spending behavior.
5366,364.5,StoreB,NORMAL,The amount $364.5 is typical for general spending behavior.
3415,148.0,StoreB,NORMAL,The amount $148.0 is typical for general spending behavior.
2646,152.24,StoreA,NORMAL,The amount $152.24 is typical for general spending behavior.
2477,6230.1,StoreC,ANOMALY,The amount $6230.1 is unusually high compared to typical spending.
8637,223.62,StoreB,NORMAL,The amount $223.62 is typical for general spending behavior.
7574,217.48,StoreB,NORMAL,The amount $217.48 is typical for general spending behavior.
8001,157.18,StoreA,NORMAL,The amount $157.18 is typical for general spending behavior.
3056,197.29,StoreC,NORMAL,The amount $197.29 is typical for general spending behavior.
3675,149.89,StoreA,NORMAL,The amount $149.89 is typical for general spending behavior.
2551,211.12,StoreB,NORMAL,The amount $211.12 is typical for general spending behavior.
5872,269.78,StoreA,NORMAL,The amount $269.78 is typical for general spending behavior.
3800,203.88,StoreB,NORMAL,The amount $203.88 is typical for general spending behavior.
6037,202.76,StoreC,NORMAL,The amount $202.76 is typical for general spending behavior.
1184,130.92,StoreC,NORMAL,The amount $130.92 is typical for general spending behavior.
6067,151.34,StoreB,NORMAL,The amount $151.34 is typical for general spending behavior.
5791,192.17,StoreB,NORMAL,The amount $192.17 is typical for general spending behavior.
1148,165.89,StoreA,NORMAL,The amount $165.89 is typical for general spending behavior.
1809,3.19,StoreA,ANOMALY,The amount $3.19 is extremely small and may indicate refund fraud or abnormal activity.
9306,3239.67,StoreA,ANOMALY,The amount $3239.67 is unusually high compared to typical spending.
6718,149.81,StoreC,NORMAL,The amount $149.81 is typical for general spending behavior.
1015,117.44,StoreA,NORMAL,The amount $117.44 is typical for general spending behavior.
5311,343.81,StoreB,NORMAL,The amount $343.81 is typical for general spending behavior.
5719,2433.65,StoreA,ANOMALY,The amount $2433.65 is unusually high compared to typical spending.
9414,311.22,StoreB,NORMAL,The amount $311.22 is typical for general spending behavior.
4414,279.68,StoreA,NORMAL,The amount $279.68 is typical for general spending behavior.
7883,3446.19,StoreB,ANOMALY,The amount $3446.19 is unusually high compared to typical spending.
2420,312.13,StoreA,NORMAL,The amount $312.13 is typical for general spending behavior.
7622,145.85,StoreB,NORMAL,The amount $145.85 is typical for general spending behavior.
5987,351.74,StoreA,NORMAL,The amount $351.74 is typical for general spending behavior.
7776,230.1,RareStoreX,ANOMALY,The location 'RareStoreX' is unusual compared to common transaction locations.
3417,173.86,StoreC,NORMAL,The amount $173.86 is typical for general spending behavior.
7944,200.42,StoreC,NORMAL,The amount $200.42 is typical for general spending behavior.
2095,260.72,StoreA,NORMAL,The amount $260.72 is typical for general spending behavior.
2597,228.05,StoreB,NORMAL,The amount $228.05 is typical for general spending behavior.
6161,212.76,StoreA,NORMAL,The amount $212.76 is typical for general spending behavior.
4093,157.68,StoreC,NORMAL,The amount $157.68 is typical for general spending behavior.
4740,192.38,StoreA,NORMAL,The amount $192.38 is typical for general spending behavior.
9384,155.29,StoreC,NORMAL,The amount $155.29 is typical for general spending behavior.
4791,182.63,StoreC,NORMAL,The amount $182.63 is typical for general spending behavior.
1847,7453.46,StoreB,ANOMALY,The amount $7453.46 is unusually high compared to typical spending.
6776,2370.76,StoreB,ANOMALY,The amount $2370.76 is unusually high compared to typical spending.
6114,231.93,StoreA,NORMAL,The amount $231.93 is typical for general spending behavior.
9325,204.77,StoreB,NORMAL,The amount $204.77 is typical for general spending behavior.
5019,111.54,StoreB,NORMAL,The amount $111.54 is typical for general spending behavior.
3747,310.74,StoreB,NORMAL,The amount $310.74 is typical for general spending behavior.
4127,2.28,StoreC,ANOMALY,The amount $2.28 is extremely small and may indicate refund fraud or abnormal activity.
3690,241.05,StoreA,NORMAL,The amount $241.05 is typical for general spending behavior.
2758,257.17,StoreC,NORMAL,The amount $257.17 is typical for general spending behavior.
8740,224.8,StoreA,NORMAL,The amount $224.8 is typical for general spending behavior.
4664,168.94,StoreA,NORMAL,The amount $168.94 is typical for general spending behavior.
6086,268.22,StoreA,NORMAL,The amount $268.22 is typical for general spending behavior.
5404,116.46,StoreC,NORMAL,The amount $116.46 is typical for normal spending and does not indicate suspicious behavior.
5083,293.25,RareStoreX,ANOMALY,The location 'RareStoreX' is unusual compared to common transaction locations.
5321,226.56,StoreB,NORMAL,The amount $226.56 is typical for general spending behavior.
6813,186.86,StoreA,NORMAL,The amount $186.86 is typical for normal spending and does not indicate suspicious behavior.
9089,4835.18,StoreA,ANOMALY,The amount $4835.18 is unusually high compared to typical spending.
2608,6798.44,StoreB,ANOMALY,The amount $6798.44 is unusually high compared to typical spending.
3072,194.99,StoreA,NORMAL,The amount $194.99 is typical for general spending behavior.
7391,249.73,StoreB,NORMAL,The amount $249.73 is typical for general spending behavior.
2832,214.04,StoreA,NORMAL,The amount $214.04 is typical for general spending behavior.
3844,53.12,StoreA,NORMAL,The amount $53.12 is typical for normal spending and does not indicate suspicious behavior.
5261,194.05,StoreB,NORMAL,The amount $194.05 is typical for general spending behavior.
2088,161.81,StoreA,NORMAL,The amount $161.81 is typical for general spending behavior.
5804,6590.41,StoreB,ANOMALY,The amount $6590.41 is unusually high compared to typical spending.
2746,268.98,StoreA,NORMAL,The amount $268.98 is typical for general spending behavior.
6889,110.3,StoreA,NORMAL,The amount $110.3 is typical for general spending behavior.
2509,209.2,StoreA,NORMAL,The amount $209.2 is typical for general spending behavior.
4091,176.4,StoreC,NORMAL,The amount $176.4 is typical for general spending behavior.
3303,171.23,StoreA,NORMAL,The amount $171.23 is typical for general spending behavior.
4770,74.94,StoreA,NORMAL,The amount $74.94 is typical for general spending behavior.
3260,168.6,StoreA,NORMAL,The amount $168.6 is typical for general spending behavior.
8023,3223.27,StoreC,ANOMALY,The amount $3223.27 is unusually high compared to typical spending.
2461,298.89,StoreB,NORMAL,The amount $298.89 is typical for general spending behavior.
9167,106.22,StoreC,NORMAL,The amount $106.22 is typical for general spending behavior.
4663,134.21,StoreC,NORMAL,The amount $134.21 is typical for general spending behavior.
6473,3914.6,StoreB,ANOMALY,The amount $3914.6 is unusually high compared to typical spending.
6181,290.23,StoreC,NORMAL,The amount $290.23 is typical for general spending behavior.
2786,225.84,StoreC,NORMAL,The amount $225.84 is typical for general spending behavior.
5576,6531.12,StoreC,ANOMALY,The amount $6531.12 is unusually high compared to typical spending.
8447,132.82,StoreA,NORMAL,The amount $132.82 is typical for general spending behavior.
6962,148.35,StoreA,NORMAL,The amount $148.35 is typical for general spending behavior.
9363,207.97,StoreA,NORMAL,The amount $207.97 is typical for general spending behavior.
5001,286.86,StoreA,NORMAL,The amount $286.86 is typical for general spending behavior.
8867,182.12,StoreA,NORMAL,The amount $182.12 is typical for general spending behavior.
1884,248.01,OutlierMallY,ANOMALY,The location 'OutlierMallY' is unusual compared to common transaction locations.
5786,262.57,StoreC,NORMAL,The amount $262.57 is typical for general spending behavior.
6247,262.35,StoreC,NORMAL,The amount $262.35 is typical for general spending behavior.
9001,353.88,StoreC,NORMAL,The amount $353.88 is typical for general spending behavior.
2823,265.85,StoreB,NORMAL,The amount $265.85 is typical for general spending behavior.
7372,6230.12,StoreC,ANOMALY,The amount $6230.12 is unusually high compared to typical spending.
5292,206.87,StoreA,NORMAL,The amount $206.87 is typical for general spending behavior.
7655,187.9,StoreB,NORMAL,The amount $187.9 is typical for general spending behavior.
3953,5322.23,StoreB,ANOMALY,The amount $5322.23 is unusually high compared to typical spending.
6134,345.44,StoreA,NORMAL,The amount $345.44 is typical for general spending behavior.
3242,102.23,StoreB,NORMAL,The amount $102.23 is typical for general spending behavior.
7720,123.24,StoreB,NORMAL,The amount $123.24 is typical for general spending behavior.
6239,2.94,StoreC,ANOMALY,The amount $2.94 is extremely small and may indicate refund fraud or abnormal activity.
2028,138.03,StoreA,NORMAL,The amount $138.03 is typical for general spending behavior.
9744,278.84,StoreC,NORMAL,The amount $278.84 is typical for general spending behavior.
1432,182.12,StoreC,NORMAL,The amount $182.12 is typical for general spending behavior.
2209,147.06,StoreA,NORMAL,The amount $147.06 is typical for general spending behavior.
3577,124.09,StoreA,NORMAL,The amount $124.09 is typical for general spending behavior.
6463,344.08,StoreB,NORMAL,The amount $344.08 is typical for general spending behavior.
4483,207.84,StoreC,NORMAL,The amount $207.84 is typical for general spending behavior.
6434,310.91,StoreB,NORMAL,The amount $310.91 is typical for general spending behavior.
7773,2526.62,StoreB,ANOMALY,The amount $2526.62 is unusually high compared to typical spending.
4742,4.22,StoreB,ANOMALY,The amount $4.22 is extremely small and may indicate refund fraud or abnormal activity.
6370,155.41,StoreB,NORMAL,The amount $155.41 is typical for general spending behavior.
4060,157.43,StoreB,NORMAL,The amount $157.43 is typical for general spending behavior.
9283,151.31,StoreC,NORMAL,The amount $151.31 is typical for general spending behavior.
8728,112.11,StoreC,NORMAL,The amount $112.11 is typical for general spending behavior.
9340,48.83,StoreA,NORMAL,The amount $48.83 is typical for general spending behavior.
1681,241.06,StoreA,NORMAL,The amount $241.06 is typical for general spending behavior.
1832,327.56,StoreC,NORMAL,The amount $327.56 is typical for general spending behavior.
3599,36.0,StoreA,NORMAL,The amount $36.0 is typical for general spending behavior.
8851,181.8,StoreC,NORMAL,The amount $181.8 is typical for general spending behavior.
3892,283.92,StoreB,NORMAL,The amount $283.92 is typical for general spending behavior.
8661,6310.09,StoreB,ANOMALY,The amount $6310.09 is unusually high compared to typical spending.
6482,2431.32,StoreB,ANOMALY,The amount $2431.32 is unusually high compared to typical spending.
7998,137.61,StoreA,NORMAL,The amount $137.61 is typical for general spending behavior.
8545,180.68,StoreA,NORMAL,The amount $180.68 is typical for general spending behavior.
2352,89.51,StoreA,NORMAL,The amount $89.51 is typical for normal spending and does not indicate suspicious behavior.
1232,298.86,StoreA,NORMAL,The amount $298.86 is typical for general spending behavior.
9182,4793.79,StoreA,ANOMALY,The amount $4793.79 is unusually high compared to typical spending.
9269,240.02,StoreB,NORMAL,The amount $240.02 is typical for general spending behavior.
2977,172.6,OutlierMallY,ANOMALY,The location 'OutlierMallY' is unusual compared to common transaction locations.
9123,127.54,StoreC,NORMAL,The amount $127.54 is typical for general spending behavior.
8832,3656.82,StoreC,ANOMALY,The amount $3656.82 is unusually high compared to typical spending.
3355,287.32,StoreC,NORMAL,The amount $287.32 is typical for general spending behavior.
2935,7994.06,StoreB,ANOMALY,The amount $7994.06 is unusually high compared to typical spending.
8966,7101.15,StoreC,ANOMALY,The amount $7101.15 is unusually high compared to typical spending.
9529,274.23,StoreA,NORMAL,The amount $274.23 is typical for general spending behavior.
3108,2597.96,StoreC,ANOMALY,The amount $2597.96 is unusually high compared to typical spending.
8803,86.78,StoreA,NORMAL,The amount $86.78 is typical for general spending behavior.
9804,209.62,StoreC,NORMAL,The amount $209.62 is typical for general spending behavior.
9195,3816.38,StoreA,ANOMALY,The amount $3816.38 is unusually high compared to typical spending.
4144,212.85,StoreB,NORMAL,The amount $212.85 is typical for general spending behavior.
9925,56.0,StoreC,NORMAL,The amount $56.0 is typical for normal spending and does not indicate suspicious behavior.
8187,254.57,StoreC,NORMAL,The amount $254.57 is typical for general spending behavior.
9689,131.18,RareStoreX,ANOMALY,The location 'RareStoreX' is unusual compared to common transaction locations.
5253,285.84,StoreC,NORMAL,The amount $285.84 is typical for general spending behavior.
4696,285.89,StoreC,NORMAL,The amount $285.89 is typical for general spending behavior.
6239,429.47,StoreB,NORMAL,The amount $429.47 is typical for general spending behavior.
7457,294.68,StoreC,NORMAL,The amount $294.68 is typical for general spending behavior.
1841,4391.81,StoreA,ANOMALY,The amount $4391.81 is unusually high compared to typical spending.
9153,267.17,StoreC,NORMAL,The amount $267.17 is typical for general spending behavior.
6599,146.99,StoreB,NORMAL,The amount $146.99 is typical for general spending behavior.
6582,4321.99,StoreA,ANOMALY,The amount $4321.99 is unusually high compared to typical spending.
6758,4.72,StoreC,ANOMALY,The amount $4.72 is extremely small and may indicate refund fraud or abnormal activity.
2523,89.63,StoreC,NORMAL,The amount $89.63 is typical for general spending behavior.
9250,247.6,StoreA,NORMAL,The amount $247.6 is typical for general spending behavior.
7209,305.86,RareStoreX,ANOMALY,The location 'RareStoreX' is unusual compared to common transaction locations.
1427,93.92,StoreB,NORMAL,The amount $93.92 is typical for general spending behavior.
6944,174.35,StoreA,NORMAL,The amount $174.35 is typical for general spending behavior.
3576,100.86,StoreC,NORMAL,The amount $100.86 is typical for general spending behavior.
4467,336.8,OutlierMallY,ANOMALY,The location 'OutlierMallY' is unusual compared to common transaction locations.
9712,245.04,StoreA,NORMAL,The amount $245.04 is typical for general spending behavior.
2601,4.14,StoreB,ANOMALY,The amount $4.14 is extremely small and may indicate refund fraud or abnormal activity.
4956,236.47,StoreC,NORMAL,The amount $236.47 is typical for general spending behavior.
4955,377.5,StoreB,NORMAL,The amount $377.5 is typical for general spending behavior.
4015,6551.83,StoreC,ANOMALY,The amount $6551.83 is unusually high compared to typical spending.
1439,7295.3,StoreA,ANOMALY,The amount $7295.3 is unusually high compared to typical spending.
8727,213.48,StoreB,NORMAL,The amount $213.48 is typical for general spending behavior.
9019,4.79,StoreA,ANOMALY,The amount $4.79 is extremely small and may indicate refund fraud or abnormal activity.
9160,3676.61,StoreB,ANOMALY,The amount $3676.61 is unusually high compared to typical spending.
2902,223.97,StoreC,NORMAL,The amount $223.97 is typical for general spending behavior.
1329,27.77,StoreA,NORMAL,The amount $27.77 is typical for general spending behavior.
9015,167.02,StoreC,NORMAL,The amount $167.02 is typical for general spending behavior.
2250,133.36,StoreC,NORMAL,The amount $133.36 is typical for general spending behavior.
2050,248.36,StoreC,NORMAL,The amount $248.36 is typical for general spending behavior.
2667,96.39,StoreC,NORMAL,The amount $96.39 is typical for normal spending and does not indicate suspicious behavior.
5616,129.0,StoreB,NORMAL,The amount $129.0 is typical for general spending behavior.
8272,183.88,StoreA,NORMAL,The amount $183.88 is typical for general spending behavior.
3042,203.76,OutlierMallY,ANOMALY,The location 'OutlierMallY' is unusual compared to common transaction locations.
7157,67.61,StoreB,NORMAL,The amount $67.61 is typical for general spending behavior.
8280,34.13,StoreA,NORMAL,The amount $34.13 is typical for general spending behavior.
9521,112.22,StoreA,NORMAL,The amount $112.22 is typical for general spending behavior.
9785,161.7,StoreB,NORMAL,The amount $161.7 is typical for general spending behavior.
3115,76.61,RareStoreX,ANOMALY,The location 'RareStoreX' is unusual compared to common transaction locations.
9103,2460.03,StoreA,ANOMALY,The amount $2460.03 is unusually high compared to typical spending.
2173,2059.83,StoreB,ANOMALY,The amount $2059.83 is unusually high compared to typical spending.
5151,226.09,StoreA,NORMAL,The amount $226.09 is typical for general spending behavior.
5841,183.76,StoreA,NORMAL,The amount $183.76 is typical for general spending behavior.
9916,256.49,StoreB,NORMAL,The amount $256.49 is typical for general spending behavior.
5857,236.58,StoreA,NORMAL,The amount $236.58 is typical for general spending behavior.
1102,208.59,RareStoreX,ANOMALY,The location 'RareStoreX' is unusual compared to common transaction locations.
4850,139.34,StoreB,NORMAL,The amount $139.34 is typical for general spending behavior.
8378,330.67,StoreB,NORMAL,The amount $330.67 is typical for general spending behavior.
4881,38.52,StoreC,NORMAL,The amount $38.52 is typical for general spending behavior.
4766,1.97,StoreB,ANOMALY,The amount $1.97 is extremely small and may indicate refund fraud or abnormal activity.
4801,3893.44,StoreC,ANOMALY,The amount $3893.44 is unusually high compared to typical spending.
2782,211.44,StoreC,NORMAL,The amount $211.44 is typical for general spending behavior.
6688,306.29,StoreC,NORMAL,The amount $306.29 is typical for general spending behavior.
2835,2486.09,StoreC,ANOMALY,The amount $2486.09 is unusually high compared to typical spending.
8219,2391.62,StoreC,ANOMALY,The amount $2391.62 is unusually high compared to typical spending.
6692,286.4,StoreC,NORMAL,The amount $286.4 is typical for general spending behavior.
7705,3732.9,StoreA,ANOMALY,The amount $3732.9 is unusually high compared to typical spending.
6668,361.5,RareStoreX,ANOMALY,The location 'RareStoreX' is unusual compared to common transaction locations.
2648,5604.0,StoreC,ANOMALY,The amount $5604.0 is unusually high compared to typical spending.
6849,195.22,StoreC,NORMAL,The amount $195.22 is typical for normal spending and does not indicate suspicious behavior.
4174,296.1,StoreB,NORMAL,The amount $296.1 is typical for general spending behavior.
3070,287.3,StoreC,NORMAL,The amount $287.3 is typical for general spending behavior.
6830,6717.78,StoreB,ANOMALY,The amount $6717.78 is unusually high compared to typical spending.
5055,122.81,StoreA,NORMAL,The amount $122.81 is typical for general spending behavior.
6781,179.22,StoreC,NORMAL,The amount $179.22 is typical for general spending behavior.
7764,92.03,StoreC,NORMAL,The amount $92.03 is typical for general spending behavior.
1662,7377.19,StoreA,ANOMALY,The amount $7377.19 is unusually high compared to typical spending.
9645,2.07,StoreC,ANOMALY,The amount $2.07 is extremely small and may indicate refund fraud or abnormal activity.
2480,213.64,StoreB,NORMAL,The amount $213.64 is typical for general spending behavior.
6876,123.68,StoreB,NORMAL,The amount $123.68 is typical for general spending behavior.
1395,260.6,StoreC,NORMAL,The amount $260.6 is typical for general spending behavior.
8548,91.91,StoreA,NORMAL,The amount $91.91 is typical for general spending behavior.
2656,92.16,StoreA,NORMAL,The amount $92.16 is typical for general spending behavior.
4081,5406.57,StoreA,ANOMALY,The amount $5406.57 is unusually high compared to typical spending.
1154,255.64,StoreC,NORMAL,The amount $255.64 is typical for general spending behavior.
6675,127.68,StoreA,NORMAL,The amount $127.68 is typical for normal spending and does not indicate suspicious behavior.
2756,195.25,StoreA,NORMAL,The amount $195.25 is typical for general spending behavior.
1528,227.8,StoreC,NORMAL,The amount $227.8 is typical for general spending behavior.
2031,2205.99,StoreB,ANOMALY,The amount $2205.99 is unusually high compared to typical spending.
2777,225.48,StoreB,NORMAL,The amount $225.48 is typical for general spending behavior.
4003,246.57,StoreC,NORMAL,The amount $246.57 is typical for general spending behavior.
8097,5705.72,StoreB,ANOMALY,The amount $5705.72 is unusually high compared to typical spending.
6879,185.39,StoreC,NORMAL,The amount $185.39 is typical for general spending behavior.
4190,1.1,StoreB,ANOMALY,The amount $1.1 is extremely small and may indicate refund fraud or abnormal activity.
7877,228.93,StoreC,NORMAL,The amount $228.93 is typical for general spending behavior.
5532,59.3,StoreA,NORMAL,The amount $59.3 is typical for general spending behavior.
9955,218.33,StoreB,NORMAL,The amount $218.33 is typical for general spending behavior.
6938,117.4,StoreA,NORMAL,The amount $117.4 is typical for general spending behavior.
2741,295.01,StoreB,NORMAL,The amount $295.01 is typical for general spending behavior.
1620,142.83,StoreA,NORMAL,The amount $142.83 is typical for general spending behavior.
2899,1.4,StoreA,ANOMALY,The amount $1.4 is extremely small and may indicate refund fraud or abnormal activity.
2416,370.64,StoreC,NORMAL,The amount $370.64 is typical for general spending behavior.
1588,97.03,StoreC,NORMAL,The amount $97.03 is typical for general spending behavior.
4022,311.65,StoreB,NORMAL,The amount $311.65 is typical for general spending behavior.
1354,26.43,StoreC,NORMAL,The amount $26.43 is typical for general spending behavior.
2501,90.27,StoreA,NORMAL,The amount $90.27 is typical for general spending behavior.
9431,6622.48,StoreB,ANOMALY,The amount $6622.48 is unusually high compared to typical spending.
1331,191.3,StoreB,NORMAL,The amount $191.3 is typical for general spending behavior.
1235,307.63,StoreA,NORMAL,The amount $307.63 is typical for general spending behavior.
9503,103.9,OutlierMallY,ANOMALY,The location 'OutlierMallY' is unusual compared to common transaction locations.
6701,0.76,StoreC,ANOMALY,The amount $0.76 is extremely small and may indicate refund fraud or abnormal activity.
7544,5789.32,StoreB,ANOMALY,The amount $5789.32 is unusually high compared to typical spending.
3816,270.09,StoreA,NORMAL,The amount $270.09 is typical for general spending behavior.
9655,100.99,StoreA,NORMAL,The amount $100.99 is typical for general spending behavior.
6191,88.6,StoreC,NORMAL,The amount $88.6 is typical for normal spending and does not indicate suspicious behavior.
3989,255.7,StoreB,NORMAL,The amount $255.7 is typical for general spending behavior.
2013,3490.43,StoreC,ANOMALY,The amount $3490.43 is unusually high compared to typical spending.
4097,198.57,RareStoreX,ANOMALY,The location 'RareStoreX' is unusual compared to common transaction locations.
6972,77.27,StoreA,NORMAL,The amount $77.27 is typical for general spending behavior.
3380,1.97,StoreC,ANOMALY,The amount $1.97 is extremely small and may indicate refund fraud or abnormal activity.
5489,309.93,OutlierMallY,ANOMALY,The location 'OutlierMallY' is unusual compared to common transaction locations.
4360,241.59,StoreB,NORMAL,The amount $241.59 is typical for general spending behavior.
3971,123.56,StoreB,NORMAL,The amount $123.56 is typical for general spending behavior.
7265,265.26,StoreA,NORMAL,The amount $265.26 is typical for general spending behavior.
6611,183.28,StoreB,NORMAL,The amount $183.28 is typical for general spending behavior.
9652,172.58,StoreC,NORMAL,The amount $172.58 is typical for general spending behavior.
2709,206.83,StoreC,NORMAL,The amount $206.83 is typical for general spending behavior.
6347,2.22,StoreB,ANOMALY,The amount $2.22 is extremely small and may indicate refund fraud or abnormal activity.
8773,94.4,StoreB,NORMAL,The amount $94.4 is typical for general spending behavior.
9378,6425.23,StoreA,ANOMALY,The amount $6425.23 is unusually high compared to typical spending.
5013,7310.46,StoreB,ANOMALY,The amount $7310.46 is unusually high compared to typical spending.
9808,251.86,StoreC,NORMAL,The amount $251.86 is typical for general spending behavior.
1295,305.41,StoreA,NORMAL,The amount $305.41 is typical for general spending behavior.
3675,2675.33,StoreB,ANOMALY,The amount $2675.33 is unusually high compared to typical spending.
2389,7633.35,StoreA,ANOMALY,The amount $7633.35 is unusually high compared to typical spending.
3744,106.51,StoreB,NORMAL,The amount $106.51 is typical for general spending behavior.
8843,272.91,StoreA,NORMAL,The amount $272.91 is typical for general spending behavior.
9412,201.44,StoreB,NORMAL,The amount $201.44 is typical for general spending behavior.
8130,173.5,StoreC,NORMAL,The amount $173.5 is typical for general spending behavior.
8378,227.2,StoreA,NORMAL,The amount $227.2 is typical for general spending behavior.
6519,226.59,StoreB,NORMAL,The amount $226.59 is typical for general spending behavior.
1818,214.39,StoreB,NORMAL,The amount $214.39 is typical for general spending behavior.
5996,197.5,StoreB,NORMAL,The amount $197.5 is typical for general spending behavior.
9235,169.03,StoreC,NORMAL,The amount $169.03 is typical for general spending behavior.
1714,0.52,StoreB,ANOMALY,The amount $0.52 is extremely small and may indicate refund fraud or abnormal activity.
8824,287.72,StoreC,NORMAL,The amount $287.72 is typical for general spending behavior.
9417,214.92,StoreA,NORMAL,The amount $214.92 is typical for general spending behavior.
6247,206.08,StoreB,NORMAL,The amount $206.08 is typical for general spending behavior.
1372,155.91,StoreA,NORMAL,The amount $155.91 is typical for general spending behavior.
1055,258.21,StoreA,NORMAL,The amount $258.21 is typical for general spending behavior.
7066,6813.07,StoreC,ANOMALY,The amount $6813.07 is unusually high compared to typical spending.
7843,3111.61,StoreA,ANOMALY,The amount $3111.61 is unusually high compared to typical spending.
9744,109.53,StoreA,NORMAL,The amount $109.53 is typical for general spending behavior.
1108,135.75,StoreB,NORMAL,The amount $135.75 is typical for general spending behavior.
6909,213.55,StoreA,NORMAL,The amount $213.55 is typical for general spending behavior.
7702,303.67,StoreB,NORMAL,The amount $303.67 is typical for general spending behavior.
9461,9.58,StoreC,NORMAL,The amount $9.58 is typical for general spending behavior.
8926,48.77,RareStoreX,ANOMALY,The location 'RareStoreX' is unusual compared to common transaction locations.
6849,84.34,StoreB,NORMAL,The amount $84.34 is typical for normal spending and does not indicate suspicious behavior.
9498,293.57,StoreA,NORMAL,The amount $293.57 is typical for general spending behavior.
6443,331.07,StoreC,NORMAL,The amount $331.07 is typical for general spending behavior.
3241,51.13,StoreA,NORMAL,The amount $51.13 is typical for normal spending and does not indicate suspicious behavior.
6189,166.34,StoreA,NORMAL,The amount $166.34 is typical for general spending behavior.
9059,6587.98,StoreC,ANOMALY,The amount $6587.98 is unusually high compared to typical spending.
8632,128.58,StoreC,NORMAL,The amount $128.58 is typical for general spending behavior.
4046,291.68,StoreA,NORMAL,The amount $291.68 is typical for general spending behavior.
8379,216.85,StoreA,NORMAL,The amount $216.85 is typical for general spending behavior.
9319,120.78,StoreB,NORMAL,The amount $120.78 is typical for normal spending and does not indicate suspicious behavior.
6957,249.58,StoreC,NORMAL,The amount $249.58 is typical for general spending behavior.
8051,4.97,StoreB,ANOMALY,The amount $4.97 is extremely small and may indicate refund fraud or abnormal activity.
1757,165.51,StoreC,NORMAL,The amount $165.51 is typical for general spending behavior.
1687,5914.08,StoreB,ANOMALY,The amount $5914.08 is unusually high compared to typical spending.
8065,252.02,StoreC,NORMAL,The amount $252.02 is typical for general spending behavior.
5329,5259.67,StoreC,ANOMALY,The amount $5259.67 is unusually high compared to typical spending.
5830,217.95,StoreA,NORMAL,The amount $217.95 is typical for general spending behavior.
5023,170.77,StoreB,NORMAL,The amount $170.77 is typical for general spending behavior.
3645,69.42,OutlierMallY,ANOMALY,The location 'OutlierMallY' is unusual compared to common transaction locations.
4591,268.54,StoreB,NORMAL,The amount $268.54 is typical for general spending behavior.
1762,281.88,StoreA,NORMAL,The amount $281.88 is typical for general spending behavior.
7381,4947.43,StoreA,ANOMALY,The amount $4947.43 is unusually high compared to typical spending.
9733,193.92,StoreB,NORMAL,The amount $193.92 is typical for general spending behavior.
1270,101.94,StoreB,NORMAL,The amount $101.94 is typical for general spending behavior.
2174,4.71,StoreC,ANOMALY,The amount $4.71 is extremely small and may indicate refund fraud or abnormal activity.
2440,331.47,StoreB,NORMAL,The amount $331.47 is typical for general spending behavior.
5313,215.89,StoreA,NORMAL,The amount $215.89 is typical for general spending behavior.
2695,207.07,StoreB,NORMAL,The amount $207.07 is typical for general spending behavior.
7260,254.42,StoreC,NORMAL,The amount $254.42 is typical for general spending behavior.
6087,5259.72,StoreC,ANOMALY,The amount $5259.72 is unusually high compared to typical spending.
3179,56.4,StoreA,NORMAL,The amount $56.4 is typical for normal spending and does not indicate suspicious behavior.
5169,5154.68,StoreC,ANOMALY,The amount $5154.68 is unusually high compared to typical spending.
5981,176.84,StoreC,NORMAL,The amount $176.84 is typical for normal spending and does not indicate suspicious behavior.
7452,165.4,StoreA,NORMAL,The amount $165.4 is typical for general spending behavior.
5584,104.85,StoreA,NORMAL,The amount $104.85 is typical for general spending behavior.
2189,128.7,StoreC,NORMAL,The amount $128.7 is typical for general spending behavior.
8244,215.29,StoreC,NORMAL,The amount $215.29 is typical for general spending behavior.
6191,85.35,StoreB,NORMAL,The amount $85.35 is typical for normal spending and does not indicate suspicious behavior.
5997,264.0,StoreB,NORMAL,The amount $264.0 is typical for general spending behavior.
1234,237.06,StoreA,NORMAL,The amount $237.06 is typical for general spending behavior.
9444,215.81,StoreB,NORMAL,The amount $215.81 is typical for general spending behavior.
6917,100.43,StoreB,NORMAL,The amount $100.43 is typical for general spending behavior.
5942,95.41,StoreC,NORMAL,The amount $95.41 is typical for general spending behavior.
6424,269.69,StoreB,NORMAL,The amount $269.69 is typical for general spending behavior.
8614,229.5,StoreC,NORMAL,The amount $229.5 is typical for general spending behavior.
3713,177.54,StoreA,NORMAL,The amount $177.54 is typical for normal spending and does not indicate suspicious behavior.
2759,5361.39,StoreB,ANOMALY,The amount $5361.39 is unusually high compared to typical spending.
9112,180.78,StoreB,NORMAL,The amount $180.78 is typical for normal spending and does not indicate suspicious behavior.
5318,2879.78,StoreB,ANOMALY,The amount $2879.78 is unusually high compared to typical spending.
3838,215.72,StoreA,NORMAL,The amount $215.72 is typical for general spending behavior.
9494,227.81,StoreB,NORMAL,The amount $227.81 is typical for general spending behavior.
5766,5443.49,StoreA,ANOMALY,The amount $5443.49 is unusually high compared to typical spending.
5945,151.54,StoreB,NORMAL,The amount $151.54 is typical for general spending behavior.
3586,173.22,StoreB,NORMAL,The amount $173.22 is typical for general spending behavior.
6487,231.34,StoreA,NORMAL,The amount $231.34 is typical for general spending behavior.
6759,146.58,StoreB,NORMAL,The amount $146.58 is typical for general spending behavior.
1726,165.7,StoreB,NORMAL,The amount $165.7 is typical for normal spending and does not indicate suspicious behavior.
3642,230.06,StoreA,NORMAL,The amount $230.06 is typical for general spending behavior.
9002,6.09,StoreC,NORMAL,The amount $6.09 is typical for general spending behavior.
3413,163.25,StoreB,NORMAL,The amount $163.25 is typical for general spending behavior.
3902,276.67,StoreB,NORMAL,The amount $276.67 is typical for general spending behavior.
5064,328.7,StoreC,NORMAL,The amount $328.7 is typical for general spending behavior.
7891,3878.97,StoreB,ANOMALY,The amount $3878.97 is unusually high compared to typical spending.
4747,239.13,StoreC,NORMAL,The amount $239.13 is typical for general spending behavior.
5395,300.23,StoreB,NORMAL,The amount $300.23 is typical for general spending behavior.
9955,3395.79,StoreC,ANOMALY,The amount $3395.79 is unusually high compared to typical spending.
3770,381.72,StoreC,NORMAL,The amount $381.72 is typical for general spending behavior.
1277,246.56,StoreB,NORMAL,The amount $246.56 is typical for general spending behavior.
5809,3.65,StoreC,ANOMALY,The amount $3.65 is extremely small and may indicate refund fraud or abnormal activity.
3507,180.53,StoreC,NORMAL,The amount $180.53 is typical for general spending behavior.
5181,150.05,StoreB,NORMAL,The amount $150.05 is typical for general spending behavior.
4044,7231.26,StoreA,ANOMALY,The amount $7231.26 is unusually high compared to typical spending.
7793,253.18,StoreA,NORMAL,The amount $253.18 is typical for general spending behavior.
9721,321.31,StoreB,NORMAL,The amount $321.31 is typical for general spending behavior.
4923,153.56,StoreB,NORMAL,The amount $153.56 is typical for general spending behavior.
2791,96.0,StoreB,NORMAL,The amount $96.0 is typical for normal spending and does not indicate suspicious behavior.
4185,94.46,StoreB,NORMAL,The amount $94.46 is typical for general spending behavior.
2468,375.24,StoreA,NORMAL,The amount $375.24 is typical for general spending behavior.
6167,347.05,StoreC,NORMAL,The amount $347.05 is typical for general spending behavior.
2313,194.71,StoreB,NORMAL,The amount $194.71 is typical for general spending behavior.
8982,297.46,StoreC,NORMAL,The amount $297.46 is typical for general spending behavior.
5183,244.12,StoreA,NORMAL,The amount $244.12 is typical for general spending behavior.
2028,113.74,StoreA,NORMAL,The amount $113.74 is typical for normal spending and does not indicate suspicious behavior.
6969,95.29,StoreB,NORMAL,The amount $95.29 is typical for general spending behavior.
7792,7375.06,StoreC,ANOMALY,The amount $7375.06 is unusually high compared to typical spending.
5874,3906.38,StoreA,ANOMALY,The amount $3906.38 is unusually high compared to typical spending.
1288,188.24,StoreB,NORMAL,The amount $188.24 is typical for general spending behavior.
5062,154.88,StoreC,NORMAL,The amount $154.88 is typical for general spending behavior.
8795,4.54,StoreB,ANOMALY,The amount $4.54 is extremely small and may indicate refund fraud or abnormal activity.
9535,7188.82,StoreA,ANOMALY,The amount $7188.82 is unusually high compared to typical spending.
9524,77.51,StoreA,NORMAL,The amount $77.51 is typical for general spending behavior.
5038,6547.85,StoreB,ANOMALY,The amount $6547.85 is unusually high compared to typical spending.
2671,171.68,StoreA,NORMAL,The amount $171.68 is typical for general spending behavior.
6907,161.27,StoreB,NORMAL,The amount $161.27 is typical for general spending behavior.
6432,5828.93,StoreA,ANOMALY,The amount $5828.93 is unusually high compared to typical spending.
2620,194.55,StoreB,NORMAL,The amount $194.55 is typical for general spending behavior.
5534,77.39,StoreB,NORMAL,The amount $77.39 is typical for normal spending and does not indicate suspicious behavior.
3477,74.57,StoreC,NORMAL,The amount $74.57 is typical for general spending behavior.
6412,257.58,RareStoreX,ANOMALY,The location 'RareStoreX' is unusual compared to common transaction locations.
3480,4526.43,StoreA,ANOMALY,The amount $4526.43 is unusually high compared to typical spending.
8485,234.25,StoreB,NORMAL,The amount $234.25 is typical for general spending behavior.
6072,203.85,StoreB,NORMAL,The amount $203.85 is typical for general spending behavior.
4446,99.37,StoreA,NORMAL,The amount $99.37 is typical for normal spending and does not indicate suspicious behavior.
7900,248.66,StoreC,NORMAL,The amount $248.66 is typical for general spending behavior.
5320,281.81,StoreC,NORMAL,The amount $281.81 is typical for general spending behavior.
6264,249.74,StoreC,NORMAL,The amount $249.74 is typical for general spending behavior.
5124,123.79,RareStoreX,ANOMALY,The location 'RareStoreX' is unusual compared to common transaction locations.
6247,3922.7,StoreC,ANOMALY,The amount $3922.7 is unusually high compared to typical spending.
8202,294.28,StoreC,NORMAL,The amount $294.28 is typical for general spending behavior.
2832,264.64,StoreA,NORMAL,The amount $264.64 is typical for general spending behavior.
5853,132.19,StoreA,NORMAL,The amount $132.19 is typical for general spending behavior.
4621,205.76,StoreA,NORMAL,The amount $205.76 is typical for general spending behavior.
1329,200.54,StoreC,NORMAL,The amount $200.54 is typical for general spending behavior.
7852,205.87,StoreA,NORMAL,The amount $205.87 is typical for general spending behavior.
8846,289.38,StoreC,NORMAL,The amount $289.38 is typical for general spending behavior.
7546,249.13,StoreA,NORMAL,The amount $249.13 is typical for general spending behavior.
2576,133.79,StoreB,NORMAL,The amount $133.79 is typical for normal spending and does not indicate suspicious behavior.
6912,333.59,StoreA,NORMAL,The amount $333.59 is typical for general spending behavior.
7319,0.93,StoreC,NORMAL,The amount $0.93 is typical for general spending behavior.
8953,70.39,StoreA,NORMAL,The amount $70.39 is typical for normal spending and does not indicate suspicious behavior.
8714,174.48,StoreC,NORMAL,The amount $174.48 is typical for general spending behavior.
2885,295.42,StoreA,NORMAL,The amount $295.42 is typical for general spending behavior.
6006,196.92,StoreC,NORMAL,The amount $196.92 is typical for general spending behavior.
2334,182.75,StoreA,NORMAL,The amount $182.75 is typical for general spending behavior.
8372,148.0,StoreC,NORMAL,The amount $148.0 is typical for general spending behavior.
9659,142.74,StoreC,NORMAL,The amount $142.74 is typical for general spending behavior.
8633,102.33,StoreA,NORMAL,The amount $102.33 is typical for general spending behavior.
1892,0.97,StoreB,ANOMALY,The amount $0.97 is extremely small and may indicate refund fraud or abnormal activity.
1937,117.67,StoreB,NORMAL,The amount $117.67 is typical for normal spending and does not indicate suspicious behavior.
4201,206.29,StoreA,NORMAL,The amount $206.29 is typical for general spending behavior.
6444,142.08,StoreA,NORMAL,The amount $142.08 is typical for general spending behavior.
3889,65.97,StoreA,NORMAL,The amount $65.97 is typical for normal spending and does not indicate suspicious behavior.
6733,278.86,StoreA,NORMAL,The amount $278.86 is typical for general spending behavior.
5695,109.86,StoreA,NORMAL,The amount $109.86 is typical for general spending behavior.
8062,278.54,StoreC,NORMAL,The amount $278.54 is typical for general spending behavior.
8960,175.84,StoreB,NORMAL,The amount $175.84 is typical for general spending behavior.
6902,236.47,StoreC,NORMAL,The amount $236.47 is typical for general spending behavior.
2672,284.67,StoreB,NORMAL,The amount $284.67 is typical for general spending behavior.
2308,139.22,StoreB,NORMAL,The amount $139.22 is typical for general spending behavior.
8595,92.15,StoreB,NORMAL,The amount $92.15 is typical for general spending behavior.
7596,240.26,StoreB,NORMAL,The amount $240.26 is typical for general spending behavior.
7044,194.08,StoreC,NORMAL,The amount $194.08 is typical for general spending behavior.
7687,2481.25,StoreC,ANOMALY,The amount $2481.25 is unusually high compared to typical spending.
7400,165.85,StoreC,NORMAL,The amount $165.85 is typical for general spending behavior.
9108,60.62,StoreA,NORMAL,The amount $60.62 is typical for general spending behavior.
5606,268.01,StoreB,NORMAL,The amount $268.01 is typical for general spending behavior.
5866,144.14,StoreB,NORMAL,The amount $144.14 is typical for general spending behavior.
5301,118.73,StoreB,NORMAL,The amount $118.73 is typical for general spending behavior.
9791,270.69,StoreC,NORMAL,The amount $270.69 is typical for general spending behavior.
8985,119.38,StoreA,NORMAL,The amount $119.38 is typical for normal spending and does not indicate suspicious behavior.
3421,209.86,StoreC,NORMAL,The amount $209.86 is typical for general spending behavior.
5261,58.47,StoreA,NORMAL,The amount $58.47 is typical for general spending behavior.
5684,411.55,StoreA,NORMAL,The amount $411.55 is typical for general spending behavior.
5428,3713.53,StoreC,ANOMALY,The amount $3713.53 is unusually high compared to typical spending.
2258,5040.13,StoreC,ANOMALY,The amount $5040.13 is unusually high compared to typical spending.
4981,162.25,StoreA,NORMAL,The amount $162.25 is typical for general spending behavior.
1754,121.48,StoreB,NORMAL,The amount $121.48 is typical for general spending behavior.
4547,98.89,StoreA,NORMAL,The amount $98.89 is typical for normal spending and does not indicate suspicious behavior.
2900,2593.43,StoreA,ANOMALY,The amount $2593.43 is unusually high compared to typical spending.
8156,284.79,StoreC,NORMAL,The amount $284.79 is typical for general spending behavior.
6875,175.26,StoreB,NORMAL,The amount $175.26 is typical for general spending behavior.
8236,4120.22,StoreB,ANOMALY,The amount $4120.22 is unusually high compared to typical spending.
7436,265.13,StoreB,NORMAL,The amount $265.13 is typical for general spending behavior.
1378,208.75,StoreC,NORMAL,The amount $208.75 is typical for general spending behavior.
4374,187.32,StoreA,NORMAL,The amount $187.32 is typical for general spending behavior.
6062,212.54,StoreC,NORMAL,The amount $212.54 is typical for general spending behavior.
8307,3100.5,StoreB,ANOMALY,The amount $3100.5 is unusually high compared to typical spending.
7055,50.55,StoreB,NORMAL,The amount $50.55 is typical for normal spending and does not indicate suspicious behavior.
6295,306.26,StoreB,NORMAL,The amount $306.26 is typical for general spending behavior.
5180,200.1,StoreA,NORMAL,The amount $200.1 is typical for general spending behavior.
1032,5962.12,StoreB,ANOMALY,The amount $5962.12 is unusually high compared to typical spending.
1400,122.64,StoreC,NORMAL,The amount $122.64 is typical for general spending behavior.
3022,235.36,StoreB,NORMAL,The amount $235.36 is typical for general spending behavior.
6122,157.38,StoreB,NORMAL,The amount $157.38 is typical for general spending behavior.
6374,259.37,StoreA,NORMAL,The amount $259.37 is typical for general spending behavior.
9581,125.86,StoreB,NORMAL,The amount $125.86 is typical for general spending behavior.
9587,192.26,StoreC,NORMAL,The amount $192.26 is typical for general spending behavior.
5210,34.79,StoreA,NORMAL,The amount $34.79 is typical for general spending behavior.
4751,194.63,StoreC,NORMAL,The amount $194.63 is typical for general spending behavior.
8083,331.13,StoreB,NORMAL,The amount $331.13 is typical for general spending behavior.
3972,66.45,StoreA,NORMAL,The amount $66.45 is typical for general spending behavior.
5006,70.98,StoreC,NORMAL,The amount $70.98 is typical for general spending behavior.
1100,75.08,StoreA,NORMAL,The amount $75.08 is typical for general spending behavior.
3663,228.03,StoreA,NORMAL,The amount $228.03 is typical for general spending behavior.
7805,56.49,StoreC,NORMAL,The amount $56.49 is typical for general spending behavior.
5846,195.06,StoreB,NORMAL,The amount $195.06 is typical for general spending behavior.
6446,5179.32,StoreB,ANOMALY,The amount $5179.32 is unusually high compared to typical spending.
5952,276.42,StoreA,NORMAL,The amount $276.42 is typical for general spending behavior.
7376,141.57,StoreB,NORMAL,The amount $141.57 is typical for general spending behavior.
2356,220.48,StoreB,NORMAL,The amount $220.48 is typical for general spending behavior.
1270,171.85,StoreC,NORMAL,The amount $171.85 is typical for general spending behavior.
3177,4.33,StoreB,ANOMALY,The amount $4.33 is extremely small and may indicate refund fraud or abnormal activity.
1799,220.82,StoreA,NORMAL,The amount $220.82 is typical for general spending behavior.
9060,236.67,StoreB,NORMAL,The amount $236.67 is typical for general spending behavior.
2159,192.32,StoreB,NORMAL,The amount $192.32 is typical for general spending behavior.
5883,168.56,StoreB,NORMAL,The amount $168.56 is typical for general spending behavior.
8973,251.62,StoreB,NORMAL,The amount $251.62 is typical for general spending behavior.
8476,3213.73,StoreA,ANOMALY,The amount $3213.73 is unusually high compared to typical spending.
3765,180.88,StoreC,NORMAL,The amount $180.88 is typical for general spending behavior.
7263,172.29,StoreA,NORMAL,The amount $172.29 is typical for general spending behavior.
6928,4.99,StoreB,ANOMALY,The amount $4.99 is extremely small and may indicate refund fraud or abnormal activity.
4915,6402.13,StoreB,ANOMALY,The amount $6402.13 is unusually high compared to typical spending.
5177,160.33,StoreC,NORMAL,The amount $160.33 is typical for general spending behavior.
5568,2.99,StoreA,ANOMALY,The amount $2.99 is extremely small and may indicate refund fraud or abnormal activity.
6995,5162.74,StoreC,ANOMALY,The amount $5162.74 is unusually high compared to typical spending.
4520,251.04,StoreB,NORMAL,The amount $251.04 is typical for general spending behavior.
4066,284.59,StoreB,NORMAL,The amount $284.59 is typical for general spending behavior.
3995,2597.29,StoreC,ANOMALY,The amount $2597.29 is unusually high compared to typical spending.
7957,165.66,StoreB,NORMAL,The amount $165.66 is typical for general spending behavior.
9064,7556.37,StoreB,ANOMALY,The amount $7556.37 is unusually high compared to typical spending.
5214,332.43,StoreB,NORMAL,The amount $332.43 is typical for general spending behavior.
8875,3665.68,StoreB,ANOMALY,The amount $3665.68 is unusually high compared to typical spending.
5008,138.94,StoreA,NORMAL,The amount $138.94 is typical for general spending behavior.
4288,4.63,StoreB,ANOMALY,The amount $4.63 is extremely small and may indicate refund fraud or abnormal activity.
5640,246.34,StoreB,NORMAL,The amount $246.34 is typical for general spending behavior.
1237,5504.97,StoreB,ANOMALY,The amount $5504.97 is unusually high compared to typical spending.
6371,3955.06,StoreA,ANOMALY,The amount $3955.06 is unusually high compared to typical spending.
5260,210.64,StoreB,NORMAL,The amount $210.64 is typical for general spending behavior.
2724,214.55,StoreB,NORMAL,The amount $214.55 is typical for general spending behavior.
2770,244.86,StoreB,NORMAL,The amount $244.86 is typical for general spending behavior.
7786,198.35,RareStoreX,ANOMALY,The location 'RareStoreX' is unusual compared to common transaction locations.
5862,9.05,StoreA,NORMAL,The amount $9.05 is typical for general spending behavior.
2928,5200.88,StoreB,ANOMALY,The amount $5200.88 is unusually high compared to typical spending.
4093,227.74,StoreC,NORMAL,The amount $227.74 is typical for general spending behavior.
4633,6638.89,StoreA,ANOMALY,The amount $6638.89 is unusually high compared to typical spending.
7510,150.68,StoreA,NORMAL,The amount $150.68 is typical for normal spending and does not indicate suspicious behavior.
5311,189.26,StoreC,NORMAL,The amount $189.26 is typical for general spending behavior.
3293,133.95,StoreB,NORMAL,The amount $133.95 is typical for general spending behavior.
4243,201.96,StoreA,NORMAL,The amount $201.96 is typical for general spending behavior.
6402,254.88,StoreA,NORMAL,The amount $254.88 is typical for general spending behavior.
9330,253.81,StoreC,NORMAL,The amount $253.81 is typical for general spending behavior.
5222,2603.34,StoreA,ANOMALY,The amount $2603.34 is unusually high compared to typical spending.
4766,282.36,StoreA,NORMAL,The amount $282.36 is typical for general spending behavior.
6645,322.24,StoreC,NORMAL,The amount $322.24 is typical for general spending behavior.
7735,3726.92,StoreA,ANOMALY,The amount $3726.92 is unusually high compared to typical spending.
3001,23.11,StoreA,NORMAL,The amount $23.11 is typical for general spending behavior.
1966,166.39,StoreB,NORMAL,The amount $166.39 is typical for general spending behavior.
4504,345.07,StoreA,NORMAL,The amount $345.07 is typical for general spending behavior.
9792,201.81,StoreB,NORMAL,The amount $201.81 is typical for general spending behavior.
7288,3.2,StoreB,ANOMALY,The amount $3.2 is extremely small and may indicate refund fraud or abnormal activity.
3590,156.27,StoreC,NORMAL,The amount $156.27 is typical for general spending behavior.
4815,3027.74,StoreB,ANOMALY,The amount $3027.74 is unusually high compared to typical spending.
1568,3771.48,StoreC,ANOMALY,The amount $3771.48 is unusually high compared to typical spending.
1294,206.19,StoreC,NORMAL,The amount $206.19 is typical for general spending behavior.
1565,255.91,StoreA,NORMAL,The amount $255.91 is typical for general spending behavior.
9775,228.68,StoreC,NORMAL,The amount $228.68 is typical for general spending behavior.
7794,134.61,OutlierMallY,ANOMALY,The location 'OutlierMallY' is unusual compared to common transaction locations.
8692,238.71,StoreB,NORMAL,The amount $238.71 is typical for general spending behavior.
6192,225.85,StoreB,NORMAL,The amount $225.85 is typical for general spending behavior.
2379,260.27,StoreC,NORMAL,The amount $260.27 is typical for general spending behavior.
3245,316.59,OutlierMallY,ANOMALY,The location 'OutlierMallY' is unusual compared to common transaction locations.
4487,163.87,StoreB,NORMAL,The amount $163.87 is typical for general spending behavior.
2584,4.82,StoreC,ANOMALY,The amount $4.82 is extremely small and may indicate refund fraud or abnormal activity.
1814,1.87,StoreA,ANOMALY,The amount $1.87 is extremely small and may indicate refund fraud or abnormal activity.
8899,4402.5,StoreC,ANOMALY,The amount $4402.5 is unusually high compared to typical spending.
9655,91.42,StoreC,NORMAL,The amount $91.42 is typical for normal spending and does not indicate suspicious behavior.
9428,330.29,StoreA,NORMAL,The amount $330.29 is typical for general spending behavior.
9130,200.83,StoreC,NORMAL,The amount $200.83 is typical for general spending behavior.
5731,7628.71,StoreC,ANOMALY,The amount $7628.71 is unusually high compared to typical spending.
4399,247.4,StoreA,NORMAL,The amount $247.4 is typical for general spending behavior.
3514,27.81,StoreB,NORMAL,The amount $27.81 is typical for general spending behavior.
4413,168.66,StoreA,NORMAL,The amount $168.66 is typical for general spending behavior.
8923,164.54,StoreB,NORMAL,The amount $164.54 is typical for general spending behavior.
5973,131.51,RareStoreX,ANOMALY,The location 'RareStoreX' is unusual compared to common transaction locations.
1104,184.75,StoreB,NORMAL,The amount $184.75 is typical for general spending behavior.
8067,231.4,RareStoreX,ANOMALY,The location 'RareStoreX' is unusual compared to common transaction locations.
4646,6740.99,StoreC,ANOMALY,The amount $6740.99 is unusually high compared to typical spending.
7141,3486.27,StoreB,ANOMALY,The amount $3486.27 is unusually high compared to typical spending.
9945,2171.57,StoreA,ANOMALY,The amount $2171.57 is unusually high compared to typical spending.
4845,239.31,StoreB,NORMAL,The amount $239.31 is typical for general spending behavior.
1277,5911.31,StoreC,ANOMALY,The amount $5911.31 is unusually high compared to typical spending.
4810,49.99,StoreB,NORMAL,The amount $49.99 is typical for general spending behavior.
7823,178.52,StoreB,NORMAL,The amount $178.52 is typical for general spending behavior.
1105,290.85,StoreC,NORMAL,The amount $290.85 is typical for general spending behavior.
8727,64.56,StoreA,NORMAL,The amount $64.56 is typical for general spending behavior.
6531,299.17,StoreA,NORMAL,The amount $299.17 is typical for general spending behavior.
1399,5193.02,StoreC,ANOMALY,The amount $5193.02 is unusually high compared to typical spending.
6716,5280.42,StoreB,ANOMALY,The amount $5280.42 is unusually high compared to typical spending.
3999,50.41,StoreB,NORMAL,The amount $50.41 is typical for general spending behavior.
5161,237.84,StoreA,NORMAL,The amount $237.84 is typical for general spending behavior.
4285,2268.26,StoreC,ANOMALY,The amount $2268.26 is unusually high compared to typical spending.
8660,5769.44,StoreA,ANOMALY,The amount $5769.44 is unusually high compared to typical spending.
1654,6715.2,StoreB,ANOMALY,The amount $6715.2 is unusually high compared to typical spending.
4880,153.23,StoreC,NORMAL,The amount $153.23 is typical for general spending behavior.
8018,4507.05,StoreA,ANOMALY,The amount $4507.05 is unusually high compared to typical spending.
9789,124.05,StoreB,NORMAL,The amount $124.05 is typical for general spending behavior.
8632,4184.38,StoreC,ANOMALY,The amount $4184.38 is unusually high compared to typical spending.
4215,322.7,StoreC,NORMAL,The amount $322.7 is typical for general spending behavior.
1808,154.7,StoreB,NORMAL,The amount $154.7 is typical for general spending behavior.
4308,160.99,StoreA,NORMAL,The amount $160.99 is typical for general spending behavior.
9550,2500.0,StoreA,ANOMALY,The amount $2500 is extremely high and indicates abnormal spending behavior.
1909,241.19,StoreC,NORMAL,The amount $241.19 is typical for general spending behavior.
2777,333.52,StoreB,NORMAL,The amount $333.52 is typical for general spending behavior.
9093,353.63,StoreC,NORMAL,The amount $353.63 is typical for general spending behavior.
4561,266.36,StoreB,NORMAL,The amount $266.36 is typical for general spending behavior.
4535,235.58,StoreA,NORMAL,The amount $235.58 is typical for general spending behavior.
2387,297.85,StoreB,NORMAL,The amount $297.85 is typical for general spending behavior.
5581,182.47,StoreB,NORMAL,The amount $182.47 is typical for general spending behavior.
2377,316.47,StoreC,NORMAL,The amount $316.47 is typical for general spending behavior.
6698,270.51,StoreB,NORMAL,The amount $270.51 is typical for general spending behavior.
7103,163.91,StoreB,NORMAL,The amount $163.91 is typical for general spending behavior.
4691,144.62,StoreC,NORMAL,The amount $144.62 is typical for general spending behavior.
9050,194.27,StoreB,NORMAL,The amount $194.27 is typical for general spending behavior.
8543,216.04,StoreA,NORMAL,The amount $216.04 is typical for general spending behavior.
5687,129.82,RareStoreX,ANOMALY,The location 'RareStoreX' is unusual compared to common transaction locations.
5898,136.6,StoreA,NORMAL,The amount $136.6 is typical for general spending behavior.
5027,285.72,StoreC,NORMAL,The amount $285.72 is typical for general spending behavior.
4061,92.44,StoreC,NORMAL,The amount $92.44 is typical for general spending behavior.
9712,224.93,StoreA,NORMAL,The amount $224.93 is typical for general spending behavior.
7596,284.05,StoreA,NORMAL,The amount $284.05 is typical for general spending behavior.
3029,300.43,StoreC,NORMAL,The amount $300.43 is typical for general spending behavior.
5784,343.67,StoreC,NORMAL,The amount $343.67 is typical for general spending behavior.
7415,2603.51,StoreA,ANOMALY,The amount $2603.51 is unusually high compared to typical spending.
8063,208.46,StoreC,NORMAL,The amount $208.46 is typical for general spending behavior.
4320,161.3,StoreB,NORMAL,The amount $161.3 is typical for normal spending and does not indicate suspicious behavior.
6276,83.42,StoreC,NORMAL,The amount $83.42 is typical for normal spending and does not indicate suspicious behavior.
3886,149.95,StoreC,NORMAL,The amount $149.95 is typical for general spending behavior.
7028,192.94,StoreB,NORMAL,The amount $192.94 is typical for general spending behavior.
6086,2880.78,StoreA,ANOMALY,The amount $2880.78 is unusually high compared to typical spending.
6938,2.41,StoreC,ANOMALY,The amount $2.41 is extremely small and may indicate refund fraud or abnormal activity.
3542,225.78,OutlierMallY,ANOMALY,The location 'OutlierMallY' is unusual compared to common transaction locations.
2953,308.53,StoreC,NORMAL,The amount $308.53 is typical for general spending behavior.
9301,149.38,StoreA,NORMAL,The amount $149.38 is typical for general spending behavior.
6649,163.99,StoreA,NORMAL,The amount $163.99 is typical for general spending behavior.
2582,175.91,StoreB,NORMAL,The amount $175.91 is typical for general spending behavior.
2555,232.69,StoreC,NORMAL,The amount $232.69 is typical for general spending behavior.
2375,4484.65,StoreA,ANOMALY,The amount $4484.65 is unusually high compared to typical spending.
7827,73.43,StoreC,NORMAL,The amount $73.43 is typical for general spending behavior.
8364,259.27,StoreB,NORMAL,The amount $259.27 is typical for general spending behavior.
8877,7314.49,StoreA,ANOMALY,The amount $7314.49 is unusually high compared to typical spending.
7957,195.56,StoreB,NORMAL,The amount $195.56 is typical for general spending behavior.
4651,4088.46,StoreA,ANOMALY,The amount $4088.46 is unusually high compared to typical spending.
8527,7300.32,StoreB,ANOMALY,The amount $7300.32 is unusually high compared to typical spending.
2421,271.22,StoreA,NORMAL,The amount $271.22 is typical for general spending behavior.
9314,71.48,StoreA,NORMAL,The amount $71.48 is typical for general spending behavior.
4777,248.63,StoreA,NORMAL,The amount $248.63 is typical for general spending behavior.
3739,249.93,StoreA,NORMAL,The amount $249.93 is typical for general spending behavior.
8640,159.54,StoreA,NORMAL,The amount $159.54 is typical for general spending behavior.
2929,137.09,OutlierMallY,ANOMALY,The location 'OutlierMallY' is unusual compared to common transaction locations.
5917,142.41,StoreB,NORMAL,The amount $142.41 is typical for general spending behavior.
4873,2613.03,StoreC,ANOMALY,The amount $2613.03 is unusually high compared to typical spending.
8420,231.94,StoreB,NORMAL,The amount $231.94 is typical for general spending behavior.
8971,1.71,StoreA,ANOMALY,The amount $1.71 is extremely small and may indicate refund fraud or abnormal activity.
3355,3.7,StoreA,ANOMALY,The amount $3.7 is extremely small and may indicate refund fraud or abnormal activity.
3882,79.05,StoreA,NORMAL,The amount $79.05 is typical for general spending behavior.
4757,55.92,StoreA,NORMAL,The amount $55.92 is typical for general spending behavior.
4574,237.01,StoreC,NORMAL,The amount $237.01 is typical for general spending behavior.
7930,2298.8,StoreC,ANOMALY,The amount $2298.8 is unusually high compared to typical spending.
5536,141.47,StoreA,NORMAL,The amount $141.47 is typical for general spending behavior.
7515,4289.46,StoreB,ANOMALY,The amount $4289.46 is unusually high compared to typical spending.
1496,281.93,StoreC,NORMAL,The amount $281.93 is typical for general spending behavior.
6373,78.63,StoreB,NORMAL,The amount $78.63 is typical for general spending behavior.
5381,173.92,StoreC,NORMAL,The amount $173.92 is typical for general spending behavior.
1002,244.62,StoreA,NORMAL,The amount $244.62 is typical for general spending behavior.
2312,289.77,RareStoreX,ANOMALY,The location 'RareStoreX' is unusual compared to common transaction locations.
4030,225.96,StoreA,NORMAL,The amount $225.96 is typical for general spending behavior.
1449,6746.68,StoreC,ANOMALY,The amount $6746.68 is unusually high compared to typical spending.
4870,191.01,StoreC,NORMAL,The amount $191.01 is typical for general spending behavior.
6660,276.03,StoreA,NORMAL,The amount $276.03 is typical for general spending behavior.
2914,306.06,StoreC,NORMAL,The amount $306.06 is typical for general spending behavior.
6614,49.35,StoreB,NORMAL,The amount $49.35 is typical for general spending behavior.
4056,216.76,StoreA,NORMAL,The amount $216.76 is typical for general spending behavior.
4959,67.08,StoreA,NORMAL,The amount $67.08 is typical for general spending behavior.
4759,216.38,StoreA,NORMAL,The amount $216.38 is typical for general spending behavior.
1096,147.35,StoreC,NORMAL,The amount $147.35 is typical for general spending behavior.
5239,176.47,StoreB,NORMAL,The amount $176.47 is typical for normal spending and does not indicate suspicious behavior.
4255,2.3,StoreA,ANOMALY,The amount $2.3 is extremely small and may indicate refund fraud or abnormal activity.
1669,40.14,StoreA,NORMAL,The amount $40.14 is typical for general spending behavior.
2975,0.73,StoreA,ANOMALY,The amount $0.73 is extremely small and may indicate refund fraud or abnormal activity.
2050,58.31,StoreC,NORMAL,The amount $58.31 is typical for general spending behavior.
3944,4.5,StoreB,ANOMALY,The amount $4.5 is extremely small and may indicate refund fraud or abnormal activity.
9071,180.2,StoreB,NORMAL,The amount $180.2 is typical for general spending behavior.
6745,215.25,StoreB,NORMAL,The amount $215.25 is typical for general spending behavior.
4239,319.42,StoreA,NORMAL,The amount $319.42 is typical for general spending behavior.
6993,132.01,StoreC,NORMAL,The amount $132.01 is typical for general spending behavior.
2231,74.38,StoreC,NORMAL,The amount $74.38 is typical for general spending behavior.
2615,301.41,StoreA,NORMAL,The amount $301.41 is typical for general spending behavior.
2477,163.56,StoreB,NORMAL,The amount $163.56 is typical for general spending behavior.
3211,194.99,StoreA,NORMAL,The amount $194.99 is typical for general spending behavior.
1187,254.42,StoreA,NORMAL,The amount $254.42 is typical for general spending behavior.
8903,63.79,StoreB,NORMAL,The amount $63.79 is typical for general spending behavior.
9343,347.92,StoreC,NORMAL,The amount $347.92 is typical for general spending behavior.
8803,87.45,StoreA,NORMAL,The amount $87.45 is typical for general spending behavior.
1456,269.95,StoreB,NORMAL,The amount $269.95 is typical for general spending behavior.
6247,178.99,StoreB,NORMAL,The amount $178.99 is typical for general spending behavior.
7929,135.6,StoreA,NORMAL,The amount $135.6 is typical for general spending behavior.
9567,345.95,OutlierMallY,ANOMALY,The location 'OutlierMallY' is unusual compared to common transaction locations.
2506,3120.66,StoreB,ANOMALY,The amount $3120.66 is unusually high compared to typical spending.
2903,4034.46,StoreA,ANOMALY,The amount $4034.46 is unusually high compared to typical spending.
6912,155.75,StoreA,NORMAL,The amount $155.75 is typical for general spending behavior.
9425,5370.03,StoreB,ANOMALY,The amount $5370.03 is unusually high compared to typical spending.
5859,15.75,StoreB,NORMAL,The amount $15.75 is typical for general spending behavior.
6299,8.64,StoreB,NORMAL,The amount $8.64 is typical for general spending behavior.
7200,309.89,StoreA,NORMAL,The amount $309.89 is typical for general spending behavior.
4756,273.54,StoreB,NORMAL,The amount $273.54 is typical for general spending behavior.
6726,0.94,StoreA,ANOMALY,The amount $0.94 is extremely small and may indicate refund fraud or abnormal activity.
7945,421.74,RareStoreX,ANOMALY,The location 'RareStoreX' is unusual compared to common transaction locations.
1577,7830.95,StoreB,ANOMALY,The amount $7830.95 is unusually high compared to typical spending.
7104,5890.55,StoreC,ANOMALY,The amount $5890.55 is unusually high compared to typical spending.
6932,197.52,StoreA,NORMAL,The amount $197.52 is typical for general spending behavior.
4431,247.45,StoreB,NORMAL,The amount $247.45 is typical for general spending behavior.
3128,47.07,StoreB,NORMAL,The amount $47.07 is typical for general spending behavior.
3430,204.81,StoreC,NORMAL,The amount $204.81 is typical for general spending behavior.
2046,101.25,StoreA,NORMAL,The amount $101.25 is typical for general spending behavior.
1462,215.67,StoreA,NORMAL,The amount $215.67 is typical for general spending behavior.
8036,68.37,StoreB,NORMAL,The amount $68.37 is typical for general spending behavior.
9987,6814.51,StoreB,ANOMALY,The amount $6814.51 is unusually high compared to typical spending.
9055,201.57,StoreA,NORMAL,The amount $201.57 is typical for general spending behavior.
2868,247.35,StoreA,NORMAL,The amount $247.35 is typical for general spending behavior.
6719,2.07,StoreB,ANOMALY,The amount $2.07 is extremely small and may indicate refund fraud or abnormal activity.
8776,132.26,StoreB,NORMAL,The amount $132.26 is typical for general spending behavior.
5423,201.04,StoreC,NORMAL,The amount $201.04 is typical for general spending behavior.
5373,7000.44,StoreA,ANOMALY,The amount $7000.44 is unusually high compared to typical spending.
3620,108.5,StoreC,NORMAL,The amount $108.5 is typical for general spending behavior.
3273,1.73,StoreC,ANOMALY,The amount $1.73 is extremely small and may indicate refund fraud or abnormal activity.
4347,183.71,StoreC,NORMAL,The amount $183.71 is typical for general spending behavior.
5465,187.24,RareStoreX,ANOMALY,The location 'RareStoreX' is unusual compared to common transaction locations.
7683,244.14,StoreA,NORMAL,The amount $244.14 is typical for general spending behavior.
6950,309.01,StoreC,NORMAL,The amount $309.01 is typical for general spending behavior.
2070,3165.99,StoreA,ANOMALY,The amount $3165.99 is unusually high compared to typical spending.
3459,155.77,StoreA,NORMAL,The amount $155.77 is typical for general spending behavior.
5183,248.82,StoreB,NORMAL,The amount $248.82 is typical for general spending behavior.
9457,3.8,StoreA,ANOMALY,The amount $3.8 is extremely small and may indicate refund fraud or abnormal activity.
8082,276.0,StoreA,NORMAL,The amount $276.0 is typical for general spending behavior.
5945,118.82,StoreA,NORMAL,The amount $118.82 is typical for general spending behavior.
5277,275.06,StoreC,NORMAL,The amount $275.06 is typical for general spending behavior.
5901,118.48,StoreC,NORMAL,The amount $118.48 is typical for normal spending and does not indicate suspicious behavior.
9480,338.16,StoreA,NORMAL,The amount $338.16 is typical for general spending behavior.
8282,241.29,StoreA,NORMAL,The amount $241.29 is typical for general spending behavior.
9340,235.82,StoreA,NORMAL,The amount $235.82 is typical for general spending behavior.
6622,245.9,StoreC,NORMAL,The amount $245.9 is typical for general spending behavior.
1667,150.01,StoreC,NORMAL,The amount $150.01 is typical for general spending behavior.
1424,4.49,StoreA,ANOMALY,The amount $4.49 is extremely small and may indicate refund fraud or abnormal activity.
2862,213.09,RareStoreX,ANOMALY,The location 'RareStoreX' is unusual compared to common transaction locations.
4093,4.1,StoreA,ANOMALY,The amount $4.1 is extremely small and may indicate refund fraud or abnormal activity.
5924,105.34,StoreB,NORMAL,The amount $105.34 is typical for general spending behavior.
3160,304.96,StoreB,NORMAL,The amount $304.96 is typical for general spending behavior.
8095,199.36,StoreA,NORMAL,The amount $199.36 is typical for general spending behavior.
1906,267.25,StoreB,NORMAL,The amount $267.25 is typical for general spending behavior.
4280,142.72,StoreA,NORMAL,The amount $142.72 is typical for general spending behavior.
3284,4.99,StoreC,NORMAL,The amount $4.99 is typical for general spending behavior.
7406,242.12,StoreC,NORMAL,The amount $242.12 is typical for general spending behavior.
8710,6945.22,StoreB,ANOMALY,The amount $6945.22 is unusually high compared to typical spending.
3640,7680.63,StoreC,ANOMALY,The amount $7680.63 is unusually high compared to typical spending.
2834,160.5,StoreA,NORMAL,The amount $160.5 is typical for general spending behavior.
1885,2.0,StoreC,ANOMALY,The amount $2.0 is extremely small and may indicate refund fraud or abnormal activity.
8795,276.41,StoreB,NORMAL,The amount $276.41 is typical for general spending behavior.
7641,2402.65,StoreA,ANOMALY,The amount $2402.65 is unusually high compared to typical spending.
5864,257.4,StoreC,NORMAL,The amount $257.4 is typical for general spending behavior.
3802,5389.07,StoreA,ANOMALY,The amount $5389.07 is unusually high compared to typical spending.
2495,6455.61,StoreC,ANOMALY,The amount $6455.61 is unusually high compared to typical spending.
9824,122.78,StoreC,NORMAL,The amount $122.78 is typical for normal spending and does not indicate suspicious behavior.
1968,299.82,StoreB,NORMAL,The amount $299.82 is typical for general spending behavior.
7249,148.68,StoreA,NORMAL,The amount $148.68 is typical for general spending behavior.
6311,115.48,StoreB,NORMAL,The amount $115.48 is typical for general spending behavior.
9252,320.11,StoreC,NORMAL,The amount $320.11 is typical for general spending behavior.
8238,84.11,StoreC,NORMAL,The amount $84.11 is typical for general spending behavior.
7665,86.57,StoreA,NORMAL,The amount $86.57 is typical for normal spending and does not indicate suspicious behavior.
9991,415.44,StoreC,NORMAL,The amount $415.44 is typical for general spending behavior.
2957,2.1,StoreC,ANOMALY,The amount $2.1 is extremely small and may indicate refund fraud or abnormal activity.
5477,141.76,StoreA,NORMAL,The amount $141.76 is typical for general spending behavior.
9353,164.36,StoreC,NORMAL,The amount $164.36 is typical for general spending behavior.
9216,161.69,StoreA,NORMAL,The amount $161.69 is typical for general spending behavior.
7884,254.69,StoreC,NORMAL,The amount $254.69 is typical for general spending behavior.
8631,128.27,StoreC,NORMAL,The amount $128.27 is typical for general spending behavior.
7937,142.36,StoreA,NORMAL,The amount $142.36 is typical for normal spending and does not indicate suspicious behavior.
4720,228.57,StoreA,NORMAL,The amount $228.57 is typical for general spending behavior.
8962,151.4,StoreB,NORMAL,The amount $151.4 is typical for general spending behavior.
2794,319.68,StoreC,NORMAL,The amount $319.68 is typical for general spending behavior.
4749,98.4,StoreA,NORMAL,The amount $98.4 is typical for general spending behavior.
2712,6392.59,StoreB,ANOMALY,The amount $6392.59 is unusually high compared to typical spending.
1298,212.03,StoreC,NORMAL,The amount $212.03 is typical for general spending behavior.
7310,162.01,StoreB,NORMAL,The amount $162.01 is typical for general spending behavior.
4174,2903.24,StoreC,ANOMALY,The amount $2903.24 is unusually high compared to typical spending.
6574,198.05,StoreB,NORMAL,The amount $198.05 is typical for general spending behavior.
2473,93.57,StoreC,NORMAL,The amount $93.57 is typical for general spending behavior.
5656,241.25,StoreC,NORMAL,The amount $241.25 is typical for general spending behavior.
8728,191.45,RareStoreX,ANOMALY,The location 'RareStoreX' is unusual compared to common transaction locations.
2524,217.32,StoreC,NORMAL,The amount $217.32 is typical for general spending behavior.
1233,212.8,StoreA,NORMAL,The amount $212.8 is typical for general spending behavior.
5050,284.31,StoreB,NORMAL,The amount $284.31 is typical for general spending behavior.
8876,189.24,StoreC,NORMAL,The amount $189.24 is typical for general spending behavior.
7240,5928.87,StoreA,ANOMALY,The amount $5928.87 is unusually high compared to typical spending.
1977,7918.56,StoreB,ANOMALY,The amount $7918.56 is unusually high compared to typical spending.
4377,90.42,StoreC,NORMAL,The amount $90.42 is typical for general spending behavior.
7865,154.38,StoreA,NORMAL,The amount $154.38 is typical for normal spending and does not indicate suspicious behavior.
5030,122.39,StoreC,NORMAL,The amount $122.39 is typical for general spending behavior.
6684,116.81,StoreC,NORMAL,The amount $116.81 is typical for general spending behavior.
4215,284.3,StoreB,NORMAL,The amount $284.3 is typical for general spending behavior.
2742,7190.9,StoreC,ANOMALY,The amount $7190.9 is unusually high compared to typical spending.
3867,514.1,StoreA,NORMAL,The amount $514.1 is typical for general spending behavior.
6644,271.63,StoreA,NORMAL,The amount $271.63 is typical for general spending behavior.
7553,128.98,StoreB,NORMAL,The amount $128.98 is typical for general spending behavior.
1048,214.5,StoreB,NORMAL,The amount $214.5 is typical for general spending behavior.
2482,182.75,StoreB,NORMAL,The amount $182.75 is typical for general spending behavior.
3102,181.65,StoreC,NORMAL,The amount $181.65 is typical for general spending behavior.
4774,257.59,RareStoreX,ANOMALY,The location 'RareStoreX' is unusual compared to common transaction locations.
1494,146.53,StoreA,NORMAL,The amount $146.53 is typical for general spending behavior.
4343,244.27,StoreC,NORMAL,The amount $244.27 is typical for general spending behavior.
8287,170.43,StoreA,NORMAL,The amount $170.43 is typical for general spending behavior.
7152,4402.36,StoreC,ANOMALY,The amount $4402.36 is unusually high compared to typical spending.
3108,151.06,StoreB,NORMAL,The amount $151.06 is typical for general spending behavior.
9168,118.3,StoreA,NORMAL,The amount $118.3 is typical for general spending behavior.
7035,227.08,StoreC,NORMAL,The amount $227.08 is typical for general spending behavior.
5590,6377.06,StoreC,ANOMALY,The amount $6377.06 is unusually high compared to typical spending.
2160,1.41,StoreB,ANOMALY,The amount $1.41 is extremely small and may indicate refund fraud or abnormal activity.
9934,273.31,StoreA,NORMAL,The amount $273.31 is typical for general spending behavior.
6988,261.39,StoreC,NORMAL,The amount $261.39 is typical for general spending behavior.
9890,174.54,StoreB,NORMAL,The amount $174.54 is typical for general spending behavior.
5710,341.24,StoreB,NORMAL,The amount $341.24 is typical for general spending behavior.
8631,336.94,StoreC,NORMAL,The amount $336.94 is typical for general spending behavior.
5521,311.36,StoreC,NORMAL,The amount $311.36 is typical for general spending behavior.
9959,295.25,StoreB,NORMAL,The amount $295.25 is typical for general spending behavior.
2389,152.61,StoreC,NORMAL,The amount $152.61 is typical for general spending behavior.
7406,7904.84,StoreC,ANOMALY,The amount $7904.84 is unusually high compared to typical spending.
2763,402.15,StoreC,NORMAL,The amount $402.15 is typical for general spending behavior.
6743,6123.66,StoreC,ANOMALY,The amount $6123.66 is unusually high compared to typical spending.
2129,275.26,StoreB,NORMAL,The amount $275.26 is typical for general spending behavior.
6696,206.82,StoreB,NORMAL,The amount $206.82 is typical for general spending behavior.
3149,200.41,StoreB,NORMAL,The amount $200.41 is typical for general spending behavior.
5416,148.25,StoreA,NORMAL,The amount $148.25 is typical for general spending behavior.
5507,5491.93,StoreB,ANOMALY,The amount $5491.93 is unusually high compared to typical spending.
8730,259.53,StoreA,NORMAL,The amount $259.53 is typical for general spending behavior.
3159,7643.49,StoreC,ANOMALY,The amount $7643.49 is unusually high compared to typical spending.
1873,239.65,StoreB,NORMAL,The amount $239.65 is typical for general spending behavior.
3348,3748.63,StoreA,ANOMALY,The amount $3748.63 is unusually high compared to typical spending.
5619,100.34,StoreB,NORMAL,The amount $100.34 is typical for general spending behavior.
9296,195.55,StoreA,NORMAL,The amount $195.55 is typical for general spending behavior.
1294,2000.71,StoreA,ANOMALY,The amount $2000.71 is unusually high compared to typical spending.
8234,162.09,StoreB,NORMAL,The amount $162.09 is typical for general spending behavior.
1995,4425.98,StoreC,ANOMALY,The amount $4425.98 is unusually high compared to typical spending.
6310,115.49,RareStoreX,ANOMALY,The location 'RareStoreX' is unusual compared to common transaction locations.
4196,228.91,StoreA,NORMAL,The amount $228.91 is typical for general spending behavior.
9406,6917.11,StoreC,ANOMALY,The amount $6917.11 is unusually high compared to typical spending.
3627,199.26,StoreC,NORMAL,The amount $199.26 is typical for general spending behavior.
4587,209.05,StoreC,NORMAL,The amount $209.05 is typical for general spending behavior.
8958,5137.75,StoreC,ANOMALY,The amount $5137.75 is unusually high compared to typical spending.
1078,371.52,StoreC,NORMAL,The amount $371.52 is typical for general spending behavior.
2110,131.11,StoreB,NORMAL,The amount $131.11 is typical for general spending behavior.
5080,176.48,StoreB,NORMAL,The amount $176.48 is typical for general spending behavior.
5644,224.14,StoreC,NORMAL,The amount $224.14 is typical for general spending behavior.
8226,223.1,StoreB,NORMAL,The amount $223.1 is typical for general spending behavior.
6935,76.11,StoreB,NORMAL,The amount $76.11 is typical for general spending behavior.
8036,0.76,StoreA,ANOMALY,The amount $0.76 is extremely small and may indicate refund fraud or abnormal activity.
6432,242.38,StoreA,NORMAL,The amount $242.38 is typical for general spending behavior.
3731,339.11,StoreA,NORMAL,The amount $339.11 is typical for general spending behavior.
9907,7260.08,StoreA,ANOMALY,The amount $7260.08 is unusually high compared to typical spending.
8498,133.19,StoreC,NORMAL,The amount $133.19 is typical for general spending behavior.
3328,313.79,StoreC,NORMAL,The amount $313.79 is typical for general spending behavior.
9289,201.0,StoreA,NORMAL,The amount $201.0 is typical for general spending behavior.
4626,228.85,StoreB,NORMAL,The amount $228.85 is typical for general spending behavior.
4042,5202.45,StoreB,ANOMALY,The amount $5202.45 is unusually high compared to typical spending.
1704,203.16,StoreC,NORMAL,The amount $203.16 is typical for general spending behavior.
5142,1.72,StoreB,ANOMALY,The amount $1.72 is extremely small and may indicate refund fraud or abnormal activity.
1132,3.31,StoreA,ANOMALY,The amount $3.31 is extremely small and may indicate refund fraud or abnormal activity.
3582,298.4,StoreC,NORMAL,The amount $298.4 is typical for general spending behavior.
9080,157.93,StoreB,NORMAL,The amount $157.93 is typical for general spending behavior.
2821,3579.33,StoreA,ANOMALY,The amount $3579.33 is unusually high compared to typical spending.
6834,1.39,StoreB,ANOMALY,The amount $1.39 is extremely small and may indicate refund fraud or abnormal activity.
5238,86.08,StoreC,NORMAL,The amount $86.08 is typical for general spending behavior.
7190,282.89,StoreC,NORMAL,The amount $282.89 is typical for general spending behavior.
3019,138.19,StoreC,NORMAL,The amount $138.19 is typical for general spending behavior.
6789,113.19,StoreA,NORMAL,The amount $113.19 is typical for general spending behavior.
3320,298.42,StoreC,NORMAL,The amount $298.42 is typical for general spending behavior.
7050,305.46,StoreA,NORMAL,The amount $305.46 is typical for general spending behavior.
3810,271.77,StoreB,NORMAL,The amount $271.77 is typical for general spending behavior.
1671,276.02,StoreC,NORMAL,The amount $276.02 is typical for general spending behavior.
3166,121.7,StoreC,NORMAL,The amount $121.7 is typical for general spending behavior.
4650,170.76,StoreA,NORMAL,The amount $170.76 is typical for general spending behavior.
8329,218.2,StoreA,NORMAL,The amount $218.2 is typical for general spending behavior.
4768,216.67,StoreB,NORMAL,The amount $216.67 is typical for general spending behavior.
9378,314.91,StoreA,NORMAL,The amount $314.91 is typical for general spending behavior.
2100,215.18,StoreA,NORMAL,The amount $215.18 is typical for general spending behavior.
7635,248.17,StoreA,NORMAL,The amount $248.17 is typical for general spending behavior.
6999,2667.77,StoreC,ANOMALY,The amount $2667.77 is unusually high compared to typical spending.
4548,155.0,StoreC,NORMAL,The amount $155.0 is typical for general spending behavior.
7544,3561.7,StoreB,ANOMALY,The amount $3561.7 is unusually high compared to typical spending.
8964,253.57,StoreB,NORMAL,The amount $253.57 is typical for general spending behavior.
8257,4138.19,StoreA,ANOMALY,The amount $4138.19 is unusually high compared to typical spending.
8548,341.66,StoreC,NORMAL,The amount $341.66 is typical for general spending behavior.
3775,319.19,StoreC,NORMAL,The amount $319.19 is typical for general spending behavior.
3398,266.26,StoreA,NORMAL,The amount $266.26 is typical for general spending behavior.
9859,297.05,StoreC,NORMAL,The amount $297.05 is typical for general spending behavior.
6984,228.62,StoreA,NORMAL,The amount $228.62 is typical for general spending behavior.
6794,253.31,StoreA,NORMAL,The amount $253.31 is typical for general spending behavior.
4666,266.75,OutlierMallY,ANOMALY,The location 'OutlierMallY' is unusual compared to common transaction locations.
9594,42.99,StoreA,NORMAL,The amount $42.99 is typical for general spending behavior.
3886,169.03,StoreB,NORMAL,The amount $169.03 is typical for general spending behavior.
8012,148.32,StoreA,NORMAL,The amount $148.32 is typical for general spending behavior.
7792,46.5,StoreB,NORMAL,The amount $46.5 is typical for general spending behavior.
8400,176.36,StoreC,NORMAL,The amount $176.36 is typical for general spending behavior.
4909,211.61,StoreB,NORMAL,The amount $211.61 is typical for general spending behavior.
9500,69.5,StoreA,NORMAL,The amount $69.5 is typical for general spending behavior.
6062,202.3,StoreA,NORMAL,The amount $202.3 is typical for general spending behavior.
8989,227.97,StoreC,NORMAL,The amount $227.97 is typical for general spending behavior.
6620,2315.93,StoreC,ANOMALY,The amount $2315.93 is unusually high compared to typical spending.
8762,193.01,StoreB,NORMAL,The amount $193.01 is typical for general spending behavior.
9338,190.32,StoreA,NORMAL,The amount $190.32 is typical for general spending behavior.
5300,134.96,StoreB,NORMAL,The amount $134.96 is typical for general spending behavior.
2408,122.86,StoreB,NORMAL,The amount $122.86 is typical for general spending behavior.
4695,186.95,StoreB,NORMAL,The amount $186.95 is typical for general spending behavior.
1467,3700.81,StoreC,ANOMALY,The amount $3700.81 is unusually high compared to typical spending.
8127,111.61,StoreB,NORMAL,The amount $111.61 is typical for general spending behavior.
7208,7416.96,StoreC,ANOMALY,The amount $7416.96 is unusually high compared to typical spending.
3888,276.25,StoreC,NORMAL,The amount $276.25 is typical for general spending behavior.
8965,152.81,StoreB,NORMAL,The amount $152.81 is typical for general spending behavior.
1571,7295.69,StoreC,ANOMALY,The amount $7295.69 is unusually high compared to typical spending.
2762,4.95,StoreB,ANOMALY,The amount $4.95 is extremely small and may indicate refund fraud or abnormal activity.
7035,151.89,StoreA,NORMAL,The amount $151.89 is typical for general spending behavior.
4957,210.55,StoreA,NORMAL,The amount $210.55 is typical for general spending behavior.
3934,251.27,StoreB,NORMAL,The amount $251.27 is typical for general spending behavior.
3846,231.47,StoreA,NORMAL,The amount $231.47 is typical for general spending behavior.
5134,383.91,StoreB,NORMAL,The amount $383.91 is typical for general spending behavior.
4293,258.06,StoreB,NORMAL,The amount $258.06 is typical for general spending behavior.
2828,0.55,StoreC,ANOMALY,The amount $0.55 is extremely small and may indicate refund fraud or abnormal activity.
5555,208.91,StoreA,NORMAL,The amount $208.91 is typical for general spending behavior.
2721,51.37,StoreC,NORMAL,The amount $51.37 is typical for general spending behavior.
5661,108.56,StoreA,NORMAL,The amount $108.56 is typical for general spending behavior.
2079,236.54,StoreC,NORMAL,The amount $236.54 is typical for general spending behavior.
9207,215.95,OutlierMallY,ANOMALY,The location 'OutlierMallY' is unusual compared to common transaction locations.
3416,185.67,StoreC,NORMAL,The amount $185.67 is typical for general spending behavior.
8482,192.87,StoreC,NORMAL,The amount $192.87 is typical for general spending behavior.
1660,125.89,StoreA,NORMAL,The amount $125.89 is typical for general spending behavior.
4095,233.62,StoreB,NORMAL,The amount $233.62 is typical for general spending behavior.
5060,265.06,StoreC,NORMAL,The amount $265.06 is typical for general spending behavior.
1625,222.66,StoreB,NORMAL,The amount $222.66 is typical for general spending behavior.
8910,158.94,StoreC,NORMAL,The amount $158.94 is typical for general spending behavior.
6563,254.23,StoreB,NORMAL,The amount $254.23 is typical for general spending behavior.
1178,4.26,StoreC,ANOMALY,The amount $4.26 is extremely small and may indicate refund fraud or abnormal activity.
8135,372.25,StoreB,NORMAL,The amount $372.25 is typical for general spending behavior.
5310,2860.52,StoreA,ANOMALY,The amount $2860.52 is unusually high compared to typical spending.
5492,262.55,StoreB,NORMAL,The amount $262.55 is typical for general spending behavior.
6720,201.01,StoreC,NORMAL,The amount $201.01 is typical for general spending behavior.
5559,404.66,StoreB,NORMAL,The amount $404.66 is typical for general spending behavior.
4902,4.37,StoreB,ANOMALY,The amount $4.37 is extremely small and may indicate refund fraud or abnormal activity.
1340,199.02,StoreA,NORMAL,The amount $199.02 is typical for general spending behavior.
3847,208.35,StoreB,NORMAL,The amount $208.35 is typical for general spending behavior.
8675,4682.37,StoreB,ANOMALY,The amount $4682.37 is unusually high compared to typical spending.
1437,202.73,StoreB,NORMAL,The amount $202.73 is typical for general spending behavior.
5211,254.52,StoreA,NORMAL,The amount $254.52 is typical for general spending behavior.
5299,225.85,StoreA,NORMAL,The amount $225.85 is typical for general spending behavior.
3186,218.02,StoreC,NORMAL,The amount $218.02 is typical for general spending behavior.
8702,6048.09,StoreB,ANOMALY,The amount $6048.09 is unusually high compared to typical spending.
7941,143.99,StoreC,NORMAL,The amount $143.99 is typical for general spending behavior.
3486,231.09,StoreC,NORMAL,The amount $231.09 is typical for general spending behavior.
3606,184.8,StoreA,NORMAL,The amount $184.8 is typical for normal spending and does not indicate suspicious behavior.
1731,166.92,StoreB,NORMAL,The amount $166.92 is typical for general spending behavior.
3248,4603.74,StoreC,ANOMALY,The amount $4603.74 is unusually high compared to typical spending.
1990,171.1,StoreA,NORMAL,The amount $171.1 is typical for general spending behavior.
4744,52.24,StoreC,NORMAL,The amount $52.24 is typical for normal spending and does not indicate suspicious behavior.
5649,246.89,StoreA,NORMAL,The amount $246.89 is typical for general spending behavior.
9649,67.11,StoreB,NORMAL,The amount $67.11 is typical for general spending behavior.
2629,351.78,StoreA,NORMAL,The amount $351.78 is typical for general spending behavior.
7597,177.51,StoreA,NORMAL,The amount $177.51 is typical for general spending behavior.
6435,338.88,StoreC,NORMAL,The amount $338.88 is typical for general spending behavior.
5131,241.22,StoreC,NORMAL,The amount $241.22 is typical for general spending behavior.
6543,136.0,StoreC,NORMAL,The amount $136.0 is typical for general spending behavior.
8073,224.61,StoreB,NORMAL,The amount $224.61 is typical for general spending behavior.
8492,375.18,StoreC,NORMAL,The amount $375.18 is typical for general spending behavior.
2447,340.43,StoreC,NORMAL,The amount $340.43 is typical for general spending behavior.
9149,3167.8,StoreC,ANOMALY,The amount $3167.8 is unusually high compared to typical spending.
7861,256.67,StoreA,NORMAL,The amount $256.67 is typical for general spending behavior.
5228,104.83,StoreC,NORMAL,The amount $104.83 is typical for general spending behavior.
3051,166.08,StoreB,NORMAL,The amount $166.08 is typical for normal spending and does not indicate suspicious behavior.
3349,259.78,StoreC,NORMAL,The amount $259.78 is typical for general spending behavior.
5393,171.52,StoreC,NORMAL,The amount $171.52 is typical for normal spending and does not indicate suspicious behavior.
4622,113.51,StoreA,NORMAL,The amount $113.51 is typical for general spending behavior.
5542,198.69,StoreA,NORMAL,The amount $198.69 is typical for general spending behavior.
9831,109.38,StoreB,NORMAL,The amount $109.38 is typical for general spending behavior.
7718,32.56,StoreC,NORMAL,The amount $32.56 is typical for general spending behavior.
1870,201.94,StoreC,NORMAL,The amount $201.94 is typical for general spending behavior.
8511,73.96,StoreC,NORMAL,The amount $73.96 is typical for normal spending and does not indicate suspicious behavior.
8647,274.09,StoreC,NORMAL,The amount $274.09 is typical for general spending behavior.
9613,87.47,StoreA,NORMAL,The amount $87.47 is typical for general spending behavior.
9759,265.24,StoreB,NORMAL,The amount $265.24 is typical for general spending behavior.
4485,71.55,StoreA,NORMAL,The amount $71.55 is typical for normal spending and does not indicate suspicious behavior.
9174,7549.29,StoreC,ANOMALY,The amount $7549.29 is unusually high compared to typical spending.
1486,108.56,StoreA,NORMAL,The amount $108.56 is typical for general spending behavior.
6901,246.75,StoreC,NORMAL,The amount $246.75 is typical for general spending behavior.
2149,268.77,StoreA,NORMAL,The amount $268.77 is typical for general spending behavior.
6769,123.93,StoreC,NORMAL,The amount $123.93 is typical for general spending behavior.
6544,174.78,StoreA,NORMAL,The amount $174.78 is typical for general spending behavior.
9733,280.76,StoreC,NORMAL,The amount $280.76 is typical for general spending behavior.
8743,253.64,StoreB,NORMAL,The amount $253.64 is typical for general spending behavior.
1726,220.62,StoreB,NORMAL,The amount $220.62 is typical for general spending behavior.
5231,7447.78,StoreC,ANOMALY,The amount $7447.78 is unusually high compared to typical spending.
9411,4149.45,StoreC,ANOMALY,The amount $4149.45 is unusually high compared to typical spending.
2098,188.94,StoreA,NORMAL,The amount $188.94 is typical for general spending behavior.
8018,225.05,StoreC,NORMAL,The amount $225.05 is typical for general spending behavior.
8043,168.81,StoreA,NORMAL,The amount $168.81 is typical for general spending behavior.
2081,7208.89,StoreC,ANOMALY,The amount $7208.89 is unusually high compared to typical spending.
1370,148.52,StoreB,NORMAL,The amount $148.52 is typical for normal spending and does not indicate suspicious behavior.
3473,217.86,StoreB,NORMAL,The amount $217.86 is typical for general spending behavior.
5799,3071.65,StoreC,ANOMALY,The amount $3071.65 is unusually high compared to typical spending.
1673,2132.77,StoreA,ANOMALY,The amount $2132.77 is unusually high compared to typical spending.
5942,223.73,StoreC,NORMAL,The amount $223.73 is typical for general spending behavior.
1391,410.59,StoreB,NORMAL,The amount $410.59 is typical for general spending behavior.
3015,179.81,StoreA,NORMAL,The amount $179.81 is typical for general spending behavior.
8073,98.64,StoreC,NORMAL,The amount $98.64 is typical for normal spending and does not indicate suspicious behavior.
7490,6871.93,StoreC,ANOMALY,The amount $6871.93 is unusually high compared to typical spending.
5228,273.43,StoreA,NORMAL,The amount $273.43 is typical for general spending behavior.
6607,118.79,StoreC,NORMAL,The amount $118.79 is typical for general spending behavior.
4244,4.3,StoreA,ANOMALY,The amount $4.3 is extremely small and may indicate refund fraud or abnormal activity.
5570,261.46,StoreB,NORMAL,The amount $261.46 is typical for general spending behavior.
1106,6022.42,StoreB,ANOMALY,The amount $6022.42 is unusually high compared to typical spending.
2992,178.27,StoreC,NORMAL,The amount $178.27 is typical for normal spending and does not indicate suspicious behavior.
9852,5390.0,StoreB,ANOMALY,The amount $5390.0 is unusually high compared to typical spending.
9813,4.97,StoreC,ANOMALY,The amount $4.97 is extremely small and may indicate refund fraud or abnormal activity.
9599,170.22,OutlierMallY,ANOMALY,The location 'OutlierMallY' is unusual compared to common transaction locations.
2105,233.75,StoreC,NORMAL,The amount $233.75 is typical for general spending behavior.
2400,122.56,StoreC,NORMAL,The amount $122.56 is typical for general spending behavior.
5086,5259.27,StoreC,ANOMALY,The amount $5259.27 is unusually high compared to typical spending.
5115,176.74,StoreA,NORMAL,The amount $176.74 is typical for normal spending and does not indicate suspicious behavior.
1581,164.82,StoreB,NORMAL,The amount $164.82 is typical for general spending behavior.
5008,183.8,StoreA,NORMAL,The amount $183.8 is typical for general spending behavior.
5854,3.74,StoreB,ANOMALY,The amount $3.74 is extremely small and may indicate refund fraud or abnormal activity.
4627,241.13,StoreA,NORMAL,The amount $241.13 is typical for general spending behavior.
5975,138.16,StoreA,NORMAL,The amount $138.16 is typical for general spending behavior.
1868,302.73,StoreA,NORMAL,The amount $302.73 is typical for general spending behavior.
8965,181.94,StoreB,NORMAL,The amount $181.94 is typical for general spending behavior.
2647,5796.0,StoreB,ANOMALY,The amount $5796.0 is unusually high compared to typical spending.
3370,162.0,StoreA,NORMAL,The amount $162.0 is typical for general spending behavior.
6720,70.7,StoreC,NORMAL,The amount $70.7 is typical for general spending behavior.
7370,117.18,StoreB,NORMAL,The amount $117.18 is typical for general spending behavior.
9893,195.66,StoreC,NORMAL,The amount $195.66 is typical for general spending behavior.
1553,109.64,OutlierMallY,ANOMALY,The location 'OutlierMallY' is unusual compared to common transaction locations.
1879,217.06,StoreB,NORMAL,The amount $217.06 is typical for general spending behavior.
6487,72.47,StoreA,NORMAL,The amount $72.47 is typical for normal spending and does not indicate suspicious behavior.
4258,366.14,StoreC,NORMAL,The amount $366.14 is typical for general spending behavior.
6425,202.4,StoreC,NORMAL,The amount $202.4 is typical for general spending behavior.
8835,3864.01,StoreA,ANOMALY,The amount $3864.01 is unusually high compared to typical spending.
3047,217.39,StoreC,NORMAL,The amount $217.39 is typical for general spending behavior.
6423,137.44,StoreC,NORMAL,The amount $137.44 is typical for general spending behavior.
2539,201.85,OutlierMallY,ANOMALY,The location 'OutlierMallY' is unusual compared to common transaction locations.
2326,5043.44,StoreA,ANOMALY,The amount $5043.44 is unusually high compared to typical spending.
4932,234.58,StoreB,NORMAL,The amount $234.58 is typical for general spending behavior.
4446,60.34,StoreB,NORMAL,The amount $60.34 is typical for general spending behavior.
7791,188.47,StoreC,NORMAL,The amount $188.47 is typical for general spending behavior.
1599,6383.19,StoreB,ANOMALY,The amount $6383.19 is unusually high compared to typical spending.
2618,194.51,StoreC,NORMAL,The amount $194.51 is typical for general spending behavior.
9520,165.38,StoreB,NORMAL,The amount $165.38 is typical for general spending behavior.
2325,290.13,StoreA,NORMAL,The amount $290.13 is typical for general spending behavior.
1711,327.45,StoreA,NORMAL,The amount $327.45 is typical for general spending behavior.
8863,198.12,StoreB,NORMAL,The amount $198.12 is typical for general spending behavior.
9914,173.09,StoreB,NORMAL,The amount $173.09 is typical for general spending behavior.
5277,86.77,StoreB,NORMAL,The amount $86.77 is typical for normal spending and does not indicate suspicious behavior.
2257,214.51,StoreC,NORMAL,The amount $214.51 is typical for general spending behavior.
2941,147.83,StoreA,NORMAL,The amount $147.83 is typical for general spending behavior.
2179,227.04,StoreC,NORMAL,The amount $227.04 is typical for general spending behavior.
7205,226.33,StoreC,NORMAL,The amount $226.33 is typical for general spending behavior.
1543,196.15,StoreB,NORMAL,The amount $196.15 is typical for general spending behavior.
3451,6944.18,StoreA,ANOMALY,The amount $6944.18 is unusually high compared to typical spending.
3926,135.25,StoreA,NORMAL,The amount $135.25 is typical for general spending behavior.
9034,1.34,StoreA,ANOMALY,The amount $1.34 is extremely small and may indicate refund fraud or abnormal activity.
6131,206.96,StoreA,NORMAL,The amount $206.96 is typical for general spending behavior.
7686,226.23,StoreB,NORMAL,The amount $226.23 is typical for general spending behavior.
2486,3754.42,StoreA,ANOMALY,The amount $3754.42 is unusually high compared to typical spending.
1763,163.62,StoreB,NORMAL,The amount $163.62 is typical for general spending behavior.
8861,3834.34,StoreB,ANOMALY,The amount $3834.34 is unusually high compared to typical spending.
4632,188.83,StoreC,NORMAL,The amount $188.83 is typical for general spending behavior.
7567,6870.1,StoreC,ANOMALY,The amount $6870.1 is unusually high compared to typical spending.
6999,6232.6,StoreC,ANOMALY,The amount $6232.6 is unusually high compared to typical spending.
1307,279.84,StoreB,NORMAL,The amount $279.84 is typical for general spending behavior.
7668,244.24,StoreB,NORMAL,The amount $244.24 is typical for general spending behavior.
3301,3715.44,StoreA,ANOMALY,The amount $3715.44 is unusually high compared to typical spending.
9580,183.97,StoreA,NORMAL,The amount $183.97 is typical for general spending behavior.
8325,122.15,StoreC,NORMAL,The amount $122.15 is typical for general spending behavior.
5121,217.02,StoreC,NORMAL,The amount $217.02 is typical for general spending behavior.
8549,187.9,StoreB,NORMAL,The amount $187.9 is typical for general spending behavior.
5316,308.45,StoreC,NORMAL,The amount $308.45 is typical for general spending behavior.
1149,7373.43,StoreA,ANOMALY,The amount $7373.43 is unusually high compared to typical spending.
5108,223.9,StoreC,NORMAL,The amount $223.9 is typical for general spending behavior.
6644,232.69,StoreB,NORMAL,The amount $232.69 is typical for general spending behavior.
3395,3949.95,StoreC,ANOMALY,The amount $3949.95 is unusually high compared to typical spending.
9055,239.97,StoreC,NORMAL,The amount $239.97 is typical for general spending behavior.
5271,226.5,StoreB,NORMAL,The amount $226.5 is typical for general spending behavior.
1081,229.77,StoreA,NORMAL,The amount $229.77 is typical for general spending behavior.
8429,183.32,StoreA,NORMAL,The amount $183.32 is typical for general spending behavior.
2689,245.65,StoreB,NORMAL,The amount $245.65 is typical for general spending behavior.
4167,276.54,StoreB,NORMAL,The amount $276.54 is typical for general spending behavior.
4377,129.66,StoreA,NORMAL,The amount $129.66 is typical for general spending behavior.
7182,251.07,StoreB,NORMAL,The amount $251.07 is typical for general spending behavior.
5825,185.95,StoreC,NORMAL,The amount $185.95 is typical for general spending behavior.
4407,100.34,StoreC,NORMAL,The amount $100.34 is typical for general spending behavior.
7917,2.88,StoreB,ANOMALY,The amount $2.88 is extremely small and may indicate refund fraud or abnormal activity.
6664,200.04,StoreC,NORMAL,The amount $200.04 is typical for general spending behavior.
5094,3759.6,StoreB,ANOMALY,The amount $3759.6 is unusually high compared to typical spending.
1665,105.91,StoreA,NORMAL,The amount $105.91 is typical for general spending behavior.
7715,5463.87,StoreB,ANOMALY,The amount $5463.87 is unusually high compared to typical spending.
1506,10.27,StoreB,NORMAL,The amount $10.27 is typical for general spending behavior.
6905,318.78,OutlierMallY,ANOMALY,The location 'OutlierMallY' is unusual compared to common transaction locations.
6480,4366.06,StoreA,ANOMALY,The amount $4366.06 is unusually high compared to typical spending.
7300,296.03,StoreB,NORMAL,The amount $296.03 is typical for general spending behavior.
3873,274.75,StoreA,NORMAL,The amount $274.75 is typical for general spending behavior.
4209,4785.62,StoreC,ANOMALY,The amount $4785.62 is unusually high compared to typical spending.
3416,4.72,StoreC,ANOMALY,The amount $4.72 is extremely small and may indicate refund fraud or abnormal activity.
1530,3.22,StoreC,ANOMALY,The amount $3.22 is extremely small and may indicate refund fraud or abnormal activity.
8928,145.78,StoreC,NORMAL,The amount $145.78 is typical for general spending behavior.
7648,1.95,StoreB,ANOMALY,The amount $1.95 is extremely small and may indicate refund fraud or abnormal activity.
5169,240.69,StoreA,NORMAL,The amount $240.69 is typical for general spending behavior.
5184,204.79,StoreB,NORMAL,The amount $204.79 is typical for general spending behavior.
8855,232.34,StoreA,NORMAL,The amount $232.34 is typical for general spending behavior.
5757,3562.36,StoreB,ANOMALY,The amount $3562.36 is unusually high compared to typical spending.
4115,168.52,StoreA,NORMAL,The amount $168.52 is typical for normal spending and does not indicate suspicious behavior.
4677,257.79,StoreC,NORMAL,The amount $257.79 is typical for general spending behavior.
5207,73.42,RareStoreX,ANOMALY,The location 'RareStoreX' is unusual compared to common transaction locations.
5784,201.18,StoreB,NORMAL,The amount $201.18 is typical for general spending behavior.
1092,116.92,StoreA,NORMAL,The amount $116.92 is typical for general spending behavior.
4888,104.51,StoreA,NORMAL,The amount $104.51 is typical for general spending behavior.
2487,180.84,StoreA,NORMAL,The amount $180.84 is typical for general spending behavior.
3239,289.68,StoreA,NORMAL,The amount $289.68 is typical for general spending behavior.
6528,26.13,RareStoreX,ANOMALY,The location 'RareStoreX' is unusual compared to common transaction locations.
2613,193.77,StoreC,NORMAL,The amount $193.77 is typical for general spending behavior.
8937,136.76,StoreC,NORMAL,The amount $136.76 is typical for general spending behavior.
7107,29.15,StoreB,NORMAL,The amount $29.15 is typical for general spending behavior.
5348,363.37,StoreB,NORMAL,The amount $363.37 is typical for general spending behavior.
4675,49.88,StoreB,NORMAL,The amount $49.88 is typical for general spending behavior.
1479,136.36,StoreB,NORMAL,The amount $136.36 is typical for general spending behavior.
6756,209.81,StoreC,NORMAL,The amount $209.81 is typical for general spending behavior.
5326,288.26,StoreC,NORMAL,The amount $288.26 is typical for general spending behavior.
2811,72.63,StoreB,NORMAL,The amount $72.63 is typical for normal spending and does not indicate suspicious behavior.
8813,207.47,StoreC,NORMAL,The amount $207.47 is typical for general spending behavior.
4936,135.82,StoreA,NORMAL,The amount $135.82 is typical for general spending behavior.
4319,230.33,StoreC,NORMAL,The amount $230.33 is typical for general spending behavior.
2573,305.7,StoreB,NORMAL,The amount $305.7 is typical for general spending behavior.
7054,334.11,StoreB,NORMAL,The amount $334.11 is typical for general spending behavior.
1390,5223.23,StoreA,ANOMALY,The amount $5223.23 is unusually high compared to typical spending.
3282,326.25,StoreA,NORMAL,The amount $326.25 is typical for general spending behavior.
8732,292.48,RareStoreX,ANOMALY,The location 'RareStoreX' is unusual compared to common transaction locations.
8740,197.96,StoreB,NORMAL,The amount $197.96 is typical for general spending behavior.
2744,4138.36,StoreB,ANOMALY,The amount $4138.36 is unusually high compared to typical spending.
6228,211.85,StoreC,NORMAL,The amount $211.85 is typical for general spending behavior.
7609,409.66,StoreB,NORMAL,The amount $409.66 is typical for general spending behavior.
5483,191.23,StoreB,NORMAL,The amount $191.23 is typical for general spending behavior.
8265,213.97,StoreC,NORMAL,The amount $213.97 is typical for general spending behavior.
6715,195.12,StoreC,NORMAL,The amount $195.12 is typical for general spending behavior.
5526,3635.78,StoreA,ANOMALY,The amount $3635.78 is unusually high compared to typical spending.
3082,189.6,StoreB,NORMAL,The amount $189.6 is typical for general spending behavior.
4138,182.81,StoreB,NORMAL,The amount $182.81 is typical for general spending behavior.
4346,90.65,StoreB,NORMAL,The amount $90.65 is typical for general spending behavior.
7822,184.25,StoreA,NORMAL,The amount $184.25 is typical for general spending behavior.
7085,36.86,StoreC,NORMAL,The amount $36.86 is typical for general spending behavior.
3218,270.82,StoreB,NORMAL,The amount $270.82 is typical for general spending behavior.
5474,150.18,StoreC,NORMAL,The amount $150.18 is typical for general spending behavior.
6492,276.12,StoreA,NORMAL,The amount $276.12 is typical for general spending behavior.
1677,245.67,StoreC,NORMAL,The amount $245.67 is typical for general spending behavior.
7475,84.15,StoreC,NORMAL,The amount $84.15 is typical for general spending behavior.
9949,131.17,StoreB,NORMAL,The amount $131.17 is typical for general spending behavior.
7855,107.73,StoreB,NORMAL,The amount $107.73 is typical for general spending behavior.
7643,119.03,StoreC,NORMAL,The amount $119.03 is typical for general spending behavior.
9508,3438.87,StoreB,ANOMALY,The amount $3438.87 is unusually high compared to typical spending.
3612,182.28,StoreA,NORMAL,The amount $182.28 is typical for general spending behavior.
1422,4153.61,StoreA,ANOMALY,The amount $4153.61 is unusually high compared to typical spending.
5023,4.19,StoreB,ANOMALY,The amount $4.19 is extremely small and may indicate refund fraud or abnormal activity.
2883,268.77,StoreA,NORMAL,The amount $268.77 is typical for general spending behavior.
6599,126.14,StoreA,NORMAL,The amount $126.14 is typical for general spending behavior.
6071,3.87,StoreA,ANOMALY,The amount $3.87 is extremely small and may indicate refund fraud or abnormal activity.
1693,318.3,OutlierMallY,ANOMALY,The location 'OutlierMallY' is unusual compared to common transaction locations.
8891,191.26,StoreA,NORMAL,The amount $191.26 is typical for normal spending and does not indicate suspicious behavior.
3101,108.97,RareStoreX,ANOMALY,The location 'RareStoreX' is unusual compared to common transaction locations.
2577,7589.65,StoreA,ANOMALY,The amount $7589.65 is unusually high compared to typical spending.
2501,237.79,StoreA,NORMAL,The amount $237.79 is typical for general spending behavior.
5692,178.92,StoreB,NORMAL,The amount $178.92 is typical for general spending behavior.
2379,259.53,OutlierMallY,ANOMALY,The location 'OutlierMallY' is unusual compared to common transaction locations.
9357,162.68,StoreB,NORMAL,The amount $162.68 is typical for general spending behavior.
1974,221.73,StoreA,NORMAL,The amount $221.73 is typical for general spending behavior.
9974,215.78,StoreB,NORMAL,The amount $215.78 is typical for general spending behavior.
4621,273.53,StoreA,NORMAL,The amount $273.53 is typical for general spending behavior.
1912,85.65,StoreB,NORMAL,The amount $85.65 is typical for normal spending and does not indicate suspicious behavior.
5647,154.34,StoreB,NORMAL,The amount $154.34 is typical for general spending behavior.
8257,3518.25,StoreC,ANOMALY,The amount $3518.25 is unusually high compared to typical spending.
8466,6224.25,StoreC,ANOMALY,The amount $6224.25 is unusually high compared to typical spending.
1172,3532.19,StoreA,ANOMALY,The amount $3532.19 is unusually high compared to typical spending.
1064,5788.34,StoreC,ANOMALY,The amount $5788.34 is unusually high compared to typical spending.
1493,389.11,StoreA,NORMAL,The amount $389.11 is typical for general spending behavior.
7190,187.49,StoreA,NORMAL,The amount $187.49 is typical for normal spending and does not indicate suspicious behavior.
6328,293.88,StoreB,NORMAL,The amount $293.88 is typical for general spending behavior.
6147,62.01,StoreC,NORMAL,The amount $62.01 is typical for general spending behavior.
6801,149.78,StoreA,NORMAL,The amount $149.78 is typical for general spending behavior.
9581,282.78,RareStoreX,ANOMALY,The location 'RareStoreX' is unusual compared to common transaction locations.
2912,238.55,StoreA,NORMAL,The amount $238.55 is typical for general spending behavior.
3560,4.69,StoreB,ANOMALY,The amount $4.69 is extremely small and may indicate refund fraud or abnormal activity.
8926,265.75,StoreC,NORMAL,The amount $265.75 is typical for general spending behavior.
6740,158.78,StoreB,NORMAL,The amount $158.78 is typical for general spending behavior.
6856,272.49,RareStoreX,ANOMALY,The location 'RareStoreX' is unusual compared to common transaction locations.
4697,134.35,StoreC,NORMAL,The amount $134.35 is typical for general spending behavior.
1577,262.67,StoreC,NORMAL,The amount $262.67 is typical for general spending behavior.
8073,156.14,StoreA,NORMAL,The amount $156.14 is typical for general spending behavior.
8761,188.13,StoreA,NORMAL,The amount $188.13 is typical for normal spending and does not indicate suspicious behavior.
1837,155.56,StoreA,NORMAL,The amount $155.56 is typical for general spending behavior.
8126,343.62,StoreB,NORMAL,The amount $343.62 is typical for general spending behavior.
1497,195.53,StoreA,NORMAL,The amount $195.53 is typical for general spending behavior.
7041,309.64,StoreB,NORMAL,The amount $309.64 is typical for general spending behavior.
7668,248.73,StoreC,NORMAL,The amount $248.73 is typical for general spending behavior.
8879,276.96,StoreA,NORMAL,The amount $276.96 is typical for general spending behavior.
5494,7681.38,StoreC,ANOMALY,The amount $7681.38 is unusually high compared to typical spending.
6977,103.11,StoreC,NORMAL,The amount $103.11 is typical for general spending behavior.
1392,302.21,StoreA,NORMAL,The amount $302.21 is typical for general spending behavior.
5535,41.56,StoreB,NORMAL,The amount $41.56 is typical for general spending behavior.
2973,148.02,StoreB,NORMAL,The amount $148.02 is typical for general spending behavior.
3625,246.62,OutlierMallY,ANOMALY,The location 'OutlierMallY' is unusual compared to common transaction locations.
7391,303.25,StoreC,NORMAL,The amount $303.25 is typical for general spending behavior.
3709,373.2,StoreB,NORMAL,The amount $373.2 is typical for general spending behavior.
9556,202.78,StoreA,NORMAL,The amount $202.78 is typical for general spending behavior.
1567,93.38,StoreB,NORMAL,The amount $93.38 is typical for general spending behavior.
1148,2918.62,StoreC,ANOMALY,The amount $2918.62 is unusually high compared to typical spending.
7049,150.7,StoreA,NORMAL,The amount $150.7 is typical for normal spending and does not indicate suspicious behavior.
1781,344.35,StoreB,NORMAL,The amount $344.35 is typical for general spending behavior.
9502,292.87,StoreA,NORMAL,The amount $292.87 is typical for general spending behavior.
2754,291.88,StoreB,NORMAL,The amount $291.88 is typical for general spending behavior.
7985,138.17,StoreA,NORMAL,The amount $138.17 is typical for general spending behavior.
3016,206.89,StoreA,NORMAL,The amount $206.89 is typical for general spending behavior.
2782,181.05,StoreA,NORMAL,The amount $181.05 is typical for general spending behavior.
8251,81.69,StoreC,NORMAL,The amount $81.69 is typical for general spending behavior.
4258,321.71,StoreC,NORMAL,The amount $321.71 is typical for general spending behavior.
8802,7826.03,StoreA,ANOMALY,The amount $7826.03 is unusually high compared to typical spending.
3731,247.99,StoreC,NORMAL,The amount $247.99 is typical for general spending behavior.
6487,218.06,StoreA,NORMAL,The amount $218.06 is typical for general spending behavior.
3460,182.18,StoreA,NORMAL,The amount $182.18 is typical for general spending behavior.
7403,323.92,StoreB,NORMAL,The amount $323.92 is typical for general spending behavior.
6430,278.27,StoreA,NORMAL,The amount $278.27 is typical for general spending behavior.
2461,226.23,StoreC,NORMAL,The amount $226.23 is typical for general spending behavior.
5817,331.41,StoreC,NORMAL,The amount $331.41 is typical for general spending behavior.
1830,140.96,StoreB,NORMAL,The amount $140.96 is typical for general spending behavior.
4389,50.42,StoreB,NORMAL,The amount $50.42 is typical for general spending behavior.
7554,131.89,StoreA,NORMAL,The amount $131.89 is typical for general spending behavior.
2888,120.83,StoreC,NORMAL,The amount $120.83 is typical for general spending behavior.
6562,110.12,StoreB,NORMAL,The amount $110.12 is typical for general spending behavior.
6009,7968.19,StoreB,ANOMALY,The amount $7968.19 is unusually high compared to typical spending.
5959,311.48,StoreB,NORMAL,The amount $311.48 is typical for general spending behavior.
2568,121.73,StoreA,NORMAL,The amount $121.73 is typical for general spending behavior.
8326,146.29,OutlierMallY,ANOMALY,The location 'OutlierMallY' is unusual compared to common transaction locations.
7633,178.84,StoreA,NORMAL,The amount $178.84 is typical for general spending behavior.
3738,312.75,StoreB,NORMAL,The amount $312.75 is typical for general spending behavior.
2198,155.34,StoreA,NORMAL,The amount $155.34 is typical for general spending behavior.
6484,162.4,StoreC,NORMAL,The amount $162.4 is typical for general spending behavior.
6914,7776.44,StoreB,ANOMALY,The amount $7776.44 is unusually high compared to typical spending.
2847,4.02,StoreC,ANOMALY,The amount $4.02 is extremely small and may indicate refund fraud or abnormal activity.
4676,225.73,StoreB,NORMAL,The amount $225.73 is typical for general spending behavior.
7552,261.67,StoreA,NORMAL,The amount $261.67 is typical for general spending behavior.
7560,299.97,StoreB,NORMAL,The amount $299.97 is typical for general spending behavior.
9737,103.74,StoreB,NORMAL,The amount $103.74 is typical for general spending behavior.
2316,277.45,StoreC,NORMAL,The amount $277.45 is typical for general spending behavior.
7658,196.41,StoreB,NORMAL,The amount $196.41 is typical for general spending behavior.
3747,108.49,OutlierMallY,ANOMALY,The location 'OutlierMallY' is unusual compared to common transaction locations.
1615,86.11,StoreB,NORMAL,The amount $86.11 is typical for general spending behavior.
6697,320.89,StoreB,NORMAL,The amount $320.89 is typical for general spending behavior.
3015,240.05,StoreC,NORMAL,The amount $240.05 is typical for general spending behavior.
1784,285.65,StoreB,NORMAL,The amount $285.65 is typical for general spending behavior.
3185,267.08,StoreC,NORMAL,The amount $267.08 is typical for general spending behavior.
9465,2923.93,StoreA,ANOMALY,The amount $2923.93 is unusually high compared to typical spending.
6044,26.57,StoreB,NORMAL,The amount $26.57 is typical for general spending behavior.
7639,121.14,StoreB,NORMAL,The amount $121.14 is typical for general spending behavior.
8935,7306.51,StoreC,ANOMALY,The amount $7306.51 is unusually high compared to typical spending.
5112,225.53,StoreC,NORMAL,The amount $225.53 is typical for general spending behavior.
8254,253.23,StoreB,NORMAL,The amount $253.23 is typical for general spending behavior.
3261,139.66,StoreA,NORMAL,The amount $139.66 is typical for general spending behavior.
8232,208.43,StoreA,NORMAL,The amount $208.43 is typical for general spending behavior.
8046,212.64,OutlierMallY,ANOMALY,The location 'OutlierMallY' is unusual compared to common transaction locations.
8864,69.56,StoreC,NORMAL,The amount $69.56 is typical for general spending behavior.
5327,118.08,StoreB,NORMAL,The amount $118.08 is typical for general spending behavior.
5798,260.83,StoreB,NORMAL,The amount $260.83 is typical for general spending behavior.
4059,78.16,OutlierMallY,ANOMALY,The location 'OutlierMallY' is unusual compared to common transaction locations.
7213,385.17,StoreC,NORMAL,The amount $385.17 is typical for general spending behavior.
9654,4837.48,StoreC,ANOMALY,The amount $4837.48 is unusually high compared to typical spending.
4859,96.59,StoreB,NORMAL,The amount $96.59 is typical for general spending behavior.
3302,61.2,OutlierMallY,ANOMALY,The location 'OutlierMallY' is unusual compared to common transaction locations.
9994,2599.32,StoreA,ANOMALY,The amount $2599.32 is unusually high compared to typical spending.
5215,268.64,StoreB,NORMAL,The amount $268.64 is typical for general spending behavior.
7800,347.73,StoreC,NORMAL,The amount $347.73 is typical for general spending behavior.
1364,70.79,StoreC,NORMAL,The amount $70.79 is typical for general spending behavior.
4730,3244.76,StoreC,ANOMALY,The amount $3244.76 is unusually high compared to typical spending.
2094,5450.37,StoreA,ANOMALY,The amount $5450.37 is unusually high compared to typical spending.
7329,1.66,StoreB,ANOMALY,The amount $1.66 is extremely small and may indicate refund fraud or abnormal activity.
1722,6929.55,StoreB,ANOMALY,The amount $6929.55 is unusually high compared to typical spending.
6981,282.84,StoreA,NORMAL,The amount $282.84 is typical for general spending behavior.
2025,183.11,StoreC,NORMAL,The amount $183.11 is typical for general spending behavior.
2085,4014.16,StoreB,ANOMALY,The amount $4014.16 is unusually high compared to typical spending.
1393,300.46,StoreB,NORMAL,The amount $300.46 is typical for general spending behavior.
9194,169.37,StoreB,NORMAL,The amount $169.37 is typical for general spending behavior.
1232,171.45,OutlierMallY,ANOMALY,The location 'OutlierMallY' is unusual compared to common transaction locations.
3575,101.4,StoreC,NORMAL,The amount $101.4 is typical for general spending behavior.
6329,161.38,StoreB,NORMAL,The amount $161.38 is typical for general spending behavior.
7651,150.93,StoreA,NORMAL,The amount $150.93 is typical for general spending behavior.
6765,6370.17,StoreB,ANOMALY,The amount $6370.17 is unusually high compared to typical spending.
5418,133.41,StoreB,NORMAL,The amount $133.41 is typical for general spending behavior.
7385,7106.22,StoreB,ANOMALY,The amount $7106.22 is unusually high compared to typical spending.
5666,270.9,StoreA,NORMAL,The amount $270.9 is typical for general spending behavior.
1877,276.62,StoreA,NORMAL,The amount $276.62 is typical for general spending behavior.
5478,233.41,StoreA,NORMAL,The amount $233.41 is typical for general spending behavior.
8790,76.22,StoreA,NORMAL,The amount $76.22 is typical for general spending behavior.
3667,182.92,StoreA,NORMAL,The amount $182.92 is typical for general spending behavior.
2231,162.58,StoreB,NORMAL,The amount $162.58 is typical for general spending behavior.
4133,232.56,StoreB,NORMAL,The amount $232.56 is typical for general spending behavior.
8279,6744.92,StoreC,ANOMALY,The amount $6744.92 is unusually high compared to typical spending.
7232,5714.79,StoreB,ANOMALY,The amount $5714.79 is unusually high compared to typical spending.
3520,198.46,StoreA,NORMAL,The amount $198.46 is typical for general spending behavior.
1749,3.65,StoreC,ANOMALY,The amount $3.65 is extremely small and may indicate refund fraud or abnormal activity.
7047,198.22,StoreC,NORMAL,The amount $198.22 is typical for general spending behavior.
3655,139.57,RareStoreX,ANOMALY,The location 'RareStoreX' is unusual compared to common transaction locations.
5937,166.34,OutlierMallY,ANOMALY,The location 'OutlierMallY' is unusual compared to common transaction locations.
3877,324.92,StoreB,NORMAL,The amount $324.92 is typical for general spending behavior.
7912,244.0,StoreB,NORMAL,The amount $244.0 is typical for general spending behavior.
6266,185.57,StoreB,NORMAL,The amount $185.57 is typical for general spending behavior.
9091,304.16,RareStoreX,ANOMALY,The location 'RareStoreX' is unusual compared to common transaction locations.
7391,284.32,StoreA,NORMAL,The amount $284.32 is typical for general spending behavior.
9005,188.24,StoreC,NORMAL,The amount $188.24 is typical for general spending behavior.
6357,3.45,StoreB,ANOMALY,The amount $3.45 is extremely small and may indicate refund fraud or abnormal activity.
9756,2.53,StoreC,ANOMALY,The amount $2.53 is extremely small and may indicate refund fraud or abnormal activity.
7777,284.25,StoreC,NORMAL,The amount $284.25 is typical for general spending behavior.
1954,3.01,StoreB,ANOMALY,The amount $3.01 is extremely small and may indicate refund fraud or abnormal activity.
4932,207.77,StoreB,NORMAL,The amount $207.77 is typical for general spending behavior.
9457,281.9,StoreC,NORMAL,The amount $281.9 is typical for general spending behavior.
3803,217.77,StoreB,NORMAL,The amount $217.77 is typical for general spending behavior.
4291,199.26,StoreA,NORMAL,The amount $199.26 is typical for general spending behavior.
8195,181.88,StoreC,NORMAL,The amount $181.88 is typical for general spending behavior.
2009,138.61,StoreA,NORMAL,The amount $138.61 is typical for general spending behavior.
1730,285.8,StoreA,NORMAL,The amount $285.8 is typical for general spending behavior.
6499,188.0,OutlierMallY,ANOMALY,The location 'OutlierMallY' is unusual compared to common transaction locations.
6807,282.9,StoreA,NORMAL,The amount $282.9 is typical for general spending behavior.
3988,4262.21,StoreA,ANOMALY,The amount $4262.21 is unusually high compared to typical spending.
1719,168.63,StoreA,NORMAL,The amount $168.63 is typical for general spending behavior.
5694,168.52,StoreB,NORMAL,The amount $168.52 is typical for general spending behavior.
9387,260.53,StoreA,NORMAL,The amount $260.53 is typical for general spending behavior.
2308,81.72,StoreB,NORMAL,The amount $81.72 is typical for general spending behavior.
2560,263.28,StoreB,NORMAL,The amount $263.28 is typical for general spending behavior.
4185,155.71,StoreA,NORMAL,The amount $155.71 is typical for general spending behavior.
8259,201.47,StoreB,NORMAL,The amount $201.47 is typical for general spending behavior.
4367,171.33,StoreB,NORMAL,The amount $171.33 is typical for general spending behavior.
3775,187.93,StoreA,NORMAL,The amount $187.93 is typical for general spending behavior.
9768,125.16,StoreC,NORMAL,The amount $125.16 is typical for general spending behavior.
2310,4436.46,StoreA,ANOMALY,The amount $4436.46 is unusually high compared to typical spending.
3568,185.04,StoreA,NORMAL,The amount $185.04 is typical for general spending behavior.
5331,174.01,StoreB,NORMAL,The amount $174.01 is typical for general spending behavior.
8859,168.2,StoreC,NORMAL,The amount $168.2 is typical for general spending behavior.
1949,111.83,StoreC,NORMAL,The amount $111.83 is typical for normal spending and does not indicate suspicious behavior.
5570,138.85,RareStoreX,ANOMALY,The location 'RareStoreX' is unusual compared to common transaction locations.
1129,195.35,StoreA,NORMAL,The amount $195.35 is typical for normal spending and does not indicate suspicious behavior.
1929,4750.56,StoreB,ANOMALY,The amount $4750.56 is unusually high compared to typical spending.
9437,73.02,StoreA,NORMAL,The amount $73.02 is typical for normal spending and does not indicate suspicious behavior.
4078,6073.08,StoreB,ANOMALY,The amount $6073.08 is unusually high compared to typical spending.
5415,155.71,StoreB,NORMAL,The amount $155.71 is typical for general spending behavior.
3296,233.19,StoreB,NORMAL,The amount $233.19 is typical for general spending behavior.
9246,142.31,RareStoreX,ANOMALY,The location 'RareStoreX' is unusual compared to common transaction locations.
9325,47.36,StoreB,NORMAL,The amount $47.36 is typical for general spending behavior.
2787,298.32,StoreC,NORMAL,The amount $298.32 is typical for general spending behavior.
3205,107.73,StoreC,NORMAL,The amount $107.73 is typical for general spending behavior.
4339,213.44,StoreC,NORMAL,The amount $213.44 is typical for general spending behavior.
8663,215.52,StoreA,NORMAL,The amount $215.52 is typical for general spending behavior.
1540,197.13,StoreB,NORMAL,The amount $197.13 is typical for general spending behavior.
9160,141.29,StoreA,NORMAL,The amount $141.29 is typical for normal spending and does not indicate suspicious behavior.
4495,297.52,StoreC,NORMAL,The amount $297.52 is typical for general spending behavior.
6041,127.95,StoreA,NORMAL,The amount $127.95 is typical for general spending behavior.
2308,268.02,StoreA,NORMAL,The amount $268.02 is typical for general spending behavior.
7014,162.93,StoreB,NORMAL,The amount $162.93 is typical for general spending behavior.
3243,160.25,StoreC,NORMAL,The amount $160.25 is typical for general spending behavior.
6358,2.91,StoreA,ANOMALY,The amount $2.91 is extremely small and may indicate refund fraud or abnormal activity.
8806,6109.13,StoreA,ANOMALY,The amount $6109.13 is unusually high compared to typical spending.
2977,52.02,StoreA,NORMAL,The amount $52.02 is typical for normal spending and does not indicate suspicious behavior.
4974,189.43,StoreB,NORMAL,The amount $189.43 is typical for normal spending and does not indicate suspicious behavior.
5846,73.29,StoreB,NORMAL,The amount $73.29 is typical for general spending behavior.
2604,140.21,StoreC,NORMAL,The amount $140.21 is typical for normal spending and does not indicate suspicious behavior.
2220,291.5,StoreB,NORMAL,The amount $291.5 is typical for general spending behavior.
4932,238.62,StoreC,NORMAL,The amount $238.62 is typical for general spending behavior.
2320,3233.43,StoreC,ANOMALY,The amount $3233.43 is unusually high compared to typical spending.
6624,330.33,StoreB,NORMAL,The amount $330.33 is typical for general spending behavior.
4895,174.24,StoreA,NORMAL,The amount $174.24 is typical for general spending behavior.
4279,47.38,StoreA,NORMAL,The amount $47.38 is typical for general spending behavior.
5676,193.11,StoreC,NORMAL,The amount $193.11 is typical for general spending behavior.
1211,225.82,StoreA,NORMAL,The amount $225.82 is typical for general spending behavior.
9853,229.13,StoreB,NORMAL,The amount $229.13 is typical for general spending behavior.
7030,231.26,StoreC,NORMAL,The amount $231.26 is typical for general spending behavior.
4346,6461.05,StoreB,ANOMALY,The amount $6461.05 is unusually high compared to typical spending.
9333,7.28,StoreC,NORMAL,The amount $7.28 is typical for general spending behavior.
5392,6156.24,StoreB,ANOMALY,The amount $6156.24 is unusually high compared to typical spending.
8572,122.04,OutlierMallY,ANOMALY,The location 'OutlierMallY' is unusual compared to common transaction locations.
1780,184.51,StoreB,NORMAL,The amount $184.51 is typical for general spending behavior.
9047,153.95,StoreC,NORMAL,The amount $153.95 is typical for general spending behavior.
4192,152.36,StoreA,NORMAL,The amount $152.36 is typical for general spending behavior.
6729,201.8,StoreB,NORMAL,The amount $201.8 is typical for general spending behavior.
3696,127.95,StoreC,NORMAL,The amount $127.95 is typical for general spending behavior.
4205,367.46,StoreC,NORMAL,The amount $367.46 is typical for general spending behavior.
1985,159.57,StoreC,NORMAL,The amount $159.57 is typical for normal spending and does not indicate suspicious behavior.
8872,231.98,StoreA,NORMAL,The amount $231.98 is typical for general spending behavior.
3593,203.31,StoreA,NORMAL,The amount $203.31 is typical for general spending behavior.
6246,287.54,StoreA,NORMAL,The amount $287.54 is typical for general spending behavior.
2216,0.86,StoreB,ANOMALY,The amount $0.86 is extremely small and may indicate refund fraud or abnormal activity.
8669,100.97,StoreB,NORMAL,The amount $100.97 is typical for general spending behavior.
3422,7396.56,StoreC,ANOMALY,The amount $7396.56 is unusually high compared to typical spending.
9895,284.91,StoreA,NORMAL,The amount $284.91 is typical for general spending behavior.
1043,195.69,StoreC,NORMAL,The amount $195.69 is typical for general spending behavior.
2249,356.33,StoreC,NORMAL,The amount $356.33 is typical for general spending behavior.
2494,153.6,StoreA,NORMAL,The amount $153.6 is typical for general spending behavior.
2556,121.62,StoreA,NORMAL,The amount $121.62 is typical for general spending behavior.
5661,110.0,RareStoreX,ANOMALY,The location 'RareStoreX' is unusual compared to common transaction locations.
5482,244.87,StoreA,NORMAL,The amount $244.87 is typical for general spending behavior.
4168,3705.07,StoreC,ANOMALY,The amount $3705.07 is unusually high compared to typical spending.
5517,2203.25,StoreC,ANOMALY,The amount $2203.25 is unusually high compared to typical spending.
8213,4.4,StoreC,ANOMALY,The amount $4.4 is extremely small and may indicate refund fraud or abnormal activity.
6822,115.26,StoreC,NORMAL,The amount $115.26 is typical for general spending behavior.
5316,257.27,StoreC,NORMAL,The amount $257.27 is typical for general spending behavior.
5796,164.0,StoreB,NORMAL,The amount $164.0 is typical for general spending behavior.
8990,66.51,StoreC,NORMAL,The amount $66.51 is typical for general spending behavior.
6777,33.43,StoreA,NORMAL,The amount $33.43 is typical for general spending behavior.
9140,3.27,StoreC,ANOMALY,The amount $3.27 is extremely small and may indicate refund fraud or abnormal activity.
1070,316.98,StoreC,NORMAL,The amount $316.98 is typical for general spending behavior.
2506,111.74,StoreA,NORMAL,The amount $111.74 is typical for general spending behavior.
3178,190.82,StoreB,NORMAL,The amount $190.82 is typical for general spending behavior.
5732,7527.49,StoreB,ANOMALY,The amount $7527.49 is unusually high compared to typical spending.
6492,1.78,StoreB,ANOMALY,The amount $1.78 is extremely small and may indicate refund fraud or abnormal activity.
8416,204.39,StoreB,NORMAL,The amount $204.39 is typical for general spending behavior.
9534,157.9,StoreA,NORMAL,The amount $157.9 is typical for general spending behavior.
5719,214.28,StoreC,NORMAL,The amount $214.28 is typical for general spending behavior.
9463,7006.54,StoreA,ANOMALY,The amount $7006.54 is unusually high compared to typical spending.
3428,103.24,StoreC,NORMAL,The amount $103.24 is typical for general spending behavior.
6862,79.37,StoreA,NORMAL,The amount $79.37 is typical for normal spending and does not indicate suspicious behavior.
9662,2.33,StoreC,ANOMALY,The amount $2.33 is extremely small and may indicate refund fraud or abnormal activity.
8689,341.78,StoreC,NORMAL,The amount $341.78 is typical for general spending behavior.
4573,333.88,StoreB,NORMAL,The amount $333.88 is typical for general spending behavior.
3924,54.35,StoreB,NORMAL,The amount $54.35 is typical for general spending behavior.
3983,171.88,StoreA,NORMAL,The amount $171.88 is typical for general spending behavior.
5321,4553.03,StoreA,ANOMALY,The amount $4553.03 is unusually high compared to typical spending.
8146,283.19,StoreC,NORMAL,The amount $283.19 is typical for general spending behavior.
4118,198.17,StoreC,NORMAL,The amount $198.17 is typical for general spending behavior.
7116,272.04,StoreB,NORMAL,The amount $272.04 is typical for general spending behavior.
9630,259.41,StoreA,NORMAL,The amount $259.41 is typical for general spending behavior.
9995,214.67,StoreA,NORMAL,The amount $214.67 is typical for general spending behavior.
5727,157.62,StoreB,NORMAL,The amount $157.62 is typical for general spending behavior.
7684,283.13,StoreC,NORMAL,The amount $283.13 is typical for general spending behavior.
8856,129.29,StoreA,NORMAL,The amount $129.29 is typical for general spending behavior.
6740,3030.39,StoreB,ANOMALY,The amount $3030.39 is unusually high compared to typical spending.
1878,172.16,StoreA,NORMAL,The amount $172.16 is typical for normal spending and does not indicate suspicious behavior.
9073,2374.55,StoreC,ANOMALY,The amount $2374.55 is unusually high compared to typical spending.
9884,116.03,StoreC,NORMAL,The amount $116.03 is typical for general spending behavior.
7748,112.63,StoreC,NORMAL,The amount $112.63 is typical for general spending behavior.
1011,297.89,StoreC,NORMAL,The amount $297.89 is typical for general spending behavior.
3523,398.82,StoreB,NORMAL,The amount $398.82 is typical for general spending behavior.
1292,222.87,StoreA,NORMAL,The amount $222.87 is typical for general spending behavior.
1253,213.87,StoreB,NORMAL,The amount $213.87 is typical for general spending behavior.
4659,199.03,StoreB,NORMAL,The amount $199.03 is typical for general spending behavior.
6462,3867.23,StoreC,ANOMALY,The amount $3867.23 is unusually high compared to typical spending.
4648,163.37,StoreB,NORMAL,The amount $163.37 is typical for general spending behavior.
6506,107.43,StoreA,NORMAL,The amount $107.43 is typical for general spending behavior.
1943,113.78,StoreA,NORMAL,The amount $113.78 is typical for general spending behavior.
5242,143.33,StoreC,NORMAL,The amount $143.33 is typical for general spending behavior.
6259,176.98,StoreB,NORMAL,The amount $176.98 is typical for normal spending and does not indicate suspicious behavior.
4522,186.93,StoreC,NORMAL,The amount $186.93 is typical for normal spending and does not indicate suspicious behavior.
2440,212.79,StoreC,NORMAL,The amount $212.79 is typical for general spending behavior.
9625,27.13,StoreA,NORMAL,The amount $27.13 is typical for general spending behavior.
1648,239.84,StoreC,NORMAL,The amount $239.84 is typical for general spending behavior.
3179,172.04,StoreA,NORMAL,The amount $172.04 is typical for general spending behavior.
3980,222.99,StoreB,NORMAL,The amount $222.99 is typical for general spending behavior.
5790,173.41,StoreB,NORMAL,The amount $173.41 is typical for normal spending and does not indicate suspicious behavior.
7321,68.05,StoreB,NORMAL,The amount $68.05 is typical for normal spending and does not indicate suspicious behavior.
8249,138.17,StoreB,NORMAL,The amount $138.17 is typical for general spending behavior.
2589,262.77,StoreA,NORMAL,The amount $262.77 is typical for general spending behavior.
6743,6146.44,StoreB,ANOMALY,The amount $6146.44 is unusually high compared to typical spending.
7533,185.37,StoreA,NORMAL,The amount $185.37 is typical for general spending behavior.
2646,5490.71,StoreC,ANOMALY,The amount $5490.71 is unusually high compared to typical spending.
3634,313.57,StoreC,NORMAL,The amount $313.57 is typical for general spending behavior.
2348,3470.92,StoreB,ANOMALY,The amount $3470.92 is unusually high compared to typical spending.
2750,336.0,StoreA,NORMAL,The amount $336.0 is typical for general spending behavior.
5890,305.37,StoreB,NORMAL,The amount $305.37 is typical for general spending behavior.
1672,206.08,StoreB,NORMAL,The amount $206.08 is typical for general spending behavior.
7249,144.89,StoreB,NORMAL,The amount $144.89 is typical for general spending behavior.
6587,371.06,OutlierMallY,ANOMALY,The location 'OutlierMallY' is unusual compared to common transaction locations.
7931,167.01,StoreA,NORMAL,The amount $167.01 is typical for general spending behavior.
1442,200.3,StoreC,NORMAL,The amount $200.3 is typical for general spending behavior.
1493,222.45,StoreA,NORMAL,The amount $222.45 is typical for general spending behavior.
2428,187.86,StoreC,NORMAL,The amount $187.86 is typical for general spending behavior.
1473,2825.83,StoreC,ANOMALY,The amount $2825.83 is unusually high compared to typical spending.
6130,231.57,StoreB,NORMAL,The amount $231.57 is typical for general spending behavior.
4917,2231.99,StoreA,ANOMALY,The amount $2231.99 is unusually high compared to typical spending.
2929,2.61,StoreC,ANOMALY,The amount $2.61 is extremely small and may indicate refund fraud or abnormal activity.
9708,234.07,StoreA,NORMAL,The amount $234.07 is typical for general spending behavior.
8939,329.23,StoreA,NORMAL,The amount $329.23 is typical for general spending behavior.
5076,244.5,StoreC,NORMAL,The amount $244.5 is typical for general spending behavior.
7902,218.7,StoreA,NORMAL,The amount $218.7 is typical for general spending behavior.
1656,193.94,StoreA,NORMAL,The amount $193.94 is typical for general spending behavior.
8864,6057.44,StoreB,ANOMALY,The amount $6057.44 is unusually high compared to typical spending.
5088,268.07,StoreC,NORMAL,The amount $268.07 is typical for general spending behavior.
8556,314.81,StoreB,NORMAL,The amount $314.81 is typical for general spending behavior.
5761,92.91,StoreC,NORMAL,The amount $92.91 is typical for general spending behavior.
1555,266.86,StoreA,NORMAL,The amount $266.86 is typical for general spending behavior.
8394,233.93,StoreA,NORMAL,The amount $233.93 is typical for general spending behavior.
8860,62.95,StoreC,NORMAL,The amount $62.95 is typical for general spending behavior.
5931,160.55,StoreA,NORMAL,The amount $160.55 is typical for general spending behavior.
6534,143.65,StoreC,NORMAL,The amount $143.65 is typical for general spending behavior.
3446,1.35,StoreB,ANOMALY,The amount $1.35 is extremely small and may indicate refund fraud or abnormal activity.
4688,245.24,StoreA,NORMAL,The amount $245.24 is typical for general spending behavior.
2725,147.45,StoreB,NORMAL,The amount $147.45 is typical for general spending behavior.
9741,234.26,StoreA,NORMAL,The amount $234.26 is typical for general spending behavior.
6316,2994.84,StoreA,ANOMALY,The amount $2994.84 is unusually high compared to typical spending.
3321,153.85,StoreC,NORMAL,The amount $153.85 is typical for general spending behavior.
5987,77.11,OutlierMallY,ANOMALY,The location 'OutlierMallY' is unusual compared to common transaction locations.
1356,313.64,StoreA,NORMAL,The amount $313.64 is typical for general spending behavior.
3259,119.82,StoreA,NORMAL,The amount $119.82 is typical for general spending behavior.
7256,147.79,StoreC,NORMAL,The amount $147.79 is typical for general spending behavior.
9566,155.14,StoreC,NORMAL,The amount $155.14 is typical for general spending behavior.
9111,72.56,StoreA,NORMAL,The amount $72.56 is typical for general spending behavior.
3972,2512.93,StoreC,ANOMALY,The amount $2512.93 is unusually high compared to typical spending.
1557,299.53,RareStoreX,ANOMALY,The location 'RareStoreX' is unusual compared to common transaction locations.
4019,0.52,StoreB,ANOMALY,The amount $0.52 is extremely small and may indicate refund fraud or abnormal activity.
3063,253.19,StoreC,NORMAL,The amount $253.19 is typical for general spending behavior.
1562,245.79,StoreA,NORMAL,The amount $245.79 is typical for general spending behavior.
9160,291.89,StoreC,NORMAL,The amount $291.89 is typical for general spending behavior.
5793,216.05,StoreA,NORMAL,The amount $216.05 is typical for general spending behavior.
7321,215.35,StoreA,NORMAL,The amount $215.35 is typical for general spending behavior.
8478,212.03,StoreA,NORMAL,The amount $212.03 is typical for general spending behavior.
8637,237.89,StoreB,NORMAL,The amount $237.89 is typical for general spending behavior.
2967,5422.26,StoreC,ANOMALY,The amount $5422.26 is unusually high compared to typical spending.
1666,256.84,StoreA,NORMAL,The amount $256.84 is typical for general spending behavior.
7621,222.19,StoreB,NORMAL,The amount $222.19 is typical for general spending behavior.
2403,50.68,StoreA,NORMAL,The amount $50.68 is typical for general spending behavior.
8874,124.34,StoreC,NORMAL,The amount $124.34 is typical for general spending behavior.
5481,161.21,OutlierMallY,ANOMALY,The location 'OutlierMallY' is unusual compared to common transaction locations.
9667,2.98,StoreA,ANOMALY,The amount $2.98 is extremely small and may indicate refund fraud or abnormal activity.
3045,2472.25,StoreC,ANOMALY,The amount $2472.25 is unusually high compared to typical spending.
5074,6465.33,StoreA,ANOMALY,The amount $6465.33 is unusually high compared to typical spending.
4238,4399.76,StoreC,ANOMALY,The amount $4399.76 is unusually high compared to typical spending.
9720,57.71,StoreC,NORMAL,The amount $57.71 is typical for general spending behavior.
1779,158.18,StoreA,NORMAL,The amount $158.18 is typical for general spending behavior.
9680,211.23,StoreA,NORMAL,The amount $211.23 is typical for general spending behavior.
3722,405.87,StoreB,NORMAL,The amount $405.87 is typical for general spending behavior.
7843,251.78,StoreC,NORMAL,The amount $251.78 is typical for general spending behavior.
6229,425.17,StoreB,NORMAL,The amount $425.17 is typical for general spending behavior.
5135,270.35,StoreA,NORMAL,The amount $270.35 is typical for general spending behavior.
9651,254.31,StoreC,NORMAL,The amount $254.31 is typical for general spending behavior.
8520,288.7,StoreC,NORMAL,The amount $288.7 is typical for general spending behavior.
8959,227.72,StoreC,NORMAL,The amount $227.72 is typical for general spending behavior.
6819,1.55,StoreB,ANOMALY,The amount $1.55 is extremely small and may indicate refund fraud or abnormal activity.
4540,3381.89,StoreA,ANOMALY,The amount $3381.89 is unusually high compared to typical spending.
6614,5045.89,StoreC,ANOMALY,The amount $5045.89 is unusually high compared to typical spending.
2881,5261.22,StoreA,ANOMALY,The amount $5261.22 is unusually high compared to typical spending.
7618,173.77,StoreA,NORMAL,The amount $173.77 is typical for general spending behavior.
8338,229.57,StoreC,NORMAL,The amount $229.57 is typical for general spending behavior.
1292,66.51,StoreC,NORMAL,The amount $66.51 is typical for general spending behavior.
7375,157.65,StoreB,NORMAL,The amount $157.65 is typical for general spending behavior.
7883,214.71,StoreC,NORMAL,The amount $214.71 is typical for general spending behavior.
8562,248.71,StoreC,NORMAL,The amount $248.71 is typical for general spending behavior.
9379,74.96,StoreC,NORMAL,The amount $74.96 is typical for general spending behavior.
7257,221.95,RareStoreX,ANOMALY,The location 'RareStoreX' is unusual compared to common transaction locations.
1076,234.96,StoreA,NORMAL,The amount $234.96 is typical for general spending behavior.
1773,214.12,StoreC,NORMAL,The amount $214.12 is typical for general spending behavior.
6972,4131.9,StoreB,ANOMALY,The amount $4131.9 is unusually high compared to typical spending.
8655,5305.94,StoreB,ANOMALY,The amount $5305.94 is unusually high compared to typical spending.
8140,269.8,StoreC,NORMAL,The amount $269.8 is typical for general spending behavior.
9906,4.3,StoreA,ANOMALY,The amount $4.3 is extremely small and may indicate refund fraud or abnormal activity.
4190,284.29,StoreB,NORMAL,The amount $284.29 is typical for general spending behavior.
2272,218.54,RareStoreX,ANOMALY,The location 'RareStoreX' is unusual compared to common transaction locations.
2044,259.08,StoreA,NORMAL,The amount $259.08 is typical for general spending behavior.
2406,235.75,StoreC,NORMAL,The amount $235.75 is typical for general spending behavior.
3235,197.43,RareStoreX,ANOMALY,The location 'RareStoreX' is unusual compared to common transaction locations.
2446,234.07,StoreB,NORMAL,The amount $234.07 is typical for general spending behavior.
4782,63.73,StoreB,NORMAL,The amount $63.73 is typical for general spending behavior.
2193,107.06,StoreB,NORMAL,The amount $107.06 is typical for general spending behavior.
3191,174.69,StoreC,NORMAL,The amount $174.69 is typical for general spending behavior.
1521,299.01,StoreB,NORMAL,The amount $299.01 is typical for general spending behavior.
3409,179.6,StoreA,NORMAL,The amount $179.6 is typical for general spending behavior.
5576,90.95,StoreC,NORMAL,The amount $90.95 is typical for general spending behavior.
9726,225.84,RareStoreX,ANOMALY,The location 'RareStoreX' is unusual compared to common transaction locations.
7963,108.89,StoreB,NORMAL,The amount $108.89 is typical for general spending behavior.
8523,216.09,StoreB,NORMAL,The amount $216.09 is typical for general spending behavior.
5943,259.37,StoreB,NORMAL,The amount $259.37 is typical for general spending behavior.
2356,155.02,StoreA,NORMAL,The amount $155.02 is typical for general spending behavior.
6709,5477.84,StoreB,ANOMALY,The amount $5477.84 is unusually high compared to typical spending.
4620,121.93,StoreC,NORMAL,The amount $121.93 is typical for general spending behavior.
4312,233.95,StoreB,NORMAL,The amount $233.95 is typical for general spending behavior.
5966,394.19,OutlierMallY,ANOMALY,The location 'OutlierMallY' is unusual compared to common transaction locations.
2104,211.95,StoreB,NORMAL,The amount $211.95 is typical for general spending behavior.
9871,260.76,StoreB,NORMAL,The amount $260.76 is typical for general spending behavior.
8436,135.18,StoreB,NORMAL,The amount $135.18 is typical for general spending behavior.
4892,6067.97,StoreB,ANOMALY,The amount $6067.97 is unusually high compared to typical spending.
7742,126.7,StoreA,NORMAL,The amount $126.7 is typical for general spending behavior.
8141,166.35,StoreA,NORMAL,The amount $166.35 is typical for general spending behavior.
9851,138.19,StoreB,NORMAL,The amount $138.19 is typical for general spending behavior.
1958,317.13,StoreB,NORMAL,The amount $317.13 is typical for general spending behavior.
8161,295.64,StoreB,NORMAL,The amount $295.64 is typical for general spending behavior.
6507,228.91,StoreB,NORMAL,The amount $228.91 is typical for general spending behavior.
6956,5321.35,StoreC,ANOMALY,The amount $5321.35 is unusually high compared to typical spending.
1142,4194.3,StoreB,ANOMALY,The amount $4194.3 is unusually high compared to typical spending.
2386,329.1,StoreA,NORMAL,The amount $329.1 is typical for general spending behavior.
1158,124.6,StoreA,NORMAL,The amount $124.6 is typical for general spending behavior.
8013,73.84,StoreB,NORMAL,The amount $73.84 is typical for general spending behavior.
5781,90.26,StoreC,NORMAL,The amount $90.26 is typical for general spending behavior.
1966,227.72,StoreA,NORMAL,The amount $227.72 is typical for general spending behavior.
9598,241.77,StoreB,NORMAL,The amount $241.77 is typical for general spending behavior.
3406,245.76,StoreA,NORMAL,The amount $245.76 is typical for general spending behavior.
7766,180.59,StoreC,NORMAL,The amount $180.59 is typical for general spending behavior.
8880,235.57,StoreA,NORMAL,The amount $235.57 is typical for general spending behavior.
5512,336.18,StoreA,NORMAL,The amount $336.18 is typical for general spending behavior.
2363,256.72,StoreB,NORMAL,The amount $256.72 is typical for general spending behavior.
2600,151.95,StoreA,NORMAL,The amount $151.95 is typical for general spending behavior.
3216,2.7,StoreA,ANOMALY,The amount $2.7 is extremely small and may indicate refund fraud or abnormal activity.
6938,3781.48,StoreC,ANOMALY,The amount $3781.48 is unusually high compared to typical spending.
9179,203.68,StoreA,NORMAL,The amount $203.68 is typical for general spending behavior.
4670,239.03,StoreC,NORMAL,The amount $239.03 is typical for general spending behavior.
4988,179.24,StoreB,NORMAL,The amount $179.24 is typical for general spending behavior.
2111,170.95,StoreB,NORMAL,The amount $170.95 is typical for general spending behavior.
1756,126.7,StoreB,NORMAL,The amount $126.7 is typical for general spending behavior.
5792,182.92,StoreB,NORMAL,The amount $182.92 is typical for general spending behavior.
5655,243.11,StoreB,NORMAL,The amount $243.11 is typical for general spending behavior.
9524,59.3,StoreA,NORMAL,The amount $59.3 is typical for general spending behavior.
1303,4464.06,StoreA,ANOMALY,The amount $4464.06 is unusually high compared to typical spending.
6818,3653.05,StoreB,ANOMALY,The amount $3653.05 is unusually high compared to typical spending.
6522,173.24,StoreC,NORMAL,The amount $173.24 is typical for general spending behavior.
6872,211.27,StoreC,NORMAL,The amount $211.27 is typical for general spending behavior.
9177,273.23,StoreC,NORMAL,The amount $273.23 is typical for general spending behavior.
9009,3503.05,StoreC,ANOMALY,The amount $3503.05 is unusually high compared to typical spending.
6291,75.88,StoreC,NORMAL,The amount $75.88 is typical for general spending behavior.
9648,170.91,StoreC,NORMAL,The amount $170.91 is typical for general spending behavior.
7000,214.49,StoreB,NORMAL,The amount $214.49 is typical for general spending behavior.
4378,77.15,StoreB,NORMAL,The amount $77.15 is typical for general spending behavior.
3810,222.61,StoreB,NORMAL,The amount $222.61 is typical for general spending behavior.
1347,279.73,StoreA,NORMAL,The amount $279.73 is typical for general spending behavior.
8854,146.65,StoreB,NORMAL,The amount $146.65 is typical for general spending behavior.
8045,221.6,StoreC,NORMAL,The amount $221.6 is typical for general spending behavior.
3431,163.74,StoreB,NORMAL,The amount $163.74 is typical for general spending behavior.
1279,282.01,StoreB,NORMAL,The amount $282.01 is typical for general spending behavior.
8547,5879.64,StoreA,ANOMALY,The amount $5879.64 is unusually high compared to typical spending.
5636,178.0,StoreB,NORMAL,The amount $178.0 is typical for general spending behavior.
3383,201.14,StoreC,NORMAL,The amount $201.14 is typical for general spending behavior.
7409,3.56,StoreA,ANOMALY,The amount $3.56 is extremely small and may indicate refund fraud or abnormal activity.
6728,5370.53,StoreA,ANOMALY,The amount $5370.53 is unusually high compared to typical spending.
7229,2965.12,StoreA,ANOMALY,The amount $2965.12 is unusually high compared to typical spending.
1885,71.4,StoreA,NORMAL,The amount $71.4 is typical for general spending behavior.
4837,6077.04,StoreC,ANOMALY,The amount $6077.04 is unusually high compared to typical spending.
9234,189.61,StoreA,NORMAL,The amount $189.61 is typical for general spending behavior.
9608,7261.0,StoreC,ANOMALY,The amount $7261.0 is unusually high compared to typical spending.
8737,153.88,StoreB,NORMAL,The amount $153.88 is typical for general spending behavior.
7521,93.5,StoreC,NORMAL,The amount $93.5 is typical for general spending behavior.
1603,123.73,StoreC,NORMAL,The amount $123.73 is typical for general spending behavior.
7476,332.92,StoreC,NORMAL,The amount $332.92 is typical for general spending behavior.
4434,3287.24,StoreB,ANOMALY,The amount $3287.24 is unusually high compared to typical spending.
1325,4.25,StoreA,ANOMALY,The amount $4.25 is extremely small and may indicate refund fraud or abnormal activity.
5218,164.21,StoreB,NORMAL,The amount $164.21 is typical for general spending behavior.
3011,140.07,StoreA,NORMAL,The amount $140.07 is typical for normal spending and does not indicate suspicious behavior.
2224,210.05,StoreC,NORMAL,The amount $210.05 is typical for general spending behavior.
8022,266.38,StoreB,NORMAL,The amount $266.38 is typical for general spending behavior.
7719,159.72,StoreA,NORMAL,The amount $159.72 is typical for general spending behavior.
7505,128.77,StoreC,NORMAL,The amount $128.77 is typical for general spending behavior.
1913,301.79,RareStoreX,ANOMALY,The location 'RareStoreX' is unusual compared to common transaction locations.
2465,222.5,StoreA,NORMAL,The amount $222.5 is typical for general spending behavior.
3040,86.02,StoreA,NORMAL,The amount $86.02 is typical for general spending behavior.
4044,252.12,StoreC,NORMAL,The amount $252.12 is typical for general spending behavior.
5593,241.05,StoreA,NORMAL,The amount $241.05 is typical for general spending behavior.
2176,4.52,StoreB,ANOMALY,The amount $4.52 is extremely small and may indicate refund fraud or abnormal activity.
9652,157.12,StoreC,NORMAL,The amount $157.12 is typical for general spending behavior.
1972,222.48,StoreB,NORMAL,The amount $222.48 is typical for general spending behavior.
5817,111.97,StoreB,NORMAL,The amount $111.97 is typical for normal spending and does not indicate suspicious behavior.
9128,24.1,StoreC,NORMAL,The amount $24.1 is typical for general spending behavior.
8309,162.23,StoreB,NORMAL,The amount $162.23 is typical for general spending behavior.
2797,331.96,StoreC,NORMAL,The amount $331.96 is typical for general spending behavior.
7970,3179.6,StoreC,ANOMALY,The amount $3179.6 is unusually high compared to typical spending.
9436,185.01,OutlierMallY,ANOMALY,The location 'OutlierMallY' is unusual compared to common transaction locations.
3708,218.71,StoreA,NORMAL,The amount $218.71 is typical for general spending behavior.
3963,147.67,StoreB,NORMAL,The amount $147.67 is typical for general spending behavior.
6791,200.82,StoreB,NORMAL,The amount $200.82 is typical for general spending behavior.
9841,247.72,StoreA,NORMAL,The amount $247.72 is typical for general spending behavior.
3866,3612.48,StoreB,ANOMALY,The amount $3612.48 is unusually high compared to typical spending.
7204,233.61,StoreA,NORMAL,The amount $233.61 is typical for general spending behavior.
8412,233.68,StoreA,NORMAL,The amount $233.68 is typical for general spending behavior.
4273,145.52,StoreB,NORMAL,The amount $145.52 is typical for general spending behavior.
5839,167.05,StoreB,NORMAL,The amount $167.05 is typical for general spending behavior.
8897,134.03,StoreB,NORMAL,The amount $134.03 is typical for general spending behavior.
8749,4.1,StoreC,ANOMALY,The amount $4.1 is extremely small and may indicate refund fraud or abnormal activity.
5879,216.23,StoreC,NORMAL,The amount $216.23 is typical for general spending behavior.
4641,33.45,StoreC,NORMAL,The amount $33.45 is typical for general spending behavior.
1023,141.36,StoreA,NORMAL,The amount $141.36 is typical for general spending behavior.
2178,215.59,StoreB,NORMAL,The amount $215.59 is typical for general spending behavior.
9077,165.65,StoreC,NORMAL,The amount $165.65 is typical for general spending behavior.
1420,7827.05,StoreA,ANOMALY,The amount $7827.05 is unusually high compared to typical spending.
7152,180.1,StoreB,NORMAL,The amount $180.1 is typical for general spending behavior.
4401,334.22,StoreC,NORMAL,The amount $334.22 is typical for general spending behavior.
4088,205.55,StoreA,NORMAL,The amount $205.55 is typical for general spending behavior.
8256,3.61,StoreB,ANOMALY,The amount $3.61 is extremely small and may indicate refund fraud or abnormal activity.
3256,74.75,StoreA,NORMAL,The amount $74.75 is typical for general spending behavior.
5584,149.01,StoreA,NORMAL,The amount $149.01 is typical for general spending behavior.
3018,4133.21,StoreB,ANOMALY,The amount $4133.21 is unusually high compared to typical spending.
5326,250.37,StoreC,NORMAL,The amount $250.37 is typical for general spending behavior.
5016,156.59,StoreA,NORMAL,The amount $156.59 is typical for general spending behavior.
3868,268.61,StoreC,NORMAL,The amount $268.61 is typical for general spending behavior.
6664,267.26,StoreC,NORMAL,The amount $267.26 is typical for general spending behavior.
3196,188.85,StoreA,NORMAL,The amount $188.85 is typical for general spending behavior.
2460,7855.11,StoreB,ANOMALY,The amount $7855.11 is unusually high compared to typical spending.
1036,242.79,StoreC,NORMAL,The amount $242.79 is typical for general spending behavior.
2654,250.98,OutlierMallY,ANOMALY,The location 'OutlierMallY' is unusual compared to common transaction locations.
4428,352.33,StoreA,NORMAL,The amount $352.33 is typical for general spending behavior.
7833,170.97,StoreC,NORMAL,The amount $170.97 is typical for general spending behavior.
9200,3.3,StoreA,ANOMALY,The amount $3.3 is extremely small and may indicate refund fraud or abnormal activity.
4006,269.7,StoreC,NORMAL,The amount $269.7 is typical for general spending behavior.
9619,332.29,StoreC,NORMAL,The amount $332.29 is typical for general spending behavior.
5403,252.09,StoreA,NORMAL,The amount $252.09 is typical for general spending behavior.
6837,296.02,StoreA,NORMAL,The amount $296.02 is typical for general spending behavior.
5968,271.62,StoreA,NORMAL,The amount $271.62 is typical for general spending behavior.
8145,295.57,StoreB,NORMAL,The amount $295.57 is typical for general spending behavior.
2610,122.27,StoreA,NORMAL,The amount $122.27 is typical for general spending behavior.
9809,227.01,StoreB,NORMAL,The amount $227.01 is typical for general spending behavior.
4145,40.99,StoreB,NORMAL,The amount $40.99 is typical for general spending behavior.
5406,155.56,StoreB,NORMAL,The amount $155.56 is typical for general spending behavior.
8876,7079.86,StoreA,ANOMALY,The amount $7079.86 is unusually high compared to typical spending.
9676,238.57,StoreB,NORMAL,The amount $238.57 is typical for general spending behavior.
7444,2626.53,StoreA,ANOMALY,The amount $2626.53 is unusually high compared to typical spending.
2833,3.72,StoreB,ANOMALY,The amount $3.72 is extremely small and may indicate refund fraud or abnormal activity.
9626,6100.5,StoreA,ANOMALY,The amount $6100.5 is unusually high compared to typical spending.
2409,168.03,StoreC,NORMAL,The amount $168.03 is typical for general spending behavior.
2103,247.25,StoreB,NORMAL,The amount $247.25 is typical for general spending behavior.
5349,168.98,StoreB,NORMAL,The amount $168.98 is typical for general spending behavior.
4853,234.04,StoreC,NORMAL,The amount $234.04 is typical for general spending behavior.
4022,204.66,StoreB,NORMAL,The amount $204.66 is typical for general spending behavior.
2263,258.14,RareStoreX,ANOMALY,The location 'RareStoreX' is unusual compared to common transaction locations.
3691,180.47,StoreC,NORMAL,The amount $180.47 is typical for general spending behavior.
7398,111.82,StoreA,NORMAL,The amount $111.82 is typical for general spending behavior.
9308,118.82,StoreC,NORMAL,The amount $118.82 is typical for general spending behavior.
2757,87.58,StoreA,NORMAL,The amount $87.58 is typical for general spending behavior.
3922,222.96,StoreB,NORMAL,The amount $222.96 is typical for general spending behavior.
5390,151.82,StoreB,NORMAL,The amount $151.82 is typical for general spending behavior.
5888,184.87,StoreB,NORMAL,The amount $184.87 is typical for general spending behavior.
4021,139.24,StoreA,NORMAL,The amount $139.24 is typical for normal spending and does not indicate suspicious behavior.
8717,3.99,StoreC,ANOMALY,The amount $3.99 is extremely small and may indicate refund fraud or abnormal activity.
2349,215.53,StoreC,NORMAL,The amount $215.53 is typical for general spending behavior.
4275,203.64,StoreB,NORMAL,The amount $203.64 is typical for general spending behavior.
1143,255.69,StoreC,NORMAL,The amount $255.69 is typical for general spending behavior.
4065,266.78,StoreB,NORMAL,The amount $266.78 is typical for general spending behavior.
7616,71.4,StoreC,NORMAL,The amount $71.4 is typical for general spending behavior.
6302,360.49,StoreB,NORMAL,The amount $360.49 is typical for general spending behavior.
2096,3046.68,StoreB,ANOMALY,The amount $3046.68 is unusually high compared to typical spending.
1633,258.56,StoreC,NORMAL,The amount $258.56 is typical for general spending behavior.
3963,176.01,StoreC,NORMAL,The amount $176.01 is typical for general spending behavior.
6813,173.1,StoreC,NORMAL,The amount $173.1 is typical for general spending behavior.
6397,201.47,StoreB,NORMAL,The amount $201.47 is typical for general spending behavior.
3071,97.17,StoreC,NORMAL,The amount $97.17 is typical for normal spending and does not indicate suspicious behavior.
8714,201.25,StoreB,NORMAL,The amount $201.25 is typical for general spending behavior.
2497,279.81,StoreA,NORMAL,The amount $279.81 is typical for general spending behavior.
6206,275.8,StoreC,NORMAL,The amount $275.8 is typical for general spending behavior.
3665,229.33,StoreC,NORMAL,The amount $229.33 is typical for general spending behavior.
4770,81.16,StoreC,NORMAL,The amount $81.16 is typical for general spending behavior.
1881,3.14,StoreA,ANOMALY,The amount $3.14 is extremely small and may indicate refund fraud or abnormal activity.
8642,166.32,StoreC,NORMAL,The amount $166.32 is typical for general spending behavior.
1693,6290.61,StoreC,ANOMALY,The amount $6290.61 is unusually high compared to typical spending.
9232,271.22,StoreB,NORMAL,The amount $271.22 is typical for general spending behavior.
7302,191.1,StoreB,NORMAL,The amount $191.1 is typical for general spending behavior.
8376,4588.59,StoreA,ANOMALY,The amount $4588.59 is unusually high compared to typical spending.
7278,121.42,StoreB,NORMAL,The amount $121.42 is typical for general spending behavior.
2019,142.65,StoreA,NORMAL,The amount $142.65 is typical for general spending behavior.
5207,86.77,StoreB,NORMAL,The amount $86.77 is typical for general spending behavior.
3628,170.35,StoreB,NORMAL,The amount $170.35 is typical for general spending behavior.
2109,117.02,StoreA,NORMAL,The amount $117.02 is typical for general spending behavior.
3034,143.09,StoreB,NORMAL,The amount $143.09 is typical for normal spending and does not indicate suspicious behavior.
1356,243.01,StoreC,NORMAL,The amount $243.01 is typical for general spending behavior.
4551,187.36,StoreB,NORMAL,The amount $187.36 is typical for general spending behavior.
1784,151.37,StoreA,NORMAL,The amount $151.37 is typical for general spending behavior.
1434,138.78,OutlierMallY,ANOMALY,The location 'OutlierMallY' is unusual compared to common transaction locations.
5299,153.38,StoreB,NORMAL,The amount $153.38 is typical for general spending behavior.
7229,197.15,StoreA,NORMAL,The amount $197.15 is typical for general spending behavior.
5099,221.29,RareStoreX,ANOMALY,The location 'RareStoreX' is unusual compared to common transaction locations.
1574,240.66,StoreA,NORMAL,The amount $240.66 is typical for general spending behavior.
5368,215.49,StoreB,NORMAL,The amount $215.49 is typical for general spending behavior.
3868,344.58,StoreC,NORMAL,The amount $344.58 is typical for general spending behavior.
8045,120.82,StoreB,NORMAL,The amount $120.82 is typical for normal spending and does not indicate suspicious behavior.
8483,3.04,StoreA,ANOMALY,The amount $3.04 is extremely small and may indicate refund fraud or abnormal activity.
7042,124.17,StoreA,NORMAL,The amount $124.17 is typical for general spending behavior.
5652,194.04,StoreA,NORMAL,The amount $194.04 is typical for general spending behavior.
1747,160.4,StoreB,NORMAL,The amount $160.4 is typical for general spending behavior.
1537,373.2,StoreC,NORMAL,The amount $373.2 is typical for general spending behavior.
2723,239.75,StoreC,NORMAL,The amount $239.75 is typical for general spending behavior.
7840,324.7,StoreB,NORMAL,The amount $324.7 is typical for general spending behavior.
9978,139.86,StoreB,NORMAL,The amount $139.86 is typical for general spending behavior.
6938,239.28,StoreA,NORMAL,The amount $239.28 is typical for general spending behavior.
9249,237.89,StoreB,NORMAL,The amount $237.89 is typical for general spending behavior.
4442,126.69,StoreA,NORMAL,The amount $126.69 is typical for general spending behavior.
4925,244.25,StoreB,NORMAL,The amount $244.25 is typical for general spending behavior.
4116,382.53,StoreB,NORMAL,The amount $382.53 is typical for general spending behavior.
2977,126.03,StoreB,NORMAL,The amount $126.03 is typical for general spending behavior.
8503,227.49,StoreB,NORMAL,The amount $227.49 is typical for general spending behavior.
8951,215.72,StoreA,NORMAL,The amount $215.72 is typical for general spending behavior.
9611,6382.8,StoreA,ANOMALY,The amount $6382.8 is unusually high compared to typical spending.
5368,2931.88,StoreA,ANOMALY,The amount $2931.88 is unusually high compared to typical spending.
4403,244.78,StoreC,NORMAL,The amount $244.78 is typical for general spending behavior.
3986,234.04,StoreC,NORMAL,The amount $234.04 is typical for general spending behavior.
6447,3514.46,StoreB,ANOMALY,The amount $3514.46 is unusually high compared to typical spending.
1132,315.76,StoreB,NORMAL,The amount $315.76 is typical for general spending behavior.
2692,3931.35,StoreC,ANOMALY,The amount $3931.35 is unusually high compared to typical spending.
5592,202.59,StoreA,NORMAL,The amount $202.59 is typical for general spending behavior.
1495,158.89,StoreC,NORMAL,The amount $158.89 is typical for general spending behavior.
8727,219.6,StoreB,NORMAL,The amount $219.6 is typical for general spending behavior.
5414,232.78,StoreC,NORMAL,The amount $232.78 is typical for general spending behavior.
4400,6835.9,StoreC,ANOMALY,The amount $6835.9 is unusually high compared to typical spending.
4490,6484.77,StoreA,ANOMALY,The amount $6484.77 is unusually high compared to typical spending.
6234,138.4,StoreB,NORMAL,The amount $138.4 is typical for general spending behavior.
1100,274.5,StoreC,NORMAL,The amount $274.5 is typical for general spending behavior.
9080,271.75,StoreA,NORMAL,The amount $271.75 is typical for general spending behavior.
7454,29.55,StoreB,NORMAL,The amount $29.55 is typical for general spending behavior.
7999,231.13,StoreC,NORMAL,The amount $231.13 is typical for general spending behavior.
5512,331.2,StoreB,NORMAL,The amount $331.2 is typical for general spending behavior.
7781,6042.58,StoreA,ANOMALY,The amount $6042.58 is unusually high compared to typical spending.
2536,89.12,StoreC,NORMAL,The amount $89.12 is typical for general spending behavior.
6079,122.7,StoreC,NORMAL,The amount $122.7 is typical for general spending behavior.
3901,122.12,StoreA,NORMAL,The amount $122.12 is typical for general spending behavior.
9075,3896.9,StoreA,ANOMALY,The amount $3896.9 is unusually high compared to typical spending.
6024,222.84,StoreB,NORMAL,The amount $222.84 is typical for general spending behavior.
7523,225.58,StoreB,NORMAL,The amount $225.58 is typical for general spending behavior.
7984,0.71,StoreA,ANOMALY,The amount $0.71 is extremely small and may indicate refund fraud or abnormal activity.
9150,177.69,StoreC,NORMAL,The amount $177.69 is typical for general spending behavior.
9998,214.3,StoreA,NORMAL,The amount $214.3 is typical for general spending behavior.
4427,155.08,StoreC,NORMAL,The amount $155.08 is typical for general spending behavior.
6958,141.23,StoreA,NORMAL,The amount $141.23 is typical for general spending behavior.
1264,286.54,StoreC,NORMAL,The amount $286.54 is typical for general spending behavior.
7461,126.51,StoreB,NORMAL,The amount $126.51 is typical for general spending behavior.
7144,5066.32,StoreA,ANOMALY,The amount $5066.32 is unusually high compared to typical spending.
7121,5009.38,StoreC,ANOMALY,The amount $5009.38 is unusually high compared to typical spending.
1179,118.73,StoreA,NORMAL,The amount $118.73 is typical for general spending behavior.
2990,2525.64,StoreC,ANOMALY,The amount $2525.64 is unusually high compared to typical spending.
7363,175.18,StoreB,NORMAL,The amount $175.18 is typical for general spending behavior.
2196,100.18,StoreA,NORMAL,The amount $100.18 is typical for general spending behavior.
3196,235.3,StoreA,NORMAL,The amount $235.3 is typical for general spending behavior.
6362,225.93,StoreC,NORMAL,The amount $225.93 is typical for general spending behavior.
3369,4667.75,StoreC,ANOMALY,The amount $4667.75 is unusually high compared to typical spending.
9625,255.86,StoreB,NORMAL,The amount $255.86 is typical for general spending behavior.
6235,177.7,StoreB,NORMAL,The amount $177.7 is typical for normal spending and does not indicate suspicious behavior.
2525,59.85,StoreA,NORMAL,The amount $59.85 is typical for general spending behavior.
5385,209.91,OutlierMallY,ANOMALY,The location 'OutlierMallY' is unusual compared to common transaction locations.
2817,4594.29,StoreA,ANOMALY,The amount $4594.29 is unusually high compared to typical spending.
9638,174.79,StoreA,NORMAL,The amount $174.79 is typical for general spending behavior.
1246,347.89,StoreC,NORMAL,The amount $347.89 is typical for general spending behavior.
9795,185.05,StoreC,NORMAL,The amount $185.05 is typical for general spending behavior.
4313,72.92,StoreC,NORMAL,The amount $72.92 is typical for normal spending and does not indicate suspicious behavior.
2068,274.58,StoreC,NORMAL,The amount $274.58 is typical for general spending behavior.
5934,2713.03,StoreA,ANOMALY,The amount $2713.03 is unusually high compared to typical spending.
6473,226.74,RareStoreX,ANOMALY,The location 'RareStoreX' is unusual compared to common transaction locations.
6594,274.65,StoreB,NORMAL,The amount $274.65 is typical for general spending behavior.
1257,57.25,StoreB,NORMAL,The amount $57.25 is typical for normal spending and does not indicate suspicious behavior.
6409,90.75,StoreC,NORMAL,The amount $90.75 is typical for general spending behavior.
4536,113.98,StoreC,NORMAL,The amount $113.98 is typical for general spending behavior.
3609,3178.59,StoreB,ANOMALY,The amount $3178.59 is unusually high compared to typical spending.
1889,141.53,StoreB,NORMAL,The amount $141.53 is typical for general spending behavior.
2607,195.17,StoreA,NORMAL,The amount $195.17 is typical for general spending behavior.
8690,207.76,StoreC,NORMAL,The amount $207.76 is typical for general spending behavior.
8169,102.86,StoreB,NORMAL,The amount $102.86 is typical for general spending behavior.
3365,381.79,StoreB,NORMAL,The amount $381.79 is typical for general spending behavior.
7277,68.84,StoreC,NORMAL,The amount $68.84 is typical for general spending behavior.
2773,124.81,StoreB,NORMAL,The amount $124.81 is typical for general spending behavior.
1815,151.39,StoreC,NORMAL,The amount $151.39 is typical for general spending behavior.
8728,4.29,StoreA,ANOMALY,The amount $4.29 is extremely small and may indicate refund fraud or abnormal activity.
6563,90.65,StoreB,NORMAL,The amount $90.65 is typical for general spending behavior.
7816,4.25,StoreB,ANOMALY,The amount $4.25 is extremely small and may indicate refund fraud or abnormal activity.
1519,145.89,StoreB,NORMAL,The amount $145.89 is typical for general spending behavior.
1250,147.87,StoreC,NORMAL,The amount $147.87 is typical for general spending behavior.
6778,188.44,StoreA,NORMAL,The amount $188.44 is typical for general spending behavior.
6526,193.3,StoreC,NORMAL,The amount $193.3 is typical for general spending behavior.
1992,366.03,StoreC,NORMAL,The amount $366.03 is typical for general spending behavior.
1170,292.75,StoreA,NORMAL,The amount $292.75 is typical for general spending behavior.
4718,248.48,StoreB,NORMAL,The amount $248.48 is typical for general spending behavior.
4758,320.32,StoreC,NORMAL,The amount $320.32 is typical for general spending behavior.
8887,236.61,StoreA,NORMAL,The amount $236.61 is typical for general spending behavior.
1964,161.26,StoreC,NORMAL,The amount $161.26 is typical for general spending behavior.
9243,4.08,StoreA,ANOMALY,The amount $4.08 is extremely small and may indicate refund fraud or abnormal activity.
4395,151.62,StoreA,NORMAL,The amount $151.62 is typical for general spending behavior.
4203,222.32,StoreB,NORMAL,The amount $222.32 is typical for general spending behavior.
2781,119.8,StoreB,NORMAL,The amount $119.8 is typical for general spending behavior.
9146,5359.75,StoreB,ANOMALY,The amount $5359.75 is unusually high compared to typical spending.
2986,277.19,StoreC,NORMAL,The amount $277.19 is typical for general spending behavior.
6031,183.69,StoreC,NORMAL,The amount $183.69 is typical for normal spending and does not indicate suspicious behavior.
9795,283.77,StoreA,NORMAL,The amount $283.77 is typical for general spending behavior.
1690,1.71,StoreC,ANOMALY,The amount $1.71 is extremely small and may indicate refund fraud or abnormal activity.
7696,280.79,StoreC,NORMAL,The amount $280.79 is typical for general spending behavior.
5341,246.39,StoreB,NORMAL,The amount $246.39 is typical for general spending behavior.
5018,194.71,StoreA,NORMAL,The amount $194.71 is typical for general spending behavior.
5240,2.63,StoreA,ANOMALY,The amount $2.63 is extremely small and may indicate refund fraud or abnormal activity.
8464,297.68,StoreC,NORMAL,The amount $297.68 is typical for general spending behavior.
7255,189.02,StoreB,NORMAL,The amount $189.02 is typical for general spending behavior.
4331,167.23,StoreB,NORMAL,The amount $167.23 is typical for general spending behavior.
9404,2723.39,StoreC,ANOMALY,The amount $2723.39 is unusually high compared to typical spending.
9566,137.54,OutlierMallY,ANOMALY,The location 'OutlierMallY' is unusual compared to common transaction locations.
8722,135.95,StoreC,NORMAL,The amount $135.95 is typical for normal spending and does not indicate suspicious behavior.
8670,7842.81,StoreA,ANOMALY,The amount $7842.81 is unusually high compared to typical spending.
2115,142.26,StoreB,NORMAL,The amount $142.26 is typical for general spending behavior.
5529,125.81,StoreA,NORMAL,The amount $125.81 is typical for general spending behavior.
3419,6812.87,StoreB,ANOMALY,The amount $6812.87 is unusually high compared to typical spending.
7519,173.14,StoreA,NORMAL,The amount $173.14 is typical for general spending behavior.
4083,180.77,StoreC,NORMAL,The amount $180.77 is typical for general spending behavior.
7283,149.02,StoreC,NORMAL,The amount $149.02 is typical for general spending behavior.
6897,217.33,StoreB,NORMAL,The amount $217.33 is typical for general spending behavior.
7679,233.46,StoreC,NORMAL,The amount $233.46 is typical for general spending behavior.
3544,103.98,StoreA,NORMAL,The amount $103.98 is typical for general spending behavior.
5382,7651.76,StoreA,ANOMALY,The amount $7651.76 is unusually high compared to typical spending.
3265,7500.0,StoreB,ANOMALY,The amount $7500 is extremely high and indicates abnormal spending behavior.
2212,189.8,StoreC,NORMAL,The amount $189.8 is typical for general spending behavior.
2426,193.39,StoreB,NORMAL,The amount $193.39 is typical for general spending behavior.
3902,75.47,StoreB,NORMAL,The amount $75.47 is typical for general spending behavior.
9159,178.83,StoreA,NORMAL,The amount $178.83 is typical for general spending behavior.
5243,230.49,StoreC,NORMAL,The amount $230.49 is typical for general spending behavior.
4380,176.66,StoreA,NORMAL,The amount $176.66 is typical for general spending behavior.
1968,109.68,StoreC,NORMAL,The amount $109.68 is typical for general spending behavior.
8383,215.6,StoreC,NORMAL,The amount $215.6 is typical for general spending behavior.
8881,81.1,StoreB,NORMAL,The amount $81.1 is typical for normal spending and does not indicate suspicious behavior.
5323,175.58,StoreB,NORMAL,The amount $175.58 is typical for general spending behavior.
8433,285.63,StoreB,NORMAL,The amount $285.63 is typical for general spending behavior.
2151,195.04,StoreA,NORMAL,The amount $195.04 is typical for general spending behavior.
6688,203.75,StoreA,NORMAL,The amount $203.75 is typical for general spending behavior.
1824,161.46,StoreC,NORMAL,The amount $161.46 is typical for general spending behavior.
3212,77.2,StoreA,NORMAL,The amount $77.2 is typical for general spending behavior.
2673,273.94,StoreA,NORMAL,The amount $273.94 is typical for general spending behavior.
5157,223.69,StoreC,NORMAL,The amount $223.69 is typical for general spending behavior.
4350,100.11,StoreA,NORMAL,The amount $100.11 is typical for normal spending and does not indicate suspicious behavior.
3057,22.53,StoreB,NORMAL,The amount $22.53 is typical for general spending behavior.
7208,274.35,StoreA,NORMAL,The amount $274.35 is typical for general spending behavior.
5549,296.73,RareStoreX,ANOMALY,The location 'RareStoreX' is unusual compared to common transaction locations.
2892,271.23,StoreC,NORMAL,The amount $271.23 is typical for general spending behavior.
5498,266.43,StoreB,NORMAL,The amount $266.43 is typical for general spending behavior.
3107,88.83,StoreC,NORMAL,The amount $88.83 is typical for general spending behavior.
6153,158.17,StoreB,NORMAL,The amount $158.17 is typical for general spending behavior.
2702,5530.92,StoreA,ANOMALY,The amount $5530.92 is unusually high compared to typical spending.
1994,5053.05,StoreC,ANOMALY,The amount $5053.05 is unusually high compared to typical spending.
3712,2937.06,StoreA,ANOMALY,The amount $2937.06 is unusually high compared to typical spending.
3514,220.85,StoreB,NORMAL,The amount $220.85 is typical for general spending behavior.
3799,6340.15,StoreA,ANOMALY,The amount $6340.15 is unusually high compared to typical spending.
6310,147.89,StoreB,NORMAL,The amount $147.89 is typical for general spending behavior.
4048,6000.0,StoreA,ANOMALY,The amount $6000 is extremely high and indicates abnormal spending behavior.
7236,134.54,StoreC,NORMAL,The amount $134.54 is typical for general spending behavior.
7338,278.99,StoreB,NORMAL,The amount $278.99 is typical for general spending behavior.
2772,2.93,StoreC,ANOMALY,The amount $2.93 is extremely small and may indicate refund fraud or abnormal activity.
1063,107.7,StoreB,NORMAL,The amount $107.7 is typical for general spending behavior.
5537,157.17,StoreB,NORMAL,The amount $157.17 is typical for general spending behavior.
8623,2.58,StoreB,NORMAL,The amount $2.58 is typical for general spending behavior.
6153,146.01,StoreA,NORMAL,The amount $146.01 is typical for general spending behavior.
5746,236.05,StoreA,NORMAL,The amount $236.05 is typical for general spending behavior.
4597,293.88,StoreC,NORMAL,The amount $293.88 is typical for general spending behavior.
9348,204.18,StoreB,NORMAL,The amount $204.18 is typical for general spending behavior.
9009,199.94,StoreA,NORMAL,The amount $199.94 is typical for general spending behavior.
4054,2.52,StoreB,ANOMALY,The amount $2.52 is extremely small and may indicate refund fraud or abnormal activity.
9648,1.84,StoreA,ANOMALY,The amount $1.84 is extremely small and may indicate refund fraud or abnormal activity.
7224,182.07,StoreC,NORMAL,The amount $182.07 is typical for normal spending and does not indicate suspicious behavior.
2754,179.3,StoreB,NORMAL,The amount $179.3 is typical for general spending behavior.
2830,185.24,StoreB,NORMAL,The amount $185.24 is typical for general spending behavior.
1051,101.01,StoreA,NORMAL,The amount $101.01 is typical for general spending behavior.
8986,236.19,StoreC,NORMAL,The amount $236.19 is typical for general spending behavior.
2116,224.9,StoreA,NORMAL,The amount $224.9 is typical for general spending behavior.
6200,2724.12,StoreC,ANOMALY,The amount $2724.12 is unusually high compared to typical spending.
8989,224.99,StoreC,NORMAL,The amount $224.99 is typical for general spending behavior.
1788,153.47,StoreA,NORMAL,The amount $153.47 is typical for general spending behavior.
8320,195.54,StoreB,NORMAL,The amount $195.54 is typical for general spending behavior.
5858,166.96,StoreC,NORMAL,The amount $166.96 is typical for general spending behavior.
9860,123.2,StoreB,NORMAL,The amount $123.2 is typical for general spending behavior.
6790,126.45,StoreB,NORMAL,The amount $126.45 is typical for general spending behavior.
7161,6708.41,StoreB,ANOMALY,The amount $6708.41 is unusually high compared to typical spending.
9071,302.28,StoreA,NORMAL,The amount $302.28 is typical for general spending behavior.
7341,237.32,StoreB,NORMAL,The amount $237.32 is typical for general spending behavior.
7144,6726.21,StoreA,ANOMALY,The amount $6726.21 is unusually high compared to typical spending.
7928,151.42,StoreA,NORMAL,The amount $151.42 is typical for normal spending and does not indicate suspicious behavior.
7170,321.86,StoreC,NORMAL,The amount $321.86 is typical for general spending behavior.
6543,199.97,StoreA,NORMAL,The amount $199.97 is typical for general spending behavior.
3162,3677.97,StoreC,ANOMALY,The amount $3677.97 is unusually high compared to typical spending.
7560,195.11,StoreA,NORMAL,The amount $195.11 is typical for general spending behavior.
3897,125.47,OutlierMallY,ANOMALY,The location 'OutlierMallY' is unusual compared to common transaction locations.
9619,4870.95,StoreB,ANOMALY,The amount $4870.95 is unusually high compared to typical spending.
8812,105.65,StoreC,NORMAL,The amount $105.65 is typical for general spending behavior.
3704,278.04,OutlierMallY,ANOMALY,The location 'OutlierMallY' is unusual compared to common transaction locations.
4718,126.06,StoreB,NORMAL,The amount $126.06 is typical for general spending behavior.
3422,73.5,StoreC,NORMAL,The amount $73.5 is typical for general spending behavior.
3446,123.39,StoreB,NORMAL,The amount $123.39 is typical for general spending behavior.
6546,316.21,StoreC,NORMAL,The amount $316.21 is typical for general spending behavior.
1889,104.99,StoreB,NORMAL,The amount $104.99 is typical for general spending behavior.
3439,66.94,OutlierMallY,ANOMALY,The location 'OutlierMallY' is unusual compared to common transaction locations.
2354,3871.34,StoreA,ANOMALY,The amount $3871.34 is unusually high compared to typical spending.
1745,171.22,StoreB,NORMAL,The amount $171.22 is typical for general spending behavior.
8420,273.92,StoreB,NORMAL,The amount $273.92 is typical for general spending behavior.
3142,82.6,StoreC,NORMAL,The amount $82.6 is typical for general spending behavior.
1448,3.56,StoreB,ANOMALY,The amount $3.56 is extremely small and may indicate refund fraud or abnormal activity.
4593,111.08,StoreC,NORMAL,The amount $111.08 is typical for general spending behavior.
3228,149.37,StoreB,NORMAL,The amount $149.37 is typical for general spending behavior.
9611,2071.13,StoreB,ANOMALY,The amount $2071.13 is unusually high compared to typical spending.
7009,52.73,StoreB,NORMAL,The amount $52.73 is typical for general spending behavior.
2937,231.24,StoreA,NORMAL,The amount $231.24 is typical for general spending behavior.
1707,2631.88,StoreB,ANOMALY,The amount $2631.88 is unusually high compared to typical spending.
2805,132.4,StoreC,NORMAL,The amount $132.4 is typical for normal spending and does not indicate suspicious behavior.
2437,154.42,StoreC,NORMAL,The amount $154.42 is typical for normal spending and does not indicate suspicious behavior.
9495,48.8,StoreA,NORMAL,The amount $48.8 is typical for general spending behavior.
9937,152.62,StoreA,NORMAL,The amount $152.62 is typical for normal spending and does not indicate suspicious behavior.
9636,92.06,StoreB,NORMAL,The amount $92.06 is typical for normal spending and does not indicate suspicious behavior.
5179,180.08,StoreA,NORMAL,The amount $180.08 is typical for general spending behavior.
3282,193.65,RareStoreX,ANOMALY,The location 'RareStoreX' is unusual compared to common transaction locations.
4037,110.68,StoreB,NORMAL,The amount $110.68 is typical for general spending behavior.
1106,190.45,StoreB,NORMAL,The amount $190.45 is typical for normal spending and does not indicate suspicious behavior.
5878,369.98,StoreB,NORMAL,The amount $369.98 is typical for general spending behavior.
2550,269.79,StoreA,NORMAL,The amount $269.79 is typical for general spending behavior.
4863,3752.27,StoreB,ANOMALY,The amount $3752.27 is unusually high compared to typical spending.
8729,92.97,StoreC,NORMAL,The amount $92.97 is typical for normal spending and does not indicate suspicious behavior.
4110,178.41,StoreC,NORMAL,The amount $178.41 is typical for general spending behavior.
4355,230.38,StoreC,NORMAL,The amount $230.38 is typical for general spending behavior.
5756,166.91,StoreA,NORMAL,The amount $166.91 is typical for general spending behavior.
7212,133.72,StoreC,NORMAL,The amount $133.72 is typical for general spending behavior.
7074,3.67,StoreA,ANOMALY,The amount $3.67 is extremely small and may indicate refund fraud or abnormal activity.
5823,2.61,StoreB,ANOMALY,The amount $2.61 is extremely small and may indicate refund fraud or abnormal activity.
8050,280.13,StoreC,NORMAL,The amount $280.13 is typical for general spending behavior.
3519,3.69,StoreA,ANOMALY,The amount $3.69 is extremely small and may indicate refund fraud or abnormal activity.
7528,175.24,StoreA,NORMAL,The amount $175.24 is typical for general spending behavior.
4621,214.48,StoreB,NORMAL,The amount $214.48 is typical for general spending behavior.
3526,246.87,StoreA,NORMAL,The amount $246.87 is typical for general spending behavior.
4238,229.2,StoreA,NORMAL,The amount $229.2 is typical for general spending behavior.
3945,16.35,StoreB,NORMAL,The amount $16.35 is typical for general spending behavior.
7834,110.27,OutlierMallY,ANOMALY,The location 'OutlierMallY' is unusual compared to common transaction locations.
1675,246.04,RareStoreX,ANOMALY,The location 'RareStoreX' is unusual compared to common transaction locations.
7860,356.67,StoreB,NORMAL,The amount $356.67 is typical for general spending behavior.
7192,253.47,StoreB,NORMAL,The amount $253.47 is typical for general spending behavior.
8062,29.82,StoreA,NORMAL,The amount $29.82 is typical for general spending behavior.
7099,244.52,StoreA,NORMAL,The amount $244.52 is typical for general spending behavior.
7709,276.25,StoreB,NORMAL,The amount $276.25 is typical for general spending behavior.
5864,6898.78,StoreB,ANOMALY,The amount $6898.78 is unusually high compared to typical spending.
2748,6042.47,StoreB,ANOMALY,The amount $6042.47 is unusually high compared to typical spending.
2084,176.37,RareStoreX,ANOMALY,The location 'RareStoreX' is unusual compared to common transaction locations.
6495,181.4,StoreA,NORMAL,The amount $181.4 is typical for normal spending and does not indicate suspicious behavior.
4312,7164.13,StoreA,ANOMALY,The amount $7164.13 is unusually high compared to typical spending.
8819,253.85,StoreA,NORMAL,The amount $253.85 is typical for general spending behavior.
6803,151.13,StoreA,NORMAL,The amount $151.13 is typical for general spending behavior.
2699,180.7,StoreA,NORMAL,The amount $180.7 is typical for general spending behavior.
1309,291.16,StoreA,NORMAL,The amount $291.16 is typical for general spending behavior.
6770,58.3,StoreA,NORMAL,The amount $58.3 is typical for normal spending and does not indicate suspicious behavior.
5920,162.32,StoreC,NORMAL,The amount $162.32 is typical for general spending behavior.
5604,231.07,StoreB,NORMAL,The amount $231.07 is typical for general spending behavior.
2385,91.31,StoreC,NORMAL,The amount $91.31 is typical for general spending behavior.
9912,0.62,StoreA,ANOMALY,The amount $0.62 is extremely small and may indicate refund fraud or abnormal activity.
9661,195.89,StoreC,NORMAL,The amount $195.89 is typical for general spending behavior.
7461,219.94,StoreA,NORMAL,The amount $219.94 is typical for general spending behavior.
8139,7859.26,StoreC,ANOMALY,The amount $7859.26 is unusually high compared to typical spending.
5332,87.49,StoreB,NORMAL,The amount $87.49 is typical for general spending behavior.
1811,5.89,StoreC,NORMAL,The amount $5.89 is typical for general spending behavior.
4612,177.62,StoreA,NORMAL,The amount $177.62 is typical for general spending behavior.
4259,273.1,StoreA,NORMAL,The amount $273.1 is typical for general spending behavior.
2502,7351.21,StoreC,ANOMALY,The amount $7351.21 is unusually high compared to typical spending.
8513,364.12,OutlierMallY,ANOMALY,The location 'OutlierMallY' is unusual compared to common transaction locations.
6594,167.09,StoreB,NORMAL,The amount $167.09 is typical for general spending behavior.
2463,254.67,StoreB,NORMAL,The amount $254.67 is typical for general spending behavior.
5376,193.83,StoreC,NORMAL,The amount $193.83 is typical for general spending behavior.
2058,2.67,StoreC,ANOMALY,The amount $2.67 is extremely small and may indicate refund fraud or abnormal activity.
1489,336.85,StoreB,NORMAL,The amount $336.85 is typical for general spending behavior.
9992,192.66,StoreB,NORMAL,The amount $192.66 is typical for general spending behavior.
5200,302.31,StoreB,NORMAL,The amount $302.31 is typical for general spending behavior.
9930,96.31,StoreA,NORMAL,The amount $96.31 is typical for general spending behavior.
9584,260.54,StoreC,NORMAL,The amount $260.54 is typical for general spending behavior.
1447,100.21,StoreC,NORMAL,The amount $100.21 is typical for normal spending and does not indicate suspicious behavior.
9507,308.09,StoreC,NORMAL,The amount $308.09 is typical for general spending behavior.
1815,227.09,StoreC,NORMAL,The amount $227.09 is typical for general spending behavior.
2849,176.46,StoreC,NORMAL,The amount $176.46 is typical for general spending behavior.
6747,246.62,StoreC,NORMAL,The amount $246.62 is typical for general spending behavior.
1074,82.92,StoreB,NORMAL,The amount $82.92 is typical for general spending behavior.
6302,34.36,StoreB,NORMAL,The amount $34.36 is typical for general spending behavior.
2203,23.55,StoreB,NORMAL,The amount $23.55 is typical for general spending behavior.
3757,119.9,StoreC,NORMAL,The amount $119.9 is typical for normal spending and does not indicate suspicious behavior.
2359,182.56,StoreC,NORMAL,The amount $182.56 is typical for general spending behavior.
3511,216.09,StoreB,NORMAL,The amount $216.09 is typical for general spending behavior.
4883,230.42,StoreA,NORMAL,The amount $230.42 is typical for general spending behavior.
7523,166.78,StoreC,NORMAL,The amount $166.78 is typical for general spending behavior.
8298,1.36,StoreA,ANOMALY,The amount $1.36 is extremely small and may indicate refund fraud or abnormal activity.
8319,178.51,StoreC,NORMAL,The amount $178.51 is typical for general spending behavior.
1107,117.94,StoreB,NORMAL,The amount $117.94 is typical for general spending behavior.
3722,87.85,StoreB,NORMAL,The amount $87.85 is typical for general spending behavior.
6430,89.52,StoreA,NORMAL,The amount $89.52 is typical for general spending behavior.
1615,237.91,StoreA,NORMAL,The amount $237.91 is typical for general spending behavior.
4749,4413.64,StoreB,ANOMALY,The amount $4413.64 is unusually high compared to typical spending.
3908,249.65,StoreB,NORMAL,The amount $249.65 is typical for general spending behavior.
2488,3258.55,StoreC,ANOMALY,The amount $3258.55 is unusually high compared to typical spending.
1042,5922.1,StoreC,ANOMALY,The amount $5922.1 is unusually high compared to typical spending.
1162,2602.41,StoreB,ANOMALY,The amount $2602.41 is unusually high compared to typical spending.
8087,0.65,StoreC,ANOMALY,The amount $0.65 is extremely small and may indicate refund fraud or abnormal activity.
4319,198.5,StoreA,NORMAL,The amount $198.5 is typical for general spending behavior.
6795,265.8,StoreB,NORMAL,The amount $265.8 is typical for general spending behavior.
3316,174.92,StoreC,NORMAL,The amount $174.92 is typical for general spending behavior.
9095,148.2,StoreB,NORMAL,The amount $148.2 is typical for general spending behavior.
4247,143.22,StoreA,NORMAL,The amount $143.22 is typical for general spending behavior.
3217,109.59,StoreC,NORMAL,The amount $109.59 is typical for general spending behavior.
3556,3186.19,StoreC,ANOMALY,The amount $3186.19 is unusually high compared to typical spending.
3529,278.07,StoreA,NORMAL,The amount $278.07 is typical for general spending behavior.
7449,295.73,StoreC,NORMAL,The amount $295.73 is typical for general spending behavior.
7963,260.8,StoreA,NORMAL,The amount $260.8 is typical for general spending behavior.
1804,273.97,StoreA,NORMAL,The amount $273.97 is typical for general spending behavior.
9633,127.7,StoreA,NORMAL,The amount $127.7 is typical for general spending behavior.
7338,5401.4,StoreB,ANOMALY,The amount $5401.4 is unusually high compared to typical spending.
8540,142.47,StoreB,NORMAL,The amount $142.47 is typical for general spending behavior.
7621,2021.68,StoreB,ANOMALY,The amount $2021.68 is unusually high compared to typical spending.
1356,247.13,RareStoreX,ANOMALY,The location 'RareStoreX' is unusual compared to common transaction locations.
3338,197.89,StoreA,NORMAL,The amount $197.89 is typical for general spending behavior.
1916,252.47,StoreC,NORMAL,The amount $252.47 is typical for general spending behavior.
2059,152.27,StoreA,NORMAL,The amount $152.27 is typical for general spending behavior.
7287,170.17,StoreB,NORMAL,The amount $170.17 is typical for general spending behavior.
9471,47.02,StoreA,NORMAL,The amount $47.02 is typical for general spending behavior.
3311,4067.08,StoreC,ANOMALY,The amount $4067.08 is unusually high compared to typical spending.
9166,259.17,StoreC,NORMAL,The amount $259.17 is typical for general spending behavior.
8980,173.37,StoreB,NORMAL,The amount $173.37 is typical for general spending behavior.
7691,147.89,StoreC,NORMAL,The amount $147.89 is typical for general spending behavior.
1597,114.39,StoreC,NORMAL,The amount $114.39 is typical for general spending behavior.
5541,196.86,StoreC,NORMAL,The amount $196.86 is typical for general spending behavior.
1561,0.83,StoreC,ANOMALY,The amount $0.83 is extremely small and may indicate refund fraud or abnormal activity.
7032,215.57,StoreA,NORMAL,The amount $215.57 is typical for general spending behavior.
5948,21.56,StoreC,NORMAL,The amount $21.56 is typical for general spending behavior.
2109,57.9,StoreA,NORMAL,The amount $57.9 is typical for general spending behavior.
5626,2335.74,StoreB,ANOMALY,The amount $2335.74 is unusually high compared to typical spending.
2406,168.92,StoreC,NORMAL,The amount $168.92 is typical for general spending behavior.
6712,115.29,StoreC,NORMAL,The amount $115.29 is typical for general spending behavior.
3738,267.75,StoreB,NORMAL,The amount $267.75 is typical for general spending behavior.
8396,293.85,StoreA,NORMAL,The amount $293.85 is typical for general spending behavior.
2054,420.77,StoreB,NORMAL,The amount $420.77 is typical for general spending behavior.
3827,219.44,StoreC,NORMAL,The amount $219.44 is typical for general spending behavior.
4850,52.42,StoreA,NORMAL,The amount $52.42 is typical for normal spending and does not indicate suspicious behavior.
7643,3838.47,StoreA,ANOMALY,The amount $3838.47 is unusually high compared to typical spending.
6588,57.09,StoreC,NORMAL,The amount $57.09 is typical for general spending behavior.
3512,55.02,OutlierMallY,ANOMALY,The location 'OutlierMallY' is unusual compared to common transaction locations.
7671,277.8,StoreC,NORMAL,The amount $277.8 is typical for general spending behavior.
9903,282.4,StoreC,NORMAL,The amount $282.4 is typical for general spending behavior.
6606,240.63,StoreC,NORMAL,The amount $240.63 is typical for general spending behavior.
7159,302.03,StoreA,NORMAL,The amount $302.03 is typical for general spending behavior.
6448,297.37,StoreA,NORMAL,The amount $297.37 is typical for general spending behavior.
6520,296.96,StoreC,NORMAL,The amount $296.96 is typical for general spending behavior.
9096,156.32,StoreB,NORMAL,The amount $156.32 is typical for general spending behavior.
5589,174.07,StoreC,NORMAL,The amount $174.07 is typical for general spending behavior.
9146,112.72,StoreA,NORMAL,The amount $112.72 is typical for general spending behavior.
9636,324.09,StoreC,NORMAL,The amount $324.09 is typical for general spending behavior.
6205,233.47,StoreB,NORMAL,The amount $233.47 is typical for general spending behavior.
3940,166.11,StoreA,NORMAL,The amount $166.11 is typical for general spending behavior.
3800,162.74,StoreC,NORMAL,The amount $162.74 is typical for general spending behavior.
7859,215.53,StoreA,NORMAL,The amount $215.53 is typical for general spending behavior.
2649,15.85,StoreA,NORMAL,The amount $15.85 is typical for general spending behavior.
1604,154.87,StoreB,NORMAL,The amount $154.87 is typical for general spending behavior.
2865,2312.54,StoreB,ANOMALY,The amount $2312.54 is unusually high compared to typical spending.
1430,278.31,StoreC,NORMAL,The amount $278.31 is typical for general spending behavior.
7435,23.05,StoreA,NORMAL,The amount $23.05 is typical for general spending behavior.
9936,2.47,StoreC,ANOMALY,The amount $2.47 is extremely small and may indicate refund fraud or abnormal activity.
1413,5161.78,StoreB,ANOMALY,The amount $5161.78 is unusually high compared to typical spending.
2222,4.64,StoreB,ANOMALY,The amount $4.64 is extremely small and may indicate refund fraud or abnormal activity.
2391,240.14,StoreA,NORMAL,The amount $240.14 is typical for general spending behavior.
7497,4683.75,StoreB,ANOMALY,The amount $4683.75 is unusually high compared to typical spending.
2864,243.78,StoreC,NORMAL,The amount $243.78 is typical for general spending behavior.
6851,184.8,StoreA,NORMAL,The amount $184.8 is typical for general spending behavior.
6229,329.18,StoreC,NORMAL,The amount $329.18 is typical for general spending behavior.
1243,309.99,StoreC,NORMAL,The amount $309.99 is typical for general spending behavior.
3431,213.71,StoreB,NORMAL,The amount $213.71 is typical for general spending behavior.
7610,243.7,StoreA,NORMAL,The amount $243.7 is typical for general spending behavior.
3787,245.64,StoreA,NORMAL,The amount $245.64 is typical for general spending behavior.
5376,5949.97,StoreB,ANOMALY,The amount $5949.97 is unusually high compared to typical spending.
7929,193.55,StoreA,NORMAL,The amount $193.55 is typical for general spending behavior.
2721,137.77,StoreA,NORMAL,The amount $137.77 is typical for general spending behavior.
8856,189.79,StoreA,NORMAL,The amount $189.79 is typical for general spending behavior.
3335,192.76,StoreA,NORMAL,The amount $192.76 is typical for general spending behavior.
9607,6782.46,StoreA,ANOMALY,The amount $6782.46 is unusually high compared to typical spending.
1255,220.18,StoreA,NORMAL,The amount $220.18 is typical for general spending behavior.
7905,214.02,StoreA,NORMAL,The amount $214.02 is typical for general spending behavior.
1381,4290.26,StoreA,ANOMALY,The amount $4290.26 is unusually high compared to typical spending.
2264,349.68,StoreA,NORMAL,The amount $349.68 is typical for general spending behavior.
2620,284.57,StoreA,NORMAL,The amount $284.57 is typical for general spending behavior.
7948,134.65,StoreC,NORMAL,The amount $134.65 is typical for general spending behavior.
8795,150.87,StoreB,NORMAL,The amount $150.87 is typical for general spending behavior.
8226,90.25,StoreB,NORMAL,The amount $90.25 is typical for general spending behavior.
4877,165.51,RareStoreX,ANOMALY,The location 'RareStoreX' is unusual compared to common transaction locations.
4244,248.25,StoreB,NORMAL,The amount $248.25 is typical for general spending behavior.
1559,256.76,StoreA,NORMAL,The amount $256.76 is typical for general spending behavior.
3312,7939.05,StoreA,ANOMALY,The amount $7939.05 is unusually high compared to typical spending.
8399,167.65,StoreB,NORMAL,The amount $167.65 is typical for general spending behavior.
6726,1.52,StoreB,ANOMALY,The amount $1.52 is extremely small and may indicate refund fraud or abnormal activity.
8766,43.83,StoreB,NORMAL,The amount $43.83 is typical for general spending behavior.
9705,144.65,StoreC,NORMAL,The amount $144.65 is typical for general spending behavior.
9422,143.24,StoreA,NORMAL,The amount $143.24 is typical for general spending behavior.
7299,24.31,StoreA,NORMAL,The amount $24.31 is typical for general spending behavior.
3496,211.74,StoreC,NORMAL,The amount $211.74 is typical for general spending behavior.
7001,6358.14,StoreC,ANOMALY,The amount $6358.14 is unusually high compared to typical spending.
6672,312.27,StoreA,NORMAL,The amount $312.27 is typical for general spending behavior.
7943,206.89,StoreB,NORMAL,The amount $206.89 is typical for general spending behavior.
1567,4511.64,StoreC,ANOMALY,The amount $4511.64 is unusually high compared to typical spending.
9784,41.96,StoreA,NORMAL,The amount $41.96 is typical for general spending behavior.
7553,275.96,StoreB,NORMAL,The amount $275.96 is typical for general spending behavior.
5526,192.86,StoreA,NORMAL,The amount $192.86 is typical for general spending behavior.
7227,318.12,StoreB,NORMAL,The amount $318.12 is typical for general spending behavior.
6323,150.19,StoreC,NORMAL,The amount $150.19 is typical for general spending behavior.
2054,333.24,StoreA,NORMAL,The amount $333.24 is typical for general spending behavior.
3215,141.72,StoreC,NORMAL,The amount $141.72 is typical for general spending behavior.
5790,5433.61,StoreA,ANOMALY,The amount $5433.61 is unusually high compared to typical spending.
4151,2048.35,StoreA,ANOMALY,The amount $2048.35 is unusually high compared to typical spending.
1756,43.91,StoreC,NORMAL,The amount $43.91 is typical for general spending behavior.
6733,90.17,StoreA,NORMAL,The amount $90.17 is typical for general spending behavior.
5505,3263.47,StoreA,ANOMALY,The amount $3263.47 is unusually high compared to typical spending.
5271,7142.58,StoreA,ANOMALY,The amount $7142.58 is unusually high compared to typical spending.
3377,4.33,StoreC,ANOMALY,The amount $4.33 is extremely small and may indicate refund fraud or abnormal activity.
9759,288.57,StoreC,NORMAL,The amount $288.57 is typical for general spending behavior.
9829,4853.46,StoreC,ANOMALY,The amount $4853.46 is unusually high compared to typical spending.
1892,295.11,StoreC,NORMAL,The amount $295.11 is typical for general spending behavior.
1711,4571.89,StoreA,ANOMALY,The amount $4571.89 is unusually high compared to typical spending.
7382,195.39,StoreA,NORMAL,The amount $195.39 is typical for general spending behavior.
5466,147.95,StoreB,NORMAL,The amount $147.95 is typical for general spending behavior.
1787,4.04,StoreC,ANOMALY,The amount $4.04 is extremely small and may indicate refund fraud or abnormal activity.
6435,107.92,StoreC,NORMAL,The amount $107.92 is typical for general spending behavior.
9324,314.51,StoreA,NORMAL,The amount $314.51 is typical for general spending behavior.
5613,113.52,StoreA,NORMAL,The amount $113.52 is typical for general spending behavior.
4015,69.77,StoreA,NORMAL,The amount $69.77 is typical for normal spending and does not indicate suspicious behavior.
3474,7758.32,StoreA,ANOMALY,The amount $7758.32 is unusually high compared to typical spending.
7460,203.91,StoreB,NORMAL,The amount $203.91 is typical for general spending behavior.
6374,224.61,StoreA,NORMAL,The amount $224.61 is typical for general spending behavior.
6418,320.91,OutlierMallY,ANOMALY,The location 'OutlierMallY' is unusual compared to common transaction locations.
1379,5320.0,StoreC,ANOMALY,The amount $5320.0 is unusually high compared to typical spending.
9705,192.27,StoreC,NORMAL,The amount $192.27 is typical for general spending behavior.
7007,355.11,StoreB,NORMAL,The amount $355.11 is typical for general spending behavior.
5155,139.27,StoreC,NORMAL,The amount $139.27 is typical for general spending behavior.
9067,231.56,StoreA,NORMAL,The amount $231.56 is typical for general spending behavior.
5798,171.47,StoreC,NORMAL,The amount $171.47 is typical for general spending behavior.
2285,170.36,StoreA,NORMAL,The amount $170.36 is typical for general spending behavior.
1686,3229.88,StoreB,ANOMALY,The amount $3229.88 is unusually high compared to typical spending.
3443,98.88,StoreB,NORMAL,The amount $98.88 is typical for normal spending and does not indicate suspicious behavior.
5530,7669.62,StoreA,ANOMALY,The amount $7669.62 is unusually high compared to typical spending.
1320,280.5,StoreB,NORMAL,The amount $280.5 is typical for general spending behavior.
1594,279.56,StoreA,NORMAL,The amount $279.56 is typical for general spending behavior.
1642,239.49,StoreC,NORMAL,The amount $239.49 is typical for general spending behavior.
7194,149.26,StoreA,NORMAL,The amount $149.26 is typical for general spending behavior.
8262,221.64,StoreC,NORMAL,The amount $221.64 is typical for general spending behavior.
5927,153.6,StoreB,NORMAL,The amount $153.6 is typical for general spending behavior.
5674,121.51,StoreC,NORMAL,The amount $121.51 is typical for normal spending and does not indicate suspicious behavior.
5910,7508.67,StoreB,ANOMALY,The amount $7508.67 is unusually high compared to typical spending.
8518,4.36,StoreC,ANOMALY,The amount $4.36 is extremely small and may indicate refund fraud or abnormal activity.
3401,198.43,StoreA,NORMAL,The amount $198.43 is typical for general spending behavior.
9880,256.88,StoreB,NORMAL,The amount $256.88 is typical for general spending behavior.
1789,141.75,StoreB,NORMAL,The amount $141.75 is typical for general spending behavior.
9298,7238.1,StoreB,ANOMALY,The amount $7238.1 is unusually high compared to typical spending.
2421,194.86,StoreC,NORMAL,The amount $194.86 is typical for general spending behavior.
9837,392.27,StoreB,NORMAL,The amount $392.27 is typical for general spending behavior.
7184,213.18,StoreA,NORMAL,The amount $213.18 is typical for general spending behavior.
5356,4248.98,StoreC,ANOMALY,The amount $4248.98 is unusually high compared to typical spending.
7711,170.68,StoreA,NORMAL,The amount $170.68 is typical for general spending behavior.
5050,219.95,StoreB,NORMAL,The amount $219.95 is typical for general spending behavior.
3625,243.32,StoreB,NORMAL,The amount $243.32 is typical for general spending behavior.
2438,187.2,StoreC,NORMAL,The amount $187.2 is typical for general spending behavior.
2183,151.41,StoreA,NORMAL,The amount $151.41 is typical for general spending behavior.
6664,299.0,StoreC,NORMAL,The amount $299.0 is typical for general spending behavior.
1847,235.54,StoreC,NORMAL,The amount $235.54 is typical for general spending behavior.
5931,105.95,StoreB,NORMAL,The amount $105.95 is typical for general spending behavior.
4799,151.86,StoreB,NORMAL,The amount $151.86 is typical for general spending behavior.
3418,218.56,StoreA,NORMAL,The amount $218.56 is typical for general spending behavior.
6968,234.18,StoreA,NORMAL,The amount $234.18 is typical for general spending behavior.
8076,201.51,StoreC,NORMAL,The amount $201.51 is typical for general spending behavior.
9736,212.62,StoreB,NORMAL,The amount $212.62 is typical for general spending behavior.
6298,298.21,StoreC,NORMAL,The amount $298.21 is typical for general spending behavior.
3413,253.5,OutlierMallY,ANOMALY,The location 'OutlierMallY' is unusual compared to common transaction locations.
2013,210.46,StoreA,NORMAL,The amount $210.46 is typical for general spending behavior.
1364,180.89,StoreB,NORMAL,The amount $180.89 is typical for general spending behavior.
4029,167.86,StoreC,NORMAL,The amount $167.86 is typical for general spending behavior.
3796,3233.63,StoreA,ANOMALY,The amount $3233.63 is unusually high compared to typical spending.
8394,235.82,StoreA,NORMAL,The amount $235.82 is typical for general spending behavior.
6955,42.39,StoreC,NORMAL,The amount $42.39 is typical for general spending behavior.
2624,4375.47,StoreC,ANOMALY,The amount $4375.47 is unusually high compared to typical spending.
4758,41.96,StoreA,NORMAL,The amount $41.96 is typical for general spending behavior.
2741,220.9,StoreC,NORMAL,The amount $220.9 is typical for general spending behavior.
6249,118.05,StoreC,NORMAL,The amount $118.05 is typical for general spending behavior.
2947,60.41,StoreA,NORMAL,The amount $60.41 is typical for normal spending and does not indicate suspicious behavior.
1411,4.8,StoreA,ANOMALY,The amount $4.8 is extremely small and may indicate refund fraud or abnormal activity.
7852,235.44,StoreA,NORMAL,The amount $235.44 is typical for general spending behavior.
1810,220.04,StoreB,NORMAL,The amount $220.04 is typical for general spending behavior.
7423,6404.9,StoreB,ANOMALY,The amount $6404.9 is unusually high compared to typical spending.
9774,7848.03,StoreA,ANOMALY,The amount $7848.03 is unusually high compared to typical spending.
5569,197.22,StoreC,NORMAL,The amount $197.22 is typical for general spending behavior.
6579,99.13,StoreB,NORMAL,The amount $99.13 is typical for general spending behavior.
4323,4427.12,StoreB,ANOMALY,The amount $4427.12 is unusually high compared to typical spending.
3853,343.18,RareStoreX,ANOMALY,The location 'RareStoreX' is unusual compared to common transaction locations.
1920,159.44,StoreA,NORMAL,The amount $159.44 is typical for general spending behavior.
1496,203.04,StoreA,NORMAL,The amount $203.04 is typical for general spending behavior.
9469,177.49,StoreA,NORMAL,The amount $177.49 is typical for general spending behavior.
8255,367.08,StoreA,NORMAL,The amount $367.08 is typical for general spending behavior.
1524,4.91,StoreB,ANOMALY,The amount $4.91 is extremely small and may indicate refund fraud or abnormal activity.
8920,161.35,StoreB,NORMAL,The amount $161.35 is typical for normal spending and does not indicate suspicious behavior.
3107,235.96,StoreC,NORMAL,The amount $235.96 is typical for general spending behavior.
5284,165.09,StoreA,NORMAL,The amount $165.09 is typical for general spending behavior.
3793,267.12,StoreA,NORMAL,The amount $267.12 is typical for general spending behavior.
1562,173.19,StoreC,NORMAL,The amount $173.19 is typical for general spending behavior.
9867,219.36,StoreC,NORMAL,The amount $219.36 is typical for general spending behavior.
5255,199.11,StoreB,NORMAL,The amount $199.11 is typical for general spending behavior.
3003,3608.05,StoreC,ANOMALY,The amount $3608.05 is unusually high compared to typical spending.
1581,133.74,StoreB,NORMAL,The amount $133.74 is typical for general spending behavior.
7613,118.18,StoreB,NORMAL,The amount $118.18 is typical for normal spending and does not indicate suspicious behavior.
6019,211.7,RareStoreX,ANOMALY,The location 'RareStoreX' is unusual compared to common transaction locations.
9572,194.87,StoreC,NORMAL,The amount $194.87 is typical for general spending behavior.
5887,198.41,StoreA,NORMAL,The amount $198.41 is typical for general spending behavior.
7174,301.75,StoreA,NORMAL,The amount $301.75 is typical for general spending behavior.
8871,192.53,StoreB,NORMAL,The amount $192.53 is typical for general spending behavior.
8002,282.33,StoreC,NORMAL,The amount $282.33 is typical for general spending behavior.
3058,77.38,StoreB,NORMAL,The amount $77.38 is typical for general spending behavior.
4201,331.6,StoreC,NORMAL,The amount $331.6 is typical for general spending behavior.
1057,151.82,StoreA,NORMAL,The amount $151.82 is typical for normal spending and does not indicate suspicious behavior.
9918,2389.54,StoreA,ANOMALY,The amount $2389.54 is unusually high compared to typical spending.
2667,236.28,StoreB,NORMAL,The amount $236.28 is typical for general spending behavior.
2726,223.13,StoreB,NORMAL,The amount $223.13 is typical for general spending behavior.
7412,217.72,StoreB,NORMAL,The amount $217.72 is typical for general spending behavior.
9592,94.38,StoreA,NORMAL,The amount $94.38 is typical for general spending behavior.
9209,112.66,StoreB,NORMAL,The amount $112.66 is typical for general spending behavior.
2582,6411.1,StoreB,ANOMALY,The amount $6411.1 is unusually high compared to typical spending.
2495,260.34,StoreA,NORMAL,The amount $260.34 is typical for general spending behavior.
6141,259.54,StoreC,NORMAL,The amount $259.54 is typical for general spending behavior.
1689,296.31,StoreB,NORMAL,The amount $296.31 is typical for general spending behavior.
2946,252.11,StoreA,NORMAL,The amount $252.11 is typical for general spending behavior.
4449,117.52,StoreB,NORMAL,The amount $117.52 is typical for normal spending and does not indicate suspicious behavior.
7096,2281.39,StoreC,ANOMALY,The amount $2281.39 is unusually high compared to typical spending.
8526,308.31,StoreC,NORMAL,The amount $308.31 is typical for general spending behavior.
2129,207.34,StoreB,NORMAL,The amount $207.34 is typical for general spending behavior.
6417,293.03,StoreB,NORMAL,The amount $293.03 is typical for general spending behavior.
4206,154.37,StoreC,NORMAL,The amount $154.37 is typical for general spending behavior.
4437,94.65,StoreC,NORMAL,The amount $94.65 is typical for normal spending and does not indicate suspicious behavior.
8332,165.75,StoreC,NORMAL,The amount $165.75 is typical for general spending behavior.
5780,2.87,StoreC,ANOMALY,The amount $2.87 is extremely small and may indicate refund fraud or abnormal activity.
9599,320.73,StoreB,NORMAL,The amount $320.73 is typical for general spending behavior.
5310,217.94,StoreA,NORMAL,The amount $217.94 is typical for general spending behavior.
1877,150.98,StoreC,NORMAL,The amount $150.98 is typical for general spending behavior.
6141,231.48,StoreA,NORMAL,The amount $231.48 is typical for general spending behavior.
3987,319.26,StoreC,NORMAL,The amount $319.26 is typical for general spending behavior.
8058,298.47,StoreC,NORMAL,The amount $298.47 is typical for general spending behavior.
8612,75.53,StoreC,NORMAL,The amount $75.53 is typical for general spending behavior.
6319,3075.88,StoreB,ANOMALY,The amount $3075.88 is unusually high compared to typical spending.
1171,229.87,StoreB,NORMAL,The amount $229.87 is typical for general spending behavior.
7806,255.76,StoreA,NORMAL,The amount $255.76 is typical for general spending behavior.
7571,69.8,StoreC,NORMAL,The amount $69.8 is typical for general spending behavior.
2049,258.51,StoreB,NORMAL,The amount $258.51 is typical for general spending behavior.
8829,226.14,StoreC,NORMAL,The amount $226.14 is typical for general spending behavior.
8075,4.36,StoreC,ANOMALY,The amount $4.36 is extremely small and may indicate refund fraud or abnormal activity.
6790,256.99,StoreA,NORMAL,The amount $256.99 is typical for general spending behavior.
2743,105.81,StoreC,NORMAL,The amount $105.81 is typical for normal spending and does not indicate suspicious behavior.
3347,216.35,StoreC,NORMAL,The amount $216.35 is typical for general spending behavior.
3725,3024.5,StoreA,ANOMALY,The amount $3024.5 is unusually high compared to typical spending.
6424,152.05,StoreA,NORMAL,The amount $152.05 is typical for general spending behavior.
8902,315.88,StoreB,NORMAL,The amount $315.88 is typical for general spending behavior.
2155,399.44,StoreB,NORMAL,The amount $399.44 is typical for general spending behavior.
1897,197.88,StoreA,NORMAL,The amount $197.88 is typical for general spending behavior.
2894,183.53,StoreA,NORMAL,The amount $183.53 is typical for general spending behavior.
5764,199.56,StoreA,NORMAL,The amount $199.56 is typical for general spending behavior.
3107,279.86,StoreC,NORMAL,The amount $279.86 is typical for general spending behavior.
7371,239.4,StoreC,NORMAL,The amount $239.4 is typical for general spending behavior.
5227,251.09,StoreC,NORMAL,The amount $251.09 is typical for general spending behavior.
8098,78.84,StoreB,NORMAL,The amount $78.84 is typical for general spending behavior.
7474,163.31,StoreB,NORMAL,The amount $163.31 is typical for general spending behavior.
2919,104.02,StoreA,NORMAL,The amount $104.02 is typical for general spending behavior.
8213,285.24,StoreB,NORMAL,The amount $285.24 is typical for general spending behavior.
8999,258.79,StoreA,NORMAL,The amount $258.79 is typical for general spending behavior.
1271,179.93,StoreA,NORMAL,The amount $179.93 is typical for general spending behavior.
6289,215.98,StoreC,NORMAL,The amount $215.98 is typical for general spending behavior.
8416,1.62,StoreC,ANOMALY,The amount $1.62 is extremely small and may indicate refund fraud or abnormal activity.
4754,223.1,StoreC,NORMAL,The amount $223.1 is typical for general spending behavior.
1056,161.53,StoreA,NORMAL,The amount $161.53 is typical for general spending behavior.
6244,6379.47,StoreA,ANOMALY,The amount $6379.47 is unusually high compared to typical spending.
3338,205.16,StoreC,NORMAL,The amount $205.16 is typical for general spending behavior.
6452,251.68,StoreC,NORMAL,The amount $251.68 is typical for general spending behavior.
2875,89.38,StoreB,NORMAL,The amount $89.38 is typical for normal spending and does not indicate suspicious behavior.
5826,191.13,StoreA,NORMAL,The amount $191.13 is typical for general spending behavior.
6387,186.16,StoreC,NORMAL,The amount $186.16 is typical for general spending behavior.
2785,176.37,StoreC,NORMAL,The amount $176.37 is typical for general spending behavior.
2892,7233.65,StoreB,ANOMALY,The amount $7233.65 is unusually high compared to typical spending.
9289,4078.71,StoreB,ANOMALY,The amount $4078.71 is unusually high compared to typical spending.
6292,3473.01,StoreB,ANOMALY,The amount $3473.01 is unusually high compared to typical spending.
7163,250.59,StoreC,NORMAL,The amount $250.59 is typical for general spending behavior.
5262,134.63,StoreB,NORMAL,The amount $134.63 is typical for general spending behavior.
8619,190.78,StoreA,NORMAL,The amount $190.78 is typical for general spending behavior.
7772,1.29,StoreC,ANOMALY,The amount $1.29 is extremely small and may indicate refund fraud or abnormal activity.
8450,5548.15,StoreC,ANOMALY,The amount $5548.15 is unusually high compared to typical spending.
5162,203.94,StoreA,NORMAL,The amount $203.94 is typical for general spending behavior.
9728,226.76,StoreA,NORMAL,The amount $226.76 is typical for general spending behavior.
9058,4.11,StoreA,ANOMALY,The amount $4.11 is extremely small and may indicate refund fraud or abnormal activity.
3776,234.78,StoreA,NORMAL,The amount $234.78 is typical for general spending behavior.
9275,71.04,StoreC,NORMAL,The amount $71.04 is typical for normal spending and does not indicate suspicious behavior.
7154,4662.07,StoreA,ANOMALY,The amount $4662.07 is unusually high compared to typical spending.
8670,5655.87,StoreB,ANOMALY,The amount $5655.87 is unusually high compared to typical spending.
9266,318.4,StoreC,NORMAL,The amount $318.4 is typical for general spending behavior.
8001,2206.42,StoreC,ANOMALY,The amount $2206.42 is unusually high compared to typical spending.
1553,0.71,StoreA,ANOMALY,The amount $0.71 is extremely small and may indicate refund fraud or abnormal activity.
9303,110.88,StoreB,NORMAL,The amount $110.88 is typical for general spending behavior.
2245,240.48,StoreC,NORMAL,The amount $240.48 is typical for general spending behavior.
5041,187.97,StoreA,NORMAL,The amount $187.97 is typical for general spending behavior.
4879,363.75,StoreC,NORMAL,The amount $363.75 is typical for general spending behavior.
4259,225.14,StoreA,NORMAL,The amount $225.14 is typical for general spending behavior.
1618,348.18,StoreA,NORMAL,The amount $348.18 is typical for general spending behavior.
1793,206.71,StoreB,NORMAL,The amount $206.71 is typical for general spending behavior.
1746,7835.5,StoreB,ANOMALY,The amount $7835.5 is unusually high compared to typical spending.
4695,85.35,StoreB,NORMAL,The amount $85.35 is typical for general spending behavior.
4648,165.38,RareStoreX,ANOMALY,The location 'RareStoreX' is unusual compared to common transaction locations.
6390,139.73,StoreA,NORMAL,The amount $139.73 is typical for general spending behavior.
5987,119.87,StoreC,NORMAL,The amount $119.87 is typical for general spending behavior.
6064,275.3,StoreB,NORMAL,The amount $275.3 is typical for general spending behavior.
4909,8.78,StoreC,NORMAL,The amount $8.78 is typical for general spending behavior.
2806,136.0,StoreB,NORMAL,The amount $136.0 is typical for general spending behavior.
8246,156.53,StoreA,NORMAL,The amount $156.53 is typical for general spending behavior.
1730,190.1,StoreA,NORMAL,The amount $190.1 is typical for general spending behavior.
7336,4.74,StoreB,ANOMALY,The amount $4.74 is extremely small and may indicate refund fraud or abnormal activity.
4072,118.97,StoreA,NORMAL,The amount $118.97 is typical for general spending behavior.
6095,254.51,StoreA,NORMAL,The amount $254.51 is typical for general spending behavior.
1634,229.41,StoreA,NORMAL,The amount $229.41 is typical for general spending behavior.
7999,204.72,StoreC,NORMAL,The amount $204.72 is typical for general spending behavior.
1169,2344.54,StoreA,ANOMALY,The amount $2344.54 is unusually high compared to typical spending.
2717,233.89,StoreC,NORMAL,The amount $233.89 is typical for general spending behavior.
5682,233.58,StoreB,NORMAL,The amount $233.58 is typical for general spending behavior.
5457,322.42,StoreC,NORMAL,The amount $322.42 is typical for general spending behavior.
8380,232.04,StoreB,NORMAL,The amount $232.04 is typical for general spending behavior.
2229,7433.46,StoreC,ANOMALY,The amount $7433.46 is unusually high compared to typical spending.
9215,358.12,StoreB,NORMAL,The amount $358.12 is typical for general spending behavior.
9073,170.01,StoreA,NORMAL,The amount $170.01 is typical for general spending behavior.
1946,279.7,StoreB,NORMAL,The amount $279.7 is typical for general spending behavior.
7749,78.45,StoreB,NORMAL,The amount $78.45 is typical for general spending behavior.
5566,293.82,StoreB,NORMAL,The amount $293.82 is typical for general spending behavior.
2392,198.22,StoreA,NORMAL,The amount $198.22 is typical for general spending behavior.
1909,262.27,StoreA,NORMAL,The amount $262.27 is typical for general spending behavior.
7746,104.86,StoreB,NORMAL,The amount $104.86 is typical for general spending behavior.
4176,111.71,StoreB,NORMAL,The amount $111.71 is typical for general spending behavior.
3567,274.59,StoreB,NORMAL,The amount $274.59 is typical for general spending behavior.
6188,64.17,StoreA,NORMAL,The amount $64.17 is typical for normal spending and does not indicate suspicious behavior.
9640,147.34,StoreA,NORMAL,The amount $147.34 is typical for general spending behavior.
7343,198.52,StoreB,NORMAL,The amount $198.52 is typical for general spending behavior.
1602,327.19,StoreC,NORMAL,The amount $327.19 is typical for general spending behavior.
1822,334.8,StoreB,NORMAL,The amount $334.8 is typical for general spending behavior.
7622,6789.22,StoreB,ANOMALY,The amount $6789.22 is unusually high compared to typical spending.
4136,316.26,StoreC,NORMAL,The amount $316.26 is typical for general spending behavior.
5511,128.37,StoreB,NORMAL,The amount $128.37 is typical for general spending behavior.
1794,134.77,RareStoreX,ANOMALY,The location 'RareStoreX' is unusual compared to common transaction locations.
1814,217.01,StoreB,NORMAL,The amount $217.01 is typical for general spending behavior.
1870,292.65,StoreA,NORMAL,The amount $292.65 is typical for general spending behavior.
4659,110.63,StoreC,NORMAL,The amount $110.63 is typical for general spending behavior.
3926,128.84,StoreC,NORMAL,The amount $128.84 is typical for general spending behavior.
7209,2357.84,StoreB,ANOMALY,The amount $2357.84 is unusually high compared to typical spending.
8274,279.21,StoreA,NORMAL,The amount $279.21 is typical for general spending behavior.
4933,179.28,StoreA,NORMAL,The amount $179.28 is typical for general spending behavior.
1404,91.56,StoreB,NORMAL,The amount $91.56 is typical for general spending behavior.
5597,214.91,StoreA,NORMAL,The amount $214.91 is typical for general spending behavior.
3689,4363.6,StoreA,ANOMALY,The amount $4363.6 is unusually high compared to typical spending.
6775,297.44,StoreA,NORMAL,The amount $297.44 is typical for general spending behavior.
3400,183.07,StoreC,NORMAL,The amount $183.07 is typical for general spending behavior.
1358,222.32,StoreA,NORMAL,The amount $222.32 is typical for general spending behavior.
6036,266.67,StoreB,NORMAL,The amount $266.67 is typical for general spending behavior.
6315,183.02,StoreB,NORMAL,The amount $183.02 is typical for general spending behavior.
9814,68.96,StoreA,NORMAL,The amount $68.96 is typical for general spending behavior.
8610,240.4,StoreA,NORMAL,The amount $240.4 is typical for general spending behavior.
5579,65.83,StoreC,NORMAL,The amount $65.83 is typical for normal spending and does not indicate suspicious behavior.
6591,181.08,StoreA,NORMAL,The amount $181.08 is typical for general spending behavior.
7694,89.79,StoreA,NORMAL,The amount $89.79 is typical for general spending behavior.
3428,258.6,StoreA,NORMAL,The amount $258.6 is typical for general spending behavior.
7078,173.64,StoreA,NORMAL,The amount $173.64 is typical for general spending behavior.
5435,5712.12,StoreA,ANOMALY,The amount $5712.12 is unusually high compared to typical spending.
2975,278.02,StoreA,NORMAL,The amount $278.02 is typical for general spending behavior.
5075,233.57,StoreC,NORMAL,The amount $233.57 is typical for general spending behavior.
7204,132.24,StoreC,NORMAL,The amount $132.24 is typical for normal spending and does not indicate suspicious behavior.
8234,3655.66,StoreA,ANOMALY,The amount $3655.66 is unusually high compared to typical spending.
2885,204.53,StoreB,NORMAL,The amount $204.53 is typical for general spending behavior.
2931,100.88,StoreA,NORMAL,The amount $100.88 is typical for general spending behavior.
9437,222.7,StoreA,NORMAL,The amount $222.7 is typical for general spending behavior.
3356,134.7,StoreB,NORMAL,The amount $134.7 is typical for general spending behavior.
1929,95.51,RareStoreX,ANOMALY,The location 'RareStoreX' is unusual compared to common transaction locations.
1336,211.67,StoreB,NORMAL,The amount $211.67 is typical for general spending behavior.
5914,5829.51,StoreC,ANOMALY,The amount $5829.51 is unusually high compared to typical spending.
5522,367.16,StoreB,NORMAL,The amount $367.16 is typical for general spending behavior.
6692,287.28,StoreC,NORMAL,The amount $287.28 is typical for general spending behavior.
6349,201.55,RareStoreX,ANOMALY,The location 'RareStoreX' is unusual compared to common transaction locations.
5867,49.61,StoreA,NORMAL,The amount $49.61 is typical for general spending behavior.
1318,208.75,StoreC,NORMAL,The amount $208.75 is typical for general spending behavior.
1845,299.96,StoreC,NORMAL,The amount $299.96 is typical for general spending behavior.
4523,295.07,StoreC,NORMAL,The amount $295.07 is typical for general spending behavior.
4841,168.86,RareStoreX,ANOMALY,The location 'RareStoreX' is unusual compared to common transaction locations.
8041,258.46,StoreC,NORMAL,The amount $258.46 is typical for general spending behavior.
7411,198.45,StoreC,NORMAL,The amount $198.45 is typical for general spending behavior.
5439,171.26,StoreA,NORMAL,The amount $171.26 is typical for general spending behavior.
9078,194.95,StoreB,NORMAL,The amount $194.95 is typical for general spending behavior.
3815,187.58,StoreA,NORMAL,The amount $187.58 is typical for general spending behavior.
1840,273.53,StoreB,NORMAL,The amount $273.53 is typical for general spending behavior.
9120,5607.42,StoreC,ANOMALY,The amount $5607.42 is unusually high compared to typical spending.
6260,203.04,StoreC,NORMAL,The amount $203.04 is typical for general spending behavior.
1032,294.86,StoreA,NORMAL,The amount $294.86 is typical for general spending behavior.
9605,79.98,StoreC,NORMAL,The amount $79.98 is typical for general spending behavior.
5908,152.81,StoreA,NORMAL,The amount $152.81 is typical for general spending behavior.
3373,250.83,StoreB,NORMAL,The amount $250.83 is typical for general spending behavior.
6353,206.85,StoreA,NORMAL,The amount $206.85 is typical for general spending behavior.
8979,190.75,StoreA,NORMAL,The amount $190.75 is typical for general spending behavior.
7144,266.08,StoreB,NORMAL,The amount $266.08 is typical for general spending behavior.
9125,105.76,StoreA,NORMAL,The amount $105.76 is typical for general spending behavior.
2075,235.2,StoreA,NORMAL,The amount $235.2 is typical for general spending behavior.
3134,5187.61,StoreA,ANOMALY,The amount $5187.61 is unusually high compared to typical spending.
3220,226.69,StoreA,NORMAL,The amount $226.69 is typical for general spending behavior.
8948,1.73,StoreC,ANOMALY,The amount $1.73 is extremely small and may indicate refund fraud or abnormal activity.
2760,238.01,StoreB,NORMAL,The amount $238.01 is typical for general spending behavior.
7092,4673.72,StoreA,ANOMALY,The amount $4673.72 is unusually high compared to typical spending.
9562,90.53,StoreC,NORMAL,The amount $90.53 is typical for general spending behavior.
3028,149.27,RareStoreX,ANOMALY,The location 'RareStoreX' is unusual compared to common transaction locations.
6292,126.6,StoreC,NORMAL,The amount $126.6 is typical for general spending behavior.
3423,141.83,StoreB,NORMAL,The amount $141.83 is typical for general spending behavior.
5133,206.06,StoreC,NORMAL,The amount $206.06 is typical for general spending behavior.
8465,155.78,RareStoreX,ANOMALY,The location 'RareStoreX' is unusual compared to common transaction locations.
3809,101.72,StoreB,NORMAL,The amount $101.72 is typical for general spending behavior.
7273,259.46,StoreB,NORMAL,The amount $259.46 is typical for general spending behavior.
3384,131.33,StoreC,NORMAL,The amount $131.33 is typical for general spending behavior.
3611,141.18,StoreC,NORMAL,The amount $141.18 is typical for general spending behavior.
1110,4.32,StoreA,ANOMALY,The amount $4.32 is extremely small and may indicate refund fraud or abnormal activity.
5960,261.12,StoreB,NORMAL,The amount $261.12 is typical for general spending behavior.
6318,215.55,StoreB,NORMAL,The amount $215.55 is typical for general spending behavior.
6565,2.88,StoreA,ANOMALY,The amount $2.88 is extremely small and may indicate refund fraud or abnormal activity.
1679,81.28,StoreA,NORMAL,The amount $81.28 is typical for general spending behavior.
1071,2.85,StoreB,ANOMALY,The amount $2.85 is extremely small and may indicate refund fraud or abnormal activity.
5281,112.56,StoreB,NORMAL,The amount $112.56 is typical for normal spending and does not indicate suspicious behavior.
7172,167.35,StoreB,NORMAL,The amount $167.35 is typical for general spending behavior.
9218,170.01,StoreA,NORMAL,The amount $170.01 is typical for general spending behavior.
5155,67.47,StoreB,NORMAL,The amount $67.47 is typical for general spending behavior.
7487,203.55,StoreC,NORMAL,The amount $203.55 is typical for general spending behavior.
1614,217.53,StoreB,NORMAL,The amount $217.53 is typical for general spending behavior.
3165,1.16,StoreB,ANOMALY,The amount $1.16 is extremely small and may indicate refund fraud or abnormal activity.
2602,224.85,RareStoreX,ANOMALY,The location 'RareStoreX' is unusual compared to common transaction locations.
9817,185.28,StoreC,NORMAL,The amount $185.28 is typical for general spending behavior.
1419,7028.8,StoreA,ANOMALY,The amount $7028.8 is unusually high compared to typical spending.
1064,301.72,StoreB,NORMAL,The amount $301.72 is typical for general spending behavior.
7278,7443.59,StoreC,ANOMALY,The amount $7443.59 is unusually high compared to typical spending.
5451,113.45,StoreC,NORMAL,The amount $113.45 is typical for normal spending and does not indicate suspicious behavior.
2331,448.79,StoreB,NORMAL,The amount $448.79 is typical for general spending behavior.
4241,233.93,StoreA,NORMAL,The amount $233.93 is typical for general spending behavior.
9493,215.83,StoreB,NORMAL,The amount $215.83 is typical for general spending behavior.
3418,72.97,RareStoreX,ANOMALY,The location 'RareStoreX' is unusual compared to common transaction locations.
2848,254.42,StoreA,NORMAL,The amount $254.42 is typical for general spending behavior.
3073,101.04,StoreB,NORMAL,The amount $101.04 is typical for general spending behavior.
4515,248.85,StoreB,NORMAL,The amount $248.85 is typical for general spending behavior.
5549,210.83,StoreC,NORMAL,The amount $210.83 is typical for general spending behavior.
5852,136.12,OutlierMallY,ANOMALY,The location 'OutlierMallY' is unusual compared to common transaction locations.
3822,116.64,StoreC,NORMAL,The amount $116.64 is typical for general spending behavior.
1600,254.37,StoreC,NORMAL,The amount $254.37 is typical for general spending behavior.
4660,339.79,StoreA,NORMAL,The amount $339.79 is typical for general spending behavior.
2186,263.51,StoreB,NORMAL,The amount $263.51 is typical for general spending behavior.
8777,96.8,StoreB,NORMAL,The amount $96.8 is typical for general spending behavior.
2607,1.0,StoreB,ANOMALY,The amount $1.0 is extremely small and may indicate refund fraud or abnormal activity.
2793,236.1,StoreA,NORMAL,The amount $236.1 is typical for general spending behavior.
4340,3242.43,StoreB,ANOMALY,The amount $3242.43 is unusually high compared to typical spending.
8190,186.63,StoreB,NORMAL,The amount $186.63 is typical for general spending behavior.
2561,254.9,StoreB,NORMAL,The amount $254.9 is typical for general spending behavior.
9084,154.41,StoreA,NORMAL,The amount $154.41 is typical for general spending behavior.
7860,232.14,StoreC,NORMAL,The amount $232.14 is typical for general spending behavior.
2875,270.19,StoreC,NORMAL,The amount $270.19 is typical for general spending behavior.
8351,190.66,StoreC,NORMAL,The amount $190.66 is typical for general spending behavior.
9967,263.25,StoreA,NORMAL,The amount $263.25 is typical for general spending behavior.
5920,139.7,StoreC,NORMAL,The amount $139.7 is typical for general spending behavior.
9598,260.11,StoreC,NORMAL,The amount $260.11 is typical for general spending behavior.
4541,111.71,StoreB,NORMAL,The amount $111.71 is typical for general spending behavior.
4804,114.7,StoreB,NORMAL,The amount $114.7 is typical for general spending behavior.
6020,4580.71,StoreB,ANOMALY,The amount $4580.71 is unusually high compared to typical spending.
8862,268.32,StoreA,NORMAL,The amount $268.32 is typical for general spending behavior.
3006,3.31,StoreC,ANOMALY,The amount $3.31 is extremely small and may indicate refund fraud or abnormal activity.
5802,211.44,StoreC,NORMAL,The amount $211.44 is typical for general spending behavior.
1754,280.28,StoreB,NORMAL,The amount $280.28 is typical for general spending behavior.
3369,2901.29,StoreB,ANOMALY,The amount $2901.29 is unusually high compared to typical spending.
3756,100.49,StoreA,NORMAL,The amount $100.49 is typical for general spending behavior.
7217,239.74,StoreA,NORMAL,The amount $239.74 is typical for general spending behavior.
2821,160.97,StoreB,NORMAL,The amount $160.97 is typical for general spending behavior.
6906,214.93,StoreB,NORMAL,The amount $214.93 is typical for general spending behavior.
8288,2662.9,StoreB,ANOMALY,The amount $2662.9 is unusually high compared to typical spending.
5942,289.35,StoreA,NORMAL,The amount $289.35 is typical for general spending behavior.
1849,212.14,StoreB,NORMAL,The amount $212.14 is typical for general spending behavior.
2924,120.49,StoreC,NORMAL,The amount $120.49 is typical for general spending behavior.
8290,2194.07,StoreA,ANOMALY,The amount $2194.07 is unusually high compared to typical spending.
8471,3526.52,StoreB,ANOMALY,The amount $3526.52 is unusually high compared to typical spending.
6510,115.32,StoreC,NORMAL,The amount $115.32 is typical for general spending behavior.
7034,68.54,StoreB,NORMAL,The amount $68.54 is typical for general spending behavior.
5071,174.38,StoreC,NORMAL,The amount $174.38 is typical for general spending behavior.
6308,365.0,StoreB,NORMAL,The amount $365.0 is typical for general spending behavior.
7227,197.42,StoreB,NORMAL,The amount $197.42 is typical for general spending behavior.
9125,160.19,StoreA,NORMAL,The amount $160.19 is typical for general spending behavior.
2244,5695.43,StoreB,ANOMALY,The amount $5695.43 is unusually high compared to typical spending.
5905,113.05,StoreA,NORMAL,The amount $113.05 is typical for normal spending and does not indicate suspicious behavior.
9222,189.59,StoreB,NORMAL,The amount $189.59 is typical for general spending behavior.
8939,79.62,StoreA,NORMAL,The amount $79.62 is typical for general spending behavior.
6824,196.57,StoreB,NORMAL,The amount $196.57 is typical for general spending behavior.
2067,120.13,StoreB,NORMAL,The amount $120.13 is typical for general spending behavior.
8282,134.74,StoreC,NORMAL,The amount $134.74 is typical for general spending behavior.
5712,214.22,StoreA,NORMAL,The amount $214.22 is typical for general spending behavior.
4146,256.36,StoreB,NORMAL,The amount $256.36 is typical for general spending behavior.
9187,7426.13,StoreC,ANOMALY,The amount $7426.13 is unusually high compared to typical spending.
9498,130.89,StoreC,NORMAL,The amount $130.89 is typical for general spending behavior.
8838,83.4,StoreB,NORMAL,The amount $83.4 is typical for general spending behavior.
2304,2.31,StoreA,ANOMALY,The amount $2.31 is extremely small and may indicate refund fraud or abnormal activity.
1783,288.44,StoreB,NORMAL,The amount $288.44 is typical for general spending behavior.
6406,179.41,StoreB,NORMAL,The amount $179.41 is typical for general spending behavior.
5898,37.94,StoreA,NORMAL,The amount $37.94 is typical for general spending behavior.
2312,254.23,StoreA,NORMAL,The amount $254.23 is typical for general spending behavior.
3892,150.62,StoreB,NORMAL,The amount $150.62 is typical for general spending behavior.
9672,350.49,StoreA,NORMAL,The amount $350.49 is typical for general spending behavior.
3747,0.72,StoreB,ANOMALY,The amount $0.72 is extremely small and may indicate refund fraud or abnormal activity.
7732,4227.15,StoreB,ANOMALY,The amount $4227.15 is unusually high compared to typical spending.
8630,79.75,StoreA,NORMAL,The amount $79.75 is typical for general spending behavior.
7172,118.89,OutlierMallY,ANOMALY,The location 'OutlierMallY' is unusual compared to common transaction locations.
5995,123.49,StoreC,NORMAL,The amount $123.49 is typical for general spending behavior.
9112,148.94,StoreA,NORMAL,The amount $148.94 is typical for general spending behavior.
8360,176.66,StoreB,NORMAL,The amount $176.66 is typical for general spending behavior.
3621,3.94,StoreC,ANOMALY,The amount $3.94 is extremely small and may indicate refund fraud or abnormal activity.
6906,162.47,StoreB,NORMAL,The amount $162.47 is typical for general spending behavior.
2537,3.64,StoreB,ANOMALY,The amount $3.64 is extremely small and may indicate refund fraud or abnormal activity.
5759,219.26,StoreA,NORMAL,The amount $219.26 is typical for general spending behavior.
2690,179.29,StoreC,NORMAL,The amount $179.29 is typical for general spending behavior.
1244,3280.98,StoreA,ANOMALY,The amount $3280.98 is unusually high compared to typical spending.
1834,381.66,StoreC,NORMAL,The amount $381.66 is typical for general spending behavior.
5276,209.88,StoreA,NORMAL,The amount $209.88 is typical for general spending behavior.
9217,218.52,StoreC,NORMAL,The amount $218.52 is typical for general spending behavior.
8856,5683.97,StoreB,ANOMALY,The amount $5683.97 is unusually high compared to typical spending.
7920,215.57,RareStoreX,ANOMALY,The location 'RareStoreX' is unusual compared to common transaction locations.
5269,5933.4,StoreC,ANOMALY,The amount $5933.4 is unusually high compared to typical spending.
5262,156.89,StoreC,NORMAL,The amount $156.89 is typical for general spending behavior.
5460,170.64,StoreB,NORMAL,The amount $170.64 is typical for general spending behavior.
6646,372.58,StoreB,NORMAL,The amount $372.58 is typical for general spending behavior.
3655,158.03,StoreC,NORMAL,The amount $158.03 is typical for general spending behavior.
1874,340.9,StoreC,NORMAL,The amount $340.9 is typical for general spending behavior.
8368,257.45,StoreA,NORMAL,The amount $257.45 is typical for general spending behavior.
5716,225.56,StoreB,NORMAL,The amount $225.56 is typical for general spending behavior.
1394,255.67,StoreC,NORMAL,The amount $255.67 is typical for general spending behavior.
9924,3295.02,StoreA,ANOMALY,The amount $3295.02 is unusually high compared to typical spending.
5071,134.54,StoreB,NORMAL,The amount $134.54 is typical for general spending behavior.
6789,5111.19,StoreA,ANOMALY,The amount $5111.19 is unusually high compared to typical spending.
9062,51.85,StoreC,NORMAL,The amount $51.85 is typical for general spending behavior.
2667,246.82,StoreB,NORMAL,The amount $246.82 is typical for general spending behavior.
2469,237.15,StoreC,NORMAL,The amount $237.15 is typical for general spending behavior.
7927,168.35,StoreC,NORMAL,The amount $168.35 is typical for general spending behavior.
2394,141.94,StoreB,NORMAL,The amount $141.94 is typical for general spending behavior.
4531,5797.59,StoreB,ANOMALY,The amount $5797.59 is unusually high compared to typical spending.
4773,200.02,StoreC,NORMAL,The amount $200.02 is typical for general spending behavior.
5267,218.72,StoreA,NORMAL,The amount $218.72 is typical for general spending behavior.
5512,48.51,StoreB,NORMAL,The amount $48.51 is typical for general spending behavior.
8833,221.37,StoreA,NORMAL,The amount $221.37 is typical for general spending behavior.
6111,5536.29,StoreB,ANOMALY,The amount $5536.29 is unusually high compared to typical spending.
4306,87.32,StoreB,NORMAL,The amount $87.32 is typical for general spending behavior.
8292,283.96,StoreC,NORMAL,The amount $283.96 is typical for general spending behavior.
9427,196.84,StoreB,NORMAL,The amount $196.84 is typical for general spending behavior.
3419,275.97,StoreC,NORMAL,The amount $275.97 is typical for general spending behavior.
6141,57.7,StoreA,NORMAL,The amount $57.7 is typical for general spending behavior.
1375,384.29,StoreC,NORMAL,The amount $384.29 is typical for general spending behavior.
6510,132.78,StoreA,NORMAL,The amount $132.78 is typical for normal spending and does not indicate suspicious behavior.
3978,96.07,StoreC,NORMAL,The amount $96.07 is typical for normal spending and does not indicate suspicious behavior.
8529,222.48,StoreB,NORMAL,The amount $222.48 is typical for general spending behavior.
7499,249.02,StoreB,NORMAL,The amount $249.02 is typical for general spending behavior.
7839,128.43,StoreB,NORMAL,The amount $128.43 is typical for general spending behavior.
7610,4117.27,StoreA,ANOMALY,The amount $4117.27 is unusually high compared to typical spending.
8529,5921.37,StoreA,ANOMALY,The amount $5921.37 is unusually high compared to typical spending.
8004,187.96,RareStoreX,ANOMALY,The location 'RareStoreX' is unusual compared to common transaction locations.
2709,2388.2,StoreA,ANOMALY,The amount $2388.2 is unusually high compared to typical spending.
8308,367.67,StoreB,NORMAL,The amount $367.67 is typical for general spending behavior.
6127,6994.0,StoreC,ANOMALY,The amount $6994.0 is unusually high compared to typical spending.
1801,185.18,StoreA,NORMAL,The amount $185.18 is typical for general spending behavior.
4324,87.64,OutlierMallY,ANOMALY,The location 'OutlierMallY' is unusual compared to common transaction locations.
1949,164.32,StoreC,NORMAL,The amount $164.32 is typical for general spending behavior.
5703,110.44,OutlierMallY,ANOMALY,The location 'OutlierMallY' is unusual compared to common transaction locations.
7720,58.19,StoreA,NORMAL,The amount $58.19 is typical for normal spending and does not indicate suspicious behavior.
3110,183.25,StoreA,NORMAL,The amount $183.25 is typical for general spending behavior.
7905,4875.66,StoreB,ANOMALY,The amount $4875.66 is unusually high compared to typical spending.
8032,171.4,StoreA,NORMAL,The amount $171.4 is typical for general spending behavior.
1607,93.16,StoreA,NORMAL,The amount $93.16 is typical for general spending behavior.
8142,129.18,StoreC,NORMAL,The amount $129.18 is typical for general spending behavior.
6616,292.73,StoreB,NORMAL,The amount $292.73 is typical for general spending behavior.
5901,5851.24,StoreA,ANOMALY,The amount $5851.24 is unusually high compared to typical spending.
4960,234.31,StoreB,NORMAL,The amount $234.31 is typical for general spending behavior.
5777,185.83,StoreB,NORMAL,The amount $185.83 is typical for normal spending and does not indicate suspicious behavior.
9656,250.05,StoreC,NORMAL,The amount $250.05 is typical for general spending behavior.
5077,166.57,StoreC,NORMAL,The amount $166.57 is typical for general spending behavior.
4873,204.93,StoreB,NORMAL,The amount $204.93 is typical for general spending behavior.
9787,319.6,StoreB,NORMAL,The amount $319.6 is typical for general spending behavior.
8226,153.77,StoreB,NORMAL,The amount $153.77 is typical for general spending behavior.
2734,243.1,StoreC,NORMAL,The amount $243.1 is typical for general spending behavior.
9135,240.01,StoreB,NORMAL,The amount $240.01 is typical for general spending behavior.
3780,283.87,OutlierMallY,ANOMALY,The location 'OutlierMallY' is unusual compared to common transaction locations.
6765,358.96,StoreB,NORMAL,The amount $358.96 is typical for general spending behavior.
8254,365.43,StoreB,NORMAL,The amount $365.43 is typical for general spending behavior.
5538,110.18,StoreB,NORMAL,The amount $110.18 is typical for general spending behavior.
4291,157.53,StoreC,NORMAL,The amount $157.53 is typical for general spending behavior.
8830,6625.39,StoreC,ANOMALY,The amount $6625.39 is unusually high compared to typical spending.
6885,6686.7,StoreB,ANOMALY,The amount $6686.7 is unusually high compared to typical spending.
6775,284.65,StoreC,NORMAL,The amount $284.65 is typical for general spending behavior.
4513,124.81,StoreC,NORMAL,The amount $124.81 is typical for general spending behavior.
9021,151.01,StoreA,NORMAL,The amount $151.01 is typical for general spending behavior.
3768,151.97,StoreC,NORMAL,The amount $151.97 is typical for general spending behavior.
7233,176.88,OutlierMallY,ANOMALY,The location 'OutlierMallY' is unusual compared to common transaction locations.
4275,88.44,StoreC,NORMAL,The amount $88.44 is typical for general spending behavior.
3649,226.73,StoreA,NORMAL,The amount $226.73 is typical for general spending behavior.
8235,221.35,StoreC,NORMAL,The amount $221.35 is typical for general spending behavior.
3398,140.5,StoreC,NORMAL,The amount $140.5 is typical for normal spending and does not indicate suspicious behavior.
8953,124.0,StoreB,NORMAL,The amount $124.0 is typical for normal spending and does not indicate suspicious behavior.
9467,265.59,StoreB,NORMAL,The amount $265.59 is typical for general spending behavior.
4437,4.92,StoreC,ANOMALY,The amount $4.92 is extremely small and may indicate refund fraud or abnormal activity.
3506,351.99,StoreC,NORMAL,The amount $351.99 is typical for general spending behavior.
3711,279.65,StoreA,NORMAL,The amount $279.65 is typical for general spending behavior.
6032,251.24,StoreC,NORMAL,The amount $251.24 is typical for general spending behavior.
6156,99.59,StoreA,NORMAL,The amount $99.59 is typical for general spending behavior.
9966,232.34,StoreB,NORMAL,The amount $232.34 is typical for general spending behavior.
3960,209.57,StoreB,NORMAL,The amount $209.57 is typical for general spending behavior.
5453,3802.34,StoreA,ANOMALY,The amount $3802.34 is unusually high compared to typical spending.
3804,205.86,StoreA,NORMAL,The amount $205.86 is typical for general spending behavior.
8216,5181.16,StoreC,ANOMALY,The amount $5181.16 is unusually high compared to typical spending.
7203,259.1,StoreA,NORMAL,The amount $259.1 is typical for general spending behavior.
7073,265.0,StoreA,NORMAL,The amount $265.0 is typical for general spending behavior.
3492,226.47,StoreB,NORMAL,The amount $226.47 is typical for general spending behavior.
2014,278.62,StoreA,NORMAL,The amount $278.62 is typical for general spending behavior.
4553,167.26,StoreC,NORMAL,The amount $167.26 is typical for general spending behavior.
2079,82.85,StoreC,NORMAL,The amount $82.85 is typical for general spending behavior.
3914,7809.41,StoreC,ANOMALY,The amount $7809.41 is unusually high compared to typical spending.
5865,298.78,StoreA,NORMAL,The amount $298.78 is typical for general spending behavior.
8006,3.4,StoreB,ANOMALY,The amount $3.4 is extremely small and may indicate refund fraud or abnormal activity.
5971,137.51,StoreA,NORMAL,The amount $137.51 is typical for general spending behavior.
1712,118.18,StoreC,NORMAL,The amount $118.18 is typical for general spending behavior.
2432,7628.17,StoreA,ANOMALY,The amount $7628.17 is unusually high compared to typical spending.
7632,163.84,StoreB,NORMAL,The amount $163.84 is typical for general spending behavior.
8763,3.7,StoreC,ANOMALY,The amount $3.7 is extremely small and may indicate refund fraud or abnormal activity.
2478,151.03,StoreA,NORMAL,The amount $151.03 is typical for general spending behavior.
8631,246.68,StoreB,NORMAL,The amount $246.68 is typical for general spending behavior.
2259,204.46,StoreA,NORMAL,The amount $204.46 is typical for general spending behavior.
4017,189.64,StoreC,NORMAL,The amount $189.64 is typical for general spending behavior.
9593,216.62,StoreA,NORMAL,The amount $216.62 is typical for general spending behavior.
2569,197.38,StoreA,NORMAL,The amount $197.38 is typical for general spending behavior.
6704,119.32,StoreC,NORMAL,The amount $119.32 is typical for general spending behavior.
9714,106.18,RareStoreX,ANOMALY,The location 'RareStoreX' is unusual compared to common transaction locations.
1227,152.2,StoreB,NORMAL,The amount $152.2 is typical for general spending behavior.
1583,155.4,StoreA,NORMAL,The amount $155.4 is typical for general spending behavior.
9593,188.92,StoreA,NORMAL,The amount $188.92 is typical for general spending behavior.
2678,227.81,StoreC,NORMAL,The amount $227.81 is typical for general spending behavior.
3598,191.42,StoreB,NORMAL,The amount $191.42 is typical for general spending behavior.
3421,5752.14,StoreB,ANOMALY,The amount $5752.14 is unusually high compared to typical spending.
8170,194.87,StoreC,NORMAL,The amount $194.87 is typical for general spending behavior.
7330,118.07,StoreC,NORMAL,The amount $118.07 is typical for general spending behavior.
8822,178.59,StoreA,NORMAL,The amount $178.59 is typical for general spending behavior.
5652,280.67,RareStoreX,ANOMALY,The location 'RareStoreX' is unusual compared to common transaction locations.
7045,6207.38,StoreB,ANOMALY,The amount $6207.38 is unusually high compared to typical spending.
4285,200.18,StoreC,NORMAL,The amount $200.18 is typical for general spending behavior.
7017,310.57,StoreB,NORMAL,The amount $310.57 is typical for general spending behavior.
7101,126.55,StoreC,NORMAL,The amount $126.55 is typical for general spending behavior.
9529,121.14,StoreB,NORMAL,The amount $121.14 is typical for general spending behavior.
3542,308.5,StoreC,NORMAL,The amount $308.5 is typical for general spending behavior.
1111,2.27,StoreC,ANOMALY,The amount $2.27 is extremely small and may indicate refund fraud or abnormal activity.
1938,153.46,StoreC,NORMAL,The amount $153.46 is typical for general spending behavior.
7869,108.18,StoreA,NORMAL,The amount $108.18 is typical for general spending behavior.
7331,93.28,StoreC,NORMAL,The amount $93.28 is typical for general spending behavior.
6821,211.19,StoreB,NORMAL,The amount $211.19 is typical for general spending behavior.
3289,189.72,StoreB,NORMAL,The amount $189.72 is typical for general spending behavior.
1015,158.82,StoreB,NORMAL,The amount $158.82 is typical for general spending behavior.
6454,4840.08,StoreA,ANOMALY,The amount $4840.08 is unusually high compared to typical spending.
8210,151.48,StoreB,NORMAL,The amount $151.48 is typical for general spending behavior.
5675,307.32,StoreC,NORMAL,The amount $307.32 is typical for general spending behavior.
8313,96.03,StoreA,NORMAL,The amount $96.03 is typical for general spending behavior.
5621,182.51,StoreC,NORMAL,The amount $182.51 is typical for general spending behavior.
2773,143.04,StoreA,NORMAL,The amount $143.04 is typical for general spending behavior.
7285,251.53,OutlierMallY,ANOMALY,The location 'OutlierMallY' is unusual compared to common transaction locations.
2563,169.76,StoreA,NORMAL,The amount $169.76 is typical for general spending behavior.
6136,1.32,StoreA,ANOMALY,The amount $1.32 is extremely small and may indicate refund fraud or abnormal activity.
7018,64.87,StoreA,NORMAL,The amount $64.87 is typical for general spending behavior.
2612,51.25,StoreA,NORMAL,The amount $51.25 is typical for general spending behavior.
1735,207.31,RareStoreX,ANOMALY,The location 'RareStoreX' is unusual compared to common transaction locations.
5370,120.53,StoreB,NORMAL,The amount $120.53 is typical for general spending behavior.
6936,216.97,StoreB,NORMAL,The amount $216.97 is typical for general spending behavior.
9190,114.79,StoreC,NORMAL,The amount $114.79 is typical for general spending behavior.
4094,181.71,StoreB,NORMAL,The amount $181.71 is typical for general spending behavior.
6767,164.14,StoreC,NORMAL,The amount $164.14 is typical for general spending behavior.
3835,158.62,StoreA,NORMAL,The amount $158.62 is typical for general spending behavior.
1324,30.25,StoreC,NORMAL,The amount $30.25 is typical for general spending behavior.
6616,7125.32,StoreB,ANOMALY,The amount $7125.32 is unusually high compared to typical spending.
4909,187.86,StoreA,NORMAL,The amount $187.86 is typical for general spending behavior.
1120,282.6,StoreB,NORMAL,The amount $282.6 is typical for general spending behavior.
9740,4533.97,StoreB,ANOMALY,The amount $4533.97 is unusually high compared to typical spending.
5394,435.93,StoreB,NORMAL,The amount $435.93 is typical for general spending behavior.
8973,30.34,StoreB,NORMAL,The amount $30.34 is typical for general spending behavior.
6009,93.75,StoreC,NORMAL,The amount $93.75 is typical for general spending behavior.
3500,2955.78,StoreA,ANOMALY,The amount $2955.78 is unusually high compared to typical spending.
8823,148.39,StoreA,NORMAL,The amount $148.39 is typical for general spending behavior.
6263,239.82,StoreB,NORMAL,The amount $239.82 is typical for general spending behavior.
7010,204.07,StoreA,NORMAL,The amount $204.07 is typical for general spending behavior.
6193,230.18,StoreC,NORMAL,The amount $230.18 is typical for general spending behavior.
4659,204.64,StoreC,NORMAL,The amount $204.64 is typical for general spending behavior.
4368,7200.72,StoreB,ANOMALY,The amount $7200.72 is unusually high compared to typical spending.
5908,197.61,StoreA,NORMAL,The amount $197.61 is typical for normal spending and does not indicate suspicious behavior.
8641,227.04,StoreC,NORMAL,The amount $227.04 is typical for general spending behavior.
4252,6929.24,StoreA,ANOMALY,The amount $6929.24 is unusually high compared to typical spending.
2365,82.88,StoreB,NORMAL,The amount $82.88 is typical for normal spending and does not indicate suspicious behavior.
1949,247.31,StoreC,NORMAL,The amount $247.31 is typical for general spending behavior.
9146,194.17,StoreC,NORMAL,The amount $194.17 is typical for general spending behavior.
6969,228.92,StoreC,NORMAL,The amount $228.92 is typical for general spending behavior.
9201,221.49,StoreA,NORMAL,The amount $221.49 is typical for general spending behavior.
9627,75.44,StoreC,NORMAL,The amount $75.44 is typical for normal spending and does not indicate suspicious behavior.
1658,342.88,RareStoreX,ANOMALY,The location 'RareStoreX' is unusual compared to common transaction locations.
5136,268.84,StoreA,NORMAL,The amount $268.84 is typical for general spending behavior.
6132,214.78,StoreB,NORMAL,The amount $214.78 is typical for general spending behavior.
7163,194.08,StoreB,NORMAL,The amount $194.08 is typical for general spending behavior.
3076,261.97,StoreC,NORMAL,The amount $261.97 is typical for general spending behavior.
9691,6884.33,StoreC,ANOMALY,The amount $6884.33 is unusually high compared to typical spending.
4793,151.68,StoreC,NORMAL,The amount $151.68 is typical for general spending behavior.
3997,137.12,StoreA,NORMAL,The amount $137.12 is typical for general spending behavior.
6797,4767.62,StoreB,ANOMALY,The amount $4767.62 is unusually high compared to typical spending.
9705,252.19,StoreC,NORMAL,The amount $252.19 is typical for general spending behavior.
9497,4724.37,StoreC,ANOMALY,The amount $4724.37 is unusually high compared to typical spending.
4271,3609.96,StoreB,ANOMALY,The amount $3609.96 is unusually high compared to typical spending.
6052,184.72,StoreB,NORMAL,The amount $184.72 is typical for general spending behavior.
4424,246.02,StoreA,NORMAL,The amount $246.02 is typical for general spending behavior.
1986,303.76,StoreA,NORMAL,The amount $303.76 is typical for general spending behavior.
8632,208.15,StoreB,NORMAL,The amount $208.15 is typical for general spending behavior.
6243,6606.26,StoreB,ANOMALY,The amount $6606.26 is unusually high compared to typical spending.
7170,3789.54,StoreA,ANOMALY,The amount $3789.54 is unusually high compared to typical spending.
5337,2349.43,StoreA,ANOMALY,The amount $2349.43 is unusually high compared to typical spending.
5259,292.75,StoreA,NORMAL,The amount $292.75 is typical for general spending behavior.
3784,148.19,StoreB,NORMAL,The amount $148.19 is typical for normal spending and does not indicate suspicious behavior.
8232,257.02,StoreB,NORMAL,The amount $257.02 is typical for general spending behavior.
4849,260.73,StoreC,NORMAL,The amount $260.73 is typical for general spending behavior.
1354,199.44,StoreB,NORMAL,The amount $199.44 is typical for general spending behavior.
2129,126.45,StoreB,NORMAL,The amount $126.45 is typical for general spending behavior.
5507,234.92,StoreC,NORMAL,The amount $234.92 is typical for general spending behavior.
1595,241.16,StoreA,NORMAL,The amount $241.16 is typical for general spending behavior.
1634,162.31,StoreC,NORMAL,The amount $162.31 is typical for general spending behavior.
9445,256.62,StoreB,NORMAL,The amount $256.62 is typical for general spending behavior.
5182,161.02,StoreB,NORMAL,The amount $161.02 is typical for general spending behavior.
2918,142.97,StoreA,NORMAL,The amount $142.97 is typical for general spending behavior.
6724,315.49,StoreC,NORMAL,The amount $315.49 is typical for general spending behavior.
8422,374.73,StoreA,NORMAL,The amount $374.73 is typical for general spending behavior.
4680,4.04,StoreC,ANOMALY,The amount $4.04 is extremely small and may indicate refund fraud or abnormal activity.
9123,197.66,StoreB,NORMAL,The amount $197.66 is typical for general spending behavior.
3722,130.54,StoreA,NORMAL,The amount $130.54 is typical for general spending behavior.
6241,191.42,StoreC,NORMAL,The amount $191.42 is typical for general spending behavior.
1978,229.6,StoreA,NORMAL,The amount $229.6 is typical for general spending behavior.
7466,2677.42,StoreA,ANOMALY,The amount $2677.42 is unusually high compared to typical spending.
4280,38.26,StoreC,NORMAL,The amount $38.26 is typical for general spending behavior.
1390,63.41,StoreC,NORMAL,The amount $63.41 is typical for general spending behavior.
7302,63.69,StoreB,NORMAL,The amount $63.69 is typical for general spending behavior.
6878,225.66,StoreB,NORMAL,The amount $225.66 is typical for general spending behavior.
5723,5436.53,StoreA,ANOMALY,The amount $5436.53 is unusually high compared to typical spending.
5578,214.15,StoreC,NORMAL,The amount $214.15 is typical for general spending behavior.
5335,209.14,StoreB,NORMAL,The amount $209.14 is typical for general spending behavior.
4574,312.98,StoreB,NORMAL,The amount $312.98 is typical for general spending behavior.
4240,294.99,StoreB,NORMAL,The amount $294.99 is typical for general spending behavior.
5606,300.57,StoreB,NORMAL,The amount $300.57 is typical for general spending behavior.
7439,202.19,StoreA,NORMAL,The amount $202.19 is typical for general spending behavior.
5637,191.74,StoreB,NORMAL,The amount $191.74 is typical for general spending behavior.
2310,88.77,StoreA,NORMAL,The amount $88.77 is typical for normal spending and does not indicate suspicious behavior.
6680,4600.48,StoreC,ANOMALY,The amount $4600.48 is unusually high compared to typical spending.
8432,364.24,StoreC,NORMAL,The amount $364.24 is typical for general spending behavior.
5833,180.23,StoreC,NORMAL,The amount $180.23 is typical for general spending behavior.
7853,254.39,OutlierMallY,ANOMALY,The location 'OutlierMallY' is unusual compared to common transaction locations.
7401,118.67,StoreB,NORMAL,The amount $118.67 is typical for general spending behavior.
9953,157.5,StoreA,NORMAL,The amount $157.5 is typical for general spending behavior.
5673,199.48,StoreA,NORMAL,The amount $199.48 is typical for general spending behavior.
3068,203.62,StoreB,NORMAL,The amount $203.62 is typical for general spending behavior.
6684,192.82,OutlierMallY,ANOMALY,The location 'OutlierMallY' is unusual compared to common transaction locations.
7160,5175.47,StoreB,ANOMALY,The amount $5175.47 is unusually high compared to typical spending.
8177,1.48,StoreB,ANOMALY,The amount $1.48 is extremely small and may indicate refund fraud or abnormal activity.
2744,7016.04,StoreC,ANOMALY,The amount $7016.04 is unusually high compared to typical spending.
6538,161.03,StoreB,NORMAL,The amount $161.03 is typical for general spending behavior.
9718,177.25,StoreC,NORMAL,The amount $177.25 is typical for general spending behavior.
3258,171.75,StoreB,NORMAL,The amount $171.75 is typical for general spending behavior.
8641,148.3,StoreC,NORMAL,The amount $148.3 is typical for general spending behavior.
2851,108.79,StoreA,NORMAL,The amount $108.79 is typical for normal spending and does not indicate suspicious behavior.
2529,2681.61,StoreB,ANOMALY,The amount $2681.61 is unusually high compared to typical spending.
9746,1.84,StoreC,ANOMALY,The amount $1.84 is extremely small and may indicate refund fraud or abnormal activity.
1761,184.16,StoreB,NORMAL,The amount $184.16 is typical for general spending behavior.
6440,123.45,StoreB,NORMAL,The amount $123.45 is typical for normal spending and does not indicate suspicious behavior.
3158,182.3,StoreC,NORMAL,The amount $182.3 is typical for general spending behavior.
1246,241.7,StoreC,NORMAL,The amount $241.7 is typical for general spending behavior.
9090,188.41,StoreC,NORMAL,The amount $188.41 is typical for general spending behavior.
4887,4202.37,StoreC,ANOMALY,The amount $4202.37 is unusually high compared to typical spending.
4409,249.26,StoreC,NORMAL,The amount $249.26 is typical for general spending behavior.
4130,130.63,StoreA,NORMAL,The amount $130.63 is typical for general spending behavior.
1710,129.45,StoreC,NORMAL,The amount $129.45 is typical for general spending behavior.
5218,253.83,StoreC,NORMAL,The amount $253.83 is typical for general spending behavior.
1178,5602.73,StoreC,ANOMALY,The amount $5602.73 is unusually high compared to typical spending.
6738,108.56,StoreC,NORMAL,The amount $108.56 is typical for general spending behavior.
9667,53.09,StoreB,NORMAL,The amount $53.09 is typical for general spending behavior.
4653,111.55,StoreA,NORMAL,The amount $111.55 is typical for normal spending and does not indicate suspicious behavior.
9875,189.43,StoreA,NORMAL,The amount $189.43 is typical for general spending behavior.
1636,373.68,StoreB,NORMAL,The amount $373.68 is typical for general spending behavior.
2040,156.47,StoreA,NORMAL,The amount $156.47 is typical for general spending behavior.
2689,108.28,OutlierMallY,ANOMALY,The location 'OutlierMallY' is unusual compared to common transaction locations.
4479,6303.74,StoreB,ANOMALY,The amount $6303.74 is unusually high compared to typical spending.
1095,260.6,StoreB,NORMAL,The amount $260.6 is typical for general spending behavior.
6180,295.97,RareStoreX,ANOMALY,The location 'RareStoreX' is unusual compared to common transaction locations.
3957,241.36,StoreB,NORMAL,The amount $241.36 is typical for general spending behavior.
9420,251.09,StoreA,NORMAL,The amount $251.09 is typical for general spending behavior.
1740,149.47,StoreB,NORMAL,The amount $149.47 is typical for general spending behavior.
8396,228.93,StoreC,NORMAL,The amount $228.93 is typical for general spending behavior.
1619,173.75,StoreA,NORMAL,The amount $173.75 is typical for normal spending and does not indicate suspicious behavior.
3985,5181.32,StoreB,ANOMALY,The amount $5181.32 is unusually high compared to typical spending.
3653,297.62,StoreB,NORMAL,The amount $297.62 is typical for general spending behavior.
3677,5760.66,StoreA,ANOMALY,The amount $5760.66 is unusually high compared to typical spending.
6153,184.28,StoreB,NORMAL,The amount $184.28 is typical for general spending behavior.
8529,7523.33,StoreB,ANOMALY,The amount $7523.33 is unusually high compared to typical spending.
3850,180.08,StoreA,NORMAL,The amount $180.08 is typical for general spending behavior.
2426,224.31,StoreA,NORMAL,The amount $224.31 is typical for general spending behavior.
2811,90.73,StoreA,NORMAL,The amount $90.73 is typical for general spending behavior.
3314,157.92,StoreA,NORMAL,The amount $157.92 is typical for general spending behavior.
3513,159.84,StoreA,NORMAL,The amount $159.84 is typical for general spending behavior.
9287,168.22,StoreB,NORMAL,The amount $168.22 is typical for general spending behavior.
2751,175.75,StoreC,NORMAL,The amount $175.75 is typical for general spending behavior.
5529,53.55,StoreA,NORMAL,The amount $53.55 is typical for general spending behavior.
1143,57.42,StoreC,NORMAL,The amount $57.42 is typical for normal spending and does not indicate suspicious behavior.
5677,245.11,StoreC,NORMAL,The amount $245.11 is typical for general spending behavior.
7843,225.71,StoreA,NORMAL,The amount $225.71 is typical for general spending behavior.
5803,302.48,StoreB,NORMAL,The amount $302.48 is typical for general spending behavior.
1939,92.23,StoreB,NORMAL,The amount $92.23 is typical for general spending behavior.
3204,2290.03,StoreB,ANOMALY,The amount $2290.03 is unusually high compared to typical spending.
4270,359.32,StoreC,NORMAL,The amount $359.32 is typical for general spending behavior.
9484,3246.1,StoreC,ANOMALY,The amount $3246.1 is unusually high compared to typical spending.
4384,251.9,StoreA,NORMAL,The amount $251.9 is typical for general spending behavior.
8187,242.93,StoreB,NORMAL,The amount $242.93 is typical for general spending behavior.
8020,4486.22,StoreB,ANOMALY,The amount $4486.22 is unusually high compared to typical spending.
8768,136.61,StoreA,NORMAL,The amount $136.61 is typical for general spending behavior.
1809,256.02,StoreB,NORMAL,The amount $256.02 is typical for general spending behavior.
7590,5325.77,StoreA,ANOMALY,The amount $5325.77 is unusually high compared to typical spending.
8128,115.9,StoreA,NORMAL,The amount $115.9 is typical for general spending behavior.
4231,88.23,StoreA,NORMAL,The amount $88.23 is typical for general spending behavior.
5086,315.5,StoreB,NORMAL,The amount $315.5 is typical for general spending behavior.
1908,200.57,StoreC,NORMAL,The amount $200.57 is typical for general spending behavior.
2152,153.67,StoreC,NORMAL,The amount $153.67 is typical for general spending behavior.
8576,59.31,StoreC,NORMAL,The amount $59.31 is typical for normal spending and does not indicate suspicious behavior.
4667,5251.22,StoreC,ANOMALY,The amount $5251.22 is unusually high compared to typical spending.
3939,219.31,StoreB,NORMAL,The amount $219.31 is typical for general spending behavior.
5830,272.31,StoreB,NORMAL,The amount $272.31 is typical for general spending behavior.
7875,230.83,StoreB,NORMAL,The amount $230.83 is typical for general spending behavior.
5611,119.97,StoreB,NORMAL,The amount $119.97 is typical for general spending behavior.
1031,3481.09,StoreB,ANOMALY,The amount $3481.09 is unusually high compared to typical spending.
7103,194.74,OutlierMallY,ANOMALY,The location 'OutlierMallY' is unusual compared to common transaction locations.
4081,177.6,StoreA,NORMAL,The amount $177.6 is typical for general spending behavior.
2392,180.07,StoreC,NORMAL,The amount $180.07 is typical for general spending behavior.
9074,3.29,StoreC,ANOMALY,The amount $3.29 is extremely small and may indicate refund fraud or abnormal activity.
9040,294.45,StoreB,NORMAL,The amount $294.45 is typical for general spending behavior.
1619,267.16,StoreB,NORMAL,The amount $267.16 is typical for general spending behavior.
6420,239.32,StoreB,NORMAL,The amount $239.32 is typical for general spending behavior.
2292,298.86,StoreC,NORMAL,The amount $298.86 is typical for general spending behavior.
3049,348.53,StoreA,NORMAL,The amount $348.53 is typical for general spending behavior.
7651,194.92,StoreC,NORMAL,The amount $194.92 is typical for general spending behavior.
8171,103.22,StoreC,NORMAL,The amount $103.22 is typical for general spending behavior.
9055,228.12,StoreA,NORMAL,The amount $228.12 is typical for general spending behavior.
1233,283.0,StoreC,NORMAL,The amount $283.0 is typical for general spending behavior.
4574,215.58,StoreC,NORMAL,The amount $215.58 is typical for general spending behavior.
8749,184.3,StoreA,NORMAL,The amount $184.3 is typical for general spending behavior.
8677,3660.68,StoreC,ANOMALY,The amount $3660.68 is unusually high compared to typical spending.
4030,196.52,StoreB,NORMAL,The amount $196.52 is typical for general spending behavior.
8921,6976.94,StoreA,ANOMALY,The amount $6976.94 is unusually high compared to typical spending.
4523,184.73,StoreA,NORMAL,The amount $184.73 is typical for general spending behavior.
1057,55.55,RareStoreX,ANOMALY,The location 'RareStoreX' is unusual compared to common transaction locations.
7131,257.58,StoreA,NORMAL,The amount $257.58 is typical for general spending behavior.
3288,286.4,StoreB,NORMAL,The amount $286.4 is typical for general spending behavior.
3147,349.26,StoreC,NORMAL,The amount $349.26 is typical for general spending behavior.
1404,87.4,StoreB,NORMAL,The amount $87.4 is typical for general spending behavior.
5302,92.32,StoreB,NORMAL,The amount $92.32 is typical for general spending behavior.
7127,131.96,StoreB,NORMAL,The amount $131.96 is typical for general spending behavior.
5572,4163.51,StoreC,ANOMALY,The amount $4163.51 is unusually high compared to typical spending.
3711,2311.96,StoreC,ANOMALY,The amount $2311.96 is unusually high compared to typical spending.
4477,7379.06,StoreB,ANOMALY,The amount $7379.06 is unusually high compared to typical spending.
8675,4.63,StoreC,ANOMALY,The amount $4.63 is extremely small and may indicate refund fraud or abnormal activity.
3990,301.01,StoreB,NORMAL,The amount $301.01 is typical for general spending behavior.
4598,122.98,StoreC,NORMAL,The amount $122.98 is typical for general spending behavior.
6835,133.68,StoreC,NORMAL,The amount $133.68 is typical for general spending behavior.
7789,508.22,StoreA,NORMAL,The amount $508.22 is typical for general spending behavior.
7407,2.69,StoreC,ANOMALY,The amount $2.69 is extremely small and may indicate refund fraud or abnormal activity.
1109,367.07,StoreB,NORMAL,The amount $367.07 is typical for general spending behavior.
2283,157.17,StoreA,NORMAL,The amount $157.17 is typical for general spending behavior.
2561,45.06,StoreA,NORMAL,The amount $45.06 is typical for general spending behavior.
2221,320.19,StoreC,NORMAL,The amount $320.19 is typical for general spending behavior.
1306,168.19,StoreB,NORMAL,The amount $168.19 is typical for general spending behavior.
2217,124.77,StoreC,NORMAL,The amount $124.77 is typical for general spending behavior.
9353,236.56,RareStoreX,ANOMALY,The location 'RareStoreX' is unusual compared to common transaction locations.
1589,6244.77,StoreA,ANOMALY,The amount $6244.77 is unusually high compared to typical spending.
2574,1.88,StoreC,ANOMALY,The amount $1.88 is extremely small and may indicate refund fraud or abnormal activity.
1701,131.43,StoreA,NORMAL,The amount $131.43 is typical for general spending behavior.
2033,191.9,StoreA,NORMAL,The amount $191.9 is typical for general spending behavior.
8450,127.65,StoreC,NORMAL,The amount $127.65 is typical for general spending behavior.
6682,139.24,StoreA,NORMAL,The amount $139.24 is typical for normal spending and does not indicate suspicious behavior.
1572,373.06,StoreB,NORMAL,The amount $373.06 is typical for general spending behavior.
2472,361.89,StoreC,NORMAL,The amount $361.89 is typical for general spending behavior.
9663,101.64,StoreC,NORMAL,The amount $101.64 is typical for general spending behavior.
4872,284.82,StoreC,NORMAL,The amount $284.82 is typical for general spending behavior.
4969,155.98,StoreA,NORMAL,The amount $155.98 is typical for general spending behavior.
6602,80.36,StoreA,NORMAL,The amount $80.36 is typical for normal spending and does not indicate suspicious behavior.
3913,190.95,StoreC,NORMAL,The amount $190.95 is typical for general spending behavior.
2538,359.65,StoreB,NORMAL,The amount $359.65 is typical for general spending behavior.
6086,95.64,StoreC,NORMAL,The amount $95.64 is typical for general spending behavior.
2982,6288.06,StoreA,ANOMALY,The amount $6288.06 is unusually high compared to typical spending.
5390,7399.36,StoreA,ANOMALY,The amount $7399.36 is unusually high compared to typical spending.
4078,50.13,StoreB,NORMAL,The amount $50.13 is typical for normal spending and does not indicate suspicious behavior.
9281,212.02,StoreC,NORMAL,The amount $212.02 is typical for general spending behavior.
3343,176.96,StoreA,NORMAL,The amount $176.96 is typical for general spending behavior.
5213,29.39,StoreA,NORMAL,The amount $29.39 is typical for general spending behavior.
1591,215.92,StoreB,NORMAL,The amount $215.92 is typical for general spending behavior.
4342,239.48,StoreA,NORMAL,The amount $239.48 is typical for general spending behavior.
4083,153.86,StoreA,NORMAL,The amount $153.86 is typical for general spending behavior.
6491,115.38,StoreB,NORMAL,The amount $115.38 is typical for general spending behavior.
8475,172.73,StoreC,NORMAL,The amount $172.73 is typical for general spending behavior.
5725,165.0,StoreB,NORMAL,The amount $165.0 is typical for general spending behavior.
7683,131.48,StoreA,NORMAL,The amount $131.48 is typical for general spending behavior.
4906,275.3,RareStoreX,ANOMALY,The location 'RareStoreX' is unusual compared to common transaction locations.
1591,181.64,StoreC,NORMAL,The amount $181.64 is typical for general spending behavior.
5402,218.13,StoreA,NORMAL,The amount $218.13 is typical for general spending behavior.
7989,7257.83,StoreC,ANOMALY,The amount $7257.83 is unusually high compared to typical spending.
4772,221.27,StoreC,NORMAL,The amount $221.27 is typical for general spending behavior.
4281,147.73,StoreB,NORMAL,The amount $147.73 is typical for general spending behavior.
8089,271.37,StoreA,NORMAL,The amount $271.37 is typical for general spending behavior.
7474,87.55,StoreC,NORMAL,The amount $87.55 is typical for general spending behavior.
5997,109.55,StoreA,NORMAL,The amount $109.55 is typical for general spending behavior.
1021,97.57,StoreC,NORMAL,The amount $97.57 is typical for general spending behavior.
8769,170.65,StoreA,NORMAL,The amount $170.65 is typical for general spending behavior.
7334,171.89,StoreC,NORMAL,The amount $171.89 is typical for general spending behavior.
4340,144.88,RareStoreX,ANOMALY,The location 'RareStoreX' is unusual compared to common transaction locations.
8378,209.06,StoreB,NORMAL,The amount $209.06 is typical for general spending behavior.
7412,205.78,StoreC,NORMAL,The amount $205.78 is typical for general spending behavior.
8870,5885.05,StoreB,ANOMALY,The amount $5885.05 is unusually high compared to typical spending.
3759,198.0,StoreA,NORMAL,The amount $198.0 is typical for general spending behavior.
4466,216.58,StoreA,NORMAL,The amount $216.58 is typical for general spending behavior.
4491,4304.64,StoreA,ANOMALY,The amount $4304.64 is unusually high compared to typical spending.
7057,267.97,StoreA,NORMAL,The amount $267.97 is typical for general spending behavior.
8724,146.27,StoreC,NORMAL,The amount $146.27 is typical for normal spending and does not indicate suspicious behavior.
2963,2476.83,StoreB,ANOMALY,The amount $2476.83 is unusually high compared to typical spending.
7742,266.42,StoreC,NORMAL,The amount $266.42 is typical for general spending behavior.
2960,182.2,StoreC,NORMAL,The amount $182.2 is typical for general spending behavior.
3708,92.33,StoreB,NORMAL,The amount $92.33 is typical for general spending behavior.
3982,60.12,StoreC,NORMAL,The amount $60.12 is typical for general spending behavior.
4391,143.84,StoreC,NORMAL,The amount $143.84 is typical for general spending behavior.
4026,218.66,StoreA,NORMAL,The amount $218.66 is typical for general spending behavior.
5735,384.63,StoreB,NORMAL,The amount $384.63 is typical for general spending behavior.
5409,195.4,StoreA,NORMAL,The amount $195.4 is typical for general spending behavior.
1504,295.58,StoreA,NORMAL,The amount $295.58 is typical for general spending behavior.
7282,6516.76,StoreC,ANOMALY,The amount $6516.76 is unusually high compared to typical spending.
4064,112.3,StoreC,NORMAL,The amount $112.3 is typical for general spending behavior.
5187,132.91,StoreC,NORMAL,The amount $132.91 is typical for general spending behavior.
2161,188.63,StoreB,NORMAL,The amount $188.63 is typical for general spending behavior.
7635,96.52,StoreA,NORMAL,The amount $96.52 is typical for general spending behavior.
9713,245.69,StoreC,NORMAL,The amount $245.69 is typical for general spending behavior.
4869,118.31,StoreB,NORMAL,The amount $118.31 is typical for general spending behavior.
1124,327.09,StoreA,NORMAL,The amount $327.09 is typical for general spending behavior.
4239,194.82,StoreA,NORMAL,The amount $194.82 is typical for general spending behavior.
7763,215.83,StoreC,NORMAL,The amount $215.83 is typical for general spending behavior.
1942,6502.12,StoreC,ANOMALY,The amount $6502.12 is unusually high compared to typical spending.
1440,148.88,StoreB,NORMAL,The amount $148.88 is typical for general spending behavior.
8903,4025.34,StoreC,ANOMALY,The amount $4025.34 is unusually high compared to typical spending.
8616,115.71,StoreC,NORMAL,The amount $115.71 is typical for general spending behavior.
7964,101.08,RareStoreX,ANOMALY,The location 'RareStoreX' is unusual compared to common transaction locations.
8119,260.09,StoreB,NORMAL,The amount $260.09 is typical for general spending behavior.
3648,167.71,StoreB,NORMAL,The amount $167.71 is typical for general spending behavior.
8527,101.65,RareStoreX,ANOMALY,The location 'RareStoreX' is unusual compared to common transaction locations.
1246,71.84,StoreB,NORMAL,The amount $71.84 is typical for general spending behavior.
7250,280.6,StoreC,NORMAL,The amount $280.6 is typical for general spending behavior.
6604,257.69,StoreA,NORMAL,The amount $257.69 is typical for general spending behavior.
2274,1.73,StoreB,ANOMALY,The amount $1.73 is extremely small and may indicate refund fraud or abnormal activity.
7609,269.59,OutlierMallY,ANOMALY,The location 'OutlierMallY' is unusual compared to common transaction locations.
6169,2.56,StoreA,ANOMALY,The amount $2.56 is extremely small and may indicate refund fraud or abnormal activity.
8734,178.45,StoreC,NORMAL,The amount $178.45 is typical for general spending behavior.
5722,238.47,StoreB,NORMAL,The amount $238.47 is typical for general spending behavior.
5408,247.78,StoreC,NORMAL,The amount $247.78 is typical for general spending behavior.
9026,263.32,OutlierMallY,ANOMALY,The location 'OutlierMallY' is unusual compared to common transaction locations.
5543,182.32,StoreA,NORMAL,The amount $182.32 is typical for general spending behavior.
3490,111.95,StoreB,NORMAL,The amount $111.95 is typical for normal spending and does not indicate suspicious behavior.
9471,224.59,StoreC,NORMAL,The amount $224.59 is typical for general spending behavior.
4323,118.83,StoreA,NORMAL,The amount $118.83 is typical for normal spending and does not indicate suspicious behavior.
1646,189.48,StoreB,NORMAL,The amount $189.48 is typical for general spending behavior.
4391,155.82,StoreB,NORMAL,The amount $155.82 is typical for general spending behavior.
5992,4000.38,StoreB,ANOMALY,The amount $4000.38 is unusually high compared to typical spending.
8377,323.46,StoreC,NORMAL,The amount $323.46 is typical for general spending behavior.
2146,191.74,StoreC,NORMAL,The amount $191.74 is typical for general spending behavior.
3509,159.86,StoreA,NORMAL,The amount $159.86 is typical for general spending behavior.
9989,286.64,StoreC,NORMAL,The amount $286.64 is typical for general spending behavior.
6682,287.12,StoreA,NORMAL,The amount $287.12 is typical for general spending behavior.
5562,224.64,StoreB,NORMAL,The amount $224.64 is typical for general spending behavior.
1174,251.72,StoreC,NORMAL,The amount $251.72 is typical for general spending behavior.
6420,175.24,OutlierMallY,ANOMALY,The location 'OutlierMallY' is unusual compared to common transaction locations.
6589,81.39,StoreA,NORMAL,The amount $81.39 is typical for normal spending and does not indicate suspicious behavior.
9176,106.09,StoreC,NORMAL,The amount $106.09 is typical for general spending behavior.
7411,1.34,StoreB,ANOMALY,The amount $1.34 is extremely small and may indicate refund fraud or abnormal activity.
8852,345.36,RareStoreX,ANOMALY,The location 'RareStoreX' is unusual compared to common transaction locations.
2091,317.61,OutlierMallY,ANOMALY,The location 'OutlierMallY' is unusual compared to common transaction locations.
3670,133.45,StoreA,NORMAL,The amount $133.45 is typical for general spending behavior.
2232,137.21,StoreC,NORMAL,The amount $137.21 is typical for general spending behavior.
2845,2015.64,StoreA,ANOMALY,The amount $2015.64 is unusually high compared to typical spending.
5458,97.63,StoreB,NORMAL,The amount $97.63 is typical for general spending behavior.
6190,144.95,StoreC,NORMAL,The amount $144.95 is typical for general spending behavior.
4880,4500.0,StoreC,ANOMALY,The amount $4500 is extremely high and indicates abnormal spending behavior.
3787,99.39,StoreA,NORMAL,The amount $99.39 is typical for general spending behavior.
3165,167.05,StoreC,NORMAL,The amount $167.05 is typical for general spending behavior.
9596,132.29,StoreB,NORMAL,The amount $132.29 is typical for general spending behavior.
5541,120.91,StoreB,NORMAL,The amount $120.91 is typical for general spending behavior.
8860,6403.22,StoreB,ANOMALY,The amount $6403.22 is unusually high compared to typical spending.
7981,99.66,StoreC,NORMAL,The amount $99.66 is typical for general spending behavior.
5223,278.75,StoreA,NORMAL,The amount $278.75 is typical for general spending behavior.
6560,277.49,StoreA,NORMAL,The amount $277.49 is typical for general spending behavior.
5364,351.82,StoreC,NORMAL,The amount $351.82 is typical for general spending behavior.
9998,172.57,StoreA,NORMAL,The amount $172.57 is typical for general spending behavior.
7324,141.18,StoreA,NORMAL,The amount $141.18 is typical for general spending behavior.
3970,195.75,StoreC,NORMAL,The amount $195.75 is typical for general spending behavior.
9634,189.26,StoreA,NORMAL,The amount $189.26 is typical for general spending behavior.
7220,6154.02,StoreB,ANOMALY,The amount $6154.02 is unusually high compared to typical spending.
3013,292.69,StoreB,NORMAL,The amount $292.69 is typical for general spending behavior.
1877,314.9,OutlierMallY,ANOMALY,The location 'OutlierMallY' is unusual compared to common transaction locations.
6113,124.13,StoreA,NORMAL,The amount $124.13 is typical for general spending behavior.
6317,223.76,StoreB,NORMAL,The amount $223.76 is typical for general spending behavior.
3276,246.71,StoreB,NORMAL,The amount $246.71 is typical for general spending behavior.
6056,200.34,StoreC,NORMAL,The amount $200.34 is typical for general spending behavior.
2422,207.95,StoreC,NORMAL,The amount $207.95 is typical for general spending behavior.
7870,316.28,StoreB,NORMAL,The amount $316.28 is typical for general spending behavior.
6109,163.39,StoreA,NORMAL,The amount $163.39 is typical for general spending behavior.
7923,160.21,StoreB,NORMAL,The amount $160.21 is typical for normal spending and does not indicate suspicious behavior.
4475,261.74,StoreA,NORMAL,The amount $261.74 is typical for general spending behavior.
7857,125.97,StoreC,NORMAL,The amount $125.97 is typical for general spending behavior.
5428,259.83,StoreA,NORMAL,The amount $259.83 is typical for general spending behavior.
4148,291.21,StoreA,NORMAL,The amount $291.21 is typical for general spending behavior.
7581,238.16,StoreB,NORMAL,The amount $238.16 is typical for general spending behavior.
7210,4.93,StoreA,ANOMALY,The amount $4.93 is extremely small and may indicate refund fraud or abnormal activity.
6272,225.01,RareStoreX,ANOMALY,The location 'RareStoreX' is unusual compared to common transaction locations.
8507,206.56,StoreB,NORMAL,The amount $206.56 is typical for general spending behavior.
7582,1.26,StoreB,ANOMALY,The amount $1.26 is extremely small and may indicate refund fraud or abnormal activity.
3631,104.46,StoreA,NORMAL,The amount $104.46 is typical for general spending behavior.
2208,3407.73,StoreC,ANOMALY,The amount $3407.73 is unusually high compared to typical spending.
8876,351.02,StoreB,NORMAL,The amount $351.02 is typical for general spending behavior.
2041,103.83,StoreB,NORMAL,The amount $103.83 is typical for general spending behavior.
9584,200.11,StoreC,NORMAL,The amount $200.11 is typical for general spending behavior.
8770,4595.45,StoreB,ANOMALY,The amount $4595.45 is unusually high compared to typical spending.
1027,3631.58,StoreB,ANOMALY,The amount $3631.58 is unusually high compared to typical spending.
4837,330.28,StoreA,NORMAL,The amount $330.28 is typical for general spending behavior.
3869,215.85,StoreA,NORMAL,The amount $215.85 is typical for general spending behavior.
5509,3491.08,StoreB,ANOMALY,The amount $3491.08 is unusually high compared to typical spending.
6274,1.45,StoreB,ANOMALY,The amount $1.45 is extremely small and may indicate refund fraud or abnormal activity.
8205,102.34,StoreA,NORMAL,The amount $102.34 is typical for general spending behavior.
9143,3.51,StoreC,ANOMALY,The amount $3.51 is extremely small and may indicate refund fraud or abnormal activity.
3587,186.15,StoreA,NORMAL,The amount $186.15 is typical for general spending behavior.
1293,4035.04,StoreA,ANOMALY,The amount $4035.04 is unusually high compared to typical spending.
8644,132.25,StoreA,NORMAL,The amount $132.25 is typical for general spending behavior.
6828,174.3,StoreB,NORMAL,The amount $174.3 is typical for general spending behavior.
4923,71.58,StoreB,NORMAL,The amount $71.58 is typical for normal spending and does not indicate suspicious behavior.
5474,6548.46,StoreB,ANOMALY,The amount $6548.46 is unusually high compared to typical spending.
5295,245.93,StoreA,NORMAL,The amount $245.93 is typical for general spending behavior.
1694,243.77,StoreA,NORMAL,The amount $243.77 is typical for general spending behavior.
3306,348.44,StoreC,NORMAL,The amount $348.44 is typical for general spending behavior.
9963,3.89,StoreA,ANOMALY,The amount $3.89 is extremely small and may indicate refund fraud or abnormal activity.
8466,6198.61,StoreB,ANOMALY,The amount $6198.61 is unusually high compared to typical spending.
8838,4733.66,StoreA,ANOMALY,The amount $4733.66 is unusually high compared to typical spending.
9328,127.23,StoreC,NORMAL,The amount $127.23 is typical for general spending behavior.
8083,162.72,StoreC,NORMAL,The amount $162.72 is typical for general spending behavior.
4311,2035.28,StoreB,ANOMALY,The amount $2035.28 is unusually high compared to typical spending.
1684,162.85,StoreA,NORMAL,The amount $162.85 is typical for general spending behavior.
7048,136.85,StoreA,NORMAL,The amount $136.85 is typical for general spending behavior.
7085,4.66,StoreB,ANOMALY,The amount $4.66 is extremely small and may indicate refund fraud or abnormal activity.
4186,151.02,StoreA,NORMAL,The amount $151.02 is typical for general spending behavior.
6356,161.33,StoreC,NORMAL,The amount $161.33 is typical for normal spending and does not indicate suspicious behavior.
9368,3855.49,StoreB,ANOMALY,The amount $3855.49 is unusually high compared to typical spending.
8044,283.61,StoreA,NORMAL,The amount $283.61 is typical for general spending behavior.
7975,189.04,StoreB,NORMAL,The amount $189.04 is typical for general spending behavior.
6672,162.78,StoreC,NORMAL,The amount $162.78 is typical for general spending behavior.
2400,247.61,StoreA,NORMAL,The amount $247.61 is typical for general spending behavior.
5868,227.29,StoreA,NORMAL,The amount $227.29 is typical for general spending behavior.
5659,237.42,StoreC,NORMAL,The amount $237.42 is typical for general spending behavior.
6508,328.5,RareStoreX,ANOMALY,The location 'RareStoreX' is unusual compared to common transaction locations.
5005,174.37,StoreC,NORMAL,The amount $174.37 is typical for general spending behavior.
5919,112.21,StoreB,NORMAL,The amount $112.21 is typical for general spending behavior.
2490,188.0,StoreA,NORMAL,The amount $188.0 is typical for general spending behavior.
7037,159.67,StoreA,NORMAL,The amount $159.67 is typical for normal spending and does not indicate suspicious behavior.
3362,230.59,StoreB,NORMAL,The amount $230.59 is typical for general spending behavior.
5317,209.25,StoreA,NORMAL,The amount $209.25 is typical for general spending behavior.
4564,3.93,StoreC,ANOMALY,The amount $3.93 is extremely small and may indicate refund fraud or abnormal activity.
4879,261.97,RareStoreX,ANOMALY,The location 'RareStoreX' is unusual compared to common transaction locations.
5322,66.51,StoreA,NORMAL,The amount $66.51 is typical for normal spending and does not indicate suspicious behavior.
3978,307.24,StoreC,NORMAL,The amount $307.24 is typical for general spending behavior.
2460,326.88,StoreA,NORMAL,The amount $326.88 is typical for general spending behavior.
6255,149.17,StoreA,NORMAL,The amount $149.17 is typical for general spending behavior.
5317,236.65,StoreB,NORMAL,The amount $236.65 is typical for general spending behavior.
7000,150.33,StoreC,NORMAL,The amount $150.33 is typical for general spending behavior.
6944,197.13,StoreA,NORMAL,The amount $197.13 is typical for general spending behavior.
7706,242.47,OutlierMallY,ANOMALY,The location 'OutlierMallY' is unusual compared to common transaction locations.
7395,144.34,StoreB,NORMAL,The amount $144.34 is typical for general spending behavior.
4176,2957.86,StoreC,ANOMALY,The amount $2957.86 is unusually high compared to typical spending.
6612,222.34,StoreB,NORMAL,The amount $222.34 is typical for general spending behavior.
5927,304.82,StoreC,NORMAL,The amount $304.82 is typical for general spending behavior.
5403,7667.36,StoreC,ANOMALY,The amount $7667.36 is unusually high compared to typical spending.
2004,99.19,StoreC,NORMAL,The amount $99.19 is typical for general spending behavior.
7215,72.8,StoreA,NORMAL,The amount $72.8 is typical for normal spending and does not indicate suspicious behavior.
3258,7593.83,StoreC,ANOMALY,The amount $7593.83 is unusually high compared to typical spending.
8785,121.03,StoreC,NORMAL,The amount $121.03 is typical for general spending behavior.
9839,297.67,StoreB,NORMAL,The amount $297.67 is typical for general spending behavior.
6073,75.95,StoreA,NORMAL,The amount $75.95 is typical for general spending behavior.
5268,160.67,StoreA,NORMAL,The amount $160.67 is typical for general spending behavior.
6608,205.7,StoreB,NORMAL,The amount $205.7 is typical for general spending behavior.
5553,104.44,StoreC,NORMAL,The amount $104.44 is typical for general spending behavior.
3493,5222.05,StoreB,ANOMALY,The amount $5222.05 is unusually high compared to typical spending.
9014,302.36,StoreC,NORMAL,The amount $302.36 is typical for general spending behavior.
6539,302.53,StoreA,NORMAL,The amount $302.53 is typical for general spending behavior.
1675,262.01,StoreB,NORMAL,The amount $262.01 is typical for general spending behavior.
1495,1.94,StoreB,ANOMALY,The amount $1.94 is extremely small and may indicate refund fraud or abnormal activity.
9990,219.5,StoreB,NORMAL,The amount $219.5 is typical for general spending behavior.
4126,40.36,StoreA,NORMAL,The amount $40.36 is typical for general spending behavior.
5377,161.18,StoreA,NORMAL,The amount $161.18 is typical for general spending behavior.
1667,161.36,StoreC,NORMAL,The amount $161.36 is typical for general spending behavior.
4092,301.99,StoreB,NORMAL,The amount $301.99 is typical for general spending behavior.
7629,180.47,StoreB,NORMAL,The amount $180.47 is typical for general spending behavior.
2208,1.52,StoreC,ANOMALY,The amount $1.52 is extremely small and may indicate refund fraud or abnormal activity.
4401,135.34,StoreB,NORMAL,The amount $135.34 is typical for general spending behavior.
1104,29.78,StoreC,NORMAL,The amount $29.78 is typical for general spending behavior.
2308,157.31,StoreC,NORMAL,The amount $157.31 is typical for general spending behavior.
2381,4.25,StoreA,ANOMALY,The amount $4.25 is extremely small and may indicate refund fraud or abnormal activity.
7404,223.18,StoreA,NORMAL,The amount $223.18 is typical for general spending behavior.
5654,109.92,StoreC,NORMAL,The amount $109.92 is typical for general spending behavior.
3574,5673.59,StoreC,ANOMALY,The amount $5673.59 is unusually high compared to typical spending.
2091,180.75,StoreB,NORMAL,The amount $180.75 is typical for general spending behavior.
5615,350.89,StoreA,NORMAL,The amount $350.89 is typical for general spending behavior.
9911,236.97,StoreA,NORMAL,The amount $236.97 is typical for general spending behavior.
3460,292.95,StoreC,NORMAL,The amount $292.95 is typical for general spending behavior.
3397,308.85,StoreC,NORMAL,The amount $308.85 is typical for general spending behavior.
7825,238.6,StoreA,NORMAL,The amount $238.6 is typical for general spending behavior.
9316,146.34,StoreC,NORMAL,The amount $146.34 is typical for normal spending and does not indicate suspicious behavior.
2417,114.33,StoreB,NORMAL,The amount $114.33 is typical for general spending behavior.
2752,208.87,StoreA,NORMAL,The amount $208.87 is typical for general spending behavior.
3096,181.27,StoreA,NORMAL,The amount $181.27 is typical for general spending behavior.
5365,154.86,StoreA,NORMAL,The amount $154.86 is typical for general spending behavior.
1382,139.83,StoreC,NORMAL,The amount $139.83 is typical for general spending behavior.
1757,7594.68,StoreA,ANOMALY,The amount $7594.68 is unusually high compared to typical spending.
7154,343.56,StoreC,NORMAL,The amount $343.56 is typical for general spending behavior.
7048,299.75,StoreC,NORMAL,The amount $299.75 is typical for general spending behavior.
6756,312.84,StoreC,NORMAL,The amount $312.84 is typical for general spending behavior.
9107,241.14,StoreB,NORMAL,The amount $241.14 is typical for general spending behavior.
5465,58.76,StoreC,NORMAL,The amount $58.76 is typical for normal spending and does not indicate suspicious behavior.
8059,158.91,RareStoreX,ANOMALY,The location 'RareStoreX' is unusual compared to common transaction locations.
3548,0.84,StoreA,ANOMALY,The amount $0.84 is extremely small and may indicate refund fraud or abnormal activity.
4842,175.55,StoreC,NORMAL,The amount $175.55 is typical for general spending behavior.
4605,219.48,StoreA,NORMAL,The amount $219.48 is typical for general spending behavior.
8741,205.36,StoreA,NORMAL,The amount $205.36 is typical for general spending behavior.
3470,321.68,StoreA,NORMAL,The amount $321.68 is typical for general spending behavior.
8756,3299.7,StoreA,ANOMALY,The amount $3299.7 is unusually high compared to typical spending.
1979,290.99,StoreC,NORMAL,The amount $290.99 is typical for general spending behavior.
6967,155.96,StoreA,NORMAL,The amount $155.96 is typical for general spending behavior.
8579,271.44,StoreC,NORMAL,The amount $271.44 is typical for general spending behavior.
5122,216.26,StoreA,NORMAL,The amount $216.26 is typical for general spending behavior.
9120,159.86,StoreB,NORMAL,The amount $159.86 is typical for general spending behavior.
6974,290.85,StoreA,NORMAL,The amount $290.85 is typical for general spending behavior.
3881,90.63,StoreC,NORMAL,The amount $90.63 is typical for general spending behavior.
5820,194.99,StoreB,NORMAL,The amount $194.99 is typical for general spending behavior.
7158,137.58,StoreC,NORMAL,The amount $137.58 is typical for general spending behavior.
1825,85.13,StoreA,NORMAL,The amount $85.13 is typical for general spending behavior.
3210,181.28,StoreC,NORMAL,The amount $181.28 is typical for general spending behavior.
9711,113.81,StoreA,NORMAL,The amount $113.81 is typical for general spending behavior.
1752,241.1,StoreB,NORMAL,The amount $241.1 is typical for general spending behavior.
9252,203.06,StoreC,NORMAL,The amount $203.06 is typical for general spending behavior.
1256,249.23,StoreC,NORMAL,The amount $249.23 is typical for general spending behavior.
6783,249.08,StoreA,NORMAL,The amount $249.08 is typical for general spending behavior.
7435,86.21,StoreB,NORMAL,The amount $86.21 is typical for normal spending and does not indicate suspicious behavior.
9419,237.06,StoreB,NORMAL,The amount $237.06 is typical for general spending behavior.
1754,123.85,StoreB,NORMAL,The amount $123.85 is typical for general spending behavior.
4231,2.77,StoreA,ANOMALY,The amount $2.77 is extremely small and may indicate refund fraud or abnormal activity.
7040,22.61,OutlierMallY,ANOMALY,The location 'OutlierMallY' is unusual compared to common transaction locations.
1218,88.26,OutlierMallY,ANOMALY,The location 'OutlierMallY' is unusual compared to common transaction locations.
7361,6.06,StoreA,NORMAL,The amount $6.06 is typical for general spending behavior.
8039,187.17,StoreA,NORMAL,The amount $187.17 is typical for general spending behavior.
7107,5235.2,StoreC,ANOMALY,The amount $5235.2 is unusually high compared to typical spending.
5928,268.99,StoreA,NORMAL,The amount $268.99 is typical for general spending behavior.
2614,202.72,StoreC,NORMAL,The amount $202.72 is typical for general spending behavior.
1645,256.57,OutlierMallY,ANOMALY,The location 'OutlierMallY' is unusual compared to common transaction locations.
6302,50.68,StoreC,NORMAL,The amount $50.68 is typical for general spending behavior.
6145,119.68,StoreA,NORMAL,The amount $119.68 is typical for general spending behavior.
8292,155.96,StoreC,NORMAL,The amount $155.96 is typical for general spending behavior.
5348,163.43,StoreA,NORMAL,The amount $163.43 is typical for general spending behavior.
6202,203.48,StoreC,NORMAL,The amount $203.48 is typical for general spending behavior.
9261,242.76,StoreC,NORMAL,The amount $242.76 is typical for general spending behavior.
9212,137.88,StoreB,NORMAL,The amount $137.88 is typical for general spending behavior.
4688,170.46,StoreB,NORMAL,The amount $170.46 is typical for general spending behavior.
5357,250.63,StoreB,NORMAL,The amount $250.63 is typical for general spending behavior.
8705,175.38,StoreA,NORMAL,The amount $175.38 is typical for general spending behavior.
6791,396.42,StoreA,NORMAL,The amount $396.42 is typical for general spending behavior.
9328,136.57,StoreC,NORMAL,The amount $136.57 is typical for general spending behavior.
8849,191.08,StoreA,NORMAL,The amount $191.08 is typical for general spending behavior.
5233,236.96,StoreB,NORMAL,The amount $236.96 is typical for general spending behavior.
1329,178.2,StoreC,NORMAL,The amount $178.2 is typical for general spending behavior.
9664,111.04,StoreB,NORMAL,The amount $111.04 is typical for general spending behavior.
4309,4379.64,StoreC,ANOMALY,The amount $4379.64 is unusually high compared to typical spending.
8508,239.44,StoreB,NORMAL,The amount $239.44 is typical for general spending behavior.
2875,104.38,StoreA,NORMAL,The amount $104.38 is typical for normal spending and does not indicate suspicious behavior.
3064,92.99,StoreB,NORMAL,The amount $92.99 is typical for normal spending and does not indicate suspicious behavior.
4690,78.78,StoreC,NORMAL,The amount $78.78 is typical for general spending behavior.
3502,334.11,StoreB,NORMAL,The amount $334.11 is typical for general spending behavior.
5103,162.83,StoreA,NORMAL,The amount $162.83 is typical for general spending behavior.
1947,104.7,StoreB,NORMAL,The amount $104.7 is typical for general spending behavior.
1581,57.8,StoreC,NORMAL,The amount $57.8 is typical for normal spending and does not indicate suspicious behavior.
4302,168.33,OutlierMallY,ANOMALY,The location 'OutlierMallY' is unusual compared to common transaction locations.
3024,111.73,StoreC,NORMAL,The amount $111.73 is typical for general spending behavior.
9961,225.31,StoreB,NORMAL,The amount $225.31 is typical for general spending behavior.
1948,3796.48,StoreC,ANOMALY,The amount $3796.48 is unusually high compared to typical spending.
6006,225.95,StoreC,NORMAL,The amount $225.95 is typical for general spending behavior.
2660,321.54,StoreA,NORMAL,The amount $321.54 is typical for general spending behavior.
5994,346.6,StoreA,NORMAL,The amount $346.6 is typical for general spending behavior.
3686,144.57,StoreC,NORMAL,The amount $144.57 is typical for general spending behavior.
9744,129.86,StoreC,NORMAL,The amount $129.86 is typical for general spending behavior.
5264,268.27,StoreB,NORMAL,The amount $268.27 is typical for general spending behavior.
5310,244.6,RareStoreX,ANOMALY,The location 'RareStoreX' is unusual compared to common transaction locations.
1223,97.86,StoreA,NORMAL,The amount $97.86 is typical for general spending behavior.
7694,4.31,StoreA,NORMAL,The amount $4.31 is typical for general spending behavior.
4219,180.32,StoreB,NORMAL,The amount $180.32 is typical for general spending behavior.
6190,167.65,StoreC,NORMAL,The amount $167.65 is typical for general spending behavior.
4604,103.79,RareStoreX,ANOMALY,The location 'RareStoreX' is unusual compared to common transaction locations.
7507,303.18,StoreA,NORMAL,The amount $303.18 is typical for general spending behavior.
6581,2.38,StoreB,ANOMALY,The amount $2.38 is extremely small and may indicate refund fraud or abnormal activity.
4754,2850.22,StoreC,ANOMALY,The amount $2850.22 is unusually high compared to typical spending.
2879,185.56,StoreA,NORMAL,The amount $185.56 is typical for general spending behavior.
1289,2845.0,StoreB,ANOMALY,The amount $2845.0 is unusually high compared to typical spending.
4554,270.53,StoreC,NORMAL,The amount $270.53 is typical for general spending behavior.
1772,172.75,StoreB,NORMAL,The amount $172.75 is typical for general spending behavior.
8942,93.05,StoreA,NORMAL,The amount $93.05 is typical for normal spending and does not indicate suspicious behavior.
5637,148.93,StoreC,NORMAL,The amount $148.93 is typical for normal spending and does not indicate suspicious behavior.
5767,212.51,RareStoreX,ANOMALY,The location 'RareStoreX' is unusual compared to common transaction locations.
5329,170.46,StoreA,NORMAL,The amount $170.46 is typical for general spending behavior.
5861,60.19,StoreC,NORMAL,The amount $60.19 is typical for general spending behavior.
5382,227.08,StoreB,NORMAL,The amount $227.08 is typical for general spending behavior.
3272,136.14,StoreA,NORMAL,The amount $136.14 is typical for general spending behavior.
9006,189.43,StoreC,NORMAL,The amount $189.43 is typical for general spending behavior.
8013,4290.13,StoreC,ANOMALY,The amount $4290.13 is unusually high compared to typical spending.
2345,260.38,StoreC,NORMAL,The amount $260.38 is typical for general spending behavior.
1734,299.12,StoreB,NORMAL,The amount $299.12 is typical for general spending behavior.
2446,219.14,StoreC,NORMAL,The amount $219.14 is typical for general spending behavior.
7566,304.44,StoreC,NORMAL,The amount $304.44 is typical for general spending behavior.
6943,0.56,StoreC,ANOMALY,The amount $0.56 is extremely small and may indicate refund fraud or abnormal activity.
3180,210.09,StoreA,NORMAL,The amount $210.09 is typical for general spending behavior.
1994,181.62,StoreC,NORMAL,The amount $181.62 is typical for general spending behavior.
7513,308.18,StoreA,NORMAL,The amount $308.18 is typical for general spending behavior.
7030,3794.7,StoreB,ANOMALY,The amount $3794.7 is unusually high compared to typical spending.
5036,207.69,StoreB,NORMAL,The amount $207.69 is typical for general spending behavior.
2795,127.87,StoreC,NORMAL,The amount $127.87 is typical for normal spending and does not indicate suspicious behavior.
9562,349.51,StoreB,NORMAL,The amount $349.51 is typical for general spending behavior.
1901,237.76,StoreB,NORMAL,The amount $237.76 is typical for general spending behavior.
8069,377.0,StoreB,NORMAL,The amount $377.0 is typical for general spending behavior.
2244,214.76,StoreC,NORMAL,The amount $214.76 is typical for general spending behavior.
6844,183.71,StoreB,NORMAL,The amount $183.71 is typical for general spending behavior.
5926,134.53,StoreA,NORMAL,The amount $134.53 is typical for general spending behavior.
6565,119.68,StoreB,NORMAL,The amount $119.68 is typical for general spending behavior.
8399,169.17,StoreB,NORMAL,The amount $169.17 is typical for general spending behavior.
2531,143.75,StoreA,NORMAL,The amount $143.75 is typical for general spending behavior.
7820,285.21,StoreC,NORMAL,The amount $285.21 is typical for general spending behavior.
5861,224.09,StoreB,NORMAL,The amount $224.09 is typical for general spending behavior.
8756,296.52,StoreC,NORMAL,The amount $296.52 is typical for general spending behavior.
4629,203.27,StoreB,NORMAL,The amount $203.27 is typical for general spending behavior.
2663,238.11,StoreB,NORMAL,The amount $238.11 is typical for general spending behavior.
9007,179.88,StoreA,NORMAL,The amount $179.88 is typical for general spending behavior.
1679,4381.56,StoreA,ANOMALY,The amount $4381.56 is unusually high compared to typical spending.
4897,137.67,StoreA,NORMAL,The amount $137.67 is typical for general spending behavior.
8174,156.41,StoreA,NORMAL,The amount $156.41 is typical for general spending behavior.
2817,212.36,StoreA,NORMAL,The amount $212.36 is typical for general spending behavior.
9600,128.36,OutlierMallY,ANOMALY,The location 'OutlierMallY' is unusual compared to common transaction locations.
4377,33.78,StoreA,NORMAL,The amount $33.78 is typical for general spending behavior.
6087,243.46,StoreC,NORMAL,The amount $243.46 is typical for general spending behavior.
8767,129.07,StoreC,NORMAL,The amount $129.07 is typical for general spending behavior.
6482,7526.95,StoreA,ANOMALY,The amount $7526.95 is unusually high compared to typical spending.
1886,246.37,StoreA,NORMAL,The amount $246.37 is typical for general spending behavior.
1737,350.56,StoreB,NORMAL,The amount $350.56 is typical for general spending behavior.
1951,294.55,StoreB,NORMAL,The amount $294.55 is typical for general spending behavior.
9803,6230.48,StoreB,ANOMALY,The amount $6230.48 is unusually high compared to typical spending.
5795,120.69,StoreB,NORMAL,The amount $120.69 is typical for general spending behavior.
8994,2774.54,StoreB,ANOMALY,The amount $2774.54 is unusually high compared to typical spending.
1952,84.49,StoreC,NORMAL,The amount $84.49 is typical for general spending behavior.
1060,6001.82,StoreB,ANOMALY,The amount $6001.82 is unusually high compared to typical spending.
5279,6317.93,StoreA,ANOMALY,The amount $6317.93 is unusually high compared to typical spending.
1127,93.01,StoreC,NORMAL,The amount $93.01 is typical for normal spending and does not indicate suspicious behavior.
2141,293.74,StoreC,NORMAL,The amount $293.74 is typical for general spending behavior.
8951,6736.73,StoreC,ANOMALY,The amount $6736.73 is unusually high compared to typical spending.
3218,193.67,StoreC,NORMAL,The amount $193.67 is typical for general spending behavior.
1687,7453.33,StoreA,ANOMALY,The amount $7453.33 is unusually high compared to typical spending.
8096,129.61,StoreC,NORMAL,The amount $129.61 is typical for general spending behavior.
7539,33.08,StoreB,NORMAL,The amount $33.08 is typical for general spending behavior.
7225,143.99,RareStoreX,ANOMALY,The location 'RareStoreX' is unusual compared to common transaction locations.
7533,226.3,StoreB,NORMAL,The amount $226.3 is typical for general spending behavior.
8942,299.57,StoreB,NORMAL,The amount $299.57 is typical for general spending behavior.
7486,133.44,StoreA,NORMAL,The amount $133.44 is typical for general spending behavior.
9493,241.8,StoreA,NORMAL,The amount $241.8 is typical for general spending behavior.
1723,160.71,StoreA,NORMAL,The amount $160.71 is typical for general spending behavior.
2654,114.32,StoreA,NORMAL,The amount $114.32 is typical for general spending behavior.
2539,6087.53,StoreC,ANOMALY,The amount $6087.53 is unusually high compared to typical spending.
7629,276.12,StoreC,NORMAL,The amount $276.12 is typical for general spending behavior.
1883,185.35,StoreB,NORMAL,The amount $185.35 is typical for general spending behavior.
6396,220.12,StoreA,NORMAL,The amount $220.12 is typical for general spending behavior.
4816,2332.05,StoreA,ANOMALY,The amount $2332.05 is unusually high compared to typical spending.
4032,2093.64,StoreB,ANOMALY,The amount $2093.64 is unusually high compared to typical spending.
3212,166.67,StoreC,NORMAL,The amount $166.67 is typical for general spending behavior.
2961,149.19,StoreB,NORMAL,The amount $149.19 is typical for normal spending and does not indicate suspicious behavior.
2353,323.99,StoreB,NORMAL,The amount $323.99 is typical for general spending behavior.
2800,293.18,StoreB,NORMAL,The amount $293.18 is typical for general spending behavior.
8867,111.07,StoreB,NORMAL,The amount $111.07 is typical for general spending behavior.
4985,196.04,StoreA,NORMAL,The amount $196.04 is typical for general spending behavior.
9850,295.35,StoreC,NORMAL,The amount $295.35 is typical for general spending behavior.
4935,217.13,StoreA,NORMAL,The amount $217.13 is typical for general spending behavior.
5298,202.15,StoreB,NORMAL,The amount $202.15 is typical for general spending behavior.
2030,81.71,StoreB,NORMAL,The amount $81.71 is typical for general spending behavior.
5394,298.15,StoreA,NORMAL,The amount $298.15 is typical for general spending behavior.
7804,115.59,StoreB,NORMAL,The amount $115.59 is typical for general spending behavior.
4367,282.82,StoreC,NORMAL,The amount $282.82 is typical for general spending behavior.
2976,176.48,RareStoreX,ANOMALY,The location 'RareStoreX' is unusual compared to common transaction locations.
7452,152.35,StoreA,NORMAL,The amount $152.35 is typical for general spending behavior.
5491,176.78,StoreC,NORMAL,The amount $176.78 is typical for general spending behavior.
5934,143.38,RareStoreX,ANOMALY,The location 'RareStoreX' is unusual compared to common transaction locations.
7051,5679.45,StoreC,ANOMALY,The amount $5679.45 is unusually high compared to typical spending.
3907,144.02,StoreA,NORMAL,The amount $144.02 is typical for general spending behavior.
6896,3433.57,StoreC,ANOMALY,The amount $3433.57 is unusually high compared to typical spending.
7176,230.11,StoreA,NORMAL,The amount $230.11 is typical for general spending behavior.
5109,208.34,StoreA,NORMAL,The amount $208.34 is typical for general spending behavior.
1521,184.37,StoreC,NORMAL,The amount $184.37 is typical for general spending behavior.
1175,162.44,StoreC,NORMAL,The amount $162.44 is typical for general spending behavior.
8078,264.17,StoreC,NORMAL,The amount $264.17 is typical for general spending behavior.
7228,3802.18,StoreA,ANOMALY,The amount $3802.18 is unusually high compared to typical spending.
9065,33.04,StoreA,NORMAL,The amount $33.04 is typical for general spending behavior.
9408,119.86,StoreA,NORMAL,The amount $119.86 is typical for normal spending and does not indicate suspicious behavior.
9142,247.32,StoreB,NORMAL,The amount $247.32 is typical for general spending behavior.
1432,7580.84,StoreC,ANOMALY,The amount $7580.84 is unusually high compared to typical spending.
7269,241.76,StoreC,NORMAL,The amount $241.76 is typical for general spending behavior.
1815,281.71,StoreA,NORMAL,The amount $281.71 is typical for general spending behavior.
8573,187.19,StoreA,NORMAL,The amount $187.19 is typical for general spending behavior.
6977,262.69,StoreB,NORMAL,The amount $262.69 is typical for general spending behavior.
8565,260.05,StoreB,NORMAL,The amount $260.05 is typical for general spending behavior.
4570,3748.75,StoreB,ANOMALY,The amount $3748.75 is unusually high compared to typical spending.
5721,6016.82,StoreC,ANOMALY,The amount $6016.82 is unusually high compared to typical spending.
5226,143.97,RareStoreX,ANOMALY,The location 'RareStoreX' is unusual compared to common transaction locations.
3285,228.2,StoreA,NORMAL,The amount $228.2 is typical for general spending behavior.
4845,230.18,StoreB,NORMAL,The amount $230.18 is typical for general spending behavior.
7327,329.25,StoreA,NORMAL,The amount $329.25 is typical for general spending behavior.
5872,3.63,StoreA,ANOMALY,The amount $3.63 is extremely small and may indicate refund fraud or abnormal activity.
5261,87.51,StoreC,NORMAL,The amount $87.51 is typical for normal spending and does not indicate suspicious behavior.
9378,214.37,StoreA,NORMAL,The amount $214.37 is typical for general spending behavior.
5053,255.83,StoreC,NORMAL,The amount $255.83 is typical for general spending behavior.
2095,208.47,StoreB,NORMAL,The amount $208.47 is typical for general spending behavior.
2558,192.41,StoreB,NORMAL,The amount $192.41 is typical for general spending behavior.
4083,160.65,StoreA,NORMAL,The amount $160.65 is typical for general spending behavior.
1803,3.91,StoreA,ANOMALY,The amount $3.91 is extremely small and may indicate refund fraud or abnormal activity.
6679,175.93,StoreA,NORMAL,The amount $175.93 is typical for general spending behavior.
6562,7946.91,StoreC,ANOMALY,The amount $7946.91 is unusually high compared to typical spending.
9989,185.21,StoreB,NORMAL,The amount $185.21 is typical for general spending behavior.
3544,71.39,StoreA,NORMAL,The amount $71.39 is typical for general spending behavior.
7510,5934.35,StoreB,ANOMALY,The amount $5934.35 is unusually high compared to typical spending.
2694,3939.47,StoreC,ANOMALY,The amount $3939.47 is unusually high compared to typical spending.
5711,222.97,StoreB,NORMAL,The amount $222.97 is typical for general spending behavior.
2564,75.47,StoreA,NORMAL,The amount $75.47 is typical for general spending behavior.
4976,0.63,StoreC,ANOMALY,The amount $0.63 is extremely small and may indicate refund fraud or abnormal activity.
8320,77.96,StoreB,NORMAL,The amount $77.96 is typical for general spending behavior.
6650,2393.55,StoreA,ANOMALY,The amount $2393.55 is unusually high compared to typical spending.
3500,94.63,StoreB,NORMAL,The amount $94.63 is typical for general spending behavior.
4543,2691.91,StoreC,ANOMALY,The amount $2691.91 is unusually high compared to typical spending.
4046,233.32,StoreA,NORMAL,The amount $233.32 is typical for general spending behavior.
7487,260.78,StoreB,NORMAL,The amount $260.78 is typical for general spending behavior.
1209,161.79,StoreC,NORMAL,The amount $161.79 is typical for general spending behavior.
4433,175.41,OutlierMallY,ANOMALY,The location 'OutlierMallY' is unusual compared to common transaction locations.
8345,276.23,StoreC,NORMAL,The amount $276.23 is typical for general spending behavior.
3711,133.05,StoreC,NORMAL,The amount $133.05 is typical for general spending behavior.
6037,6859.23,StoreA,ANOMALY,The amount $6859.23 is unusually high compared to typical spending.
5833,147.17,StoreA,NORMAL,The amount $147.17 is typical for general spending behavior.
3368,314.31,StoreA,NORMAL,The amount $314.31 is typical for general spending behavior.
3355,2.8,StoreA,ANOMALY,The amount $2.8 is extremely small and may indicate refund fraud or abnormal activity.
1153,244.62,StoreA,NORMAL,The amount $244.62 is typical for general spending behavior.
1671,175.36,StoreC,NORMAL,The amount $175.36 is typical for general spending behavior.
7066,112.36,StoreB,NORMAL,The amount $112.36 is typical for normal spending and does not indicate suspicious behavior.
4126,86.26,StoreA,NORMAL,The amount $86.26 is typical for general spending behavior.
9532,96.55,StoreA,NORMAL,The amount $96.55 is typical for general spending behavior.
5149,107.05,StoreB,NORMAL,The amount $107.05 is typical for normal spending and does not indicate suspicious behavior.
4272,202.73,StoreA,NORMAL,The amount $202.73 is typical for general spending behavior.
9558,78.81,StoreC,NORMAL,The amount $78.81 is typical for general spending behavior.
3762,251.64,StoreA,NORMAL,The amount $251.64 is typical for general spending behavior.
4186,162.53,StoreC,NORMAL,The amount $162.53 is typical for normal spending and does not indicate suspicious behavior.
4257,206.55,StoreB,NORMAL,The amount $206.55 is typical for general spending behavior.
6051,7398.65,StoreC,ANOMALY,The amount $7398.65 is unusually high compared to typical spending.
1561,192.09,StoreA,NORMAL,The amount $192.09 is typical for general spending behavior.
8436,308.44,StoreA,NORMAL,The amount $308.44 is typical for general spending behavior.
3823,332.5,StoreA,NORMAL,The amount $332.5 is typical for general spending behavior.
4104,120.16,StoreA,NORMAL,The amount $120.16 is typical for general spending behavior.
9689,4.89,StoreA,ANOMALY,The amount $4.89 is extremely small and may indicate refund fraud or abnormal activity.
2620,143.28,StoreC,NORMAL,The amount $143.28 is typical for general spending behavior.
2031,157.52,StoreA,NORMAL,The amount $157.52 is typical for general spending behavior.
5412,27.73,StoreA,NORMAL,The amount $27.73 is typical for general spending behavior.
5019,284.48,StoreC,NORMAL,The amount $284.48 is typical for general spending behavior.
3819,184.21,StoreB,NORMAL,The amount $184.21 is typical for general spending behavior.
1573,283.9,StoreB,NORMAL,The amount $283.9 is typical for general spending behavior.
6694,235.51,StoreB,NORMAL,The amount $235.51 is typical for general spending behavior.
8634,156.14,StoreA,NORMAL,The amount $156.14 is typical for general spending behavior.
1858,3320.57,StoreB,ANOMALY,The amount $3320.57 is unusually high compared to typical spending.
6901,192.93,StoreC,NORMAL,The amount $192.93 is typical for general spending behavior.
6900,5464.46,StoreB,ANOMALY,The amount $5464.46 is unusually high compared to typical spending.
5607,133.52,StoreB,NORMAL,The amount $133.52 is typical for general spending behavior.
3083,205.4,StoreA,NORMAL,The amount $205.4 is typical for general spending behavior.
3686,252.68,StoreB,NORMAL,The amount $252.68 is typical for general spending behavior.
5763,2.27,StoreB,NORMAL,The amount $2.27 is typical for general spending behavior.
4080,3.1,StoreB,ANOMALY,The amount $3.1 is extremely small and may indicate refund fraud or abnormal activity.
3693,142.57,StoreB,NORMAL,The amount $142.57 is typical for general spending behavior.
7191,3135.7,StoreA,ANOMALY,The amount $3135.7 is unusually high compared to typical spending.
8709,142.53,StoreB,NORMAL,The amount $142.53 is typical for general spending behavior.
6231,317.25,StoreA,NORMAL,The amount $317.25 is typical for general spending behavior.
8002,190.37,StoreC,NORMAL,The amount $190.37 is typical for general spending behavior.
5975,264.91,StoreC,NORMAL,The amount $264.91 is typical for general spending behavior.
9962,3331.49,StoreC,ANOMALY,The amount $3331.49 is unusually high compared to typical spending.
2502,191.52,StoreB,NORMAL,The amount $191.52 is typical for general spending behavior.
8093,5420.72,StoreC,ANOMALY,The amount $5420.72 is unusually high compared to typical spending.
6593,5420.62,StoreB,ANOMALY,The amount $5420.62 is unusually high compared to typical spending.
1328,222.13,StoreA,NORMAL,The amount $222.13 is typical for general spending behavior.
6347,317.32,StoreA,NORMAL,The amount $317.32 is typical for general spending behavior.
7766,323.37,StoreA,NORMAL,The amount $323.37 is typical for general spending behavior.
1414,19.8,StoreB,NORMAL,The amount $19.8 is typical for general spending behavior.
2359,347.95,StoreA,NORMAL,The amount $347.95 is typical for general spending behavior.
6873,120.45,StoreA,NORMAL,The amount $120.45 is typical for general spending behavior.
9559,192.95,StoreB,NORMAL,The amount $192.95 is typical for general spending behavior.
4132,122.07,StoreA,NORMAL,The amount $122.07 is typical for general spending behavior.
1294,158.42,StoreB,NORMAL,The amount $158.42 is typical for normal spending and does not indicate suspicious behavior.
1929,217.86,StoreC,NORMAL,The amount $217.86 is typical for general spending behavior.
2948,146.03,StoreC,NORMAL,The amount $146.03 is typical for normal spending and does not indicate suspicious behavior.
1149,7638.91,StoreC,ANOMALY,The amount $7638.91 is unusually high compared to typical spending.
9667,99.37,StoreB,NORMAL,The amount $99.37 is typical for general spending behavior.
2722,265.03,OutlierMallY,ANOMALY,The location 'OutlierMallY' is unusual compared to common transaction locations.
4892,6971.64,StoreB,ANOMALY,The amount $6971.64 is unusually high compared to typical spending.
7906,210.34,StoreC,NORMAL,The amount $210.34 is typical for general spending behavior.
4080,318.73,StoreA,NORMAL,The amount $318.73 is typical for general spending behavior.
9002,6180.1,StoreA,ANOMALY,The amount $6180.1 is unusually high compared to typical spending.
6356,260.43,StoreC,NORMAL,The amount $260.43 is typical for general spending behavior.
2360,331.25,StoreC,NORMAL,The amount $331.25 is typical for general spending behavior.
2690,144.76,StoreC,NORMAL,The amount $144.76 is typical for general spending behavior.
6301,7627.47,StoreB,ANOMALY,The amount $7627.47 is unusually high compared to typical spending.
6790,236.62,StoreB,NORMAL,The amount $236.62 is typical for general spending behavior.
8252,254.51,StoreC,NORMAL,The amount $254.51 is typical for general spending behavior.
3962,217.18,StoreB,NORMAL,The amount $217.18 is typical for general spending behavior.
8906,364.86,StoreB,NORMAL,The amount $364.86 is typical for general spending behavior.
8095,3.89,StoreA,ANOMALY,The amount $3.89 is extremely small and may indicate refund fraud or abnormal activity.
1599,4529.72,StoreB,ANOMALY,The amount $4529.72 is unusually high compared to typical spending.
8423,289.02,StoreB,NORMAL,The amount $289.02 is typical for general spending behavior.
1805,108.88,OutlierMallY,ANOMALY,The location 'OutlierMallY' is unusual compared to common transaction locations.
4133,260.71,StoreA,NORMAL,The amount $260.71 is typical for general spending behavior.
3208,326.34,StoreC,NORMAL,The amount $326.34 is typical for general spending behavior.
6911,149.16,StoreB,NORMAL,The amount $149.16 is typical for general spending behavior.
4349,120.97,StoreA,NORMAL,The amount $120.97 is typical for general spending behavior.
7615,7416.44,StoreA,ANOMALY,The amount $7416.44 is unusually high compared to typical spending.
5922,210.68,StoreB,NORMAL,The amount $210.68 is typical for general spending behavior.
6172,248.25,StoreC,NORMAL,The amount $248.25 is typical for general spending behavior.
4078,50.34,StoreC,NORMAL,The amount $50.34 is typical for general spending behavior.
4457,278.01,StoreA,NORMAL,The amount $278.01 is typical for general spending behavior.
6344,33.71,StoreB,NORMAL,The amount $33.71 is typical for general spending behavior.
2075,239.47,StoreC,NORMAL,The amount $239.47 is typical for general spending behavior.
1632,216.77,StoreB,NORMAL,The amount $216.77 is typical for general spending behavior.
4577,7118.67,StoreC,ANOMALY,The amount $7118.67 is unusually high compared to typical spending.
4464,262.08,StoreC,NORMAL,The amount $262.08 is typical for general spending behavior.
8769,2273.49,StoreA,ANOMALY,The amount $2273.49 is unusually high compared to typical spending.
4812,186.12,StoreA,NORMAL,The amount $186.12 is typical for normal spending and does not indicate suspicious behavior.
8982,163.29,StoreA,NORMAL,The amount $163.29 is typical for general spending behavior.
6703,333.38,StoreB,NORMAL,The amount $333.38 is typical for general spending behavior.
1760,1.53,StoreC,ANOMALY,The amount $1.53 is extremely small and may indicate refund fraud or abnormal activity.
6855,83.37,StoreA,NORMAL,The amount $83.37 is typical for normal spending and does not indicate suspicious behavior.
1974,197.77,RareStoreX,ANOMALY,The location 'RareStoreX' is unusual compared to common transaction locations.
2753,263.83,StoreC,NORMAL,The amount $263.83 is typical for general spending behavior.
5778,6358.83,StoreB,ANOMALY,The amount $6358.83 is unusually high compared to typical spending.
6279,144.61,StoreB,NORMAL,The amount $144.61 is typical for general spending behavior.
8011,106.58,StoreB,NORMAL,The amount $106.58 is typical for general spending behavior.
1716,6320.47,StoreB,ANOMALY,The amount $6320.47 is unusually high compared to typical spending.
6931,178.31,StoreC,NORMAL,The amount $178.31 is typical for general spending behavior.
8028,188.84,StoreA,NORMAL,The amount $188.84 is typical for general spending behavior.
2186,255.45,StoreC,NORMAL,The amount $255.45 is typical for general spending behavior.
6181,207.81,StoreC,NORMAL,The amount $207.81 is typical for general spending behavior.
3036,255.42,StoreC,NORMAL,The amount $255.42 is typical for general spending behavior.
1324,213.78,StoreC,NORMAL,The amount $213.78 is typical for general spending behavior.
1761,149.95,StoreC,NORMAL,The amount $149.95 is typical for general spending behavior.
1244,211.64,StoreB,NORMAL,The amount $211.64 is typical for general spending behavior.
8875,256.93,StoreB,NORMAL,The amount $256.93 is typical for general spending behavior.
5864,2974.76,StoreC,ANOMALY,The amount $2974.76 is unusually high compared to typical spending.
9200,105.11,StoreB,NORMAL,The amount $105.11 is typical for normal spending and does not indicate suspicious behavior.
8410,172.6,StoreC,NORMAL,The amount $172.6 is typical for general spending behavior.
3181,334.19,StoreA,NORMAL,The amount $334.19 is typical for general spending behavior.
1508,121.42,StoreB,NORMAL,The amount $121.42 is typical for general spending behavior.
2249,141.85,StoreA,NORMAL,The amount $141.85 is typical for normal spending and does not indicate suspicious behavior.
9882,6682.64,StoreC,ANOMALY,The amount $6682.64 is unusually high compared to typical spending.
8706,4.97,StoreC,ANOMALY,The amount $4.97 is extremely small and may indicate refund fraud or abnormal activity.
3113,215.75,StoreC,NORMAL,The amount $215.75 is typical for general spending behavior.
7382,257.73,StoreA,NORMAL,The amount $257.73 is typical for general spending behavior.
3267,298.59,RareStoreX,ANOMALY,The location 'RareStoreX' is unusual compared to common transaction locations.
9524,293.62,StoreA,NORMAL,The amount $293.62 is typical for general spending behavior.
2074,192.51,StoreC,NORMAL,The amount $192.51 is typical for general spending behavior.
8131,108.27,RareStoreX,ANOMALY,The location 'RareStoreX' is unusual compared to common transaction locations.
4811,195.15,StoreA,NORMAL,The amount $195.15 is typical for general spending behavior.
3653,102.06,StoreA,NORMAL,The amount $102.06 is typical for general spending behavior.
4118,214.22,StoreC,NORMAL,The amount $214.22 is typical for general spending behavior.
1234,96.62,StoreA,NORMAL,The amount $96.62 is typical for general spending behavior.
6494,72.42,StoreB,NORMAL,The amount $72.42 is typical for general spending behavior.
3963,5418.32,StoreA,ANOMALY,The amount $5418.32 is unusually high compared to typical spending.
2816,248.26,StoreA,NORMAL,The amount $248.26 is typical for general spending behavior.
8752,164.82,RareStoreX,ANOMALY,The location 'RareStoreX' is unusual compared to common transaction locations.
3202,113.18,StoreC,NORMAL,The amount $113.18 is typical for normal spending and does not indicate suspicious behavior.
8056,117.1,StoreA,NORMAL,The amount $117.1 is typical for normal spending and does not indicate suspicious behavior.
7025,79.37,OutlierMallY,ANOMALY,The location 'OutlierMallY' is unusual compared to common transaction locations.
4928,175.27,StoreB,NORMAL,The amount $175.27 is typical for general spending behavior.
6985,257.52,StoreC,NORMAL,The amount $257.52 is typical for general spending behavior.
8846,2201.66,StoreA,ANOMALY,The amount $2201.66 is unusually high compared to typical spending.
1947,220.69,StoreB,NORMAL,The amount $220.69 is typical for general spending behavior.
6138,158.07,StoreB,NORMAL,The amount $158.07 is typical for general spending behavior.
5359,127.63,StoreA,NORMAL,The amount $127.63 is typical for general spending behavior.
3249,53.51,StoreC,NORMAL,The amount $53.51 is typical for general spending behavior.
3808,234.27,StoreC,NORMAL,The amount $234.27 is typical for general spending behavior.
2392,241.2,StoreB,NORMAL,The amount $241.2 is typical for general spending behavior.
5365,4598.03,StoreA,ANOMALY,The amount $4598.03 is unusually high compared to typical spending.
2908,167.58,StoreC,NORMAL,The amount $167.58 is typical for normal spending and does not indicate suspicious behavior.
9776,65.39,StoreC,NORMAL,The amount $65.39 is typical for general spending behavior.
2374,159.76,StoreA,NORMAL,The amount $159.76 is typical for general spending behavior.
8637,246.17,StoreA,NORMAL,The amount $246.17 is typical for general spending behavior.
3503,3463.6,StoreA,ANOMALY,The amount $3463.6 is unusually high compared to typical spending.
1560,94.2,StoreC,NORMAL,The amount $94.2 is typical for general spending behavior.
5916,272.03,StoreA,NORMAL,The amount $272.03 is typical for general spending behavior.
7645,281.41,StoreC,NORMAL,The amount $281.41 is typical for general spending behavior.
7339,136.6,StoreB,NORMAL,The amount $136.6 is typical for general spending behavior.
7474,129.62,StoreA,NORMAL,The amount $129.62 is typical for normal spending and does not indicate suspicious behavior.
7420,3.97,StoreC,ANOMALY,The amount $3.97 is extremely small and may indicate refund fraud or abnormal activity.
4770,195.21,StoreC,NORMAL,The amount $195.21 is typical for general spending behavior.
6403,221.72,StoreC,NORMAL,The amount $221.72 is typical for general spending behavior.
2468,0.87,StoreC,ANOMALY,The amount $0.87 is extremely small and may indicate refund fraud or abnormal activity.
5587,118.89,StoreB,NORMAL,The amount $118.89 is typical for general spending behavior.
8456,197.88,StoreC,NORMAL,The amount $197.88 is typical for general spending behavior.
9405,246.12,StoreA,NORMAL,The amount $246.12 is typical for general spending behavior.
3397,76.58,StoreC,NORMAL,The amount $76.58 is typical for general spending behavior.
9650,142.47,StoreC,NORMAL,The amount $142.47 is typical for general spending behavior.
7908,57.13,StoreA,NORMAL,The amount $57.13 is typical for general spending behavior.
4454,101.53,StoreB,NORMAL,The amount $101.53 is typical for general spending behavior.
8750,295.53,StoreC,NORMAL,The amount $295.53 is typical for general spending behavior.
8644,153.08,StoreA,NORMAL,The amount $153.08 is typical for general spending behavior.
5094,253.27,StoreB,NORMAL,The amount $253.27 is typical for general spending behavior.
9956,4170.8,StoreC,ANOMALY,The amount $4170.8 is unusually high compared to typical spending.
5534,156.45,StoreC,NORMAL,The amount $156.45 is typical for general spending behavior.
5221,93.35,StoreC,NORMAL,The amount $93.35 is typical for general spending behavior.
3224,213.32,StoreB,NORMAL,The amount $213.32 is typical for general spending behavior.
8574,291.94,StoreB,NORMAL,The amount $291.94 is typical for general spending behavior.
9724,279.75,StoreB,NORMAL,The amount $279.75 is typical for general spending behavior.
2356,162.07,OutlierMallY,ANOMALY,The location 'OutlierMallY' is unusual compared to common transaction locations.
6755,229.49,StoreB,NORMAL,The amount $229.49 is typical for general spending behavior.
8173,216.61,StoreC,NORMAL,The amount $216.61 is typical for general spending behavior.
4717,142.49,StoreC,NORMAL,The amount $142.49 is typical for general spending behavior.
8373,206.93,StoreC,NORMAL,The amount $206.93 is typical for general spending behavior.
4849,229.41,StoreA,NORMAL,The amount $229.41 is typical for general spending behavior.
3956,339.11,StoreA,NORMAL,The amount $339.11 is typical for general spending behavior.
7553,263.23,StoreB,NORMAL,The amount $263.23 is typical for general spending behavior.
7305,181.23,StoreA,NORMAL,The amount $181.23 is typical for general spending behavior.
6845,335.6,StoreC,NORMAL,The amount $335.6 is typical for general spending behavior.
4819,124.36,StoreA,NORMAL,The amount $124.36 is typical for general spending behavior.
9484,167.08,StoreC,NORMAL,The amount $167.08 is typical for general spending behavior.
6691,141.63,StoreB,NORMAL,The amount $141.63 is typical for general spending behavior.
4898,0.54,StoreA,NORMAL,The amount $0.54 is typical for general spending behavior.
5107,387.93,StoreA,NORMAL,The amount $387.93 is typical for general spending behavior.
4540,167.44,StoreB,NORMAL,The amount $167.44 is typical for general spending behavior.
8849,199.27,StoreB,NORMAL,The amount $199.27 is typical for general spending behavior.
8699,271.57,StoreB,NORMAL,The amount $271.57 is typical for general spending behavior.
3765,258.82,OutlierMallY,ANOMALY,The location 'OutlierMallY' is unusual compared to common transaction locations.
1068,7469.48,StoreA,ANOMALY,The amount $7469.48 is unusually high compared to typical spending.
2877,6889.2,StoreC,ANOMALY,The amount $6889.2 is unusually high compared to typical spending.
2736,232.66,StoreC,NORMAL,The amount $232.66 is typical for general spending behavior.
5890,170.8,StoreA,NORMAL,The amount $170.8 is typical for general spending behavior.
6969,4305.8,StoreB,ANOMALY,The amount $4305.8 is unusually high compared to typical spending.
2485,42.63,StoreB,NORMAL,The amount $42.63 is typical for general spending behavior.
9771,134.77,StoreB,NORMAL,The amount $134.77 is typical for general spending behavior.
9856,237.81,StoreA,NORMAL,The amount $237.81 is typical for general spending behavior.
4233,2.91,StoreA,ANOMALY,The amount $2.91 is extremely small and may indicate refund fraud or abnormal activity.
5897,5969.39,StoreA,ANOMALY,The amount $5969.39 is unusually high compared to typical spending.
8848,43.23,StoreA,NORMAL,The amount $43.23 is typical for general spending behavior.
4803,293.42,StoreB,NORMAL,The amount $293.42 is typical for general spending behavior.
9001,112.61,StoreA,NORMAL,The amount $112.61 is typical for general spending behavior.
8581,143.6,StoreB,NORMAL,The amount $143.6 is typical for general spending behavior.
1941,210.92,StoreB,NORMAL,The amount $210.92 is typical for general spending behavior.
7630,210.49,StoreC,NORMAL,The amount $210.49 is typical for general spending behavior.
2329,367.98,StoreB,NORMAL,The amount $367.98 is typical for general spending behavior.
5725,171.12,StoreC,NORMAL,The amount $171.12 is typical for general spending behavior.
1837,4195.92,StoreB,ANOMALY,The amount $4195.92 is unusually high compared to typical spending.
8233,196.79,StoreB,NORMAL,The amount $196.79 is typical for general spending behavior.
2174,352.75,StoreC,NORMAL,The amount $352.75 is typical for general spending behavior.
8091,151.68,StoreC,NORMAL,The amount $151.68 is typical for general spending behavior.
2688,7451.66,StoreC,ANOMALY,The amount $7451.66 is unusually high compared to typical spending.
6011,6959.33,StoreB,ANOMALY,The amount $6959.33 is unusually high compared to typical spending.
9864,70.94,StoreA,NORMAL,The amount $70.94 is typical for normal spending and does not indicate suspicious behavior.
4960,352.1,StoreA,NORMAL,The amount $352.1 is typical for general spending behavior.
3262,198.33,StoreB,NORMAL,The amount $198.33 is typical for general spending behavior.
4235,361.94,StoreC,NORMAL,The amount $361.94 is typical for general spending behavior.
6565,4963.35,StoreA,ANOMALY,The amount $4963.35 is unusually high compared to typical spending.
3570,161.63,RareStoreX,ANOMALY,The location 'RareStoreX' is unusual compared to common transaction locations.
2159,207.09,StoreB,NORMAL,The amount $207.09 is typical for general spending behavior.
2168,5393.0,StoreA,ANOMALY,The amount $5393.0 is unusually high compared to typical spending.
3696,156.87,StoreC,NORMAL,The amount $156.87 is typical for general spending behavior.
8773,210.35,RareStoreX,ANOMALY,The location 'RareStoreX' is unusual compared to common transaction locations.
5729,267.66,StoreC,NORMAL,The amount $267.66 is typical for general spending behavior.
5962,267.93,StoreC,NORMAL,The amount $267.93 is typical for general spending behavior.
4026,142.14,StoreB,NORMAL,The amount $142.14 is typical for normal spending and does not indicate suspicious behavior.
8636,161.32,StoreC,NORMAL,The amount $161.32 is typical for general spending behavior.
1071,177.0,StoreC,NORMAL,The amount $177.0 is typical for general spending behavior.
5024,7616.44,StoreC,ANOMALY,The amount $7616.44 is unusually high compared to typical spending.
6314,2.19,StoreA,ANOMALY,The amount $2.19 is extremely small and may indicate refund fraud or abnormal activity.
1544,212.19,StoreC,NORMAL,The amount $212.19 is typical for general spending behavior.
6481,197.2,StoreC,NORMAL,The amount $197.2 is typical for general spending behavior.
7922,126.51,StoreC,NORMAL,The amount $126.51 is typical for general spending behavior.
3368,306.51,StoreB,NORMAL,The amount $306.51 is typical for general spending behavior.
7171,4381.59,StoreC,ANOMALY,The amount $4381.59 is unusually high compared to typical spending.
3427,4488.4,StoreC,ANOMALY,The amount $4488.4 is unusually high compared to typical spending.
3280,97.68,StoreC,NORMAL,The amount $97.68 is typical for general spending behavior.
1992,138.98,StoreB,NORMAL,The amount $138.98 is typical for general spending behavior.
5144,322.28,StoreC,NORMAL,The amount $322.28 is typical for general spending behavior.
2897,99.32,StoreC,NORMAL,The amount $99.32 is typical for general spending behavior.
6874,408.13,StoreA,NORMAL,The amount $408.13 is typical for general spending behavior.
1942,113.62,StoreB,NORMAL,The amount $113.62 is typical for general spending behavior.
5916,192.07,StoreB,NORMAL,The amount $192.07 is typical for general spending behavior.
7974,3.37,StoreC,ANOMALY,The amount $3.37 is extremely small and may indicate refund fraud or abnormal activity.
2185,6261.64,StoreC,ANOMALY,The amount $6261.64 is unusually high compared to typical spending.
8607,89.79,StoreB,NORMAL,The amount $89.79 is typical for general spending behavior.
9907,244.44,StoreA,NORMAL,The amount $244.44 is typical for general spending behavior.
3729,311.07,StoreB,NORMAL,The amount $311.07 is typical for general spending behavior.
1767,137.34,StoreC,NORMAL,The amount $137.34 is typical for general spending behavior.
2472,3.84,StoreB,ANOMALY,The amount $3.84 is extremely small and may indicate refund fraud or abnormal activity.
2222,179.23,StoreA,NORMAL,The amount $179.23 is typical for general spending behavior.
7345,5755.32,StoreC,ANOMALY,The amount $5755.32 is unusually high compared to typical spending.
9462,115.01,StoreC,NORMAL,The amount $115.01 is typical for general spending behavior.
8690,207.43,StoreA,NORMAL,The amount $207.43 is typical for general spending behavior.
7991,338.79,StoreB,NORMAL,The amount $338.79 is typical for general spending behavior.
8013,150.15,StoreB,NORMAL,The amount $150.15 is typical for general spending behavior.
2701,120.8,StoreA,NORMAL,The amount $120.8 is typical for general spending behavior.
5270,127.95,StoreA,NORMAL,The amount $127.95 is typical for general spending behavior.
4741,312.87,StoreB,NORMAL,The amount $312.87 is typical for general spending behavior.
1597,145.79,StoreC,NORMAL,The amount $145.79 is typical for normal spending and does not indicate suspicious behavior.
6696,208.44,RareStoreX,ANOMALY,The location 'RareStoreX' is unusual compared to common transaction locations.
1743,137.74,StoreB,NORMAL,The amount $137.74 is typical for general spending behavior.
6287,180.56,StoreB,NORMAL,The amount $180.56 is typical for general spending behavior.
8730,149.6,StoreC,NORMAL,The amount $149.6 is typical for general spending behavior.
6811,2923.1,StoreC,ANOMALY,The amount $2923.1 is unusually high compared to typical spending.
6479,237.72,StoreA,NORMAL,The amount $237.72 is typical for general spending behavior.
6780,228.16,StoreA,NORMAL,The amount $228.16 is typical for general spending behavior.
1105,193.54,StoreC,NORMAL,The amount $193.54 is typical for general spending behavior.
5983,220.8,OutlierMallY,ANOMALY,The location 'OutlierMallY' is unusual compared to common transaction locations.
8074,363.98,StoreA,NORMAL,The amount $363.98 is typical for general spending behavior.
6212,335.72,StoreA,NORMAL,The amount $335.72 is typical for general spending behavior.
4628,301.79,StoreC,NORMAL,The amount $301.79 is typical for general spending behavior.
8956,239.35,StoreA,NORMAL,The amount $239.35 is typical for general spending behavior.
9503,280.08,OutlierMallY,ANOMALY,The location 'OutlierMallY' is unusual compared to common transaction locations.
6501,209.76,StoreA,NORMAL,The amount $209.76 is typical for general spending behavior.
9017,4.72,StoreA,ANOMALY,The amount $4.72 is extremely small and may indicate refund fraud or abnormal activity.
1837,7470.75,StoreC,ANOMALY,The amount $7470.75 is unusually high compared to typical spending.
4281,357.8,StoreB,NORMAL,The amount $357.8 is typical for general spending behavior.
3558,187.15,StoreC,NORMAL,The amount $187.15 is typical for general spending behavior.
5939,109.62,StoreA,NORMAL,The amount $109.62 is typical for general spending behavior.
5503,3279.29,StoreB,ANOMALY,The amount $3279.29 is unusually high compared to typical spending.
9563,129.95,StoreC,NORMAL,The amount $129.95 is typical for general spending behavior.
6559,130.43,StoreB,NORMAL,The amount $130.43 is typical for general spending behavior.
3488,160.84,StoreC,NORMAL,The amount $160.84 is typical for general spending behavior.
7516,253.49,StoreB,NORMAL,The amount $253.49 is typical for general spending behavior.
8412,174.67,StoreC,NORMAL,The amount $174.67 is typical for normal spending and does not indicate suspicious behavior.
2070,147.85,StoreC,NORMAL,The amount $147.85 is typical for general spending behavior.
7744,240.22,StoreB,NORMAL,The amount $240.22 is typical for general spending behavior.
6558,271.01,StoreC,NORMAL,The amount $271.01 is typical for general spending behavior.
2739,161.05,StoreA,NORMAL,The amount $161.05 is typical for normal spending and does not indicate suspicious behavior.
3745,132.45,StoreC,NORMAL,The amount $132.45 is typical for general spending behavior.
3763,4431.62,StoreB,ANOMALY,The amount $4431.62 is unusually high compared to typical spending.
8630,255.43,StoreB,NORMAL,The amount $255.43 is typical for general spending behavior.
2707,114.18,StoreA,NORMAL,The amount $114.18 is typical for normal spending and does not indicate suspicious behavior.
4535,229.12,StoreB,NORMAL,The amount $229.12 is typical for general spending behavior.
4777,110.06,OutlierMallY,ANOMALY,The location 'OutlierMallY' is unusual compared to common transaction locations.
7010,325.07,StoreA,NORMAL,The amount $325.07 is typical for general spending behavior.
9751,254.35,StoreA,NORMAL,The amount $254.35 is typical for general spending behavior.
7057,163.27,StoreC,NORMAL,The amount $163.27 is typical for general spending behavior.
1999,244.15,StoreB,NORMAL,The amount $244.15 is typical for general spending behavior.
1697,2733.52,StoreB,ANOMALY,The amount $2733.52 is unusually high compared to typical spending.
2887,4192.26,StoreC,ANOMALY,The amount $4192.26 is unusually high compared to typical spending.
7967,138.58,StoreB,NORMAL,The amount $138.58 is typical for general spending behavior.
2316,179.79,StoreA,NORMAL,The amount $179.79 is typical for general spending behavior.
7166,119.67,StoreB,NORMAL,The amount $119.67 is typical for general spending behavior.
7890,244.26,StoreC,NORMAL,The amount $244.26 is typical for general spending behavior.
2434,95.02,StoreB,NORMAL,The amount $95.02 is typical for general spending behavior.
6340,2818.19,StoreC,ANOMALY,The amount $2818.19 is unusually high compared to typical spending.
7758,120.39,StoreB,NORMAL,The amount $120.39 is typical for general spending behavior.
1084,119.44,RareStoreX,ANOMALY,The location 'RareStoreX' is unusual compared to common transaction locations.
1864,2.49,StoreB,ANOMALY,The amount $2.49 is extremely small and may indicate refund fraud or abnormal activity.
1565,193.8,StoreB,NORMAL,The amount $193.8 is typical for general spending behavior.
2477,133.25,StoreA,NORMAL,The amount $133.25 is typical for general spending behavior.
5876,28.37,StoreA,NORMAL,The amount $28.37 is typical for general spending behavior.
9720,176.27,StoreB,NORMAL,The amount $176.27 is typical for general spending behavior.
8694,406.38,StoreB,NORMAL,The amount $406.38 is typical for general spending behavior.
4196,108.29,StoreA,NORMAL,The amount $108.29 is typical for general spending behavior.
7129,170.4,StoreB,NORMAL,The amount $170.4 is typical for general spending behavior.
6229,125.64,StoreB,NORMAL,The amount $125.64 is typical for general spending behavior.
4787,181.27,StoreA,NORMAL,The amount $181.27 is typical for general spending behavior.
7343,247.48,StoreC,NORMAL,The amount $247.48 is typical for general spending behavior.
7642,237.71,StoreB,NORMAL,The amount $237.71 is typical for general spending behavior.
2370,3.43,StoreB,ANOMALY,The amount $3.43 is extremely small and may indicate refund fraud or abnormal activity.
4878,122.53,StoreC,NORMAL,The amount $122.53 is typical for general spending behavior.
2500,340.38,StoreC,NORMAL,The amount $340.38 is typical for general spending behavior.
8847,103.12,StoreB,NORMAL,The amount $103.12 is typical for general spending behavior.
8281,135.32,StoreC,NORMAL,The amount $135.32 is typical for general spending behavior.
4591,6569.25,StoreA,ANOMALY,The amount $6569.25 is unusually high compared to typical spending.
9097,167.26,StoreC,NORMAL,The amount $167.26 is typical for general spending behavior.
5151,172.05,StoreB,NORMAL,The amount $172.05 is typical for general spending behavior.
1798,220.64,StoreC,NORMAL,The amount $220.64 is typical for general spending behavior.
4953,287.62,RareStoreX,ANOMALY,The location 'RareStoreX' is unusual compared to common transaction locations.
1552,253.25,RareStoreX,ANOMALY,The location 'RareStoreX' is unusual compared to common transaction locations.
2843,272.18,StoreB,NORMAL,The amount $272.18 is typical for general spending behavior.
8356,2669.2,StoreC,ANOMALY,The amount $2669.2 is unusually high compared to typical spending.
7156,302.36,StoreA,NORMAL,The amount $302.36 is typical for general spending behavior.
5060,172.58,StoreC,NORMAL,The amount $172.58 is typical for general spending behavior.
7687,71.96,StoreB,NORMAL,The amount $71.96 is typical for normal spending and does not indicate suspicious behavior.
4763,225.98,RareStoreX,ANOMALY,The location 'RareStoreX' is unusual compared to common transaction locations.
3838,127.08,OutlierMallY,ANOMALY,The location 'OutlierMallY' is unusual compared to common transaction locations.
6218,111.49,StoreC,NORMAL,The amount $111.49 is typical for general spending behavior.
7854,136.25,StoreC,NORMAL,The amount $136.25 is typical for general spending behavior.
8280,222.67,OutlierMallY,ANOMALY,The location 'OutlierMallY' is unusual compared to common transaction locations.
6560,305.18,RareStoreX,ANOMALY,The location 'RareStoreX' is unusual compared to common transaction locations.
5687,133.44,StoreC,NORMAL,The amount $133.44 is typical for general spending behavior.
1976,227.08,StoreB,NORMAL,The amount $227.08 is typical for general spending behavior.
5419,254.33,StoreC,NORMAL,The amount $254.33 is typical for general spending behavior.
2164,88.11,StoreC,NORMAL,The amount $88.11 is typical for general spending behavior.
3060,155.51,StoreC,NORMAL,The amount $155.51 is typical for general spending behavior.
4454,294.34,StoreA,NORMAL,The amount $294.34 is typical for general spending behavior.
3984,131.17,StoreA,NORMAL,The amount $131.17 is typical for general spending behavior.
6061,366.02,StoreA,NORMAL,The amount $366.02 is typical for general spending behavior.
5967,88.06,StoreB,NORMAL,The amount $88.06 is typical for general spending behavior.
3305,4328.58,StoreB,ANOMALY,The amount $4328.58 is unusually high compared to typical spending.
9290,214.94,StoreA,NORMAL,The amount $214.94 is typical for general spending behavior.
1716,99.88,StoreB,NORMAL,The amount $99.88 is typical for general spending behavior.
1975,271.17,StoreB,NORMAL,The amount $271.17 is typical for general spending behavior.
2878,211.3,StoreA,NORMAL,The amount $211.3 is typical for general spending behavior.
9887,3193.7,StoreC,ANOMALY,The amount $3193.7 is unusually high compared to typical spending.
9127,344.04,StoreA,NORMAL,The amount $344.04 is typical for general spending behavior.
5550,142.78,StoreA,NORMAL,The amount $142.78 is typical for general spending behavior.
2080,7547.42,StoreC,ANOMALY,The amount $7547.42 is unusually high compared to typical spending.
7890,214.8,OutlierMallY,ANOMALY,The location 'OutlierMallY' is unusual compared to common transaction locations.
1056,107.33,StoreB,NORMAL,The amount $107.33 is typical for general spending behavior.
3779,222.2,RareStoreX,ANOMALY,The location 'RareStoreX' is unusual compared to common transaction locations.
7071,108.99,StoreC,NORMAL,The amount $108.99 is typical for general spending behavior.
6560,3.24,StoreB,ANOMALY,The amount $3.24 is extremely small and may indicate refund fraud or abnormal activity.
5798,112.36,StoreC,NORMAL,The amount $112.36 is typical for general spending behavior.
7657,132.86,StoreA,NORMAL,The amount $132.86 is typical for general spending behavior.
6799,246.91,StoreA,NORMAL,The amount $246.91 is typical for general spending behavior.
1027,267.22,RareStoreX,ANOMALY,The location 'RareStoreX' is unusual compared to common transaction locations.
6131,150.67,RareStoreX,ANOMALY,The location 'RareStoreX' is unusual compared to common transaction locations.
9113,1.59,StoreA,ANOMALY,The amount $1.59 is extremely small and may indicate refund fraud or abnormal activity.
9788,142.85,StoreB,NORMAL,The amount $142.85 is typical for general spending behavior.
2999,263.45,StoreA,NORMAL,The amount $263.45 is typical for general spending behavior.
8953,1.63,StoreB,ANOMALY,The amount $1.63 is extremely small and may indicate refund fraud or abnormal activity.
7063,3.91,StoreC,ANOMALY,The amount $3.91 is extremely small and may indicate refund fraud or abnormal activity.
2118,364.52,StoreC,NORMAL,The amount $364.52 is typical for general spending behavior.
6924,180.58,StoreC,NORMAL,The amount $180.58 is typical for general spending behavior.
6346,243.54,StoreA,NORMAL,The amount $243.54 is typical for general spending behavior.
8351,200.55,OutlierMallY,ANOMALY,The location 'OutlierMallY' is unusual compared to common transaction locations.
8842,225.74,StoreC,NORMAL,The amount $225.74 is typical for general spending behavior.
6783,86.7,StoreB,NORMAL,The amount $86.7 is typical for general spending behavior.
7558,161.7,StoreA,NORMAL,The amount $161.7 is typical for general spending behavior.
1364,53.88,OutlierMallY,ANOMALY,The location 'OutlierMallY' is unusual compared to common transaction locations.
4227,53.1,StoreA,NORMAL,The amount $53.1 is typical for general spending behavior.
4444,0.16,StoreC,NORMAL,The amount $0.16 is typical for general spending behavior.
6606,278.23,StoreC,NORMAL,The amount $278.23 is typical for general spending behavior.
1892,156.3,StoreA,NORMAL,The amount $156.3 is typical for general spending behavior.
6497,211.59,StoreA,NORMAL,The amount $211.59 is typical for general spending behavior.
8218,158.58,StoreC,NORMAL,The amount $158.58 is typical for general spending behavior.
2102,85.54,StoreC,NORMAL,The amount $85.54 is typical for general spending behavior.
2160,271.41,StoreC,NORMAL,The amount $271.41 is typical for general spending behavior.
2704,1.01,StoreA,ANOMALY,The amount $1.01 is extremely small and may indicate refund fraud or abnormal activity.
4205,83.88,OutlierMallY,ANOMALY,The location 'OutlierMallY' is unusual compared to common transaction locations.
6055,271.12,StoreA,NORMAL,The amount $271.12 is typical for general spending behavior.
1483,5636.06,StoreA,ANOMALY,The amount $5636.06 is unusually high compared to typical spending.
9561,111.43,StoreA,NORMAL,The amount $111.43 is typical for general spending behavior.
9090,323.03,StoreB,NORMAL,The amount $323.03 is typical for general spending behavior.
9627,211.89,StoreB,NORMAL,The amount $211.89 is typical for general spending behavior.
8069,307.24,StoreC,NORMAL,The amount $307.24 is typical for general spending behavior.
1663,309.58,StoreB,NORMAL,The amount $309.58 is typical for general spending behavior.
2234,133.56,StoreC,NORMAL,The amount $133.56 is typical for general spending behavior.
1159,7295.89,StoreB,ANOMALY,The amount $7295.89 is unusually high compared to typical spending.
3170,203.25,StoreB,NORMAL,The amount $203.25 is typical for general spending behavior.
6731,237.54,StoreB,NORMAL,The amount $237.54 is typical for general spending behavior.
3568,205.73,StoreC,NORMAL,The amount $205.73 is typical for general spending behavior.
5196,263.33,StoreB,NORMAL,The amount $263.33 is typical for general spending behavior.
7107,289.75,StoreB,NORMAL,The amount $289.75 is typical for general spending behavior.
8871,5225.63,StoreB,ANOMALY,The amount $5225.63 is unusually high compared to typical spending.
8855,2.6,StoreB,ANOMALY,The amount $2.6 is extremely small and may indicate refund fraud or abnormal activity.
1724,4112.83,StoreB,ANOMALY,The amount $4112.83 is unusually high compared to typical spending.
4896,117.88,StoreA,NORMAL,The amount $117.88 is typical for general spending behavior.
5760,143.23,StoreA,NORMAL,The amount $143.23 is typical for general spending behavior.
1331,112.65,StoreC,NORMAL,The amount $112.65 is typical for general spending behavior.
2849,107.92,StoreA,NORMAL,The amount $107.92 is typical for general spending behavior.
4737,241.2,StoreB,NORMAL,The amount $241.2 is typical for general spending behavior.
2286,135.12,StoreC,NORMAL,The amount $135.12 is typical for general spending behavior.
9085,217.78,StoreA,NORMAL,The amount $217.78 is typical for general spending behavior.
2907,318.2,StoreB,NORMAL,The amount $318.2 is typical for general spending behavior.
6008,71.07,StoreC,NORMAL,The amount $71.07 is typical for general spending behavior.
4271,169.98,StoreB,NORMAL,The amount $169.98 is typical for general spending behavior.
2379,177.06,StoreC,NORMAL,The amount $177.06 is typical for general spending behavior.
8368,2.83,StoreB,ANOMALY,The amount $2.83 is extremely small and may indicate refund fraud or abnormal activity.
5133,174.38,RareStoreX,ANOMALY,The location 'RareStoreX' is unusual compared to common transaction locations.
4816,184.49,StoreC,NORMAL,The amount $184.49 is typical for general spending behavior.
2020,5837.97,StoreC,ANOMALY,The amount $5837.97 is unusually high compared to typical spending.
9519,140.27,RareStoreX,ANOMALY,The location 'RareStoreX' is unusual compared to common transaction locations.
8377,231.46,StoreB,NORMAL,The amount $231.46 is typical for general spending behavior.
5287,224.21,StoreA,NORMAL,The amount $224.21 is typical for general spending behavior.
7862,266.17,StoreB,NORMAL,The amount $266.17 is typical for general spending behavior.
8904,310.12,StoreB,NORMAL,The amount $310.12 is typical for general spending behavior.
8643,2711.44,StoreA,ANOMALY,The amount $2711.44 is unusually high compared to typical spending.
8894,220.21,StoreA,NORMAL,The amount $220.21 is typical for general spending behavior.
6988,180.12,StoreA,NORMAL,The amount $180.12 is typical for general spending behavior.
8642,240.92,StoreB,NORMAL,The amount $240.92 is typical for general spending behavior.
1973,91.4,StoreC,NORMAL,The amount $91.4 is typical for general spending behavior.
9280,7946.51,StoreC,ANOMALY,The amount $7946.51 is unusually high compared to typical spending.
6274,189.13,StoreB,NORMAL,The amount $189.13 is typical for normal spending and does not indicate suspicious behavior.
4567,332.9,StoreA,NORMAL,The amount $332.9 is typical for general spending behavior.
7372,203.71,StoreA,NORMAL,The amount $203.71 is typical for general spending behavior.
1889,177.46,StoreB,NORMAL,The amount $177.46 is typical for general spending behavior.
1920,272.43,OutlierMallY,ANOMALY,The location 'OutlierMallY' is unusual compared to common transaction locations.
3786,152.12,StoreC,NORMAL,The amount $152.12 is typical for general spending behavior.
3401,4.55,StoreA,ANOMALY,The amount $4.55 is extremely small and may indicate refund fraud or abnormal activity.
3933,232.3,StoreA,NORMAL,The amount $232.3 is typical for general spending behavior.
5513,184.42,StoreC,NORMAL,The amount $184.42 is typical for general spending behavior.
4345,216.28,StoreC,NORMAL,The amount $216.28 is typical for general spending behavior.
4527,311.97,StoreC,NORMAL,The amount $311.97 is typical for general spending behavior.
1256,114.58,StoreC,NORMAL,The amount $114.58 is typical for general spending behavior.
2658,350.14,StoreA,NORMAL,The amount $350.14 is typical for general spending behavior.
2922,367.84,StoreA,NORMAL,The amount $367.84 is typical for general spending behavior.
1073,127.38,StoreC,NORMAL,The amount $127.38 is typical for general spending behavior.
6356,196.88,StoreA,NORMAL,The amount $196.88 is typical for general spending behavior.
5803,5258.71,StoreA,ANOMALY,The amount $5258.71 is unusually high compared to typical spending.
7131,26.19,StoreA,NORMAL,The amount $26.19 is typical for general spending behavior.
5729,244.45,StoreC,NORMAL,The amount $244.45 is typical for general spending behavior.
2637,6067.47,StoreC,ANOMALY,The amount $6067.47 is unusually high compared to typical spending.
3889,148.06,StoreA,NORMAL,The amount $148.06 is typical for general spending behavior.
3711,63.19,StoreB,NORMAL,The amount $63.19 is typical for general spending behavior.
7830,224.87,StoreC,NORMAL,The amount $224.87 is typical for general spending behavior.
3793,5063.09,StoreA,ANOMALY,The amount $5063.09 is unusually high compared to typical spending.
5710,215.64,StoreB,NORMAL,The amount $215.64 is typical for general spending behavior.
5675,260.15,StoreC,NORMAL,The amount $260.15 is typical for general spending behavior.
3938,4256.9,StoreC,ANOMALY,The amount $4256.9 is unusually high compared to typical spending.
9167,1.78,StoreB,ANOMALY,The amount $1.78 is extremely small and may indicate refund fraud or abnormal activity.
2718,160.19,StoreB,NORMAL,The amount $160.19 is typical for general spending behavior.
9984,224.79,StoreB,NORMAL,The amount $224.79 is typical for general spending behavior.
7620,333.81,StoreA,NORMAL,The amount $333.81 is typical for general spending behavior.
4036,350.77,StoreB,NORMAL,The amount $350.77 is typical for general spending behavior.
1594,151.46,StoreA,NORMAL,The amount $151.46 is typical for general spending behavior.
3251,5033.99,StoreA,ANOMALY,The amount $5033.99 is unusually high compared to typical spending.
8385,140.12,StoreB,NORMAL,The amount $140.12 is typical for general spending behavior.
2199,3250.31,StoreC,ANOMALY,The amount $3250.31 is unusually high compared to typical spending.
8978,322.67,StoreA,NORMAL,The amount $322.67 is typical for general spending behavior.
3770,179.51,StoreA,NORMAL,The amount $179.51 is typical for general spending behavior.
1338,4030.78,StoreA,ANOMALY,The amount $4030.78 is unusually high compared to typical spending.
6284,151.77,StoreC,NORMAL,The amount $151.77 is typical for normal spending and does not indicate suspicious behavior.
6985,7538.51,StoreC,ANOMALY,The amount $7538.51 is unusually high compared to typical spending.
5911,238.32,StoreB,NORMAL,The amount $238.32 is typical for general spending behavior.
8345,183.35,StoreC,NORMAL,The amount $183.35 is typical for general spending behavior.
3773,248.83,StoreC,NORMAL,The amount $248.83 is typical for general spending behavior.
8035,167.75,StoreB,NORMAL,The amount $167.75 is typical for general spending behavior.
3422,221.12,StoreA,NORMAL,The amount $221.12 is typical for general spending behavior.
4766,203.65,StoreC,NORMAL,The amount $203.65 is typical for general spending behavior.
8055,4255.3,StoreA,ANOMALY,The amount $4255.3 is unusually high compared to typical spending.
5929,1.63,StoreC,ANOMALY,The amount $1.63 is extremely small and may indicate refund fraud or abnormal activity.
5047,233.52,StoreB,NORMAL,The amount $233.52 is typical for general spending behavior.
5064,94.25,RareStoreX,ANOMALY,The location 'RareStoreX' is unusual compared to common transaction locations.
9287,7984.49,StoreA,ANOMALY,The amount $7984.49 is unusually high compared to typical spending.
4295,141.74,StoreB,NORMAL,The amount $141.74 is typical for normal spending and does not indicate suspicious behavior.
9625,225.57,StoreA,NORMAL,The amount $225.57 is typical for general spending behavior.
6993,357.18,StoreB,NORMAL,The amount $357.18 is typical for general spending behavior.
4010,25.83,StoreA,NORMAL,The amount $25.83 is typical for general spending behavior.
6486,180.29,StoreA,NORMAL,The amount $180.29 is typical for general spending behavior.
2469,208.84,StoreB,NORMAL,The amount $208.84 is typical for general spending behavior.
9298,201.66,StoreC,NORMAL,The amount $201.66 is typical for general spending behavior.
6796,254.56,StoreC,NORMAL,The amount $254.56 is typical for general spending behavior.
7539,255.18,StoreA,NORMAL,The amount $255.18 is typical for general spending behavior.
7170,250.05,StoreA,NORMAL,The amount $250.05 is typical for general spending behavior.
3488,200.61,OutlierMallY,ANOMALY,The location 'OutlierMallY' is unusual compared to common transaction locations.
1537,339.97,StoreB,NORMAL,The amount $339.97 is typical for general spending behavior.
4765,140.85,StoreA,NORMAL,The amount $140.85 is typical for general spending behavior.
9463,156.14,StoreB,NORMAL,The amount $156.14 is typical for general spending behavior.
1716,91.79,StoreC,NORMAL,The amount $91.79 is typical for general spending behavior.
2900,166.7,StoreA,NORMAL,The amount $166.7 is typical for general spending behavior.
4534,191.99,StoreB,NORMAL,The amount $191.99 is typical for general spending behavior.
6397,134.46,StoreC,NORMAL,The amount $134.46 is typical for general spending behavior.
3832,119.17,StoreC,NORMAL,The amount $119.17 is typical for normal spending and does not indicate suspicious behavior.
3233,346.52,StoreC,NORMAL,The amount $346.52 is typical for general spending behavior.
3280,124.97,StoreC,NORMAL,The amount $124.97 is typical for general spending behavior.
5477,199.51,StoreC,NORMAL,The amount $199.51 is typical for general spending behavior.
6411,371.38,StoreB,NORMAL,The amount $371.38 is typical for general spending behavior.
1045,328.98,StoreC,NORMAL,The amount $328.98 is typical for general spending behavior.
2181,120.13,StoreB,NORMAL,The amount $120.13 is typical for general spending behavior.
3198,269.53,StoreA,NORMAL,The amount $269.53 is typical for general spending behavior.
6717,275.67,StoreC,NORMAL,The amount $275.67 is typical for general spending behavior.
3911,214.71,StoreA,NORMAL,The amount $214.71 is typical for general spending behavior.
6193,103.44,StoreA,NORMAL,The amount $103.44 is typical for general spending behavior.
8236,227.98,StoreA,NORMAL,The amount $227.98 is typical for general spending behavior.
5857,180.24,StoreB,NORMAL,The amount $180.24 is typical for normal spending and does not indicate suspicious behavior.
5925,108.14,StoreA,NORMAL,The amount $108.14 is typical for general spending behavior.
1312,94.36,StoreA,NORMAL,The amount $94.36 is typical for general spending behavior.
6184,3.36,StoreB,ANOMALY,The amount $3.36 is extremely small and may indicate refund fraud or abnormal activity.
3808,72.42,StoreA,NORMAL,The amount $72.42 is typical for general spending behavior.
9823,186.75,StoreB,NORMAL,The amount $186.75 is typical for general spending behavior.
5182,4.02,StoreB,ANOMALY,The amount $4.02 is extremely small and may indicate refund fraud or abnormal activity.
2018,302.16,StoreA,NORMAL,The amount $302.16 is typical for general spending behavior.
5378,247.07,StoreC,NORMAL,The amount $247.07 is typical for general spending behavior.
1443,281.01,StoreB,NORMAL,The amount $281.01 is typical for general spending behavior.
2164,242.67,StoreB,NORMAL,The amount $242.67 is typical for general spending behavior.
5049,2759.95,StoreC,ANOMALY,The amount $2759.95 is unusually high compared to typical spending.
5350,233.02,StoreA,NORMAL,The amount $233.02 is typical for general spending behavior.
7981,176.03,StoreC,NORMAL,The amount $176.03 is typical for general spending behavior.
5232,96.39,StoreC,NORMAL,The amount $96.39 is typical for general spending behavior.
9897,211.74,StoreA,NORMAL,The amount $211.74 is typical for general spending behavior.
8283,271.98,OutlierMallY,ANOMALY,The location 'OutlierMallY' is unusual compared to common transaction locations.
1713,168.29,StoreA,NORMAL,The amount $168.29 is typical for normal spending and does not indicate suspicious behavior.
7345,2.86,StoreC,ANOMALY,The amount $2.86 is extremely small and may indicate refund fraud or abnormal activity.
8715,224.89,StoreB,NORMAL,The amount $224.89 is typical for general spending behavior.
8370,288.11,StoreB,NORMAL,The amount $288.11 is typical for general spending behavior.
8844,194.36,StoreC,NORMAL,The amount $194.36 is typical for general spending behavior.
6063,255.62,StoreC,NORMAL,The amount $255.62 is typical for general spending behavior.
5749,55.61,StoreA,NORMAL,The amount $55.61 is typical for general spending behavior.
9272,205.83,StoreB,NORMAL,The amount $205.83 is typical for general spending behavior.
1713,78.67,StoreB,NORMAL,The amount $78.67 is typical for general spending behavior.
3032,145.6,StoreA,NORMAL,The amount $145.6 is typical for general spending behavior.
2919,255.63,StoreC,NORMAL,The amount $255.63 is typical for general spending behavior.
4505,85.95,OutlierMallY,ANOMALY,The location 'OutlierMallY' is unusual compared to common transaction locations.
9553,182.43,StoreA,NORMAL,The amount $182.43 is typical for general spending behavior.
6013,175.36,StoreB,NORMAL,The amount $175.36 is typical for general spending behavior.
7214,286.29,StoreC,NORMAL,The amount $286.29 is typical for general spending behavior.
7618,193.74,StoreA,NORMAL,The amount $193.74 is typical for general spending behavior.
4469,188.0,StoreC,NORMAL,The amount $188.0 is typical for general spending behavior.
3484,159.35,StoreC,NORMAL,The amount $159.35 is typical for general spending behavior.
2858,278.31,StoreA,NORMAL,The amount $278.31 is typical for general spending behavior.
9072,108.63,StoreB,NORMAL,The amount $108.63 is typical for normal spending and does not indicate suspicious behavior.
4756,4861.06,StoreA,ANOMALY,The amount $4861.06 is unusually high compared to typical spending.
9243,167.13,StoreB,NORMAL,The amount $167.13 is typical for general spending behavior.
4049,313.64,StoreB,NORMAL,The amount $313.64 is typical for general spending behavior.
6409,265.64,StoreB,NORMAL,The amount $265.64 is typical for general spending behavior.
8122,6090.05,StoreC,ANOMALY,The amount $6090.05 is unusually high compared to typical spending.
6812,259.47,OutlierMallY,ANOMALY,The location 'OutlierMallY' is unusual compared to common transaction locations.
3653,231.66,StoreB,NORMAL,The amount $231.66 is typical for general spending behavior.
9448,211.49,StoreC,NORMAL,The amount $211.49 is typical for general spending behavior.
8081,304.26,StoreC,NORMAL,The amount $304.26 is typical for general spending behavior.
6004,208.2,StoreB,NORMAL,The amount $208.2 is typical for general spending behavior.
4858,175.7,StoreC,NORMAL,The amount $175.7 is typical for general spending behavior.
7786,240.9,StoreC,NORMAL,The amount $240.9 is typical for general spending behavior.
8670,316.07,StoreC,NORMAL,The amount $316.07 is typical for general spending behavior.
2075,187.1,StoreA,NORMAL,The amount $187.1 is typical for general spending behavior.
5287,249.53,StoreB,NORMAL,The amount $249.53 is typical for general spending behavior.
1131,249.51,StoreA,NORMAL,The amount $249.51 is typical for general spending behavior.
3681,197.38,StoreB,NORMAL,The amount $197.38 is typical for general spending behavior.
9524,87.76,RareStoreX,ANOMALY,The location 'RareStoreX' is unusual compared to common transaction locations.
8207,52.79,StoreC,NORMAL,The amount $52.79 is typical for general spending behavior.
5195,158.54,StoreC,NORMAL,The amount $158.54 is typical for general spending behavior.
8056,7311.79,StoreC,ANOMALY,The amount $7311.79 is unusually high compared to typical spending.
3548,303.69,StoreA,NORMAL,The amount $303.69 is typical for general spending behavior.
5759,166.06,StoreA,NORMAL,The amount $166.06 is typical for general spending behavior.
1527,35.23,StoreB,NORMAL,The amount $35.23 is typical for general spending behavior.
6442,233.03,StoreC,NORMAL,The amount $233.03 is typical for general spending behavior.
2833,165.94,StoreA,NORMAL,The amount $165.94 is typical for normal spending and does not indicate suspicious behavior.
4288,154.33,StoreB,NORMAL,The amount $154.33 is typical for normal spending and does not indicate suspicious behavior.
8641,138.4,StoreB,NORMAL,The amount $138.4 is typical for general spending behavior.
2702,121.4,StoreC,NORMAL,The amount $121.4 is typical for general spending behavior.
7111,238.92,StoreA,NORMAL,The amount $238.92 is typical for general spending behavior.
1869,295.34,StoreA,NORMAL,The amount $295.34 is typical for general spending behavior.
7347,249.0,StoreB,NORMAL,The amount $249.0 is typical for general spending behavior.
5460,161.02,StoreC,NORMAL,The amount $161.02 is typical for general spending behavior.
1595,172.87,StoreC,NORMAL,The amount $172.87 is typical for general spending behavior.
4674,250.69,StoreB,NORMAL,The amount $250.69 is typical for general spending behavior.
4240,0.84,StoreB,ANOMALY,The amount $0.84 is extremely small and may indicate refund fraud or abnormal activity.
4867,229.69,StoreB,NORMAL,The amount $229.69 is typical for general spending behavior.
4330,34.93,StoreC,NORMAL,The amount $34.93 is typical for general spending behavior.
1419,83.91,StoreC,NORMAL,The amount $83.91 is typical for general spending behavior.
4299,6108.77,StoreA,ANOMALY,The amount $6108.77 is unusually high compared to typical spending.
5882,3622.51,StoreB,ANOMALY,The amount $3622.51 is unusually high compared to typical spending.
2880,103.51,OutlierMallY,ANOMALY,The location 'OutlierMallY' is unusual compared to common transaction locations.
7351,150.12,RareStoreX,ANOMALY,The location 'RareStoreX' is unusual compared to common transaction locations.
9779,191.09,StoreA,NORMAL,The amount $191.09 is typical for normal spending and does not indicate suspicious behavior.
3985,215.24,StoreB,NORMAL,The amount $215.24 is typical for general spending behavior.
4071,183.35,StoreC,NORMAL,The amount $183.35 is typical for general spending behavior.
2645,115.02,StoreA,NORMAL,The amount $115.02 is typical for general spending behavior.
1802,117.89,StoreB,NORMAL,The amount $117.89 is typical for general spending behavior.
7614,276.74,StoreC,NORMAL,The amount $276.74 is typical for general spending behavior.
2963,326.37,StoreA,NORMAL,The amount $326.37 is typical for general spending behavior.
3237,3452.59,StoreB,ANOMALY,The amount $3452.59 is unusually high compared to typical spending.
7981,230.91,StoreB,NORMAL,The amount $230.91 is typical for general spending behavior.
5023,117.65,StoreB,NORMAL,The amount $117.65 is typical for general spending behavior.
3515,438.82,StoreB,NORMAL,The amount $438.82 is typical for general spending behavior.
3659,82.66,StoreB,NORMAL,The amount $82.66 is typical for general spending behavior.
7680,163.51,StoreB,NORMAL,The amount $163.51 is typical for general spending behavior.
2285,359.31,OutlierMallY,ANOMALY,The location 'OutlierMallY' is unusual compared to common transaction locations.
8953,274.1,StoreC,NORMAL,The amount $274.1 is typical for general spending behavior.
4587,200.24,StoreA,NORMAL,The amount $200.24 is typical for general spending behavior.
2857,240.07,StoreB,NORMAL,The amount $240.07 is typical for general spending behavior.
6897,237.05,StoreA,NORMAL,The amount $237.05 is typical for general spending behavior.
7125,264.86,StoreC,NORMAL,The amount $264.86 is typical for general spending behavior.
8896,243.87,StoreA,NORMAL,The amount $243.87 is typical for general spending behavior.
6760,4332.59,StoreA,ANOMALY,The amount $4332.59 is unusually high compared to typical spending.
3032,227.2,RareStoreX,ANOMALY,The location 'RareStoreX' is unusual compared to common transaction locations.
4465,191.49,StoreC,NORMAL,The amount $191.49 is typical for general spending behavior.
6611,214.81,StoreB,NORMAL,The amount $214.81 is typical for general spending behavior.
5486,260.87,StoreB,NORMAL,The amount $260.87 is typical for general spending behavior.
9490,169.67,StoreC,NORMAL,The amount $169.67 is typical for general spending behavior.
7466,0.58,StoreB,ANOMALY,The amount $0.58 is extremely small and may indicate refund fraud or abnormal activity.
5179,242.9,StoreA,NORMAL,The amount $242.9 is typical for general spending behavior.
3096,186.49,StoreA,NORMAL,The amount $186.49 is typical for general spending behavior.
1440,118.31,StoreB,NORMAL,The amount $118.31 is typical for normal spending and does not indicate suspicious behavior.
9168,248.54,StoreC,NORMAL,The amount $248.54 is typical for general spending behavior.
1542,150.81,OutlierMallY,ANOMALY,The location 'OutlierMallY' is unusual compared to common transaction locations.
2203,316.08,StoreC,NORMAL,The amount $316.08 is typical for general spending behavior.
4412,199.71,StoreA,NORMAL,The amount $199.71 is typical for general spending behavior.
7125,166.72,StoreC,NORMAL,The amount $166.72 is typical for general spending behavior.
2860,173.54,StoreB,NORMAL,The amount $173.54 is typical for general spending behavior.
2854,188.18,StoreB,NORMAL,The amount $188.18 is typical for general spending behavior.
8597,7728.0,StoreC,ANOMALY,The amount $7728.0 is unusually high compared to typical spending.
6612,3.44,StoreA,ANOMALY,The amount $3.44 is extremely small and may indicate refund fraud or abnormal activity.
8770,148.68,StoreC,NORMAL,The amount $148.68 is typical for general spending behavior.
5451,215.19,OutlierMallY,ANOMALY,The location 'OutlierMallY' is unusual compared to common transaction locations.
5666,31.55,StoreC,NORMAL,The amount $31.55 is typical for general spending behavior.
1045,171.93,StoreA,NORMAL,The amount $171.93 is typical for general spending behavior.
5868,134.22,StoreB,NORMAL,The amount $134.22 is typical for general spending behavior.
5562,4107.67,StoreA,ANOMALY,The amount $4107.67 is unusually high compared to typical spending.
1761,135.77,StoreA,NORMAL,The amount $135.77 is typical for general spending behavior.
4012,195.61,StoreC,NORMAL,The amount $195.61 is typical for general spending behavior.
7034,3.74,StoreA,ANOMALY,The amount $3.74 is extremely small and may indicate refund fraud or abnormal activity.
8032,225.29,StoreB,NORMAL,The amount $225.29 is typical for general spending behavior.
4199,94.55,StoreB,NORMAL,The amount $94.55 is typical for normal spending and does not indicate suspicious behavior.
3997,2856.86,StoreB,ANOMALY,The amount $2856.86 is unusually high compared to typical spending.
7578,122.1,StoreC,NORMAL,The amount $122.1 is typical for normal spending and does not indicate suspicious behavior.
9978,88.34,StoreC,NORMAL,The amount $88.34 is typical for general spending behavior.
2414,109.58,StoreC,NORMAL,The amount $109.58 is typical for general spending behavior.
7598,219.86,StoreC,NORMAL,The amount $219.86 is typical for general spending behavior.
5150,114.18,StoreA,NORMAL,The amount $114.18 is typical for general spending behavior.
6392,6506.48,StoreC,ANOMALY,The amount $6506.48 is unusually high compared to typical spending.
5089,3384.61,StoreB,ANOMALY,The amount $3384.61 is unusually high compared to typical spending.
6826,286.71,OutlierMallY,ANOMALY,The location 'OutlierMallY' is unusual compared to common transaction locations.
2387,218.85,StoreA,NORMAL,The amount $218.85 is typical for general spending behavior.
6392,183.64,StoreC,NORMAL,The amount $183.64 is typical for general spending behavior.
4157,90.72,StoreC,NORMAL,The amount $90.72 is typical for general spending behavior.
4688,235.94,StoreC,NORMAL,The amount $235.94 is typical for general spending behavior.
2253,3063.16,StoreC,ANOMALY,The amount $3063.16 is unusually high compared to typical spending.
8598,160.89,StoreB,NORMAL,The amount $160.89 is typical for general spending behavior.
3921,33.95,StoreC,NORMAL,The amount $33.95 is typical for general spending behavior.
8151,251.63,StoreC,NORMAL,The amount $251.63 is typical for general spending behavior.
5328,3518.0,StoreA,ANOMALY,The amount $3518.0 is unusually high compared to typical spending.
2689,177.55,StoreC,NORMAL,The amount $177.55 is typical for general spending behavior.
2066,6942.86,StoreC,ANOMALY,The amount $6942.86 is unusually high compared to typical spending.
3986,172.11,StoreA,NORMAL,The amount $172.11 is typical for general spending behavior.
1526,234.94,StoreC,NORMAL,The amount $234.94 is typical for general spending behavior.
1713,165.16,StoreB,NORMAL,The amount $165.16 is typical for general spending behavior.
6097,306.31,StoreC,NORMAL,The amount $306.31 is typical for general spending behavior.
4937,164.56,StoreB,NORMAL,The amount $164.56 is typical for general spending behavior.
3928,80.76,StoreA,NORMAL,The amount $80.76 is typical for normal spending and does not indicate suspicious behavior.
3001,182.03,StoreB,NORMAL,The amount $182.03 is typical for general spending behavior.
8678,71.93,StoreB,NORMAL,The amount $71.93 is typical for general spending behavior.
6064,120.06,OutlierMallY,ANOMALY,The location 'OutlierMallY' is unusual compared to common transaction locations.
7127,239.3,StoreA,NORMAL,The amount $239.3 is typical for general spending behavior.
2210,4016.22,StoreB,ANOMALY,The amount $4016.22 is unusually high compared to typical spending.
1372,97.9,StoreA,NORMAL,The amount $97.9 is typical for general spending behavior.
7749,104.49,OutlierMallY,ANOMALY,The location 'OutlierMallY' is unusual compared to common transaction locations.
7189,287.1,StoreA,NORMAL,The amount $287.1 is typical for general spending behavior.
9123,171.02,OutlierMallY,ANOMALY,The location 'OutlierMallY' is unusual compared to common transaction locations.
8538,257.62,RareStoreX,ANOMALY,The location 'RareStoreX' is unusual compared to common transaction locations.
5969,171.08,StoreA,NORMAL,The amount $171.08 is typical for general spending behavior.
8770,4328.17,StoreB,ANOMALY,The amount $4328.17 is unusually high compared to typical spending.
5427,225.85,StoreA,NORMAL,The amount $225.85 is typical for general spending behavior.
6008,52.3,StoreA,NORMAL,The amount $52.3 is typical for general spending behavior.
6839,293.05,StoreB,NORMAL,The amount $293.05 is typical for general spending behavior.
5976,149.84,StoreA,NORMAL,The amount $149.84 is typical for general spending behavior.
1904,256.66,StoreB,NORMAL,The amount $256.66 is typical for general spending behavior.
2737,334.97,StoreC,NORMAL,The amount $334.97 is typical for general spending behavior.
7203,3121.01,StoreC,ANOMALY,The amount $3121.01 is unusually high compared to typical spending.
8366,230.99,StoreC,NORMAL,The amount $230.99 is typical for general spending behavior.
2420,285.75,StoreC,NORMAL,The amount $285.75 is typical for general spending behavior.
6994,7905.05,StoreB,ANOMALY,The amount $7905.05 is unusually high compared to typical spending.
4885,174.96,StoreC,NORMAL,The amount $174.96 is typical for general spending behavior.
8490,178.18,StoreA,NORMAL,The amount $178.18 is typical for general spending behavior.
1242,6204.68,StoreA,ANOMALY,The amount $6204.68 is unusually high compared to typical spending.
7661,192.75,StoreB,NORMAL,The amount $192.75 is typical for normal spending and does not indicate suspicious behavior.
5092,301.26,StoreB,NORMAL,The amount $301.26 is typical for general spending behavior.
7473,4662.43,StoreB,ANOMALY,The amount $4662.43 is unusually high compared to typical spending.
4064,79.27,StoreA,NORMAL,The amount $79.27 is typical for normal spending and does not indicate suspicious behavior.
5782,96.54,StoreA,NORMAL,The amount $96.54 is typical for general spending behavior.
7208,241.09,StoreC,NORMAL,The amount $241.09 is typical for general spending behavior.
1530,108.72,StoreA,NORMAL,The amount $108.72 is typical for general spending behavior.
8541,5445.37,StoreA,ANOMALY,The amount $5445.37 is unusually high compared to typical spending.
1236,77.83,StoreA,NORMAL,The amount $77.83 is typical for general spending behavior.
7007,37.1,StoreA,NORMAL,The amount $37.1 is typical for general spending behavior.
4891,93.88,StoreA,NORMAL,The amount $93.88 is typical for general spending behavior.
3686,140.41,StoreA,NORMAL,The amount $140.41 is typical for general spending behavior.
3562,264.84,OutlierMallY,ANOMALY,The location 'OutlierMallY' is unusual compared to common transaction locations.
1766,230.73,StoreB,NORMAL,The amount $230.73 is typical for general spending behavior.
6602,7468.56,StoreB,ANOMALY,The amount $7468.56 is unusually high compared to typical spending.
8543,7234.73,StoreB,ANOMALY,The amount $7234.73 is unusually high compared to typical spending.
1330,150.59,StoreC,NORMAL,The amount $150.59 is typical for general spending behavior.
4735,215.92,StoreA,NORMAL,The amount $215.92 is typical for general spending behavior.
4201,277.11,StoreB,NORMAL,The amount $277.11 is typical for general spending behavior.
3532,201.53,StoreC,NORMAL,The amount $201.53 is typical for general spending behavior.
6539,336.33,StoreA,NORMAL,The amount $336.33 is typical for general spending behavior.
1625,181.56,StoreB,NORMAL,The amount $181.56 is typical for general spending behavior.
2055,296.01,StoreA,NORMAL,The amount $296.01 is typical for general spending behavior.
2950,134.04,StoreB,NORMAL,The amount $134.04 is typical for general spending behavior.
8285,2443.22,StoreB,ANOMALY,The amount $2443.22 is unusually high compared to typical spending.
4559,4.64,StoreA,ANOMALY,The amount $4.64 is extremely small and may indicate refund fraud or abnormal activity.
5664,2.2,StoreB,ANOMALY,The amount $2.2 is extremely small and may indicate refund fraud or abnormal activity.
2649,156.04,StoreA,NORMAL,The amount $156.04 is typical for general spending behavior.
7841,227.72,StoreB,NORMAL,The amount $227.72 is typical for general spending behavior.
6690,2.42,StoreB,ANOMALY,The amount $2.42 is extremely small and may indicate refund fraud or abnormal activity.
5925,222.86,StoreC,NORMAL,The amount $222.86 is typical for general spending behavior.
1823,249.27,StoreB,NORMAL,The amount $249.27 is typical for general spending behavior.
4994,201.47,StoreB,NORMAL,The amount $201.47 is typical for general spending behavior.
3808,128.67,StoreC,NORMAL,The amount $128.67 is typical for normal spending and does not indicate suspicious behavior.
9226,217.9,StoreB,NORMAL,The amount $217.9 is typical for general spending behavior.
5330,118.43,StoreC,NORMAL,The amount $118.43 is typical for general spending behavior.
3903,153.13,StoreC,NORMAL,The amount $153.13 is typical for general spending behavior.
7446,175.83,StoreA,NORMAL,The amount $175.83 is typical for general spending behavior.
4435,309.35,StoreB,NORMAL,The amount $309.35 is typical for general spending behavior.
2824,299.69,StoreB,NORMAL,The amount $299.69 is typical for general spending behavior.
2648,132.86,StoreB,NORMAL,The amount $132.86 is typical for general spending behavior.
3268,22.46,StoreA,NORMAL,The amount $22.46 is typical for general spending behavior.
9793,163.15,StoreA,NORMAL,The amount $163.15 is typical for general spending behavior.
2872,243.47,StoreB,NORMAL,The amount $243.47 is typical for general spending behavior.
2425,101.79,StoreA,NORMAL,The amount $101.79 is typical for general spending behavior.
4723,175.18,StoreC,NORMAL,The amount $175.18 is typical for general spending behavior.
2487,216.71,StoreA,NORMAL,The amount $216.71 is typical for general spending behavior.
1370,251.1,StoreB,NORMAL,The amount $251.1 is typical for general spending behavior.
9051,110.2,StoreB,NORMAL,The amount $110.2 is typical for general spending behavior.
1556,67.0,StoreA,NORMAL,The amount $67.0 is typical for general spending behavior.
2541,195.98,StoreA,NORMAL,The amount $195.98 is typical for general spending behavior.
4905,152.85,StoreB,NORMAL,The amount $152.85 is typical for general spending behavior.
7213,57.92,StoreC,NORMAL,The amount $57.92 is typical for general spending behavior.
7109,340.39,StoreB,NORMAL,The amount $340.39 is typical for general spending behavior.
2949,223.42,StoreB,NORMAL,The amount $223.42 is typical for general spending behavior.
7794,168.95,StoreA,NORMAL,The amount $168.95 is typical for general spending behavior.
8938,265.43,StoreC,NORMAL,The amount $265.43 is typical for general spending behavior.
1597,210.25,StoreC,NORMAL,The amount $210.25 is typical for general spending behavior.
1107,259.6,StoreB,NORMAL,The amount $259.6 is typical for general spending behavior.
1956,324.02,RareStoreX,ANOMALY,The location 'RareStoreX' is unusual compared to common transaction locations.
4458,5619.13,StoreA,ANOMALY,The amount $5619.13 is unusually high compared to typical spending.
9444,223.85,StoreA,NORMAL,The amount $223.85 is typical for general spending behavior.
7806,58.16,StoreA,NORMAL,The amount $58.16 is typical for general spending behavior.
5231,168.01,StoreC,NORMAL,The amount $168.01 is typical for general spending behavior.
3377,205.43,StoreA,NORMAL,The amount $205.43 is typical for general spending behavior.
3580,232.79,StoreA,NORMAL,The amount $232.79 is typical for general spending behavior.
7780,212.42,StoreB,NORMAL,The amount $212.42 is typical for general spending behavior.
9215,141.65,RareStoreX,ANOMALY,The location 'RareStoreX' is unusual compared to common transaction locations.
6829,270.65,StoreB,NORMAL,The amount $270.65 is typical for general spending behavior.
2533,4156.01,StoreA,ANOMALY,The amount $4156.01 is unusually high compared to typical spending.
3555,191.44,StoreC,NORMAL,The amount $191.44 is typical for general spending behavior.
2359,136.32,StoreC,NORMAL,The amount $136.32 is typical for general spending behavior.
4232,179.6,StoreC,NORMAL,The amount $179.6 is typical for general spending behavior.
9749,361.07,StoreB,NORMAL,The amount $361.07 is typical for general spending behavior.
7724,185.97,StoreB,NORMAL,The amount $185.97 is typical for general spending behavior.
7437,74.33,StoreB,NORMAL,The amount $74.33 is typical for general spending behavior.
6419,312.22,StoreB,NORMAL,The amount $312.22 is typical for general spending behavior.
3329,6100.33,StoreB,ANOMALY,The amount $6100.33 is unusually high compared to typical spending.
4420,273.08,StoreB,NORMAL,The amount $273.08 is typical for general spending behavior.
9041,275.56,RareStoreX,ANOMALY,The location 'RareStoreX' is unusual compared to common transaction locations.
6057,287.9,StoreB,NORMAL,The amount $287.9 is typical for general spending behavior.
6510,325.17,StoreB,NORMAL,The amount $325.17 is typical for general spending behavior.
8378,5005.19,StoreC,ANOMALY,The amount $5005.19 is unusually high compared to typical spending.
4970,273.48,StoreC,NORMAL,The amount $273.48 is typical for general spending behavior.
7025,128.39,StoreB,NORMAL,The amount $128.39 is typical for general spending behavior.
8192,150.59,StoreA,NORMAL,The amount $150.59 is typical for general spending behavior.
1444,238.58,StoreC,NORMAL,The amount $238.58 is typical for general spending behavior.
1695,70.5,StoreC,NORMAL,The amount $70.5 is typical for normal spending and does not indicate suspicious behavior.
7644,258.85,StoreA,NORMAL,The amount $258.85 is typical for general spending behavior.
8605,206.58,StoreB,NORMAL,The amount $206.58 is typical for general spending behavior.
4406,241.09,StoreA,NORMAL,The amount $241.09 is typical for general spending behavior.
6024,138.1,StoreA,NORMAL,The amount $138.1 is typical for general spending behavior.
3472,6746.18,StoreC,ANOMALY,The amount $6746.18 is unusually high compared to typical spending.
9973,5432.45,StoreB,ANOMALY,The amount $5432.45 is unusually high compared to typical spending.
5766,58.96,StoreC,NORMAL,The amount $58.96 is typical for general spending behavior.
5587,272.8,RareStoreX,ANOMALY,The location 'RareStoreX' is unusual compared to common transaction locations.
7656,315.78,StoreB,NORMAL,The amount $315.78 is typical for general spending behavior.
8460,119.35,StoreA,NORMAL,The amount $119.35 is typical for general spending behavior.
4726,286.33,RareStoreX,ANOMALY,The location 'RareStoreX' is unusual compared to common transaction locations.
7028,221.54,StoreB,NORMAL,The amount $221.54 is typical for general spending behavior.
6129,4985.12,StoreB,ANOMALY,The amount $4985.12 is unusually high compared to typical spending.
4815,6643.55,StoreA,ANOMALY,The amount $6643.55 is unusually high compared to typical spending.
7185,244.18,StoreC,NORMAL,The amount $244.18 is typical for general spending behavior.
3169,230.64,StoreC,NORMAL,The amount $230.64 is typical for general spending behavior.
7592,84.16,StoreC,NORMAL,The amount $84.16 is typical for general spending behavior.
5120,137.69,StoreB,NORMAL,The amount $137.69 is typical for general spending behavior.
2721,164.29,StoreA,NORMAL,The amount $164.29 is typical for general spending behavior.
9074,250.62,StoreA,NORMAL,The amount $250.62 is typical for general spending behavior.
5439,110.03,StoreB,NORMAL,The amount $110.03 is typical for general spending behavior.
6249,240.22,StoreB,NORMAL,The amount $240.22 is typical for general spending behavior.
4817,7127.82,StoreC,ANOMALY,The amount $7127.82 is unusually high compared to typical spending.
2789,287.1,StoreC,NORMAL,The amount $287.1 is typical for general spending behavior.
1818,154.9,StoreC,NORMAL,The amount $154.9 is typical for general spending behavior.
5142,5339.74,StoreB,ANOMALY,The amount $5339.74 is unusually high compared to typical spending.
1760,120.06,StoreC,NORMAL,The amount $120.06 is typical for general spending behavior.
6090,2.95,StoreB,ANOMALY,The amount $2.95 is extremely small and may indicate refund fraud or abnormal activity.
1749,5428.63,StoreC,ANOMALY,The amount $5428.63 is unusually high compared to typical spending.
6213,213.14,StoreC,NORMAL,The amount $213.14 is typical for general spending behavior.
7594,378.5,StoreC,NORMAL,The amount $378.5 is typical for general spending behavior.
5491,234.37,StoreA,NORMAL,The amount $234.37 is typical for general spending behavior.
9078,5476.85,StoreC,ANOMALY,The amount $5476.85 is unusually high compared to typical spending.
2176,128.13,StoreA,NORMAL,The amount $128.13 is typical for general spending behavior.
4808,295.6,StoreC,NORMAL,The amount $295.6 is typical for general spending behavior.
6988,252.35,StoreA,NORMAL,The amount $252.35 is typical for general spending behavior.
2646,27.73,StoreC,NORMAL,The amount $27.73 is typical for general spending behavior.
4649,195.11,OutlierMallY,ANOMALY,The location 'OutlierMallY' is unusual compared to common transaction locations.
1765,117.79,StoreC,NORMAL,The amount $117.79 is typical for general spending behavior.
3389,144.42,StoreC,NORMAL,The amount $144.42 is typical for general spending behavior.
5869,50.62,StoreC,NORMAL,The amount $50.62 is typical for general spending behavior.
8024,182.02,StoreB,NORMAL,The amount $182.02 is typical for general spending behavior.
1938,157.56,StoreA,NORMAL,The amount $157.56 is typical for general spending behavior.
4231,163.74,StoreB,NORMAL,The amount $163.74 is typical for general spending behavior.
3531,5231.05,StoreB,ANOMALY,The amount $5231.05 is unusually high compared to typical spending.
4671,3873.41,StoreC,ANOMALY,The amount $3873.41 is unusually high compared to typical spending.
9864,147.04,StoreA,NORMAL,The amount $147.04 is typical for general spending behavior.
5864,239.52,StoreB,NORMAL,The amount $239.52 is typical for general spending behavior.
1774,309.96,StoreB,NORMAL,The amount $309.96 is typical for general spending behavior.
2578,253.71,StoreA,NORMAL,The amount $253.71 is typical for general spending behavior.
1944,327.88,StoreC,NORMAL,The amount $327.88 is typical for general spending behavior.
9243,141.74,StoreA,NORMAL,The amount $141.74 is typical for general spending behavior.
4179,253.99,StoreB,NORMAL,The amount $253.99 is typical for general spending behavior.
6643,195.24,StoreB,NORMAL,The amount $195.24 is typical for general spending behavior.
3763,161.29,StoreC,NORMAL,The amount $161.29 is typical for general spending behavior.
2936,271.59,StoreA,NORMAL,The amount $271.59 is typical for general spending behavior.
9774,4259.84,StoreC,ANOMALY,The amount $4259.84 is unusually high compared to typical spending.
2501,141.84,OutlierMallY,ANOMALY,The location 'OutlierMallY' is unusual compared to common transaction locations.
3784,276.42,StoreB,NORMAL,The amount $276.42 is typical for general spending behavior.
3377,310.76,StoreC,NORMAL,The amount $310.76 is typical for general spending behavior.
5213,99.91,StoreA,NORMAL,The amount $99.91 is typical for general spending behavior.
9738,275.42,StoreA,NORMAL,The amount $275.42 is typical for general spending behavior.
9346,7238.96,StoreC,ANOMALY,The amount $7238.96 is unusually high compared to typical spending.
6103,0.8,StoreA,ANOMALY,The amount $0.8 is extremely small and may indicate refund fraud or abnormal activity.
6997,12.08,StoreC,NORMAL,The amount $12.08 is typical for general spending behavior.
3263,4539.73,StoreB,ANOMALY,The amount $4539.73 is unusually high compared to typical spending.
9864,265.08,StoreB,NORMAL,The amount $265.08 is typical for general spending behavior.
9104,166.61,StoreB,NORMAL,The amount $166.61 is typical for general spending behavior.
6369,57.9,StoreC,NORMAL,The amount $57.9 is typical for general spending behavior.
1573,115.45,StoreC,NORMAL,The amount $115.45 is typical for normal spending and does not indicate suspicious behavior.
8586,2594.12,StoreA,ANOMALY,The amount $2594.12 is unusually high compared to typical spending.
2543,174.19,StoreA,NORMAL,The amount $174.19 is typical for general spending behavior.
5549,201.91,StoreB,NORMAL,The amount $201.91 is typical for general spending behavior.
3263,176.91,StoreA,NORMAL,The amount $176.91 is typical for general spending behavior.
4449,127.52,StoreA,NORMAL,The amount $127.52 is typical for normal spending and does not indicate suspicious behavior.
9623,4552.01,StoreB,ANOMALY,The amount $4552.01 is unusually high compared to typical spending.
5250,137.3,StoreC,NORMAL,The amount $137.3 is typical for general spending behavior.
6152,221.23,StoreC,NORMAL,The amount $221.23 is typical for general spending behavior.
6127,452.16,StoreB,NORMAL,The amount $452.16 is typical for general spending behavior.
4906,220.79,StoreC,NORMAL,The amount $220.79 is typical for general spending behavior.
2536,236.38,StoreB,NORMAL,The amount $236.38 is typical for general spending behavior.
9977,2.72,StoreC,ANOMALY,The amount $2.72 is extremely small and may indicate refund fraud or abnormal activity.
5782,167.35,StoreC,NORMAL,The amount $167.35 is typical for general spending behavior.
8342,249.36,StoreC,NORMAL,The amount $249.36 is typical for general spending behavior.
2848,213.49,StoreC,NORMAL,The amount $213.49 is typical for general spending behavior.
6105,4995.59,StoreA,ANOMALY,The amount $4995.59 is unusually high compared to typical spending.
5087,394.14,StoreB,NORMAL,The amount $394.14 is typical for general spending behavior.
2360,203.19,OutlierMallY,ANOMALY,The location 'OutlierMallY' is unusual compared to common transaction locations.
1110,5126.58,StoreB,ANOMALY,The amount $5126.58 is unusually high compared to typical spending.
5598,286.46,StoreC,NORMAL,The amount $286.46 is typical for general spending behavior.
6273,102.08,StoreC,NORMAL,The amount $102.08 is typical for general spending behavior.
1303,261.51,StoreC,NORMAL,The amount $261.51 is typical for general spending behavior.
6024,263.12,StoreB,NORMAL,The amount $263.12 is typical for general spending behavior.
6600,241.78,StoreA,NORMAL,The amount $241.78 is typical for general spending behavior.
4680,212.56,StoreA,NORMAL,The amount $212.56 is typical for general spending behavior.
6740,219.15,StoreB,NORMAL,The amount $219.15 is typical for general spending behavior.
2126,254.32,StoreB,NORMAL,The amount $254.32 is typical for general spending behavior.
9431,288.78,StoreB,NORMAL,The amount $288.78 is typical for general spending behavior.
5515,215.17,StoreB,NORMAL,The amount $215.17 is typical for general spending behavior.
7255,74.82,StoreC,NORMAL,The amount $74.82 is typical for general spending behavior.
2188,135.65,StoreB,NORMAL,The amount $135.65 is typical for general spending behavior.
6879,94.7,StoreB,NORMAL,The amount $94.7 is typical for normal spending and does not indicate suspicious behavior.
3599,5548.24,StoreB,ANOMALY,The amount $5548.24 is unusually high compared to typical spending.
4252,171.76,StoreC,NORMAL,The amount $171.76 is typical for normal spending and does not indicate suspicious behavior.
1340,227.39,StoreB,NORMAL,The amount $227.39 is typical for general spending behavior.
7274,121.2,StoreC,NORMAL,The amount $121.2 is typical for general spending behavior.
1258,192.44,StoreA,NORMAL,The amount $192.44 is typical for general spending behavior.
1142,287.27,StoreA,NORMAL,The amount $287.27 is typical for general spending behavior.
6674,210.74,StoreA,NORMAL,The amount $210.74 is typical for general spending behavior.
3781,1.23,StoreC,ANOMALY,The amount $1.23 is extremely small and may indicate refund fraud or abnormal activity.
2098,244.67,StoreB,NORMAL,The amount $244.67 is typical for general spending behavior.
4549,2120.21,StoreA,ANOMALY,The amount $2120.21 is unusually high compared to typical spending.
9831,267.79,StoreC,NORMAL,The amount $267.79 is typical for general spending behavior.
3402,296.67,StoreA,NORMAL,The amount $296.67 is typical for general spending behavior.
4046,98.45,StoreB,NORMAL,The amount $98.45 is typical for general spending behavior.
7745,266.68,StoreC,NORMAL,The amount $266.68 is typical for general spending behavior.
6066,77.56,StoreC,NORMAL,The amount $77.56 is typical for general spending behavior.
3292,295.78,StoreC,NORMAL,The amount $295.78 is typical for general spending behavior.
2211,145.23,StoreA,NORMAL,The amount $145.23 is typical for general spending behavior.
7950,1.19,StoreC,ANOMALY,The amount $1.19 is extremely small and may indicate refund fraud or abnormal activity.
7689,89.55,StoreA,NORMAL,The amount $89.55 is typical for normal spending and does not indicate suspicious behavior.
2951,114.59,StoreC,NORMAL,The amount $114.59 is typical for general spending behavior.
7199,127.36,StoreB,NORMAL,The amount $127.36 is typical for general spending behavior.
6156,2864.98,StoreA,ANOMALY,The amount $2864.98 is unusually high compared to typical spending.
9169,167.9,StoreC,NORMAL,The amount $167.9 is typical for general spending behavior.
9863,4.84,StoreB,ANOMALY,The amount $4.84 is extremely small and may indicate refund fraud or abnormal activity.
3036,0.5,StoreA,ANOMALY,The amount $0.5 is extremely small and may indicate refund fraud or abnormal activity.
9534,400.92,StoreC,NORMAL,The amount $400.92 is typical for general spending behavior.
2194,3682.76,StoreA,ANOMALY,The amount $3682.76 is unusually high compared to typical spending.
1376,94.73,StoreA,NORMAL,The amount $94.73 is typical for general spending behavior.
2482,59.48,StoreB,NORMAL,The amount $59.48 is typical for normal spending and does not indicate suspicious behavior.
2156,3122.26,StoreA,ANOMALY,The amount $3122.26 is unusually high compared to typical spending.
2960,128.1,StoreB,NORMAL,The amount $128.1 is typical for general spending behavior.
5992,294.96,StoreC,NORMAL,The amount $294.96 is typical for general spending behavior.
2559,105.68,StoreB,NORMAL,The amount $105.68 is typical for general spending behavior.
3914,157.32,StoreB,NORMAL,The amount $157.32 is typical for normal spending and does not indicate suspicious behavior.
3233,135.23,StoreC,NORMAL,The amount $135.23 is typical for general spending behavior.
6257,1.27,StoreA,ANOMALY,The amount $1.27 is extremely small and may indicate refund fraud or abnormal activity.
8635,193.95,StoreC,NORMAL,The amount $193.95 is typical for general spending behavior.
3317,192.09,StoreC,NORMAL,The amount $192.09 is typical for general spending behavior.
9281,215.16,StoreB,NORMAL,The amount $215.16 is typical for general spending behavior.
5358,5256.64,StoreA,ANOMALY,The amount $5256.64 is unusually high compared to typical spending.
6467,199.55,StoreB,NORMAL,The amount $199.55 is typical for general spending behavior.
1087,2893.14,StoreA,ANOMALY,The amount $2893.14 is unusually high compared to typical spending.
7092,100.87,StoreC,NORMAL,The amount $100.87 is typical for general spending behavior.
4737,153.1,OutlierMallY,ANOMALY,The location 'OutlierMallY' is unusual compared to common transaction locations.
5067,318.23,StoreB,NORMAL,The amount $318.23 is typical for general spending behavior.
8385,270.59,StoreC,NORMAL,The amount $270.59 is typical for general spending behavior.
4677,201.68,StoreA,NORMAL,The amount $201.68 is typical for general spending behavior.
5118,146.35,StoreC,NORMAL,The amount $146.35 is typical for general spending behavior.
9101,197.23,StoreB,NORMAL,The amount $197.23 is typical for general spending behavior.
1909,77.62,OutlierMallY,ANOMALY,The location 'OutlierMallY' is unusual compared to common transaction locations.
3620,4044.9,StoreA,ANOMALY,The amount $4044.9 is unusually high compared to typical spending.
5971,193.65,StoreC,NORMAL,The amount $193.65 is typical for normal spending and does not indicate suspicious behavior.
8514,306.03,StoreB,NORMAL,The amount $306.03 is typical for general spending behavior.
2775,164.95,RareStoreX,ANOMALY,The location 'RareStoreX' is unusual compared to common transaction locations.
5239,41.66,StoreC,NORMAL,The amount $41.66 is typical for general spending behavior.
1760,20.25,StoreC,NORMAL,The amount $20.25 is typical for general spending behavior.
1237,278.04,StoreC,NORMAL,The amount $278.04 is typical for general spending behavior.
1862,0.55,StoreA,ANOMALY,The amount $0.55 is extremely small and may indicate refund fraud or abnormal activity.
4873,86.31,StoreB,NORMAL,The amount $86.31 is typical for normal spending and does not indicate suspicious behavior.
1577,56.16,StoreC,NORMAL,The amount $56.16 is typical for normal spending and does not indicate suspicious behavior.
8759,313.82,StoreC,NORMAL,The amount $313.82 is typical for general spending behavior.
7732,299.03,StoreB,NORMAL,The amount $299.03 is typical for general spending behavior.
2330,110.87,StoreC,NORMAL,The amount $110.87 is typical for normal spending and does not indicate suspicious behavior.
1658,316.26,StoreC,NORMAL,The amount $316.26 is typical for general spending behavior.
1114,4949.88,StoreC,ANOMALY,The amount $4949.88 is unusually high compared to typical spending.
1591,88.67,StoreB,NORMAL,The amount $88.67 is typical for normal spending and does not indicate suspicious behavior.
9872,385.55,StoreB,NORMAL,The amount $385.55 is typical for general spending behavior.
1747,313.96,StoreA,NORMAL,The amount $313.96 is typical for general spending behavior.
9440,143.62,StoreA,NORMAL,The amount $143.62 is typical for general spending behavior.
8218,223.54,StoreC,NORMAL,The amount $223.54 is typical for general spending behavior.
8715,3192.42,StoreB,ANOMALY,The amount $3192.42 is unusually high compared to typical spending.
7429,300.95,StoreA,NORMAL,The amount $300.95 is typical for general spending behavior.
6122,129.22,StoreA,NORMAL,The amount $129.22 is typical for general spending behavior.
3552,158.45,StoreB,NORMAL,The amount $158.45 is typical for general spending behavior.
2287,4.59,StoreA,ANOMALY,The amount $4.59 is extremely small and may indicate refund fraud or abnormal activity.
1177,3776.57,StoreC,ANOMALY,The amount $3776.57 is unusually high compared to typical spending.
8614,122.84,StoreB,NORMAL,The amount $122.84 is typical for general spending behavior.
5570,100.32,StoreA,NORMAL,The amount $100.32 is typical for normal spending and does not indicate suspicious behavior.
2645,224.71,StoreB,NORMAL,The amount $224.71 is typical for general spending behavior.
3294,189.36,StoreB,NORMAL,The amount $189.36 is typical for normal spending and does not indicate suspicious behavior.
7200,1.58,StoreC,ANOMALY,The amount $1.58 is extremely small and may indicate refund fraud or abnormal activity.
1481,3710.11,StoreA,ANOMALY,The amount $3710.11 is unusually high compared to typical spending.
4916,165.06,StoreC,NORMAL,The amount $165.06 is typical for general spending behavior.
8224,285.58,StoreA,NORMAL,The amount $285.58 is typical for general spending behavior.
5409,209.6,StoreB,NORMAL,The amount $209.6 is typical for general spending behavior.
7772,330.27,StoreC,NORMAL,The amount $330.27 is typical for general spending behavior.
4148,201.67,StoreB,NORMAL,The amount $201.67 is typical for general spending behavior.
7406,202.28,StoreC,NORMAL,The amount $202.28 is typical for general spending behavior.
5083,236.8,StoreC,NORMAL,The amount $236.8 is typical for general spending behavior.
8143,195.47,StoreC,NORMAL,The amount $195.47 is typical for general spending behavior.
8961,209.08,StoreA,NORMAL,The amount $209.08 is typical for general spending behavior.
7217,3.53,StoreB,ANOMALY,The amount $3.53 is extremely small and may indicate refund fraud or abnormal activity.
8140,153.21,StoreB,NORMAL,The amount $153.21 is typical for general spending behavior.
7337,176.39,StoreA,NORMAL,The amount $176.39 is typical for general spending behavior.
9245,357.01,StoreB,NORMAL,The amount $357.01 is typical for general spending behavior.
2353,145.44,StoreA,NORMAL,The amount $145.44 is typical for general spending behavior.
3464,327.89,StoreB,NORMAL,The amount $327.89 is typical for general spending behavior.
8446,233.56,StoreA,NORMAL,The amount $233.56 is typical for general spending behavior.
8391,99.61,StoreC,NORMAL,The amount $99.61 is typical for general spending behavior.
9976,166.78,StoreA,NORMAL,The amount $166.78 is typical for general spending behavior.
9459,247.09,StoreC,NORMAL,The amount $247.09 is typical for general spending behavior.
2546,223.27,StoreB,NORMAL,The amount $223.27 is typical for general spending behavior.
5675,206.94,StoreC,NORMAL,The amount $206.94 is typical for general spending behavior.
8086,206.55,StoreB,NORMAL,The amount $206.55 is typical for general spending behavior.
5370,138.47,StoreB,NORMAL,The amount $138.47 is typical for general spending behavior.
7770,0.55,StoreC,ANOMALY,The amount $0.55 is extremely small and may indicate refund fraud or abnormal activity.
1722,168.93,StoreA,NORMAL,The amount $168.93 is typical for general spending behavior.
6389,60.82,StoreC,NORMAL,The amount $60.82 is typical for general spending behavior.
8869,240.58,StoreA,NORMAL,The amount $240.58 is typical for general spending behavior.
5392,187.8,StoreB,NORMAL,The amount $187.8 is typical for general spending behavior.
7577,4665.04,StoreB,ANOMALY,The amount $4665.04 is unusually high compared to typical spending.
2081,55.69,StoreC,NORMAL,The amount $55.69 is typical for general spending behavior.
5654,173.95,StoreB,NORMAL,The amount $173.95 is typical for general spending behavior.
7553,262.63,StoreC,NORMAL,The amount $262.63 is typical for general spending behavior.
3428,265.76,StoreC,NORMAL,The amount $265.76 is typical for general spending behavior.
6064,100.57,StoreA,NORMAL,The amount $100.57 is typical for normal spending and does not indicate suspicious behavior.
3870,168.98,StoreC,NORMAL,The amount $168.98 is typical for general spending behavior.
8764,192.13,StoreB,NORMAL,The amount $192.13 is typical for general spending behavior.
7652,4736.42,StoreC,ANOMALY,The amount $4736.42 is unusually high compared to typical spending.
6651,232.64,StoreA,NORMAL,The amount $232.64 is typical for general spending behavior.
1318,158.69,StoreA,NORMAL,The amount $158.69 is typical for general spending behavior.
2287,248.55,StoreA,NORMAL,The amount $248.55 is typical for general spending behavior.
5905,245.45,StoreA,NORMAL,The amount $245.45 is typical for general spending behavior.
2214,105.64,StoreB,NORMAL,The amount $105.64 is typical for general spending behavior.
7615,255.43,StoreA,NORMAL,The amount $255.43 is typical for general spending behavior.
1255,159.89,StoreA,NORMAL,The amount $159.89 is typical for general spending behavior.
4171,3975.64,StoreB,ANOMALY,The amount $3975.64 is unusually high compared to typical spending.
8185,6269.65,StoreC,ANOMALY,The amount $6269.65 is unusually high compared to typical spending.
7837,175.27,StoreA,NORMAL,The amount $175.27 is typical for general spending behavior.
2669,53.47,StoreA,NORMAL,The amount $53.47 is typical for general spending behavior.
8436,5568.94,StoreC,ANOMALY,The amount $5568.94 is unusually high compared to typical spending.
3161,184.61,StoreB,NORMAL,The amount $184.61 is typical for general spending behavior.
9142,7797.91,StoreA,ANOMALY,The amount $7797.91 is unusually high compared to typical spending.
8820,90.2,StoreA,NORMAL,The amount $90.2 is typical for general spending behavior.
4683,289.15,StoreB,NORMAL,The amount $289.15 is typical for general spending behavior.
4807,166.91,StoreA,NORMAL,The amount $166.91 is typical for general spending behavior.
2823,46.94,StoreA,NORMAL,The amount $46.94 is typical for general spending behavior.
6255,265.42,StoreB,NORMAL,The amount $265.42 is typical for general spending behavior.
2032,121.23,StoreA,NORMAL,The amount $121.23 is typical for general spending behavior.
2831,214.78,StoreA,NORMAL,The amount $214.78 is typical for general spending behavior.
5098,189.99,StoreC,NORMAL,The amount $189.99 is typical for general spending behavior.
2513,239.53,StoreC,NORMAL,The amount $239.53 is typical for general spending behavior.
8260,318.15,StoreB,NORMAL,The amount $318.15 is typical for general spending behavior.
2545,259.22,RareStoreX,ANOMALY,The location 'RareStoreX' is unusual compared to common transaction locations.
5784,277.23,StoreB,NORMAL,The amount $277.23 is typical for general spending behavior.
4708,294.38,StoreA,NORMAL,The amount $294.38 is typical for general spending behavior.
8756,277.13,StoreA,NORMAL,The amount $277.13 is typical for general spending behavior.
3251,224.12,StoreA,NORMAL,The amount $224.12 is typical for general spending behavior.
1125,4081.8,StoreB,ANOMALY,The amount $4081.8 is unusually high compared to typical spending.
7361,373.59,StoreC,NORMAL,The amount $373.59 is typical for general spending behavior.
9031,187.98,StoreA,NORMAL,The amount $187.98 is typical for general spending behavior.
1823,132.3,StoreA,NORMAL,The amount $132.3 is typical for normal spending and does not indicate suspicious behavior.
9722,172.22,StoreA,NORMAL,The amount $172.22 is typical for general spending behavior.
1010,250.46,StoreB,NORMAL,The amount $250.46 is typical for general spending behavior.
9100,5529.88,StoreB,ANOMALY,The amount $5529.88 is unusually high compared to typical spending.
9812,299.06,StoreA,NORMAL,The amount $299.06 is typical for general spending behavior.
9162,7566.27,StoreA,ANOMALY,The amount $7566.27 is unusually high compared to typical spending.
5233,304.89,StoreC,NORMAL,The amount $304.89 is typical for general spending behavior.
9703,5912.5,StoreA,ANOMALY,The amount $5912.5 is unusually high compared to typical spending.
1910,190.1,StoreC,NORMAL,The amount $190.1 is typical for general spending behavior.
6493,49.6,StoreA,NORMAL,The amount $49.6 is typical for general spending behavior.
9853,116.25,StoreC,NORMAL,The amount $116.25 is typical for general spending behavior.
7877,150.88,StoreB,NORMAL,The amount $150.88 is typical for normal spending and does not indicate suspicious behavior.
5241,30.09,StoreB,NORMAL,The amount $30.09 is typical for general spending behavior.
7060,225.77,StoreB,NORMAL,The amount $225.77 is typical for general spending behavior.
6123,133.26,StoreB,NORMAL,The amount $133.26 is typical for general spending behavior.
1817,7766.62,StoreC,ANOMALY,The amount $7766.62 is unusually high compared to typical spending.
2316,4584.23,StoreA,ANOMALY,The amount $4584.23 is unusually high compared to typical spending.
5695,6993.57,StoreB,ANOMALY,The amount $6993.57 is unusually high compared to typical spending.
2218,238.98,StoreC,NORMAL,The amount $238.98 is typical for general spending behavior.
4809,105.45,StoreA,NORMAL,The amount $105.45 is typical for general spending behavior.
5808,217.91,StoreC,NORMAL,The amount $217.91 is typical for general spending behavior.
3407,336.25,StoreA,NORMAL,The amount $336.25 is typical for general spending behavior.
5354,7199.65,StoreB,ANOMALY,The amount $7199.65 is unusually high compared to typical spending.
6262,175.96,RareStoreX,ANOMALY,The location 'RareStoreX' is unusual compared to common transaction locations.
5939,16.26,StoreB,NORMAL,The amount $16.26 is typical for general spending behavior.
7470,2845.4,StoreB,ANOMALY,The amount $2845.4 is unusually high compared to typical spending.
9184,174.29,StoreC,NORMAL,The amount $174.29 is typical for general spending behavior.
7611,227.42,StoreC,NORMAL,The amount $227.42 is typical for general spending behavior.
3179,239.99,StoreB,NORMAL,The amount $239.99 is typical for general spending behavior.
4542,182.14,StoreB,NORMAL,The amount $182.14 is typical for general spending behavior.
4095,169.24,StoreA,NORMAL,The amount $169.24 is typical for general spending behavior.
1811,72.94,StoreA,NORMAL,The amount $72.94 is typical for normal spending and does not indicate suspicious behavior.
6819,71.98,StoreA,NORMAL,The amount $71.98 is typical for general spending behavior.
4625,74.72,OutlierMallY,ANOMALY,The location 'OutlierMallY' is unusual compared to common transaction locations.
3523,226.15,StoreA,NORMAL,The amount $226.15 is typical for general spending behavior.
3956,285.33,StoreC,NORMAL,The amount $285.33 is typical for general spending behavior.
2449,7740.78,StoreA,ANOMALY,The amount $7740.78 is unusually high compared to typical spending.
2746,3415.02,StoreA,ANOMALY,The amount $3415.02 is unusually high compared to typical spending.
8380,120.66,StoreB,NORMAL,The amount $120.66 is typical for general spending behavior.
2089,276.54,StoreC,NORMAL,The amount $276.54 is typical for general spending behavior.
2842,169.2,StoreA,NORMAL,The amount $169.2 is typical for general spending behavior.
3340,96.06,StoreB,NORMAL,The amount $96.06 is typical for general spending behavior.
9022,320.27,StoreA,NORMAL,The amount $320.27 is typical for general spending behavior.
7264,241.69,StoreA,NORMAL,The amount $241.69 is typical for general spending behavior.
1480,218.41,StoreB,NORMAL,The amount $218.41 is typical for general spending behavior.
5717,150.69,StoreC,NORMAL,The amount $150.69 is typical for general spending behavior.
3631,361.22,StoreA,NORMAL,The amount $361.22 is typical for general spending behavior.
9578,256.66,StoreC,NORMAL,The amount $256.66 is typical for general spending behavior.
7540,151.09,StoreA,NORMAL,The amount $151.09 is typical for general spending behavior.
1890,249.82,StoreB,NORMAL,The amount $249.82 is typical for general spending behavior.
1556,150.1,StoreA,NORMAL,The amount $150.1 is typical for general spending behavior.
2935,344.94,RareStoreX,ANOMALY,The location 'RareStoreX' is unusual compared to common transaction locations.
4951,185.5,StoreC,NORMAL,The amount $185.5 is typical for general spending behavior.
3073,417.61,StoreB,NORMAL,The amount $417.61 is typical for general spending behavior.
2613,280.57,StoreB,NORMAL,The amount $280.57 is typical for general spending behavior.
8683,3.12,StoreC,ANOMALY,The amount $3.12 is extremely small and may indicate refund fraud or abnormal activity.
8384,295.08,OutlierMallY,ANOMALY,The location 'OutlierMallY' is unusual compared to common transaction locations.
8258,164.31,StoreA,NORMAL,The amount $164.31 is typical for general spending behavior.
1022,154.31,StoreB,NORMAL,The amount $154.31 is typical for general spending behavior.
4216,41.74,StoreB,NORMAL,The amount $41.74 is typical for general spending behavior.
2183,130.46,StoreA,NORMAL,The amount $130.46 is typical for normal spending and does not indicate suspicious behavior.
2740,174.61,StoreB,NORMAL,The amount $174.61 is typical for general spending behavior.
5091,258.01,StoreA,NORMAL,The amount $258.01 is typical for general spending behavior.
7038,237.31,StoreB,NORMAL,The amount $237.31 is typical for general spending behavior.
5906,76.88,StoreA,NORMAL,The amount $76.88 is typical for normal spending and does not indicate suspicious behavior.
1500,222.41,StoreB,NORMAL,The amount $222.41 is typical for general spending behavior.
5419,126.23,StoreA,NORMAL,The amount $126.23 is typical for general spending behavior.
4614,197.04,StoreC,NORMAL,The amount $197.04 is typical for general spending behavior.
8835,219.45,StoreA,NORMAL,The amount $219.45 is typical for general spending behavior.
4954,268.68,StoreA,NORMAL,The amount $268.68 is typical for general spending behavior.
7445,122.82,StoreA,NORMAL,The amount $122.82 is typical for general spending behavior.
3580,290.14,StoreB,NORMAL,The amount $290.14 is typical for general spending behavior.
1540,336.2,StoreB,NORMAL,The amount $336.2 is typical for general spending behavior.
1631,6025.63,StoreA,ANOMALY,The amount $6025.63 is unusually high compared to typical spending.
6860,291.97,StoreC,NORMAL,The amount $291.97 is typical for general spending behavior.
5431,107.65,StoreA,NORMAL,The amount $107.65 is typical for general spending behavior.
3651,223.94,StoreB,NORMAL,The amount $223.94 is typical for general spending behavior.
8783,96.94,StoreC,NORMAL,The amount $96.94 is typical for general spending behavior.
8458,5970.32,StoreA,ANOMALY,The amount $5970.32 is unusually high compared to typical spending.
2861,103.23,StoreB,NORMAL,The amount $103.23 is typical for general spending behavior.
1012,219.49,StoreA,NORMAL,The amount $219.49 is typical for general spending behavior.
1929,150.74,OutlierMallY,ANOMALY,The location 'OutlierMallY' is unusual compared to common transaction locations.
9234,125.34,StoreB,NORMAL,The amount $125.34 is typical for general spending behavior.
6854,226.06,StoreA,NORMAL,The amount $226.06 is typical for general spending behavior.
9475,308.45,StoreA,NORMAL,The amount $308.45 is typical for general spending behavior.
9547,152.85,StoreA,NORMAL,The amount $152.85 is typical for general spending behavior.
4790,201.7,StoreA,NORMAL,The amount $201.7 is typical for general spending behavior.
7994,170.25,StoreC,NORMAL,The amount $170.25 is typical for general spending behavior.
6415,76.58,StoreC,NORMAL,The amount $76.58 is typical for general spending behavior.
7413,177.62,StoreC,NORMAL,The amount $177.62 is typical for general spending behavior.
1028,164.8,StoreB,NORMAL,The amount $164.8 is typical for general spending behavior.
2394,7853.74,StoreA,ANOMALY,The amount $7853.74 is unusually high compared to typical spending.
8866,262.97,StoreB,NORMAL,The amount $262.97 is typical for general spending behavior.
1557,163.64,StoreB,NORMAL,The amount $163.64 is typical for general spending behavior.
8710,293.54,StoreB,NORMAL,The amount $293.54 is typical for general spending behavior.
5526,50.44,StoreC,NORMAL,The amount $50.44 is typical for normal spending and does not indicate suspicious behavior.
9326,196.11,StoreB,NORMAL,The amount $196.11 is typical for general spending behavior.
8209,149.86,StoreB,NORMAL,The amount $149.86 is typical for general spending behavior.
4894,2719.64,StoreC,ANOMALY,The amount $2719.64 is unusually high compared to typical spending.
9719,227.34,StoreA,NORMAL,The amount $227.34 is typical for general spending behavior.
3685,182.01,StoreC,NORMAL,The amount $182.01 is typical for general spending behavior.
8849,200.63,StoreB,NORMAL,The amount $200.63 is typical for general spending behavior.
6404,186.0,StoreB,NORMAL,The amount $186.0 is typical for general spending behavior.
3513,157.68,StoreB,NORMAL,The amount $157.68 is typical for general spending behavior.
9888,223.78,StoreC,NORMAL,The amount $223.78 is typical for general spending behavior.
5102,6121.27,StoreC,ANOMALY,The amount $6121.27 is unusually high compared to typical spending.
2677,158.94,StoreB,NORMAL,The amount $158.94 is typical for general spending behavior.
1559,5885.5,StoreB,ANOMALY,The amount $5885.5 is unusually high compared to typical spending.
9204,225.95,StoreC,NORMAL,The amount $225.95 is typical for general spending behavior.
2184,184.41,StoreC,NORMAL,The amount $184.41 is typical for general spending behavior.
4563,3194.58,StoreB,ANOMALY,The amount $3194.58 is unusually high compared to typical spending.
7386,151.45,StoreB,NORMAL,The amount $151.45 is typical for general spending behavior.
5217,78.9,StoreC,NORMAL,The amount $78.9 is typical for general spending behavior.
2384,120.33,StoreB,NORMAL,The amount $120.33 is typical for general spending behavior.
4397,231.83,StoreC,NORMAL,The amount $231.83 is typical for general spending behavior.
5681,178.08,StoreB,NORMAL,The amount $178.08 is typical for general spending behavior.
1007,214.02,StoreC,NORMAL,The amount $214.02 is typical for general spending behavior.
2189,168.64,StoreC,NORMAL,The amount $168.64 is typical for general spending behavior.
8963,188.08,StoreB,NORMAL,The amount $188.08 is typical for general spending behavior.
2214,260.56,StoreC,NORMAL,The amount $260.56 is typical for general spending behavior.
4329,238.48,StoreC,NORMAL,The amount $238.48 is typical for general spending behavior.
7728,288.65,StoreB,NORMAL,The amount $288.65 is typical for general spending behavior.
9104,4872.12,StoreB,ANOMALY,The amount $4872.12 is unusually high compared to typical spending.
5335,193.82,StoreC,NORMAL,The amount $193.82 is typical for general spending behavior.
4672,3520.72,StoreB,ANOMALY,The amount $3520.72 is unusually high compared to typical spending.
2242,188.45,StoreA,NORMAL,The amount $188.45 is typical for general spending behavior.
4082,159.28,StoreC,NORMAL,The amount $159.28 is typical for general spending behavior.
2609,300.74,StoreA,NORMAL,The amount $300.74 is typical for general spending behavior.
6372,455.45,StoreB,NORMAL,The amount $455.45 is typical for general spending behavior.
5799,104.38,StoreA,NORMAL,The amount $104.38 is typical for general spending behavior.
5210,236.82,StoreC,NORMAL,The amount $236.82 is typical for general spending behavior.
6089,121.16,StoreC,NORMAL,The amount $121.16 is typical for general spending behavior.
5558,254.97,StoreA,NORMAL,The amount $254.97 is typical for general spending behavior.
7005,180.0,StoreA,NORMAL,The amount $180.0 is typical for general spending behavior.
7131,174.27,StoreB,NORMAL,The amount $174.27 is typical for general spending behavior.
5767,2234.75,StoreB,ANOMALY,The amount $2234.75 is unusually high compared to typical spending.
6016,273.23,StoreA,NORMAL,The amount $273.23 is typical for general spending behavior.
5930,6581.31,StoreA,ANOMALY,The amount $6581.31 is unusually high compared to typical spending.
2169,135.26,StoreA,NORMAL,The amount $135.26 is typical for normal spending and does not indicate suspicious behavior.
8925,3000.0,StoreB,ANOMALY,The amount $3000 is extremely high and indicates abnormal spending behavior.
7127,1.9,StoreA,ANOMALY,The amount $1.9 is extremely small and may indicate refund fraud or abnormal activity.
5567,324.33,StoreB,NORMAL,The amount $324.33 is typical for general spending behavior.
7207,139.32,StoreA,NORMAL,The amount $139.32 is typical for general spending behavior.
3138,31.7,StoreA,NORMAL,The amount $31.7 is typical for general spending behavior.
3801,263.54,StoreA,NORMAL,The amount $263.54 is typical for general spending behavior.
7321,161.37,StoreC,NORMAL,The amount $161.37 is typical for general spending behavior.
3196,243.49,StoreC,NORMAL,The amount $243.49 is typical for general spending behavior.
6002,257.04,StoreA,NORMAL,The amount $257.04 is typical for general spending behavior.
3076,3584.16,StoreC,ANOMALY,The amount $3584.16 is unusually high compared to typical spending.
7564,240.64,StoreB,NORMAL,The amount $240.64 is typical for general spending behavior.
6530,4371.35,StoreB,ANOMALY,The amount $4371.35 is unusually high compared to typical spending.
7569,151.33,OutlierMallY,ANOMALY,The location 'OutlierMallY' is unusual compared to common transaction locations.
3588,104.49,StoreB,NORMAL,The amount $104.49 is typical for general spending behavior.
6030,286.15,StoreC,NORMAL,The amount $286.15 is typical for general spending behavior.
4325,240.36,StoreC,NORMAL,The amount $240.36 is typical for general spending behavior.
3952,356.26,StoreC,NORMAL,The amount $356.26 is typical for general spending behavior.
3705,223.45,StoreA,NORMAL,The amount $223.45 is typical for general spending behavior.
1864,288.08,StoreC,NORMAL,The amount $288.08 is typical for general spending behavior.
9747,2.81,StoreB,ANOMALY,The amount $2.81 is extremely small and may indicate refund fraud or abnormal activity.
1481,119.22,StoreA,NORMAL,The amount $119.22 is typical for general spending behavior.
1906,2951.34,StoreA,ANOMALY,The amount $2951.34 is unusually high compared to typical spending.
6220,145.79,StoreA,NORMAL,The amount $145.79 is typical for general spending behavior.
7721,165.58,StoreB,NORMAL,The amount $165.58 is typical for general spending behavior.
2927,1.38,StoreC,ANOMALY,The amount $1.38 is extremely small and may indicate refund fraud or abnormal activity.
1185,268.93,StoreC,NORMAL,The amount $268.93 is typical for general spending behavior.
1661,20.94,StoreC,NORMAL,The amount $20.94 is typical for general spending behavior.
5957,1.95,StoreB,ANOMALY,The amount $1.95 is extremely small and may indicate refund fraud or abnormal activity.
8007,325.88,OutlierMallY,ANOMALY,The location 'OutlierMallY' is unusual compared to common transaction locations.
1502,228.45,StoreB,NORMAL,The amount $228.45 is typical for general spending behavior.
3758,295.4,StoreA,NORMAL,The amount $295.4 is typical for general spending behavior.
4967,78.21,StoreC,NORMAL,The amount $78.21 is typical for general spending behavior.
6913,234.99,StoreA,NORMAL,The amount $234.99 is typical for general spending behavior.
1209,174.58,StoreC,NORMAL,The amount $174.58 is typical for general spending behavior.
1916,76.08,StoreA,NORMAL,The amount $76.08 is typical for general spending behavior.
7895,228.76,StoreB,NORMAL,The amount $228.76 is typical for general spending behavior.
5791,123.81,StoreC,NORMAL,The amount $123.81 is typical for general spending behavior.
9183,202.38,StoreA,NORMAL,The amount $202.38 is typical for general spending behavior.
2526,2.29,StoreA,ANOMALY,The amount $2.29 is extremely small and may indicate refund fraud or abnormal activity.
2633,2772.46,StoreC,ANOMALY,The amount $2772.46 is unusually high compared to typical spending.
9116,7013.57,StoreB,ANOMALY,The amount $7013.57 is unusually high compared to typical spending.
9585,2874.1,StoreC,ANOMALY,The amount $2874.1 is unusually high compared to typical spending.
8268,216.49,RareStoreX,ANOMALY,The location 'RareStoreX' is unusual compared to common transaction locations.
6192,169.19,StoreC,NORMAL,The amount $169.19 is typical for general spending behavior.
8126,4.6,StoreA,ANOMALY,The amount $4.6 is extremely small and may indicate refund fraud or abnormal activity.
7097,2109.92,StoreC,ANOMALY,The amount $2109.92 is unusually high compared to typical spending.
5367,110.23,StoreA,NORMAL,The amount $110.23 is typical for normal spending and does not indicate suspicious behavior.
6807,237.0,StoreA,NORMAL,The amount $237.0 is typical for general spending behavior.
2142,169.9,StoreB,NORMAL,The amount $169.9 is typical for general spending behavior.
2801,161.79,StoreB,NORMAL,The amount $161.79 is typical for general spending behavior.
1238,226.3,StoreB,NORMAL,The amount $226.3 is typical for general spending behavior.
9118,181.53,StoreC,NORMAL,The amount $181.53 is typical for general spending behavior.
2883,333.96,StoreB,NORMAL,The amount $333.96 is typical for general spending behavior.
9330,4225.34,StoreB,ANOMALY,The amount $4225.34 is unusually high compared to typical spending.
5491,127.39,StoreB,NORMAL,The amount $127.39 is typical for general spending behavior.
4161,157.94,StoreC,NORMAL,The amount $157.94 is typical for general spending behavior.
5240,40.5,StoreB,NORMAL,The amount $40.5 is typical for general spending behavior.
6435,84.66,StoreB,NORMAL,The amount $84.66 is typical for normal spending and does not indicate suspicious behavior.
8913,4.71,StoreA,ANOMALY,The amount $4.71 is extremely small and may indicate refund fraud or abnormal activity.
6097,4.27,StoreB,ANOMALY,The amount $4.27 is extremely small and may indicate refund fraud or abnormal activity.
1352,313.48,StoreC,NORMAL,The amount $313.48 is typical for general spending behavior.
2745,340.57,OutlierMallY,ANOMALY,The location 'OutlierMallY' is unusual compared to common transaction locations.
6439,104.33,StoreA,NORMAL,The amount $104.33 is typical for general spending behavior.
5976,176.55,StoreA,NORMAL,The amount $176.55 is typical for normal spending and does not indicate suspicious behavior.
5210,274.85,StoreC,NORMAL,The amount $274.85 is typical for general spending behavior.
1191,216.88,StoreA,NORMAL,The amount $216.88 is typical for general spending behavior.
2682,205.6,StoreC,NORMAL,The amount $205.6 is typical for general spending behavior.
2803,238.46,StoreB,NORMAL,The amount $238.46 is typical for general spending behavior.
3463,215.36,StoreA,NORMAL,The amount $215.36 is typical for general spending behavior.
4081,174.21,StoreA,NORMAL,The amount $174.21 is typical for general spending behavior.
3391,147.69,StoreB,NORMAL,The amount $147.69 is typical for general spending behavior.
6752,36.66,StoreC,NORMAL,The amount $36.66 is typical for general spending behavior.
4718,252.4,StoreA,NORMAL,The amount $252.4 is typical for general spending behavior.
8965,4506.93,StoreB,ANOMALY,The amount $4506.93 is unusually high compared to typical spending.
5349,240.86,StoreC,NORMAL,The amount $240.86 is typical for general spending behavior.
1296,243.91,StoreA,NORMAL,The amount $243.91 is typical for general spending behavior.
1546,87.02,StoreA,NORMAL,The amount $87.02 is typical for general spending behavior.
1614,2845.88,StoreA,ANOMALY,The amount $2845.88 is unusually high compared to typical spending.
9742,217.93,StoreB,NORMAL,The amount $217.93 is typical for general spending behavior.
2401,5320.77,StoreB,ANOMALY,The amount $5320.77 is unusually high compared to typical spending.
6736,193.44,OutlierMallY,ANOMALY,The location 'OutlierMallY' is unusual compared to common transaction locations.
2892,262.31,StoreA,NORMAL,The amount $262.31 is typical for general spending behavior.
7719,3.39,StoreB,ANOMALY,The amount $3.39 is extremely small and may indicate refund fraud or abnormal activity.
1122,7604.36,StoreA,ANOMALY,The amount $7604.36 is unusually high compared to typical spending.
9073,148.98,StoreC,NORMAL,The amount $148.98 is typical for general spending behavior.
1446,273.09,StoreA,NORMAL,The amount $273.09 is typical for general spending behavior.
6899,7708.86,StoreA,ANOMALY,The amount $7708.86 is unusually high compared to typical spending.
7784,2314.76,StoreC,ANOMALY,The amount $2314.76 is unusually high compared to typical spending.
4223,1.93,StoreA,ANOMALY,The amount $1.93 is extremely small and may indicate refund fraud or abnormal activity.
9607,85.59,RareStoreX,ANOMALY,The location 'RareStoreX' is unusual compared to common transaction locations.
6913,170.21,StoreB,NORMAL,The amount $170.21 is typical for general spending behavior.
9706,3.45,StoreB,ANOMALY,The amount $3.45 is extremely small and may indicate refund fraud or abnormal activity.
1976,189.0,StoreB,NORMAL,The amount $189.0 is typical for general spending behavior.
6962,3771.69,StoreA,ANOMALY,The amount $3771.69 is unusually high compared to typical spending.
3501,121.73,StoreA,NORMAL,The amount $121.73 is typical for normal spending and does not indicate suspicious behavior.
6234,6357.72,StoreB,ANOMALY,The amount $6357.72 is unusually high compared to typical spending.
7167,233.73,StoreC,NORMAL,The amount $233.73 is typical for general spending behavior.
2878,206.38,StoreB,NORMAL,The amount $206.38 is typical for general spending behavior.
8649,5393.79,StoreA,ANOMALY,The amount $5393.79 is unusually high compared to typical spending.
6782,135.34,StoreA,NORMAL,The amount $135.34 is typical for general spending behavior.
8979,216.62,StoreA,NORMAL,The amount $216.62 is typical for general spending behavior.
5834,3.68,StoreC,ANOMALY,The amount $3.68 is extremely small and may indicate refund fraud or abnormal activity.
2934,298.34,StoreA,NORMAL,The amount $298.34 is typical for general spending behavior.
4566,92.38,StoreA,NORMAL,The amount $92.38 is typical for normal spending and does not indicate suspicious behavior.
6768,118.42,StoreC,NORMAL,The amount $118.42 is typical for general spending behavior.
5599,87.55,StoreB,NORMAL,The amount $87.55 is typical for general spending behavior.
7668,3.61,StoreB,ANOMALY,The amount $3.61 is extremely small and may indicate refund fraud or abnormal activity.
1355,85.59,StoreA,NORMAL,The amount $85.59 is typical for general spending behavior.
1256,274.61,StoreC,NORMAL,The amount $274.61 is typical for general spending behavior.
9994,231.5,StoreA,NORMAL,The amount $231.5 is typical for general spending behavior.
9372,269.53,StoreA,NORMAL,The amount $269.53 is typical for general spending behavior.
6769,185.03,StoreB,NORMAL,The amount $185.03 is typical for general spending behavior.
5150,99.48,StoreA,NORMAL,The amount $99.48 is typical for general spending behavior.
2440,2.6,StoreC,ANOMALY,The amount $2.6 is extremely small and may indicate refund fraud or abnormal activity.
8546,272.32,StoreC,NORMAL,The amount $272.32 is typical for general spending behavior.
3348,2468.3,StoreB,ANOMALY,The amount $2468.3 is unusually high compared to typical spending.
2877,219.47,StoreB,NORMAL,The amount $219.47 is typical for general spending behavior.
2074,65.32,StoreA,NORMAL,The amount $65.32 is typical for general spending behavior.
1352,133.79,StoreB,NORMAL,The amount $133.79 is typical for general spending behavior.
6021,202.82,StoreB,NORMAL,The amount $202.82 is typical for general spending behavior.
2118,283.34,StoreA,NORMAL,The amount $283.34 is typical for general spending behavior.
5232,161.69,StoreB,NORMAL,The amount $161.69 is typical for normal spending and does not indicate suspicious behavior.
1072,6220.28,StoreB,ANOMALY,The amount $6220.28 is unusually high compared to typical spending.
4430,244.12,StoreB,NORMAL,The amount $244.12 is typical for general spending behavior.
6085,182.32,StoreB,NORMAL,The amount $182.32 is typical for general spending behavior.
1702,334.29,StoreC,NORMAL,The amount $334.29 is typical for general spending behavior.
3233,122.67,StoreA,NORMAL,The amount $122.67 is typical for general spending behavior.
4939,327.56,StoreB,NORMAL,The amount $327.56 is typical for general spending behavior.
3922,75.0,StoreB,NORMAL,The amount $75.0 is typical for general spending behavior.
1641,303.6,StoreA,NORMAL,The amount $303.6 is typical for general spending behavior.
9906,292.29,StoreB,NORMAL,The amount $292.29 is typical for general spending behavior.
7172,154.65,StoreC,NORMAL,The amount $154.65 is typical for normal spending and does not indicate suspicious behavior.
6959,104.17,StoreB,NORMAL,The amount $104.17 is typical for general spending behavior.
9937,5009.47,StoreB,ANOMALY,The amount $5009.47 is unusually high compared to typical spending.
5814,108.66,StoreC,NORMAL,The amount $108.66 is typical for general spending behavior.
2441,93.2,StoreA,NORMAL,The amount $93.2 is typical for normal spending and does not indicate suspicious behavior.
1358,174.41,StoreC,NORMAL,The amount $174.41 is typical for general spending behavior.
1479,7127.28,StoreA,ANOMALY,The amount $7127.28 is unusually high compared to typical spending.
7973,4714.61,StoreA,ANOMALY,The amount $4714.61 is unusually high compared to typical spending.
3160,119.15,StoreA,NORMAL,The amount $119.15 is typical for general spending behavior.
7159,241.55,StoreB,NORMAL,The amount $241.55 is typical for general spending behavior.
1576,3318.56,StoreC,ANOMALY,The amount $3318.56 is unusually high compared to typical spending.
1759,121.97,StoreB,NORMAL,The amount $121.97 is typical for general spending behavior.
3265,54.47,StoreB,NORMAL,The amount $54.47 is typical for normal spending and does not indicate suspicious behavior.
6059,3646.29,StoreA,ANOMALY,The amount $3646.29 is unusually high compared to typical spending.
5677,250.04,StoreC,NORMAL,The amount $250.04 is typical for general spending behavior.
7431,159.67,StoreB,NORMAL,The amount $159.67 is typical for general spending behavior.
3419,185.13,StoreC,NORMAL,The amount $185.13 is typical for general spending behavior.
2239,307.7,StoreA,NORMAL,The amount $307.7 is typical for general spending behavior.
3471,122.33,StoreB,NORMAL,The amount $122.33 is typical for normal spending and does not indicate suspicious behavior.
1584,2685.4,StoreC,ANOMALY,The amount $2685.4 is unusually high compared to typical spending.
2128,228.24,OutlierMallY,ANOMALY,The location 'OutlierMallY' is unusual compared to common transaction locations.
2778,90.41,StoreB,NORMAL,The amount $90.41 is typical for normal spending and does not indicate suspicious behavior.
2663,228.45,StoreB,NORMAL,The amount $228.45 is typical for general spending behavior.
9824,173.08,StoreC,NORMAL,The amount $173.08 is typical for general spending behavior.
6376,2703.63,StoreC,ANOMALY,The amount $2703.63 is unusually high compared to typical spending.
8060,242.38,StoreC,NORMAL,The amount $242.38 is typical for general spending behavior.
4738,5177.47,StoreB,ANOMALY,The amount $5177.47 is unusually high compared to typical spending.
8519,187.35,StoreB,NORMAL,The amount $187.35 is typical for general spending behavior.
4164,319.13,StoreB,NORMAL,The amount $319.13 is typical for general spending behavior.
4346,4.14,StoreC,ANOMALY,The amount $4.14 is extremely small and may indicate refund fraud or abnormal activity.
5298,4543.62,StoreC,ANOMALY,The amount $4543.62 is unusually high compared to typical spending.
1730,224.14,StoreA,NORMAL,The amount $224.14 is typical for general spending behavior.
5947,173.03,StoreA,NORMAL,The amount $173.03 is typical for general spending behavior.
1386,172.06,StoreA,NORMAL,The amount $172.06 is typical for general spending behavior.
5886,268.51,StoreB,NORMAL,The amount $268.51 is typical for general spending behavior.
1949,131.06,StoreC,NORMAL,The amount $131.06 is typical for general spending behavior.
1973,188.19,StoreC,NORMAL,The amount $188.19 is typical for general spending behavior.
7747,173.27,StoreB,NORMAL,The amount $173.27 is typical for general spending behavior.
4574,140.25,StoreA,NORMAL,The amount $140.25 is typical for general spending behavior.
2502,278.02,StoreA,NORMAL,The amount $278.02 is typical for general spending behavior.
1209,5589.49,StoreA,ANOMALY,The amount $5589.49 is unusually high compared to typical spending.
9762,128.86,StoreA,NORMAL,The amount $128.86 is typical for general spending behavior.
2205,4.18,StoreB,ANOMALY,The amount $4.18 is extremely small and may indicate refund fraud or abnormal activity.
5488,3.58,StoreA,ANOMALY,The amount $3.58 is extremely small and may indicate refund fraud or abnormal activity.
8211,159.22,StoreA,NORMAL,The amount $159.22 is typical for general spending behavior.
5829,111.5,StoreB,NORMAL,The amount $111.5 is typical for general spending behavior.
4033,223.1,StoreC,NORMAL,The amount $223.1 is typical for general spending behavior.
1349,376.84,StoreC,NORMAL,The amount $376.84 is typical for general spending behavior.
9490,85.13,StoreB,NORMAL,The amount $85.13 is typical for general spending behavior.
9533,226.71,StoreC,NORMAL,The amount $226.71 is typical for general spending behavior.
1114,131.46,StoreC,NORMAL,The amount $131.46 is typical for general spending behavior.
9719,164.28,StoreA,NORMAL,The amount $164.28 is typical for general spending behavior.
1561,86.22,StoreB,NORMAL,The amount $86.22 is typical for general spending behavior.
6766,190.92,StoreC,NORMAL,The amount $190.92 is typical for general spending behavior.
2563,267.97,StoreC,NORMAL,The amount $267.97 is typical for general spending behavior.
8769,5554.66,StoreB,ANOMALY,The amount $5554.66 is unusually high compared to typical spending.
6873,228.12,StoreA,NORMAL,The amount $228.12 is typical for general spending behavior.
7018,264.96,OutlierMallY,ANOMALY,The location 'OutlierMallY' is unusual compared to common transaction locations.
3511,221.39,StoreA,NORMAL,The amount $221.39 is typical for general spending behavior.
7222,236.73,StoreA,NORMAL,The amount $236.73 is typical for general spending behavior.
8273,244.06,StoreB,NORMAL,The amount $244.06 is typical for general spending behavior.
2728,154.11,StoreA,NORMAL,The amount $154.11 is typical for general spending behavior.
3955,0.98,StoreC,NORMAL,The amount $0.98 is typical for general spending behavior.
7889,191.64,StoreA,NORMAL,The amount $191.64 is typical for general spending behavior.
8972,247.58,StoreB,NORMAL,The amount $247.58 is typical for general spending behavior.
7592,4586.37,StoreA,ANOMALY,The amount $4586.37 is unusually high compared to typical spending.
1028,186.63,StoreC,NORMAL,The amount $186.63 is typical for general spending behavior.
9874,265.08,StoreA,NORMAL,The amount $265.08 is typical for general spending behavior.
3154,7654.57,StoreC,ANOMALY,The amount $7654.57 is unusually high compared to typical spending.
9904,71.47,StoreB,NORMAL,The amount $71.47 is typical for general spending behavior.
8163,3.4,StoreA,ANOMALY,The amount $3.4 is extremely small and may indicate refund fraud or abnormal activity.
5923,100.66,StoreA,NORMAL,The amount $100.66 is typical for general spending behavior.
4544,33.27,StoreA,NORMAL,The amount $33.27 is typical for general spending behavior.
6319,78.74,StoreB,NORMAL,The amount $78.74 is typical for general spending behavior.
7862,255.43,StoreC,NORMAL,The amount $255.43 is typical for general spending behavior.
5470,1.03,StoreB,ANOMALY,The amount $1.03 is extremely small and may indicate refund fraud or abnormal activity.
1637,76.99,StoreB,NORMAL,The amount $76.99 is typical for general spending behavior.
9621,304.28,StoreB,NORMAL,The amount $304.28 is typical for general spending behavior.
7722,204.56,StoreC,NORMAL,The amount $204.56 is typical for general spending behavior.
6423,112.78,StoreA,NORMAL,The amount $112.78 is typical for general spending behavior.
5633,2163.04,StoreB,ANOMALY,The amount $2163.04 is unusually high compared to typical spending.
6550,191.26,StoreC,NORMAL,The amount $191.26 is typical for normal spending and does not indicate suspicious behavior.
3964,3378.98,StoreC,ANOMALY,The amount $3378.98 is unusually high compared to typical spending.
5863,6467.84,StoreA,ANOMALY,The amount $6467.84 is unusually high compared to typical spending.
4957,194.56,StoreC,NORMAL,The amount $194.56 is typical for normal spending and does not indicate suspicious behavior.
8311,129.74,StoreB,NORMAL,The amount $129.74 is typical for general spending behavior.
4572,2192.39,StoreB,ANOMALY,The amount $2192.39 is unusually high compared to typical spending.
6556,243.48,StoreC,NORMAL,The amount $243.48 is typical for general spending behavior.
1613,221.08,StoreB,NORMAL,The amount $221.08 is typical for general spending behavior.
3825,348.33,StoreB,NORMAL,The amount $348.33 is typical for general spending behavior.
2417,229.4,StoreB,NORMAL,The amount $229.4 is typical for general spending behavior.
8494,330.08,StoreC,NORMAL,The amount $330.08 is typical for general spending behavior.
2137,97.23,StoreB,NORMAL,The amount $97.23 is typical for general spending behavior.
8422,128.22,StoreC,NORMAL,The amount $128.22 is typical for general spending behavior.
1886,270.49,StoreB,NORMAL,The amount $270.49 is typical for general spending behavior.
4983,249.78,StoreB,NORMAL,The amount $249.78 is typical for general spending behavior.
8720,231.63,StoreA,NORMAL,The amount $231.63 is typical for general spending behavior.
8312,6484.96,StoreB,ANOMALY,The amount $6484.96 is unusually high compared to typical spending.
8382,250.7,StoreA,NORMAL,The amount $250.7 is typical for general spending behavior.
9961,236.97,StoreA,NORMAL,The amount $236.97 is typical for general spending behavior.
2186,2614.4,StoreB,ANOMALY,The amount $2614.4 is unusually high compared to typical spending.
5175,2.42,StoreB,NORMAL,The amount $2.42 is typical for general spending behavior.
7855,179.79,OutlierMallY,ANOMALY,The location 'OutlierMallY' is unusual compared to common transaction locations.
8956,174.24,StoreB,NORMAL,The amount $174.24 is typical for general spending behavior.
6660,293.82,StoreB,NORMAL,The amount $293.82 is typical for general spending behavior.
4574,6906.94,StoreA,ANOMALY,The amount $6906.94 is unusually high compared to typical spending.
4536,278.91,StoreA,NORMAL,The amount $278.91 is typical for general spending behavior.
8799,188.61,StoreA,NORMAL,The amount $188.61 is typical for general spending behavior.
1402,5381.7,StoreA,ANOMALY,The amount $5381.7 is unusually high compared to typical spending.
2153,276.81,OutlierMallY,ANOMALY,The location 'OutlierMallY' is unusual compared to common transaction locations.
3577,325.24,StoreC,NORMAL,The amount $325.24 is typical for general spending behavior.
1973,2131.72,StoreC,ANOMALY,The amount $2131.72 is unusually high compared to typical spending.
4998,266.03,StoreC,NORMAL,The amount $266.03 is typical for general spending behavior.
9423,3928.53,StoreB,ANOMALY,The amount $3928.53 is unusually high compared to typical spending.
1818,152.86,StoreC,NORMAL,The amount $152.86 is typical for general spending behavior.
2378,60.34,RareStoreX,ANOMALY,The location 'RareStoreX' is unusual compared to common transaction locations.
7093,248.93,StoreA,NORMAL,The amount $248.93 is typical for general spending behavior.
2550,170.44,StoreA,NORMAL,The amount $170.44 is typical for general spending behavior.
5893,407.17,StoreB,NORMAL,The amount $407.17 is typical for general spending behavior.
5889,93.06,StoreC,NORMAL,The amount $93.06 is typical for general spending behavior.
1149,122.5,RareStoreX,ANOMALY,The location 'RareStoreX' is unusual compared to common transaction locations.
8496,139.81,StoreB,NORMAL,The amount $139.81 is typical for general spending behavior.
8533,7941.5,StoreB,ANOMALY,The amount $7941.5 is unusually high compared to typical spending.
2461,5856.7,StoreA,ANOMALY,The amount $5856.7 is unusually high compared to typical spending.
9046,2187.93,StoreA,ANOMALY,The amount $2187.93 is unusually high compared to typical spending.
8247,3.7,StoreB,ANOMALY,The amount $3.7 is extremely small and may indicate refund fraud or abnormal activity.
8701,270.12,StoreA,NORMAL,The amount $270.12 is typical for general spending behavior.
8192,216.9,StoreC,NORMAL,The amount $216.9 is typical for general spending behavior.
5124,2751.81,StoreB,ANOMALY,The amount $2751.81 is unusually high compared to typical spending.
7169,194.27,StoreA,NORMAL,The amount $194.27 is typical for general spending behavior.
9305,1.2,StoreC,ANOMALY,The amount $1.2 is extremely small and may indicate refund fraud or abnormal activity.
3024,315.3,StoreC,NORMAL,The amount $315.3 is typical for general spending behavior.
2667,162.74,StoreB,NORMAL,The amount $162.74 is typical for general spending behavior.
6073,251.82,StoreC,NORMAL,The amount $251.82 is typical for general spending behavior.
1244,55.84,StoreB,NORMAL,The amount $55.84 is typical for general spending behavior.
1490,277.07,StoreB,NORMAL,The amount $277.07 is typical for general spending behavior.
6792,5730.3,StoreA,ANOMALY,The amount $5730.3 is unusually high compared to typical spending.
7201,240.45,StoreA,NORMAL,The amount $240.45 is typical for general spending behavior.
9152,2.31,StoreA,ANOMALY,The amount $2.31 is extremely small and may indicate refund fraud or abnormal activity.
9572,231.39,StoreC,NORMAL,The amount $231.39 is typical for general spending behavior.
5320,171.44,StoreC,NORMAL,The amount $171.44 is typical for general spending behavior.
4088,170.22,StoreC,NORMAL,The amount $170.22 is typical for general spending behavior.
2576,4903.42,StoreA,ANOMALY,The amount $4903.42 is unusually high compared to typical spending.
7667,7314.57,StoreC,ANOMALY,The amount $7314.57 is unusually high compared to typical spending.
3253,7686.48,StoreB,ANOMALY,The amount $7686.48 is unusually high compared to typical spending.
9846,352.91,StoreA,NORMAL,The amount $352.91 is typical for general spending behavior.
9609,157.17,StoreA,NORMAL,The amount $157.17 is typical for general spending behavior.
4952,169.01,StoreB,NORMAL,The amount $169.01 is typical for general spending behavior.
9539,154.11,StoreC,NORMAL,The amount $154.11 is typical for general spending behavior.
7524,4127.27,StoreA,ANOMALY,The amount $4127.27 is unusually high compared to typical spending.
3269,245.65,StoreB,NORMAL,The amount $245.65 is typical for general spending behavior.
3381,3166.8,StoreA,ANOMALY,The amount $3166.8 is unusually high compared to typical spending.
6939,129.76,StoreA,NORMAL,The amount $129.76 is typical for general spending behavior.
4123,250.71,StoreB,NORMAL,The amount $250.71 is typical for general spending behavior.
8951,6614.56,StoreA,ANOMALY,The amount $6614.56 is unusually high compared to typical spending.
8086,243.88,OutlierMallY,ANOMALY,The location 'OutlierMallY' is unusual compared to common transaction locations.
5263,70.73,StoreC,NORMAL,The amount $70.73 is typical for general spending behavior.
8652,296.04,StoreB,NORMAL,The amount $296.04 is typical for general spending behavior.
3429,143.39,StoreB,NORMAL,The amount $143.39 is typical for general spending behavior.
1242,245.76,StoreC,NORMAL,The amount $245.76 is typical for general spending behavior.
6084,148.05,StoreA,NORMAL,The amount $148.05 is typical for general spending behavior.
9848,263.48,StoreA,NORMAL,The amount $263.48 is typical for general spending behavior.
6989,222.27,StoreC,NORMAL,The amount $222.27 is typical for general spending behavior.
7579,150.85,StoreA,NORMAL,The amount $150.85 is typical for general spending behavior.
1940,250.27,StoreA,NORMAL,The amount $250.27 is typical for general spending behavior.
4388,2202.93,StoreC,ANOMALY,The amount $2202.93 is unusually high compared to typical spending.
1832,113.02,StoreC,NORMAL,The amount $113.02 is typical for general spending behavior.
3415,330.37,StoreC,NORMAL,The amount $330.37 is typical for general spending behavior.
3709,240.7,StoreC,NORMAL,The amount $240.7 is typical for general spending behavior.
8413,346.08,StoreC,NORMAL,The amount $346.08 is typical for general spending behavior.
9148,201.7,StoreC,NORMAL,The amount $201.7 is typical for general spending behavior.
7200,231.12,StoreC,NORMAL,The amount $231.12 is typical for general spending behavior.
5836,219.44,RareStoreX,ANOMALY,The location 'RareStoreX' is unusual compared to common transaction locations.
2145,133.97,StoreB,NORMAL,The amount $133.97 is typical for general spending behavior.
1300,5909.47,StoreC,ANOMALY,The amount $5909.47 is unusually high compared to typical spending.
8086,185.48,StoreB,NORMAL,The amount $185.48 is typical for general spending behavior.
9730,219.43,StoreB,NORMAL,The amount $219.43 is typical for general spending behavior.
5607,182.88,StoreB,NORMAL,The amount $182.88 is typical for general spending behavior.
4950,7288.85,StoreA,ANOMALY,The amount $7288.85 is unusually high compared to typical spending.
7982,151.08,StoreA,NORMAL,The amount $151.08 is typical for general spending behavior.
4467,112.43,StoreC,NORMAL,The amount $112.43 is typical for normal spending and does not indicate suspicious behavior.
8485,211.47,StoreB,NORMAL,The amount $211.47 is typical for general spending behavior.
4818,268.36,StoreA,NORMAL,The amount $268.36 is typical for general spending behavior.
6494,195.44,StoreA,NORMAL,The amount $195.44 is typical for general spending behavior.
8971,237.88,StoreC,NORMAL,The amount $237.88 is typical for general spending behavior.
8219,253.03,StoreA,NORMAL,The amount $253.03 is typical for general spending behavior.
6559,190.84,StoreC,NORMAL,The amount $190.84 is typical for general spending behavior.
7750,300.97,OutlierMallY,ANOMALY,The location 'OutlierMallY' is unusual compared to common transaction locations.
8379,218.74,StoreB,NORMAL,The amount $218.74 is typical for general spending behavior.
4007,179.49,StoreB,NORMAL,The amount $179.49 is typical for general spending behavior.
6772,211.28,StoreC,NORMAL,The amount $211.28 is typical for general spending behavior.
1025,183.76,StoreB,NORMAL,The amount $183.76 is typical for general spending behavior.
8171,193.32,StoreC,NORMAL,The amount $193.32 is typical for general spending behavior.
2046,0.53,StoreB,ANOMALY,The amount $0.53 is extremely small and may indicate refund fraud or abnormal activity.
1207,138.67,StoreB,NORMAL,The amount $138.67 is typical for general spending behavior.
8830,152.05,StoreC,NORMAL,The amount $152.05 is typical for general spending behavior.
6333,208.22,OutlierMallY,ANOMALY,The location 'OutlierMallY' is unusual compared to common transaction locations.
8957,142.52,StoreA,NORMAL,The amount $142.52 is typical for general spending behavior.
4571,247.56,RareStoreX,ANOMALY,The location 'RareStoreX' is unusual compared to common transaction locations.
6757,3909.04,StoreA,ANOMALY,The amount $3909.04 is unusually high compared to typical spending.
9798,354.81,StoreC,NORMAL,The amount $354.81 is typical for general spending behavior.
1961,196.21,StoreC,NORMAL,The amount $196.21 is typical for general spending behavior.
6065,137.12,StoreB,NORMAL,The amount $137.12 is typical for general spending behavior.
4003,96.43,StoreB,NORMAL,The amount $96.43 is typical for general spending behavior.
6179,207.99,StoreB,NORMAL,The amount $207.99 is typical for general spending behavior.
2915,115.73,StoreC,NORMAL,The amount $115.73 is typical for general spending behavior.
4216,240.09,StoreB,NORMAL,The amount $240.09 is typical for general spending behavior.
6835,104.99,RareStoreX,ANOMALY,The location 'RareStoreX' is unusual compared to common transaction locations.
4810,206.25,StoreC,NORMAL,The amount $206.25 is typical for general spending behavior.
2341,158.72,StoreA,NORMAL,The amount $158.72 is typical for general spending behavior.
7617,350.09,StoreB,NORMAL,The amount $350.09 is typical for general spending behavior.
8972,340.44,StoreC,NORMAL,The amount $340.44 is typical for general spending behavior.
6892,103.14,StoreB,NORMAL,The amount $103.14 is typical for normal spending and does not indicate suspicious behavior.
8297,146.12,StoreB,NORMAL,The amount $146.12 is typical for general spending behavior.
9839,7894.54,StoreA,ANOMALY,The amount $7894.54 is unusually high compared to typical spending.
6862,4623.78,StoreC,ANOMALY,The amount $4623.78 is unusually high compared to typical spending.
6125,57.51,StoreB,NORMAL,The amount $57.51 is typical for general spending behavior.
4962,4.29,StoreC,ANOMALY,The amount $4.29 is extremely small and may indicate refund fraud or abnormal activity.
7697,219.1,StoreC,NORMAL,The amount $219.1 is typical for general spending behavior.
9411,163.31,RareStoreX,ANOMALY,The location 'RareStoreX' is unusual compared to common transaction locations.
7674,7642.78,StoreA,ANOMALY,The amount $7642.78 is unusually high compared to typical spending.
6039,343.9,StoreA,NORMAL,The amount $343.9 is typical for general spending behavior.
8062,393.01,StoreC,NORMAL,The amount $393.01 is typical for general spending behavior.
7575,105.28,StoreC,NORMAL,The amount $105.28 is typical for general spending behavior.
8830,6477.14,StoreA,ANOMALY,The amount $6477.14 is unusually high compared to typical spending.
5611,6550.55,StoreC,ANOMALY,The amount $6550.55 is unusually high compared to typical spending.
6212,225.73,StoreC,NORMAL,The amount $225.73 is typical for general spending behavior.
1605,247.64,StoreC,NORMAL,The amount $247.64 is typical for general spending behavior.
5235,323.04,StoreA,NORMAL,The amount $323.04 is typical for general spending behavior.
7751,2756.7,StoreA,ANOMALY,The amount $2756.7 is unusually high compared to typical spending.
8399,237.31,StoreC,NORMAL,The amount $237.31 is typical for general spending behavior.
1957,146.47,StoreB,NORMAL,The amount $146.47 is typical for general spending behavior.
7952,309.49,StoreC,NORMAL,The amount $309.49 is typical for general spending behavior.
2674,250.0,RareStoreX,ANOMALY,The location 'RareStoreX' is unusual compared to common transaction locations.
2284,239.86,StoreC,NORMAL,The amount $239.86 is typical for general spending behavior.
7312,75.7,StoreB,NORMAL,The amount $75.7 is typical for general spending behavior.
8902,255.48,StoreC,NORMAL,The amount $255.48 is typical for general spending behavior.
6040,112.63,StoreB,NORMAL,The amount $112.63 is typical for general spending behavior.
3837,214.86,StoreB,NORMAL,The amount $214.86 is typical for general spending behavior.
9846,47.25,StoreC,NORMAL,The amount $47.25 is typical for general spending behavior.
8830,187.03,StoreA,NORMAL,The amount $187.03 is typical for general spending behavior.
4175,202.25,StoreB,NORMAL,The amount $202.25 is typical for general spending behavior.
6526,192.64,StoreA,NORMAL,The amount $192.64 is typical for normal spending and does not indicate suspicious behavior.
1325,326.2,StoreC,NORMAL,The amount $326.2 is typical for general spending behavior.
4148,106.39,StoreB,NORMAL,The amount $106.39 is typical for general spending behavior.
7609,296.48,StoreC,NORMAL,The amount $296.48 is typical for general spending behavior.
4727,165.24,StoreA,NORMAL,The amount $165.24 is typical for general spending behavior.
4563,290.03,StoreC,NORMAL,The amount $290.03 is typical for general spending behavior.
4051,5.0,StoreB,ANOMALY,The amount $5.0 is extremely small and may indicate refund fraud or abnormal activity.
9536,1.22,StoreC,ANOMALY,The amount $1.22 is extremely small and may indicate refund fraud or abnormal activity.
9444,286.87,StoreB,NORMAL,The amount $286.87 is typical for general spending behavior.
2245,270.72,StoreC,NORMAL,The amount $270.72 is typical for general spending behavior.
9298,2.19,StoreA,ANOMALY,The amount $2.19 is extremely small and may indicate refund fraud or abnormal activity.
4148,112.83,StoreB,NORMAL,The amount $112.83 is typical for general spending behavior.
2309,27.88,StoreC,NORMAL,The amount $27.88 is typical for general spending behavior.
9847,197.82,StoreC,NORMAL,The amount $197.82 is typical for general spending behavior.
8310,214.67,StoreB,NORMAL,The amount $214.67 is typical for general spending behavior.
9458,157.52,StoreC,NORMAL,The amount $157.52 is typical for general spending behavior.
6938,395.18,StoreC,NORMAL,The amount $395.18 is typical for general spending behavior.
3515,252.74,StoreB,NORMAL,The amount $252.74 is typical for general spending behavior.
6991,73.89,StoreA,NORMAL,The amount $73.89 is typical for general spending behavior.
6057,155.19,StoreC,NORMAL,The amount $155.19 is typical for general spending behavior.
7468,365.93,StoreB,NORMAL,The amount $365.93 is typical for general spending behavior.
4825,2.86,StoreB,ANOMALY,The amount $2.86 is extremely small and may indicate refund fraud or abnormal activity.
6401,212.3,StoreB,NORMAL,The amount $212.3 is typical for general spending behavior.
7026,195.98,StoreB,NORMAL,The amount $195.98 is typical for general spending behavior.
6546,206.15,StoreB,NORMAL,The amount $206.15 is typical for general spending behavior.
8977,34.56,OutlierMallY,ANOMALY,The location 'OutlierMallY' is unusual compared to common transaction locations.
8758,159.62,StoreA,NORMAL,The amount $159.62 is typical for general spending behavior.
1329,145.84,StoreC,NORMAL,The amount $145.84 is typical for general spending behavior.
1076,216.19,StoreC,NORMAL,The amount $216.19 is typical for general spending behavior.
1056,236.62,StoreB,NORMAL,The amount $236.62 is typical for general spending behavior.
3517,182.05,StoreC,NORMAL,The amount $182.05 is typical for general spending behavior.
7755,93.17,StoreB,NORMAL,The amount $93.17 is typical for general spending behavior.
7895,404.81,StoreC,NORMAL,The amount $404.81 is typical for general spending behavior.
4098,230.67,StoreB,NORMAL,The amount $230.67 is typical for general spending behavior.
8126,3522.17,StoreB,ANOMALY,The amount $3522.17 is unusually high compared to typical spending.
2537,194.24,StoreB,NORMAL,The amount $194.24 is typical for general spending behavior.
8933,137.22,StoreC,NORMAL,The amount $137.22 is typical for general spending behavior.
7999,132.13,StoreC,NORMAL,The amount $132.13 is typical for general spending behavior.
8106,238.39,StoreA,NORMAL,The amount $238.39 is typical for general spending behavior.
9808,367.39,StoreA,NORMAL,The amount $367.39 is typical for general spending behavior.
6327,249.77,StoreC,NORMAL,The amount $249.77 is typical for general spending behavior.
4675,143.39,StoreB,NORMAL,The amount $143.39 is typical for general spending behavior.
4341,2.7,StoreC,ANOMALY,The amount $2.7 is extremely small and may indicate refund fraud or abnormal activity.
1552,6213.28,StoreC,ANOMALY,The amount $6213.28 is unusually high compared to typical spending.
8624,227.5,StoreB,NORMAL,The amount $227.5 is typical for general spending behavior.
7303,90.66,StoreC,NORMAL,The amount $90.66 is typical for normal spending and does not indicate suspicious behavior.
1910,244.32,StoreC,NORMAL,The amount $244.32 is typical for general spending behavior.
5491,282.36,RareStoreX,ANOMALY,The location 'RareStoreX' is unusual compared to common transaction locations.
4543,198.48,StoreC,NORMAL,The amount $198.48 is typical for general spending behavior.
5429,107.49,StoreA,NORMAL,The amount $107.49 is typical for general spending behavior.
9258,259.99,StoreA,NORMAL,The amount $259.99 is typical for general spending behavior.
5274,179.29,StoreA,NORMAL,The amount $179.29 is typical for general spending behavior.
5747,126.04,StoreB,NORMAL,The amount $126.04 is typical for general spending behavior.
6120,186.18,StoreA,NORMAL,The amount $186.18 is typical for general spending behavior.
9938,243.27,StoreA,NORMAL,The amount $243.27 is typical for general spending behavior.
5674,74.33,StoreB,NORMAL,The amount $74.33 is typical for general spending behavior.
3127,1.81,StoreC,ANOMALY,The amount $1.81 is extremely small and may indicate refund fraud or abnormal activity.
4499,328.98,StoreA,NORMAL,The amount $328.98 is typical for general spending behavior.
6361,302.71,StoreA,NORMAL,The amount $302.71 is typical for general spending behavior.
4124,156.96,StoreC,NORMAL,The amount $156.96 is typical for general spending behavior.
8358,273.74,StoreB,NORMAL,The amount $273.74 is typical for general spending behavior.
9495,301.1,StoreA,NORMAL,The amount $301.1 is typical for general spending behavior.
2909,316.27,StoreC,NORMAL,The amount $316.27 is typical for general spending behavior.
1295,7793.11,StoreC,ANOMALY,The amount $7793.11 is unusually high compared to typical spending.
5062,122.13,StoreA,NORMAL,The amount $122.13 is typical for general spending behavior.
9015,289.95,StoreA,NORMAL,The amount $289.95 is typical for general spending behavior.
1071,189.5,StoreC,NORMAL,The amount $189.5 is typical for general spending behavior.
3283,225.05,StoreA,NORMAL,The amount $225.05 is typical for general spending behavior.
6158,2789.15,StoreA,ANOMALY,The amount $2789.15 is unusually high compared to typical spending.
7502,91.47,StoreB,NORMAL,The amount $91.47 is typical for general spending behavior.
8329,6044.14,StoreA,ANOMALY,The amount $6044.14 is unusually high compared to typical spending.
9221,223.48,StoreC,NORMAL,The amount $223.48 is typical for general spending behavior.
9836,6148.1,StoreA,ANOMALY,The amount $6148.1 is unusually high compared to typical spending.
2241,289.93,StoreC,NORMAL,The amount $289.93 is typical for general spending behavior.
2169,4922.09,StoreB,ANOMALY,The amount $4922.09 is unusually high compared to typical spending.
5753,4.51,StoreB,ANOMALY,The amount $4.51 is extremely small and may indicate refund fraud or abnormal activity.
5810,124.85,StoreA,NORMAL,The amount $124.85 is typical for general spending behavior.
5635,254.91,StoreB,NORMAL,The amount $254.91 is typical for general spending behavior.
1465,192.56,StoreA,NORMAL,The amount $192.56 is typical for general spending behavior.
3860,205.93,StoreA,NORMAL,The amount $205.93 is typical for general spending behavior.
7849,256.09,StoreC,NORMAL,The amount $256.09 is typical for general spending behavior.
8073,5578.68,StoreB,ANOMALY,The amount $5578.68 is unusually high compared to typical spending.
5711,3147.67,StoreA,ANOMALY,The amount $3147.67 is unusually high compared to typical spending.
1869,322.46,StoreC,NORMAL,The amount $322.46 is typical for general spending behavior.
8080,256.27,StoreA,NORMAL,The amount $256.27 is typical for general spending behavior.
6695,136.73,StoreC,NORMAL,The amount $136.73 is typical for general spending behavior.
5318,2745.12,StoreA,ANOMALY,The amount $2745.12 is unusually high compared to typical spending.
1473,50.05,StoreA,NORMAL,The amount $50.05 is typical for normal spending and does not indicate suspicious behavior.
8910,203.76,StoreC,NORMAL,The amount $203.76 is typical for general spending behavior.
9554,237.6,StoreB,NORMAL,The amount $237.6 is typical for general spending behavior.
9736,7666.63,StoreA,ANOMALY,The amount $7666.63 is unusually high compared to typical spending.
5944,3.59,StoreB,ANOMALY,The amount $3.59 is extremely small and may indicate refund fraud or abnormal activity.
8188,145.99,StoreB,NORMAL,The amount $145.99 is typical for general spending behavior.
6899,280.05,StoreA,NORMAL,The amount $280.05 is typical for general spending behavior.
5663,380.19,StoreC,NORMAL,The amount $380.19 is typical for general spending behavior.
9456,157.45,StoreB,NORMAL,The amount $157.45 is typical for normal spending and does not indicate suspicious behavior.
4635,141.53,StoreB,NORMAL,The amount $141.53 is typical for normal spending and does not indicate suspicious behavior.
8804,451.02,StoreC,NORMAL,The amount $451.02 is typical for general spending behavior.
6681,145.1,StoreC,NORMAL,The amount $145.1 is typical for general spending behavior.
9655,277.56,StoreC,NORMAL,The amount $277.56 is typical for general spending behavior.
4862,319.79,StoreB,NORMAL,The amount $319.79 is typical for general spending behavior.
6660,74.36,StoreB,NORMAL,The amount $74.36 is typical for general spending behavior.
9910,197.48,StoreA,NORMAL,The amount $197.48 is typical for general spending behavior.
2242,162.3,StoreC,NORMAL,The amount $162.3 is typical for general spending behavior.
9266,90.13,StoreB,NORMAL,The amount $90.13 is typical for general spending behavior.
6067,185.01,StoreC,NORMAL,The amount $185.01 is typical for general spending behavior.
3736,91.95,RareStoreX,ANOMALY,The location 'RareStoreX' is unusual compared to common transaction locations.
7787,250.67,StoreB,NORMAL,The amount $250.67 is typical for general spending behavior.
5663,126.35,StoreC,NORMAL,The amount $126.35 is typical for general spending behavior.
7068,7797.52,StoreA,ANOMALY,The amount $7797.52 is unusually high compared to typical spending.
3440,132.24,StoreC,NORMAL,The amount $132.24 is typical for general spending behavior.
7993,184.46,StoreB,NORMAL,The amount $184.46 is typical for general spending behavior.
4924,4031.21,StoreA,ANOMALY,The amount $4031.21 is unusually high compared to typical spending.
3248,3576.19,StoreC,ANOMALY,The amount $3576.19 is unusually high compared to typical spending.
9896,5693.02,StoreC,ANOMALY,The amount $5693.02 is unusually high compared to typical spending.
8952,151.37,StoreC,NORMAL,The amount $151.37 is typical for general spending behavior.
4933,34.06,RareStoreX,ANOMALY,The location 'RareStoreX' is unusual compared to common transaction locations.
6180,157.43,OutlierMallY,ANOMALY,The location 'OutlierMallY' is unusual compared to common transaction locations.
9606,219.72,StoreA,NORMAL,The amount $219.72 is typical for general spending behavior.
4462,2771.28,StoreB,ANOMALY,The amount $2771.28 is unusually high compared to typical spending.
4188,247.41,StoreC,NORMAL,The amount $247.41 is typical for general spending behavior.
7998,115.15,StoreA,NORMAL,The amount $115.15 is typical for general spending behavior.
4838,283.07,StoreC,NORMAL,The amount $283.07 is typical for general spending behavior.
1321,130.16,StoreB,NORMAL,The amount $130.16 is typical for general spending behavior.
1598,168.67,StoreA,NORMAL,The amount $168.67 is typical for general spending behavior.
3666,159.26,StoreC,NORMAL,The amount $159.26 is typical for general spending behavior.
1233,360.82,StoreB,NORMAL,The amount $360.82 is typical for general spending behavior.
4629,2.13,StoreC,ANOMALY,The amount $2.13 is extremely small and may indicate refund fraud or abnormal activity.
1680,291.19,StoreA,NORMAL,The amount $291.19 is typical for general spending behavior.
6835,5335.23,StoreC,ANOMALY,The amount $5335.23 is unusually high compared to typical spending.
7818,121.51,StoreC,NORMAL,The amount $121.51 is typical for general spending behavior.
5668,113.12,StoreC,NORMAL,The amount $113.12 is typical for general spending behavior.
7747,2109.2,StoreA,ANOMALY,The amount $2109.2 is unusually high compared to typical spending.
7168,3163.55,StoreA,ANOMALY,The amount $3163.55 is unusually high compared to typical spending.
1492,267.58,StoreC,NORMAL,The amount $267.58 is typical for general spending behavior.
2831,156.25,StoreB,NORMAL,The amount $156.25 is typical for general spending behavior.
9232,7874.8,StoreA,ANOMALY,The amount $7874.8 is unusually high compared to typical spending.
2409,2.26,StoreA,ANOMALY,The amount $2.26 is extremely small and may indicate refund fraud or abnormal activity.
9370,329.38,StoreA,NORMAL,The amount $329.38 is typical for general spending behavior.
6319,200.27,StoreC,NORMAL,The amount $200.27 is typical for general spending behavior.
1012,328.59,StoreB,NORMAL,The amount $328.59 is typical for general spending behavior.
2839,82.07,StoreC,NORMAL,The amount $82.07 is typical for general spending behavior.
6275,138.94,StoreB,NORMAL,The amount $138.94 is typical for general spending behavior.
5906,4085.15,StoreA,ANOMALY,The amount $4085.15 is unusually high compared to typical spending.
4414,176.21,StoreC,NORMAL,The amount $176.21 is typical for general spending behavior.
8444,143.03,StoreC,NORMAL,The amount $143.03 is typical for general spending behavior.
4863,197.35,StoreA,NORMAL,The amount $197.35 is typical for general spending behavior.
5016,143.84,StoreA,NORMAL,The amount $143.84 is typical for general spending behavior.
2325,2497.51,StoreC,ANOMALY,The amount $2497.51 is unusually high compared to typical spending.
5905,7408.79,StoreA,ANOMALY,The amount $7408.79 is unusually high compared to typical spending.
2439,184.29,StoreB,NORMAL,The amount $184.29 is typical for general spending behavior.
9381,46.43,StoreA,NORMAL,The amount $46.43 is typical for general spending behavior.
8222,4.23,StoreA,ANOMALY,The amount $4.23 is extremely small and may indicate refund fraud or abnormal activity.
5865,197.34,StoreA,NORMAL,The amount $197.34 is typical for general spending behavior.
9774,225.92,StoreA,NORMAL,The amount $225.92 is typical for general spending behavior.
6827,193.63,StoreC,NORMAL,The amount $193.63 is typical for general spending behavior.
8717,5265.51,StoreB,ANOMALY,The amount $5265.51 is unusually high compared to typical spending.
1066,230.17,StoreC,NORMAL,The amount $230.17 is typical for general spending behavior.
2645,91.45,StoreA,NORMAL,The amount $91.45 is typical for general spending behavior.
5543,92.63,StoreC,NORMAL,The amount $92.63 is typical for general spending behavior.
3769,218.55,StoreB,NORMAL,The amount $218.55 is typical for general spending behavior.
2217,6128.66,StoreC,ANOMALY,The amount $6128.66 is unusually high compared to typical spending.
3213,50.89,StoreB,NORMAL,The amount $50.89 is typical for normal spending and does not indicate suspicious behavior.
1712,203.49,StoreB,NORMAL,The amount $203.49 is typical for general spending behavior.
5838,110.43,StoreA,NORMAL,The amount $110.43 is typical for general spending behavior.
7531,192.36,StoreC,NORMAL,The amount $192.36 is typical for general spending behavior.
1024,5329.85,StoreB,ANOMALY,The amount $5329.85 is unusually high compared to typical spending.
4642,6372.26,StoreB,ANOMALY,The amount $6372.26 is unusually high compared to typical spending.
2634,4303.76,StoreC,ANOMALY,The amount $4303.76 is unusually high compared to typical spending.
8953,140.6,StoreA,NORMAL,The amount $140.6 is typical for general spending behavior.
5841,222.13,StoreB,NORMAL,The amount $222.13 is typical for general spending behavior.
7339,88.78,StoreA,NORMAL,The amount $88.78 is typical for general spending behavior.
9102,3366.26,StoreC,ANOMALY,The amount $3366.26 is unusually high compared to typical spending.
4497,4365.48,StoreC,ANOMALY,The amount $4365.48 is unusually high compared to typical spending.
9275,1.17,StoreB,ANOMALY,The amount $1.17 is extremely small and may indicate refund fraud or abnormal activity.
1755,144.82,StoreC,NORMAL,The amount $144.82 is typical for general spending behavior.
9106,277.73,StoreB,NORMAL,The amount $277.73 is typical for general spending behavior.
8630,189.96,StoreB,NORMAL,The amount $189.96 is typical for general spending behavior.
8807,105.53,StoreB,NORMAL,The amount $105.53 is typical for general spending behavior.
2030,205.4,StoreA,NORMAL,The amount $205.4 is typical for general spending behavior.
9069,0.86,StoreC,ANOMALY,The amount $0.86 is extremely small and may indicate refund fraud or abnormal activity.
6934,178.7,StoreB,NORMAL,The amount $178.7 is typical for normal spending and does not indicate suspicious behavior.
9836,24.81,StoreB,NORMAL,The amount $24.81 is typical for general spending behavior.
4385,282.55,StoreA,NORMAL,The amount $282.55 is typical for general spending behavior.
3268,221.36,StoreA,NORMAL,The amount $221.36 is typical for general spending behavior.
4305,220.02,StoreA,NORMAL,The amount $220.02 is typical for general spending behavior.
9741,151.53,StoreB,NORMAL,The amount $151.53 is typical for general spending behavior.
9210,237.98,StoreA,NORMAL,The amount $237.98 is typical for general spending behavior.
4876,232.32,StoreA,NORMAL,The amount $232.32 is typical for general spending behavior.
9653,265.61,StoreA,NORMAL,The amount $265.61 is typical for general spending behavior.
7083,304.35,StoreC,NORMAL,The amount $304.35 is typical for general spending behavior.
3073,96.34,StoreB,NORMAL,The amount $96.34 is typical for normal spending and does not indicate suspicious behavior.
4671,250.81,StoreA,NORMAL,The amount $250.81 is typical for general spending behavior.
2415,282.16,StoreA,NORMAL,The amount $282.16 is typical for general spending behavior.
6723,100.83,StoreC,NORMAL,The amount $100.83 is typical for normal spending and does not indicate suspicious behavior.
3511,0.6,StoreB,ANOMALY,The amount $0.6 is extremely small and may indicate refund fraud or abnormal activity.
6487,296.53,StoreC,NORMAL,The amount $296.53 is typical for general spending behavior.
3538,181.57,StoreB,NORMAL,The amount $181.57 is typical for general spending behavior.
9650,141.52,StoreA,NORMAL,The amount $141.52 is typical for general spending behavior.
6244,5532.34,StoreB,ANOMALY,The amount $5532.34 is unusually high compared to typical spending.
6873,261.29,StoreB,NORMAL,The amount $261.29 is typical for general spending behavior.
5671,423.99,OutlierMallY,ANOMALY,The location 'OutlierMallY' is unusual compared to common transaction locations.
4996,200.05,StoreA,NORMAL,The amount $200.05 is typical for general spending behavior.
5840,335.66,StoreB,NORMAL,The amount $335.66 is typical for general spending behavior.
1037,286.88,StoreB,NORMAL,The amount $286.88 is typical for general spending behavior.
6263,306.33,StoreA,NORMAL,The amount $306.33 is typical for general spending behavior.
6011,135.59,StoreB,NORMAL,The amount $135.59 is typical for general spending behavior.
3274,237.33,StoreA,NORMAL,The amount $237.33 is typical for general spending behavior.
4338,265.86,StoreC,NORMAL,The amount $265.86 is typical for general spending behavior.
3592,310.06,StoreC,NORMAL,The amount $310.06 is typical for general spending behavior.
4264,6216.77,StoreC,ANOMALY,The amount $6216.77 is unusually high compared to typical spending.
1559,366.88,StoreB,NORMAL,The amount $366.88 is typical for general spending behavior.
6848,167.18,OutlierMallY,ANOMALY,The location 'OutlierMallY' is unusual compared to common transaction locations.
4785,61.94,StoreB,NORMAL,The amount $61.94 is typical for general spending behavior.
6622,196.35,StoreB,NORMAL,The amount $196.35 is typical for general spending behavior.
7101,157.95,StoreB,NORMAL,The amount $157.95 is typical for general spending behavior.
1797,253.5,StoreC,NORMAL,The amount $253.5 is typical for general spending behavior.
1470,246.95,StoreC,NORMAL,The amount $246.95 is typical for general spending behavior.
3666,130.71,StoreC,NORMAL,The amount $130.71 is typical for general spending behavior.
4247,176.19,StoreC,NORMAL,The amount $176.19 is typical for general spending behavior.
3130,42.69,StoreA,NORMAL,The amount $42.69 is typical for general spending behavior.
2779,54.56,StoreB,NORMAL,The amount $54.56 is typical for general spending behavior.
2558,283.53,StoreC,NORMAL,The amount $283.53 is typical for general spending behavior.
1768,326.44,StoreC,NORMAL,The amount $326.44 is typical for general spending behavior.
3994,256.06,StoreC,NORMAL,The amount $256.06 is typical for general spending behavior.
1540,295.24,StoreA,NORMAL,The amount $295.24 is typical for general spending behavior.
9253,109.8,StoreB,NORMAL,The amount $109.8 is typical for general spending behavior.
2744,287.78,StoreC,NORMAL,The amount $287.78 is typical for general spending behavior.
8339,173.79,StoreC,NORMAL,The amount $173.79 is typical for general spending behavior.
8614,106.27,StoreC,NORMAL,The amount $106.27 is typical for general spending behavior.
4900,193.35,StoreB,NORMAL,The amount $193.35 is typical for general spending behavior.
2860,155.03,StoreC,NORMAL,The amount $155.03 is typical for general spending behavior.
1074,124.15,StoreC,NORMAL,The amount $124.15 is typical for normal spending and does not indicate suspicious behavior.
1539,217.91,StoreA,NORMAL,The amount $217.91 is typical for general spending behavior.
3474,160.94,StoreC,NORMAL,The amount $160.94 is typical for general spending behavior.
6261,254.56,StoreA,NORMAL,The amount $254.56 is typical for general spending behavior.
6188,183.82,StoreC,NORMAL,The amount $183.82 is typical for general spending behavior.
3105,131.51,StoreB,NORMAL,The amount $131.51 is typical for general spending behavior.
7393,261.75,StoreB,NORMAL,The amount $261.75 is typical for general spending behavior.
4370,202.09,StoreC,NORMAL,The amount $202.09 is typical for general spending behavior.
9140,277.85,StoreC,NORMAL,The amount $277.85 is typical for general spending behavior.
3367,331.36,StoreC,NORMAL,The amount $331.36 is typical for general spending behavior.
5662,196.99,StoreA,NORMAL,The amount $196.99 is typical for general spending behavior.
7212,249.6,RareStoreX,ANOMALY,The location 'RareStoreX' is unusual compared to common transaction locations.
3083,137.3,StoreC,NORMAL,The amount $137.3 is typical for general spending behavior.
7284,213.67,StoreB,NORMAL,The amount $213.67 is typical for general spending behavior.
8501,227.89,StoreA,NORMAL,The amount $227.89 is typical for general spending behavior.
7874,4755.76,StoreC,ANOMALY,The amount $4755.76 is unusually high compared to typical spending.
5727,2.36,StoreC,NORMAL,The amount $2.36 is typical for general spending behavior.
7123,89.38,StoreB,NORMAL,The amount $89.38 is typical for general spending behavior.
2431,108.76,RareStoreX,ANOMALY,The location 'RareStoreX' is unusual compared to common transaction locations.
3315,7940.99,StoreC,ANOMALY,The amount $7940.99 is unusually high compared to typical spending.
3354,360.98,StoreA,NORMAL,The amount $360.98 is typical for general spending behavior.
9027,126.21,StoreC,NORMAL,The amount $126.21 is typical for general spending behavior.
8256,63.71,OutlierMallY,ANOMALY,The location 'OutlierMallY' is unusual compared to common transaction locations.
3433,161.35,StoreB,NORMAL,The amount $161.35 is typical for general spending behavior.
3570,276.82,StoreA,NORMAL,The amount $276.82 is typical for general spending behavior.
8388,80.28,StoreB,NORMAL,The amount $80.28 is typical for general spending behavior.
6996,163.95,OutlierMallY,ANOMALY,The location 'OutlierMallY' is unusual compared to common transaction locations.
4424,220.58,StoreA,NORMAL,The amount $220.58 is typical for general spending behavior.
6173,371.61,StoreA,NORMAL,The amount $371.61 is typical for general spending behavior.
7041,291.43,StoreC,NORMAL,The amount $291.43 is typical for general spending behavior.
3366,286.56,StoreA,NORMAL,The amount $286.56 is typical for general spending behavior.
5690,254.55,StoreC,NORMAL,The amount $254.55 is typical for general spending behavior.
3224,317.69,StoreC,NORMAL,The amount $317.69 is typical for general spending behavior.
3916,177.85,StoreB,NORMAL,The amount $177.85 is typical for general spending behavior.
9194,193.53,StoreB,NORMAL,The amount $193.53 is typical for general spending behavior.
6591,240.44,StoreA,NORMAL,The amount $240.44 is typical for general spending behavior.
5717,234.88,StoreC,NORMAL,The amount $234.88 is typical for general spending behavior.
9428,5873.62,StoreC,ANOMALY,The amount $5873.62 is unusually high compared to typical spending.
9576,2838.21,StoreB,ANOMALY,The amount $2838.21 is unusually high compared to typical spending.
3956,210.02,StoreB,NORMAL,The amount $210.02 is typical for general spending behavior.
4775,185.93,StoreB,NORMAL,The amount $185.93 is typical for general spending behavior.
7645,204.13,StoreB,NORMAL,The amount $204.13 is typical for general spending behavior.
7569,202.02,StoreC,NORMAL,The amount $202.02 is typical for general spending behavior.
3188,1.55,StoreB,ANOMALY,The amount $1.55 is extremely small and may indicate refund fraud or abnormal activity.
3597,119.48,StoreA,NORMAL,The amount $119.48 is typical for general spending behavior.
9879,217.34,StoreC,NORMAL,The amount $217.34 is typical for general spending behavior.
1180,82.3,StoreA,NORMAL,The amount $82.3 is typical for normal spending and does not indicate suspicious behavior.
7711,108.04,OutlierMallY,ANOMALY,The location 'OutlierMallY' is unusual compared to common transaction locations.
6560,36.95,StoreC,NORMAL,The amount $36.95 is typical for general spending behavior.
8594,137.81,StoreC,NORMAL,The amount $137.81 is typical for general spending behavior.
2906,218.32,StoreB,NORMAL,The amount $218.32 is typical for general spending behavior.
8248,190.7,StoreA,NORMAL,The amount $190.7 is typical for general spending behavior.
9023,247.79,StoreB,NORMAL,The amount $247.79 is typical for general spending behavior.
1838,5823.68,StoreB,ANOMALY,The amount $5823.68 is unusually high compared to typical spending.
4535,251.24,StoreC,NORMAL,The amount $251.24 is typical for general spending behavior.
6722,133.12,StoreC,NORMAL,The amount $133.12 is typical for general spending behavior.
7865,125.85,StoreB,NORMAL,The amount $125.85 is typical for general spending behavior.
3000,265.63,StoreC,NORMAL,The amount $265.63 is typical for general spending behavior.
3155,7319.74,StoreC,ANOMALY,The amount $7319.74 is unusually high compared to typical spending.
1770,201.25,StoreA,NORMAL,The amount $201.25 is typical for general spending behavior.
3093,129.73,StoreC,NORMAL,The amount $129.73 is typical for general spending behavior.
9399,189.01,StoreA,NORMAL,The amount $189.01 is typical for general spending behavior.
6493,251.48,OutlierMallY,ANOMALY,The location 'OutlierMallY' is unusual compared to common transaction locations.
2361,8.34,StoreC,NORMAL,The amount $8.34 is typical for general spending behavior.
4644,140.6,StoreB,NORMAL,The amount $140.6 is typical for general spending behavior.
1163,6131.5,StoreA,ANOMALY,The amount $6131.5 is unusually high compared to typical spending.
1665,161.92,RareStoreX,ANOMALY,The location 'RareStoreX' is unusual compared to common transaction locations.
2206,3.08,StoreC,ANOMALY,The amount $3.08 is extremely small and may indicate refund fraud or abnormal activity.
5600,2969.66,StoreC,ANOMALY,The amount $2969.66 is unusually high compared to typical spending.
6423,29.7,StoreA,NORMAL,The amount $29.7 is typical for general spending behavior.
2132,198.92,StoreA,NORMAL,The amount $198.92 is typical for general spending behavior.
3537,279.69,StoreB,NORMAL,The amount $279.69 is typical for general spending behavior.
1555,160.56,StoreA,NORMAL,The amount $160.56 is typical for general spending behavior.
9283,229.39,StoreA,NORMAL,The amount $229.39 is typical for general spending behavior.
5431,286.08,StoreA,NORMAL,The amount $286.08 is typical for general spending behavior.
1267,238.36,StoreC,NORMAL,The amount $238.36 is typical for general spending behavior.
2764,281.15,StoreB,NORMAL,The amount $281.15 is typical for general spending behavior.
3639,221.18,StoreB,NORMAL,The amount $221.18 is typical for general spending behavior.
4724,231.17,StoreC,NORMAL,The amount $231.17 is typical for general spending behavior.
7225,4248.04,StoreB,ANOMALY,The amount $4248.04 is unusually high compared to typical spending.
5462,2768.11,StoreB,ANOMALY,The amount $2768.11 is unusually high compared to typical spending.
9380,6851.65,StoreB,ANOMALY,The amount $6851.65 is unusually high compared to typical spending.
7854,6344.0,StoreC,ANOMALY,The amount $6344.0 is unusually high compared to typical spending.
8694,285.95,StoreB,NORMAL,The amount $285.95 is typical for general spending behavior.
5701,3105.18,StoreC,ANOMALY,The amount $3105.18 is unusually high compared to typical spending.
7065,322.59,StoreC,NORMAL,The amount $322.59 is typical for general spending behavior.
4057,241.83,StoreC,NORMAL,The amount $241.83 is typical for general spending behavior.
2777,180.34,StoreA,NORMAL,The amount $180.34 is typical for general spending behavior.
7121,230.55,StoreA,NORMAL,The amount $230.55 is typical for general spending behavior.
9378,268.44,StoreB,NORMAL,The amount $268.44 is typical for general spending behavior.
8619,353.12,StoreB,NORMAL,The amount $353.12 is typical for general spending behavior.
5648,178.97,StoreC,NORMAL,The amount $178.97 is typical for general spending behavior.
3510,153.93,StoreC,NORMAL,The amount $153.93 is typical for general spending behavior.
7850,160.02,StoreC,NORMAL,The amount $160.02 is typical for general spending behavior.
5125,61.52,StoreC,NORMAL,The amount $61.52 is typical for normal spending and does not indicate suspicious behavior.
6945,67.9,RareStoreX,ANOMALY,The location 'RareStoreX' is unusual compared to common transaction locations.
6640,275.01,StoreC,NORMAL,The amount $275.01 is typical for general spending behavior.
9982,7723.37,StoreB,ANOMALY,The amount $7723.37 is unusually high compared to typical spending.
3646,208.68,StoreB,NORMAL,The amount $208.68 is typical for general spending behavior.
5725,189.39,StoreA,NORMAL,The amount $189.39 is typical for general spending behavior.
5374,87.64,StoreB,NORMAL,The amount $87.64 is typical for normal spending and does not indicate suspicious behavior.
9780,48.84,StoreB,NORMAL,The amount $48.84 is typical for general spending behavior.
4513,195.03,StoreC,NORMAL,The amount $195.03 is typical for normal spending and does not indicate suspicious behavior.
4949,240.32,StoreA,NORMAL,The amount $240.32 is typical for general spending behavior.
8105,91.21,StoreC,NORMAL,The amount $91.21 is typical for general spending behavior.
5300,122.04,StoreC,NORMAL,The amount $122.04 is typical for general spending behavior.
4570,4253.05,StoreA,ANOMALY,The amount $4253.05 is unusually high compared to typical spending.
7412,4337.32,StoreB,ANOMALY,The amount $4337.32 is unusually high compared to typical spending.
4597,298.21,OutlierMallY,ANOMALY,The location 'OutlierMallY' is unusual compared to common transaction locations.
2193,305.19,StoreB,NORMAL,The amount $305.19 is typical for general spending behavior.
2896,208.6,StoreA,NORMAL,The amount $208.6 is typical for general spending behavior.
5350,359.4,StoreC,NORMAL,The amount $359.4 is typical for general spending behavior.
9018,5881.57,StoreA,ANOMALY,The amount $5881.57 is unusually high compared to typical spending.
1117,10.97,StoreA,NORMAL,The amount $10.97 is typical for general spending behavior.
7499,133.17,StoreB,NORMAL,The amount $133.17 is typical for general spending behavior.
6455,181.04,StoreA,NORMAL,The amount $181.04 is typical for general spending behavior.
1703,131.96,StoreB,NORMAL,The amount $131.96 is typical for general spending behavior.
4510,231.06,StoreC,NORMAL,The amount $231.06 is typical for general spending behavior.
4598,139.54,StoreA,NORMAL,The amount $139.54 is typical for general spending behavior.
4019,282.6,StoreB,NORMAL,The amount $282.6 is typical for general spending behavior.
3685,348.62,StoreC,NORMAL,The amount $348.62 is typical for general spending behavior.
8848,279.36,StoreB,NORMAL,The amount $279.36 is typical for general spending behavior.
3483,3201.92,StoreA,ANOMALY,The amount $3201.92 is unusually high compared to typical spending.
7732,6878.71,StoreA,ANOMALY,The amount $6878.71 is unusually high compared to typical spending.
6896,358.98,StoreC,NORMAL,The amount $358.98 is typical for general spending behavior.
2779,224.58,StoreA,NORMAL,The amount $224.58 is typical for general spending behavior.
7104,150.24,StoreB,NORMAL,The amount $150.24 is typical for general spending behavior.
2971,235.08,StoreC,NORMAL,The amount $235.08 is typical for general spending behavior.
9592,185.86,StoreA,NORMAL,The amount $185.86 is typical for general spending behavior.
1722,271.5,StoreC,NORMAL,The amount $271.5 is typical for general spending behavior.
7634,191.73,StoreA,NORMAL,The amount $191.73 is typical for general spending behavior.
1882,5390.05,StoreB,ANOMALY,The amount $5390.05 is unusually high compared to typical spending.
8925,120.76,StoreC,NORMAL,The amount $120.76 is typical for general spending behavior.
7704,257.23,StoreC,NORMAL,The amount $257.23 is typical for general spending behavior.
8971,274.99,RareStoreX,ANOMALY,The location 'RareStoreX' is unusual compared to common transaction locations.
8045,200.47,OutlierMallY,ANOMALY,The location 'OutlierMallY' is unusual compared to common transaction locations.
1948,180.95,StoreB,NORMAL,The amount $180.95 is typical for general spending behavior.
4433,173.19,OutlierMallY,ANOMALY,The location 'OutlierMallY' is unusual compared to common transaction locations.
7021,135.01,StoreB,NORMAL,The amount $135.01 is typical for general spending behavior.
1637,3631.08,StoreC,ANOMALY,The amount $3631.08 is unusually high compared to typical spending.
5374,234.64,StoreC,NORMAL,The amount $234.64 is typical for general spending behavior.
8064,37.99,StoreB,NORMAL,The amount $37.99 is typical for general spending behavior.
7708,392.93,StoreB,NORMAL,The amount $392.93 is typical for general spending behavior.
2790,304.57,StoreC,NORMAL,The amount $304.57 is typical for general spending behavior.
8686,235.89,StoreB,NORMAL,The amount $235.89 is typical for general spending behavior.
2715,45.79,StoreC,NORMAL,The amount $45.79 is typical for general spending behavior.
3018,239.36,StoreB,NORMAL,The amount $239.36 is typical for general spending behavior.
9697,176.08,StoreC,NORMAL,The amount $176.08 is typical for general spending behavior.
7713,181.23,StoreB,NORMAL,The amount $181.23 is typical for general spending behavior.
8833,310.41,StoreA,NORMAL,The amount $310.41 is typical for general spending behavior.
2660,230.94,StoreB,NORMAL,The amount $230.94 is typical for general spending behavior.
8313,123.59,StoreA,NORMAL,The amount $123.59 is typical for general spending behavior.
6609,266.35,StoreC,NORMAL,The amount $266.35 is typical for general spending behavior.
9494,245.17,StoreA,NORMAL,The amount $245.17 is typical for general spending behavior.
6150,157.38,StoreB,NORMAL,The amount $157.38 is typical for general spending behavior.
2909,221.08,StoreC,NORMAL,The amount $221.08 is typical for general spending behavior.
6058,1.47,StoreC,ANOMALY,The amount $1.47 is extremely small and may indicate refund fraud or abnormal activity.
1839,192.69,StoreA,NORMAL,The amount $192.69 is typical for general spending behavior.
6340,192.07,StoreA,NORMAL,The amount $192.07 is typical for general spending behavior.
6721,2216.92,StoreB,ANOMALY,The amount $2216.92 is unusually high compared to typical spending.
1204,5795.96,StoreA,ANOMALY,The amount $5795.96 is unusually high compared to typical spending.
5038,223.65,StoreA,NORMAL,The amount $223.65 is typical for general spending behavior.
3267,212.04,OutlierMallY,ANOMALY,The location 'OutlierMallY' is unusual compared to common transaction locations.
7857,65.49,StoreA,NORMAL,The amount $65.49 is typical for normal spending and does not indicate suspicious behavior.
8129,218.58,StoreC,NORMAL,The amount $218.58 is typical for general spending behavior.
1120,245.85,StoreB,NORMAL,The amount $245.85 is typical for general spending behavior.
7828,7576.09,StoreC,ANOMALY,The amount $7576.09 is unusually high compared to typical spending.
3311,171.2,StoreA,NORMAL,The amount $171.2 is typical for general spending behavior.
5898,2726.77,StoreB,ANOMALY,The amount $2726.77 is unusually high compared to typical spending.
5070,139.57,StoreA,NORMAL,The amount $139.57 is typical for general spending behavior.
1789,170.35,StoreA,NORMAL,The amount $170.35 is typical for general spending behavior.
8522,189.28,StoreB,NORMAL,The amount $189.28 is typical for general spending behavior.
9849,3390.2,StoreA,ANOMALY,The amount $3390.2 is unusually high compared to typical spending.
1212,233.07,StoreB,NORMAL,The amount $233.07 is typical for general spending behavior.
4264,144.86,StoreA,NORMAL,The amount $144.86 is typical for general spending behavior.
5958,1.8,StoreB,ANOMALY,The amount $1.8 is extremely small and may indicate refund fraud or abnormal activity.
2803,190.05,StoreC,NORMAL,The amount $190.05 is typical for normal spending and does not indicate suspicious behavior.
3040,2841.94,StoreB,ANOMALY,The amount $2841.94 is unusually high compared to typical spending.
5624,4755.91,StoreC,ANOMALY,The amount $4755.91 is unusually high compared to typical spending.
7572,310.52,StoreA,NORMAL,The amount $310.52 is typical for general spending behavior.
2587,338.2,StoreB,NORMAL,The amount $338.2 is typical for general spending behavior.
7973,145.94,StoreB,NORMAL,The amount $145.94 is typical for general spending behavior.
2138,139.0,StoreC,NORMAL,The amount $139.0 is typical for general spending behavior.
2787,217.85,StoreA,NORMAL,The amount $217.85 is typical for general spending behavior.
8668,109.15,StoreA,NORMAL,The amount $109.15 is typical for normal spending and does not indicate suspicious behavior.
7594,163.11,StoreC,NORMAL,The amount $163.11 is typical for general spending behavior.
9408,248.33,StoreC,NORMAL,The amount $248.33 is typical for general spending behavior.
7458,339.97,StoreB,NORMAL,The amount $339.97 is typical for general spending behavior.
5019,154.82,StoreB,NORMAL,The amount $154.82 is typical for general spending behavior.
9292,105.2,StoreB,NORMAL,The amount $105.2 is typical for normal spending and does not indicate suspicious behavior.
5537,140.22,StoreC,NORMAL,The amount $140.22 is typical for general spending behavior.
7297,178.02,StoreC,NORMAL,The amount $178.02 is typical for normal spending and does not indicate suspicious behavior.
4170,330.59,StoreC,NORMAL,The amount $330.59 is typical for general spending behavior.
8062,76.14,StoreC,NORMAL,The amount $76.14 is typical for normal spending and does not indicate suspicious behavior.
2108,152.67,StoreC,NORMAL,The amount $152.67 is typical for general spending behavior.
6383,202.62,StoreC,NORMAL,The amount $202.62 is typical for general spending behavior.
4963,161.64,StoreB,NORMAL,The amount $161.64 is typical for general spending behavior.
9998,111.48,StoreA,NORMAL,The amount $111.48 is typical for general spending behavior.
7112,178.67,StoreB,NORMAL,The amount $178.67 is typical for general spending behavior.
7976,280.92,StoreA,NORMAL,The amount $280.92 is typical for general spending behavior.
4923,69.01,StoreC,NORMAL,The amount $69.01 is typical for normal spending and does not indicate suspicious behavior.
9802,182.59,StoreC,NORMAL,The amount $182.59 is typical for general spending behavior.
7033,157.58,StoreC,NORMAL,The amount $157.58 is typical for general spending behavior.
6951,42.08,OutlierMallY,ANOMALY,The location 'OutlierMallY' is unusual compared to common transaction locations.
6154,163.42,StoreA,NORMAL,The amount $163.42 is typical for general spending behavior.
4740,185.62,StoreB,NORMAL,The amount $185.62 is typical for normal spending and does not indicate suspicious behavior.
1686,295.12,StoreC,NORMAL,The amount $295.12 is typical for general spending behavior.
6741,144.26,StoreA,NORMAL,The amount $144.26 is typical for general spending behavior.
4679,134.09,StoreA,NORMAL,The amount $134.09 is typical for general spending behavior.
3347,206.2,StoreC,NORMAL,The amount $206.2 is typical for general spending behavior.
3473,23.96,RareStoreX,ANOMALY,The location 'RareStoreX' is unusual compared to common transaction locations.
7154,4288.21,StoreA,ANOMALY,The amount $4288.21 is unusually high compared to typical spending.
5224,301.35,StoreC,NORMAL,The amount $301.35 is typical for general spending behavior.
2259,95.05,StoreA,NORMAL,The amount $95.05 is typical for general spending behavior.
5670,255.71,StoreA,NORMAL,The amount $255.71 is typical for general spending behavior.
7475,133.85,StoreA,NORMAL,The amount $133.85 is typical for general spending behavior.
6920,234.91,StoreB,NORMAL,The amount $234.91 is typical for general spending behavior.
5354,309.83,StoreC,NORMAL,The amount $309.83 is typical for general spending behavior.
5099,264.57,StoreC,NORMAL,The amount $264.57 is typical for general spending behavior.
1080,181.25,StoreA,NORMAL,The amount $181.25 is typical for general spending behavior.
4610,137.13,StoreC,NORMAL,The amount $137.13 is typical for normal spending and does not indicate suspicious behavior.
9419,245.58,StoreB,NORMAL,The amount $245.58 is typical for general spending behavior.
8054,195.54,StoreC,NORMAL,The amount $195.54 is typical for normal spending and does not indicate suspicious behavior.
8968,237.86,StoreA,NORMAL,The amount $237.86 is typical for general spending behavior.
3627,196.21,StoreC,NORMAL,The amount $196.21 is typical for normal spending and does not indicate suspicious behavior.
8084,199.57,RareStoreX,ANOMALY,The location 'RareStoreX' is unusual compared to common transaction locations.
3456,2.69,StoreC,ANOMALY,The amount $2.69 is extremely small and may indicate refund fraud or abnormal activity.
4160,132.29,StoreC,NORMAL,The amount $132.29 is typical for general spending behavior.
9221,78.49,StoreB,NORMAL,The amount $78.49 is typical for general spending behavior.
9620,226.8,StoreB,NORMAL,The amount $226.8 is typical for general spending behavior.
3580,161.57,StoreA,NORMAL,The amount $161.57 is typical for normal spending and does not indicate suspicious behavior.
1541,397.06,StoreB,NORMAL,The amount $397.06 is typical for general spending behavior.
4970,119.97,StoreB,NORMAL,The amount $119.97 is typical for normal spending and does not indicate suspicious behavior.
5651,122.03,StoreA,NORMAL,The amount $122.03 is typical for general spending behavior.
5646,320.27,StoreC,NORMAL,The amount $320.27 is typical for general spending behavior.
9736,235.24,StoreA,NORMAL,The amount $235.24 is typical for general spending behavior.
3337,154.26,StoreA,NORMAL,The amount $154.26 is typical for general spending behavior.
4468,3836.89,StoreB,ANOMALY,The amount $3836.89 is unusually high compared to typical spending.
3438,7207.78,StoreA,ANOMALY,The amount $7207.78 is unusually high compared to typical spending.
3577,232.97,OutlierMallY,ANOMALY,The location 'OutlierMallY' is unusual compared to common transaction locations.
7554,163.82,StoreB,NORMAL,The amount $163.82 is typical for general spending behavior.
4598,267.36,StoreC,NORMAL,The amount $267.36 is typical for general spending behavior.
7578,226.89,StoreB,NORMAL,The amount $226.89 is typical for general spending behavior.
2079,74.86,StoreB,NORMAL,The amount $74.86 is typical for general spending behavior.
9896,1.26,StoreA,ANOMALY,The amount $1.26 is extremely small and may indicate refund fraud or abnormal activity.
4109,186.05,StoreA,NORMAL,The amount $186.05 is typical for general spending behavior.
9000,147.37,StoreA,NORMAL,The amount $147.37 is typical for general spending behavior.
6988,159.1,StoreC,NORMAL,The amount $159.1 is typical for general spending behavior.
6072,61.48,StoreA,NORMAL,The amount $61.48 is typical for normal spending and does not indicate suspicious behavior.
7942,146.97,StoreA,NORMAL,The amount $146.97 is typical for general spending behavior.
6463,220.78,StoreA,NORMAL,The amount $220.78 is typical for general spending behavior.
1421,97.36,StoreC,NORMAL,The amount $97.36 is typical for general spending behavior.
7959,1.7,StoreC,ANOMALY,The amount $1.7 is extremely small and may indicate refund fraud or abnormal activity.
2616,87.79,StoreC,NORMAL,The amount $87.79 is typical for general spending behavior.
7783,162.95,StoreA,NORMAL,The amount $162.95 is typical for general spending behavior.
8928,165.47,StoreC,NORMAL,The amount $165.47 is typical for general spending behavior.
4774,267.45,StoreA,NORMAL,The amount $267.45 is typical for general spending behavior.
2105,210.83,RareStoreX,ANOMALY,The location 'RareStoreX' is unusual compared to common transaction locations.
1216,295.09,StoreA,NORMAL,The amount $295.09 is typical for general spending behavior.
1918,14.71,StoreA,NORMAL,The amount $14.71 is typical for general spending behavior.
1946,0.56,StoreB,ANOMALY,The amount $0.56 is extremely small and may indicate refund fraud or abnormal activity.
9401,355.3,StoreC,NORMAL,The amount $355.3 is typical for general spending behavior.
2040,228.56,StoreB,NORMAL,The amount $228.56 is typical for general spending behavior.
2278,212.64,StoreB,NORMAL,The amount $212.64 is typical for general spending behavior.
8147,191.15,StoreA,NORMAL,The amount $191.15 is typical for general spending behavior.
7229,242.56,StoreB,NORMAL,The amount $242.56 is typical for general spending behavior.
9511,220.88,StoreC,NORMAL,The amount $220.88 is typical for general spending behavior.
5298,190.55,StoreB,NORMAL,The amount $190.55 is typical for general spending behavior.
1773,139.09,StoreB,NORMAL,The amount $139.09 is typical for general spending behavior.
7548,78.17,StoreB,NORMAL,The amount $78.17 is typical for normal spending and does not indicate suspicious behavior.
6355,242.77,StoreB,NORMAL,The amount $242.77 is typical for general spending behavior.
3855,196.18,StoreC,NORMAL,The amount $196.18 is typical for general spending behavior.
1906,76.34,StoreA,NORMAL,The amount $76.34 is typical for general spending behavior.
3989,267.74,StoreC,NORMAL,The amount $267.74 is typical for general spending behavior.
9103,7564.0,StoreC,ANOMALY,The amount $7564.0 is unusually high compared to typical spending.
4065,218.02,StoreB,NORMAL,The amount $218.02 is typical for general spending behavior.
4364,215.33,StoreA,NORMAL,The amount $215.33 is typical for general spending behavior.
2787,121.89,StoreA,NORMAL,The amount $121.89 is typical for normal spending and does not indicate suspicious behavior.
3322,229.92,StoreC,NORMAL,The amount $229.92 is typical for general spending behavior.
7668,5747.51,StoreA,ANOMALY,The amount $5747.51 is unusually high compared to typical spending.
2069,251.42,StoreC,NORMAL,The amount $251.42 is typical for general spending behavior.
7152,161.9,StoreB,NORMAL,The amount $161.9 is typical for general spending behavior.
5944,320.06,StoreC,NORMAL,The amount $320.06 is typical for general spending behavior.
4520,6177.38,StoreB,ANOMALY,The amount $6177.38 is unusually high compared to typical spending.
9075,166.79,StoreC,NORMAL,The amount $166.79 is typical for general spending behavior.
3322,294.94,StoreA,NORMAL,The amount $294.94 is typical for general spending behavior.
2996,295.16,StoreA,NORMAL,The amount $295.16 is typical for general spending behavior.
1939,175.1,StoreC,NORMAL,The amount $175.1 is typical for normal spending and does not indicate suspicious behavior.
8612,40.61,StoreA,NORMAL,The amount $40.61 is typical for general spending behavior.
8890,3.94,StoreA,ANOMALY,The amount $3.94 is extremely small and may indicate refund fraud or abnormal activity.
3010,191.65,StoreC,NORMAL,The amount $191.65 is typical for general spending behavior.
8257,80.08,StoreA,NORMAL,The amount $80.08 is typical for general spending behavior.
3329,177.21,StoreB,NORMAL,The amount $177.21 is typical for general spending behavior.
6976,241.41,StoreA,NORMAL,The amount $241.41 is typical for general spending behavior.
9123,225.93,StoreA,NORMAL,The amount $225.93 is typical for general spending behavior.
8630,217.94,StoreA,NORMAL,The amount $217.94 is typical for general spending behavior.
2388,247.08,StoreB,NORMAL,The amount $247.08 is typical for general spending behavior.
7081,163.83,StoreB,NORMAL,The amount $163.83 is typical for general spending behavior.
6830,162.83,StoreC,NORMAL,The amount $162.83 is typical for general spending behavior.
1145,269.61,StoreC,NORMAL,The amount $269.61 is typical for general spending behavior.
4466,141.35,StoreC,NORMAL,The amount $141.35 is typical for general spending behavior.
4285,67.57,StoreB,NORMAL,The amount $67.57 is typical for normal spending and does not indicate suspicious behavior.
8689,59.14,StoreA,NORMAL,The amount $59.14 is typical for general spending behavior.
7507,122.9,StoreB,NORMAL,The amount $122.9 is typical for general spending behavior.
2523,2428.63,StoreA,ANOMALY,The amount $2428.63 is unusually high compared to typical spending.
1368,158.04,StoreC,NORMAL,The amount $158.04 is typical for general spending behavior.
9747,244.67,StoreC,NORMAL,The amount $244.67 is typical for general spending behavior.
9163,298.89,StoreB,NORMAL,The amount $298.89 is typical for general spending behavior.
3735,67.12,StoreB,NORMAL,The amount $67.12 is typical for general spending behavior.
8736,264.86,StoreC,NORMAL,The amount $264.86 is typical for general spending behavior.
7897,7100.24,StoreB,ANOMALY,The amount $7100.24 is unusually high compared to typical spending.
7196,135.71,StoreC,NORMAL,The amount $135.71 is typical for general spending behavior.
3670,250.78,StoreC,NORMAL,The amount $250.78 is typical for general spending behavior.
9462,4288.02,StoreC,ANOMALY,The amount $4288.02 is unusually high compared to typical spending.
2658,143.45,StoreA,NORMAL,The amount $143.45 is typical for general spending behavior.
5005,6078.44,StoreB,ANOMALY,The amount $6078.44 is unusually high compared to typical spending.
6105,241.28,StoreB,NORMAL,The amount $241.28 is typical for general spending behavior.
1777,262.37,StoreB,NORMAL,The amount $262.37 is typical for general spending behavior.
9282,246.94,StoreB,NORMAL,The amount $246.94 is typical for general spending behavior.
8025,123.43,StoreA,NORMAL,The amount $123.43 is typical for general spending behavior.
8878,216.51,StoreB,NORMAL,The amount $216.51 is typical for general spending behavior.
4928,215.69,StoreC,NORMAL,The amount $215.69 is typical for general spending behavior.
2734,284.7,StoreB,NORMAL,The amount $284.7 is typical for general spending behavior.
6592,317.81,StoreB,NORMAL,The amount $317.81 is typical for general spending behavior.
3456,206.29,StoreC,NORMAL,The amount $206.29 is typical for general spending behavior.
6921,5766.79,StoreA,ANOMALY,The amount $5766.79 is unusually high compared to typical spending.
1510,142.64,StoreB,NORMAL,The amount $142.64 is typical for general spending behavior.
7678,6170.24,StoreB,ANOMALY,The amount $6170.24 is unusually high compared to typical spending.
9367,39.4,StoreC,NORMAL,The amount $39.4 is typical for general spending behavior.
2241,7895.39,StoreA,ANOMALY,The amount $7895.39 is unusually high compared to typical spending.
1328,232.4,StoreB,NORMAL,The amount $232.4 is typical for general spending behavior.
6691,257.72,StoreB,NORMAL,The amount $257.72 is typical for general spending behavior.
5753,276.32,StoreB,NORMAL,The amount $276.32 is typical for general spending behavior.
8855,7033.08,StoreA,ANOMALY,The amount $7033.08 is unusually high compared to typical spending.
5953,77.95,StoreB,NORMAL,The amount $77.95 is typical for general spending behavior.
1665,193.43,StoreA,NORMAL,The amount $193.43 is typical for general spending behavior.
6914,221.0,StoreB,NORMAL,The amount $221.0 is typical for general spending behavior.
3829,198.06,StoreB,NORMAL,The amount $198.06 is typical for general spending behavior.
8541,116.82,StoreC,NORMAL,The amount $116.82 is typical for general spending behavior.
5129,247.23,StoreA,NORMAL,The amount $247.23 is typical for general spending behavior.
2184,99.99,StoreA,NORMAL,The amount $99.99 is typical for normal spending and does not indicate suspicious behavior.
5234,155.58,StoreC,NORMAL,The amount $155.58 is typical for general spending behavior.
3215,1.61,StoreB,ANOMALY,The amount $1.61 is extremely small and may indicate refund fraud or abnormal activity.
2386,315.33,StoreB,NORMAL,The amount $315.33 is typical for general spending behavior.
9118,4.89,StoreC,NORMAL,The amount $4.89 is typical for general spending behavior.
6221,148.52,StoreA,NORMAL,The amount $148.52 is typical for general spending behavior.
4483,267.61,StoreA,NORMAL,The amount $267.61 is typical for general spending behavior.
4845,395.66,StoreC,NORMAL,The amount $395.66 is typical for general spending behavior.
7852,318.98,StoreB,NORMAL,The amount $318.98 is typical for general spending behavior.
7349,146.2,StoreC,NORMAL,The amount $146.2 is typical for general spending behavior.
6002,206.37,StoreA,NORMAL,The amount $206.37 is typical for general spending behavior.
3181,342.02,StoreA,NORMAL,The amount $342.02 is typical for general spending behavior.
7839,114.25,StoreB,NORMAL,The amount $114.25 is typical for general spending behavior.
6579,188.84,StoreB,NORMAL,The amount $188.84 is typical for normal spending and does not indicate suspicious behavior.
2340,229.09,StoreA,NORMAL,The amount $229.09 is typical for general spending behavior.
2469,235.54,StoreA,NORMAL,The amount $235.54 is typical for general spending behavior.
8027,322.62,StoreB,NORMAL,The amount $322.62 is typical for general spending behavior.
2209,245.81,StoreB,NORMAL,The amount $245.81 is typical for general spending behavior.
6392,146.55,StoreC,NORMAL,The amount $146.55 is typical for general spending behavior.
2293,242.92,StoreB,NORMAL,The amount $242.92 is typical for general spending behavior.
4653,58.52,StoreB,NORMAL,The amount $58.52 is typical for general spending behavior.
2631,147.7,StoreA,NORMAL,The amount $147.7 is typical for general spending behavior.
1881,230.37,StoreC,NORMAL,The amount $230.37 is typical for general spending behavior.
5701,304.14,StoreB,NORMAL,The amount $304.14 is typical for general spending behavior.
6177,4964.48,StoreB,ANOMALY,The amount $4964.48 is unusually high compared to typical spending.
9701,67.61,StoreB,NORMAL,The amount $67.61 is typical for general spending behavior.
2164,127.25,StoreA,NORMAL,The amount $127.25 is typical for general spending behavior.
3608,3.14,StoreC,ANOMALY,The amount $3.14 is extremely small and may indicate refund fraud or abnormal activity.
9205,217.97,StoreA,NORMAL,The amount $217.97 is typical for general spending behavior.
2451,131.45,StoreA,NORMAL,The amount $131.45 is typical for general spending behavior.
9160,172.54,StoreC,NORMAL,The amount $172.54 is typical for general spending behavior.
7544,363.55,RareStoreX,ANOMALY,The location 'RareStoreX' is unusual compared to common transaction locations.
3845,185.05,StoreB,NORMAL,The amount $185.05 is typical for general spending behavior.
2884,195.02,StoreC,NORMAL,The amount $195.02 is typical for general spending behavior.
3975,188.24,StoreB,NORMAL,The amount $188.24 is typical for general spending behavior.
4947,7971.03,StoreB,ANOMALY,The amount $7971.03 is unusually high compared to typical spending.
6781,267.25,StoreC,NORMAL,The amount $267.25 is typical for general spending behavior.
6985,4309.71,StoreB,ANOMALY,The amount $4309.71 is unusually high compared to typical spending.
9804,214.54,OutlierMallY,ANOMALY,The location 'OutlierMallY' is unusual compared to common transaction locations.
1569,269.96,StoreC,NORMAL,The amount $269.96 is typical for general spending behavior.
2652,288.47,StoreC,NORMAL,The amount $288.47 is typical for general spending behavior.
5102,219.52,StoreB,NORMAL,The amount $219.52 is typical for general spending behavior.
5483,125.1,StoreB,NORMAL,The amount $125.1 is typical for normal spending and does not indicate suspicious behavior.
1811,169.77,StoreC,NORMAL,The amount $169.77 is typical for normal spending and does not indicate suspicious behavior.
5228,375.7,StoreB,NORMAL,The amount $375.7 is typical for general spending behavior.
8229,197.2,StoreC,NORMAL,The amount $197.2 is typical for general spending behavior.
9044,255.21,StoreC,NORMAL,The amount $255.21 is typical for general spending behavior.
8629,2.1,StoreC,ANOMALY,The amount $2.1 is extremely small and may indicate refund fraud or abnormal activity.
8512,213.75,StoreB,NORMAL,The amount $213.75 is typical for general spending behavior.
6947,338.6,StoreA,NORMAL,The amount $338.6 is typical for general spending behavior.
8993,183.47,StoreC,NORMAL,The amount $183.47 is typical for general spending behavior.
7718,2652.72,StoreB,ANOMALY,The amount $2652.72 is unusually high compared to typical spending.
7774,4276.67,StoreA,ANOMALY,The amount $4276.67 is unusually high compared to typical spending.
8586,211.34,StoreA,NORMAL,The amount $211.34 is typical for general spending behavior.
7558,4617.61,StoreA,ANOMALY,The amount $4617.61 is unusually high compared to typical spending.
6529,6115.47,StoreB,ANOMALY,The amount $6115.47 is unusually high compared to typical spending.
9536,224.62,StoreA,NORMAL,The amount $224.62 is typical for general spending behavior.
2361,148.01,StoreA,NORMAL,The amount $148.01 is typical for general spending behavior.
8004,209.85,StoreA,NORMAL,The amount $209.85 is typical for general spending behavior.
1080,55.75,StoreC,NORMAL,The amount $55.75 is typical for general spending behavior.
4275,199.81,StoreB,NORMAL,The amount $199.81 is typical for general spending behavior.
6920,250.36,StoreC,NORMAL,The amount $250.36 is typical for general spending behavior.
1075,265.03,StoreB,NORMAL,The amount $265.03 is typical for general spending behavior.
2540,150.27,StoreB,NORMAL,The amount $150.27 is typical for normal spending and does not indicate suspicious behavior.
2469,295.73,StoreA,NORMAL,The amount $295.73 is typical for general spending behavior.
7765,149.61,StoreA,NORMAL,The amount $149.61 is typical for general spending behavior.
8050,4.47,StoreC,ANOMALY,The amount $4.47 is extremely small and may indicate refund fraud or abnormal activity.
3106,7975.07,StoreB,ANOMALY,The amount $7975.07 is unusually high compared to typical spending.
6492,196.36,StoreB,NORMAL,The amount $196.36 is typical for general spending behavior.
9834,337.55,StoreA,NORMAL,The amount $337.55 is typical for general spending behavior.
6641,120.83,StoreA,NORMAL,The amount $120.83 is typical for general spending behavior.
5775,174.71,StoreC,NORMAL,The amount $174.71 is typical for general spending behavior.
1590,286.03,StoreB,NORMAL,The amount $286.03 is typical for general spending behavior.
7702,333.53,StoreB,NORMAL,The amount $333.53 is typical for general spending behavior.
4131,187.53,StoreB,NORMAL,The amount $187.53 is typical for general spending behavior.
6502,7998.02,StoreC,ANOMALY,The amount $7998.02 is unusually high compared to typical spending.
1260,186.85,StoreC,NORMAL,The amount $186.85 is typical for general spending behavior.
4862,446.31,StoreA,NORMAL,The amount $446.31 is typical for general spending behavior.
7524,213.63,StoreC,NORMAL,The amount $213.63 is typical for general spending behavior.
9899,222.19,StoreB,NORMAL,The amount $222.19 is typical for general spending behavior.
5925,6036.64,StoreB,ANOMALY,The amount $6036.64 is unusually high compared to typical spending.
6063,3398.56,StoreB,ANOMALY,The amount $3398.56 is unusually high compared to typical spending.
8401,230.62,OutlierMallY,ANOMALY,The location 'OutlierMallY' is unusual compared to common transaction locations.
1909,2.65,StoreA,ANOMALY,The amount $2.65 is extremely small and may indicate refund fraud or abnormal activity.
1065,7998.9,StoreA,ANOMALY,The amount $7998.9 is unusually high compared to typical spending.
4872,156.1,StoreB,NORMAL,The amount $156.1 is typical for general spending behavior.
4182,238.78,StoreC,NORMAL,The amount $238.78 is typical for general spending behavior.
7802,364.6,StoreA,NORMAL,The amount $364.6 is typical for general spending behavior.
3750,290.08,StoreC,NORMAL,The amount $290.08 is typical for general spending behavior.
6285,245.52,StoreC,NORMAL,The amount $245.52 is typical for general spending behavior.
8147,7609.47,StoreA,ANOMALY,The amount $7609.47 is unusually high compared to typical spending.
3486,139.49,StoreA,NORMAL,The amount $139.49 is typical for general spending behavior.
9708,255.9,StoreB,NORMAL,The amount $255.9 is typical for general spending behavior.
8593,127.69,StoreA,NORMAL,The amount $127.69 is typical for general spending behavior.
1815,260.63,StoreA,NORMAL,The amount $260.63 is typical for general spending behavior.
9567,72.19,StoreC,NORMAL,The amount $72.19 is typical for general spending behavior.
1418,193.61,StoreA,NORMAL,The amount $193.61 is typical for normal spending and does not indicate suspicious behavior.
6191,213.85,StoreC,NORMAL,The amount $213.85 is typical for general spending behavior.
9699,133.82,StoreB,NORMAL,The amount $133.82 is typical for general spending behavior.
7671,242.28,RareStoreX,ANOMALY,The location 'RareStoreX' is unusual compared to common transaction locations.
5487,5393.36,StoreA,ANOMALY,The amount $5393.36 is unusually high compared to typical spending.
7828,183.25,StoreA,NORMAL,The amount $183.25 is typical for general spending behavior.
5353,7761.24,StoreB,ANOMALY,The amount $7761.24 is unusually high compared to typical spending.
7739,130.98,StoreC,NORMAL,The amount $130.98 is typical for general spending behavior.
8370,49.45,StoreA,NORMAL,The amount $49.45 is typical for general spending behavior.
9154,7242.26,StoreC,ANOMALY,The amount $7242.26 is unusually high compared to typical spending.
7673,203.98,StoreC,NORMAL,The amount $203.98 is typical for general spending behavior.
2233,325.84,StoreA,NORMAL,The amount $325.84 is typical for general spending behavior.
1727,207.81,StoreC,NORMAL,The amount $207.81 is typical for general spending behavior.
6324,170.28,StoreA,NORMAL,The amount $170.28 is typical for general spending behavior.
9414,156.82,StoreA,NORMAL,The amount $156.82 is typical for general spending behavior.
3273,186.98,StoreA,NORMAL,The amount $186.98 is typical for general spending behavior.
6121,219.07,StoreC,NORMAL,The amount $219.07 is typical for general spending behavior.
2291,188.77,StoreC,NORMAL,The amount $188.77 is typical for general spending behavior.
1325,351.24,StoreA,NORMAL,The amount $351.24 is typical for general spending behavior.
4138,2.33,StoreA,ANOMALY,The amount $2.33 is extremely small and may indicate refund fraud or abnormal activity.
1497,2.04,StoreB,ANOMALY,The amount $2.04 is extremely small and may indicate refund fraud or abnormal activity.
5919,239.7,StoreB,NORMAL,The amount $239.7 is typical for general spending behavior.
6947,78.57,StoreB,NORMAL,The amount $78.57 is typical for general spending behavior.
2314,229.56,OutlierMallY,ANOMALY,The location 'OutlierMallY' is unusual compared to common transaction locations.
9719,264.03,StoreA,NORMAL,The amount $264.03 is typical for general spending behavior.
2725,151.22,StoreC,NORMAL,The amount $151.22 is typical for general spending behavior.
5865,6479.15,StoreC,ANOMALY,The amount $6479.15 is unusually high compared to typical spending.
9733,180.37,StoreB,NORMAL,The amount $180.37 is typical for general spending behavior.
7766,243.06,StoreA,NORMAL,The amount $243.06 is typical for general spending behavior.
8420,342.54,StoreB,NORMAL,The amount $342.54 is typical for general spending behavior.
3732,73.27,StoreC,NORMAL,The amount $73.27 is typical for general spending behavior.
5053,198.29,StoreB,NORMAL,The amount $198.29 is typical for general spending behavior.
6108,70.92,StoreB,NORMAL,The amount $70.92 is typical for general spending behavior.
6689,3588.17,StoreC,ANOMALY,The amount $3588.17 is unusually high compared to typical spending.
1771,86.16,StoreA,NORMAL,The amount $86.16 is typical for general spending behavior.
6539,139.68,StoreC,NORMAL,The amount $139.68 is typical for general spending behavior.
3235,5341.69,StoreB,ANOMALY,The amount $5341.69 is unusually high compared to typical spending.
7811,237.5,StoreB,NORMAL,The amount $237.5 is typical for general spending behavior.
4598,6355.12,StoreB,ANOMALY,The amount $6355.12 is unusually high compared to typical spending.
4072,246.43,OutlierMallY,ANOMALY,The location 'OutlierMallY' is unusual compared to common transaction locations.
2207,133.02,StoreA,NORMAL,The amount $133.02 is typical for general spending behavior.
2096,249.83,StoreA,NORMAL,The amount $249.83 is typical for general spending behavior.
8048,72.27,OutlierMallY,ANOMALY,The location 'OutlierMallY' is unusual compared to common transaction locations.
1740,3.64,StoreC,ANOMALY,The amount $3.64 is extremely small and may indicate refund fraud or abnormal activity.
2291,244.65,StoreB,NORMAL,The amount $244.65 is typical for general spending behavior.
2591,1.54,StoreC,ANOMALY,The amount $1.54 is extremely small and may indicate refund fraud or abnormal activity.
7939,185.34,StoreC,NORMAL,The amount $185.34 is typical for general spending behavior.
8197,197.38,OutlierMallY,ANOMALY,The location 'OutlierMallY' is unusual compared to common transaction locations.
3650,214.79,StoreC,NORMAL,The amount $214.79 is typical for general spending behavior.
2354,7380.97,StoreC,ANOMALY,The amount $7380.97 is unusually high compared to typical spending.
7344,285.47,StoreB,NORMAL,The amount $285.47 is typical for general spending behavior.
7032,200.57,StoreB,NORMAL,The amount $200.57 is typical for general spending behavior.
5868,7673.32,StoreC,ANOMALY,The amount $7673.32 is unusually high compared to typical spending.
3112,6224.93,StoreC,ANOMALY,The amount $6224.93 is unusually high compared to typical spending.
5261,189.71,RareStoreX,ANOMALY,The location 'RareStoreX' is unusual compared to common transaction locations.
1276,234.35,StoreA,NORMAL,The amount $234.35 is typical for general spending behavior.
2399,212.57,StoreB,NORMAL,The amount $212.57 is typical for general spending behavior.
8665,133.0,StoreA,NORMAL,The amount $133.0 is typical for normal spending and does not indicate suspicious behavior.
4822,292.31,StoreC,NORMAL,The amount $292.31 is typical for general spending behavior.
5477,337.98,StoreA,NORMAL,The amount $337.98 is typical for general spending behavior.
7065,7835.47,StoreB,ANOMALY,The amount $7835.47 is unusually high compared to typical spending.
7379,220.6,StoreC,NORMAL,The amount $220.6 is typical for general spending behavior.
3786,119.52,StoreA,NORMAL,The amount $119.52 is typical for general spending behavior.
6283,99.81,StoreA,NORMAL,The amount $99.81 is typical for general spending behavior.
1560,151.55,StoreC,NORMAL,The amount $151.55 is typical for general spending behavior.
1659,145.83,StoreB,NORMAL,The amount $145.83 is typical for general spending behavior.
6411,127.67,StoreC,NORMAL,The amount $127.67 is typical for general spending behavior.
9954,280.6,StoreA,NORMAL,The amount $280.6 is typical for general spending behavior.
5811,234.4,StoreC,NORMAL,The amount $234.4 is typical for general spending behavior.
8823,143.77,StoreA,NORMAL,The amount $143.77 is typical for normal spending and does not indicate suspicious behavior.
5656,204.74,StoreA,NORMAL,The amount $204.74 is typical for general spending behavior.
2491,76.55,StoreC,NORMAL,The amount $76.55 is typical for general spending behavior.
2159,5733.88,StoreB,ANOMALY,The amount $5733.88 is unusually high compared to typical spending.
4994,220.97,StoreB,NORMAL,The amount $220.97 is typical for general spending behavior.
3465,128.12,StoreB,NORMAL,The amount $128.12 is typical for general spending behavior.
3865,267.85,StoreA,NORMAL,The amount $267.85 is typical for general spending behavior.
1769,121.8,StoreC,NORMAL,The amount $121.8 is typical for general spending behavior.
2124,273.47,StoreB,NORMAL,The amount $273.47 is typical for general spending behavior.
3593,115.99,StoreB,NORMAL,The amount $115.99 is typical for general spending behavior.
2454,113.87,StoreA,NORMAL,The amount $113.87 is typical for general spending behavior.
2088,210.11,StoreB,NORMAL,The amount $210.11 is typical for general spending behavior.
4683,96.25,StoreA,NORMAL,The amount $96.25 is typical for general spending behavior.
6551,109.96,StoreC,NORMAL,The amount $109.96 is typical for general spending behavior.
6935,290.22,StoreA,NORMAL,The amount $290.22 is typical for general spending behavior.
3399,198.78,StoreA,NORMAL,The amount $198.78 is typical for general spending behavior.
1092,102.62,StoreC,NORMAL,The amount $102.62 is typical for general spending behavior.
9297,81.21,StoreB,NORMAL,The amount $81.21 is typical for general spending behavior.
9186,224.04,StoreB,NORMAL,The amount $224.04 is typical for general spending behavior.
4349,203.5,StoreB,NORMAL,The amount $203.5 is typical for general spending behavior.
9643,173.29,StoreB,NORMAL,The amount $173.29 is typical for general spending behavior.
7733,7864.33,StoreC,ANOMALY,The amount $7864.33 is unusually high compared to typical spending.
5979,273.73,StoreB,NORMAL,The amount $273.73 is typical for general spending behavior.
8720,1.18,StoreA,ANOMALY,The amount $1.18 is extremely small and may indicate refund fraud or abnormal activity.
1623,99.97,StoreC,NORMAL,The amount $99.97 is typical for general spending behavior.
5114,180.24,StoreA,NORMAL,The amount $180.24 is typical for general spending behavior.
3452,7987.02,StoreA,ANOMALY,The amount $7987.02 is unusually high compared to typical spending.
7676,171.36,StoreB,NORMAL,The amount $171.36 is typical for general spending behavior.
3389,170.19,StoreA,NORMAL,The amount $170.19 is typical for general spending behavior.
5503,285.61,StoreC,NORMAL,The amount $285.61 is typical for general spending behavior.
6265,52.65,StoreA,NORMAL,The amount $52.65 is typical for general spending behavior.
8042,340.69,StoreB,NORMAL,The amount $340.69 is typical for general spending behavior.
9709,2708.93,StoreA,ANOMALY,The amount $2708.93 is unusually high compared to typical spending.
6008,266.71,StoreC,NORMAL,The amount $266.71 is typical for general spending behavior.
5779,5900.6,StoreB,ANOMALY,The amount $5900.6 is unusually high compared to typical spending.
2058,143.02,StoreC,NORMAL,The amount $143.02 is typical for general spending behavior.
1830,68.01,StoreA,NORMAL,The amount $68.01 is typical for normal spending and does not indicate suspicious behavior.
1857,230.5,StoreC,NORMAL,The amount $230.5 is typical for general spending behavior.
4641,271.6,StoreB,NORMAL,The amount $271.6 is typical for general spending behavior.
9473,336.96,StoreA,NORMAL,The amount $336.96 is typical for general spending behavior.
9988,113.13,StoreB,NORMAL,The amount $113.13 is typical for general spending behavior.
8443,168.82,StoreC,NORMAL,The amount $168.82 is typical for normal spending and does not indicate suspicious behavior.
9764,6759.02,StoreA,ANOMALY,The amount $6759.02 is unusually high compared to typical spending.
8675,196.09,StoreB,NORMAL,The amount $196.09 is typical for general spending behavior.
2233,4.38,StoreB,ANOMALY,The amount $4.38 is extremely small and may indicate refund fraud or abnormal activity.
4038,39.29,StoreC,NORMAL,The amount $39.29 is typical for general spending behavior.
9457,185.93,StoreA,NORMAL,The amount $185.93 is typical for general spending behavior.
6582,202.56,StoreB,NORMAL,The amount $202.56 is typical for general spending behavior.
8601,231.66,StoreB,NORMAL,The amount $231.66 is typical for general spending behavior.
