user_id,amount,location,label,explanation
6298,249.67,StoreC,NORMAL,The amount $249.67 is within the normal spending range.
8017,186.17,StoreC,NORMAL,The amount $186.17 is within the normal spending range.
8771,264.77,StoreC,NORMAL,The amount $264.77 is within the normal spending range.
9567,352.3,StoreC,NORMAL,The amount $352.3 is within the normal spending range.
9915,176.58,StoreA,NORMAL,The amount $176.58 is within the normal spending range.
2913,176.59,StoreB,NORMAL,The amount $176.59 is within the normal spending range.
5297,357.92,StoreA,NORMAL,The amount $357.92 is within the normal spending range.
2942,276.74,StoreA,NORMAL,The amount $276.74 is within the normal spending range.
5004,153.05,StoreB,NORMAL,The amount $153.05 is within the normal spending range.
2331,254.26,StoreB,NORMAL,The amount $254.26 is within the normal spending range.
8890,153.66,StoreA,NORMAL,The amount $153.66 is within the normal spending range.
5588,153.43,StoreC,NORMAL,The amount $153.43 is within the normal spending range.
1337,224.2,StoreB,NORMAL,The amount $224.2 is within the normal spending range.
8066,8.67,StoreB,NORMAL,The amount $8.67 is within the normal spending range.
8813,27.51,StoreA,NORMAL,The amount $27.51 is within the normal spending range.
9983,143.77,StoreC,NORMAL,The amount $143.77 is within the normal spending range.
4611,98.72,StoreB,NORMAL,The amount $98.72 is within the normal spending range.
4700,231.42,StoreA,NORMAL,The amount $231.42 is within the normal spending range.
7118,109.2,StoreB,NORMAL,The amount $109.2 is within the normal spending range.
8105,58.77,StoreC,NORMAL,The amount $58.77 is within the normal spending range.
3673,346.56,StoreA,NORMAL,The amount $346.56 is within the normal spending range.
3122,177.42,StoreA,NORMAL,The amount $177.42 is within the normal spending range.
8082,206.75,StoreC,NORMAL,The amount $206.75 is within the normal spending range.
9250,57.53,StoreA,NORMAL,The amount $57.53 is within the normal spending range.
3062,145.56,StoreC,NORMAL,The amount $145.56 is within the normal spending range.
2254,211.09,StoreA,NORMAL,The amount $211.09 is within the normal spending range.
4688,84.9,StoreC,NORMAL,The amount $84.9 is within the normal spending range.
4748,237.57,StoreB,NORMAL,The amount $237.57 is within the normal spending range.
7342,139.94,StoreB,NORMAL,The amount $139.94 is within the normal spending range.
5130,170.83,StoreB,NORMAL,The amount $170.83 is within the normal spending range.
5257,139.83,StoreA,NORMAL,The amount $139.83 is within the normal spending range.
4029,3900.16,StoreC,ANOMALY,The amount $3900.16 is 7.86 standard deviations above the mean.
3846,198.65,StoreC,NORMAL,The amount $198.65 is within the normal spending range.
9662,94.23,StoreB,NORMAL,The amount $94.23 is within the normal spending range.
5035,282.25,StoreB,NORMAL,The amount $282.25 is within the normal spending range.
3899,77.92,StoreB,NORMAL,The amount $77.92 is within the normal spending range.
5443,220.89,StoreC,NORMAL,The amount $220.89 is within the normal spending range.
5789,4.03,StoreB,NORMAL,The amount $4.03 is within the normal spending range.
1912,67.18,StoreA,NORMAL,The amount $67.18 is within the normal spending range.
5242,219.69,StoreB,NORMAL,The amount $219.69 is within the normal spending range.
8541,273.85,StoreB,NORMAL,The amount $273.85 is within the normal spending range.
2711,217.14,StoreC,NORMAL,The amount $217.14 is within the normal spending range.
9866,188.44,StoreA,NORMAL,The amount $188.44 is within the normal spending range.
2439,169.89,StoreC,NORMAL,The amount $169.89 is within the normal spending range.
6613,52.15,StoreA,NORMAL,The amount $52.15 is within the normal spending range.
4630,128.02,StoreA,NORMAL,The amount $128.02 is within the normal spending range.
6375,153.94,StoreB,NORMAL,The amount $153.94 is within the normal spending range.
8103,305.71,StoreB,NORMAL,The amount $305.71 is within the normal spending range.
9877,234.36,StoreC,NORMAL,The amount $234.36 is within the normal spending range.
5216,23.7,StoreC,NORMAL,The amount $23.7 is within the normal spending range.
3466,232.41,StoreC,NORMAL,The amount $232.41 is within the normal spending range.
8824,161.49,StoreA,NORMAL,The amount $161.49 is within the normal spending range.
5124,132.31,StoreC,NORMAL,The amount $132.31 is within the normal spending range.
1965,261.17,StoreA,NORMAL,The amount $261.17 is within the normal spending range.
7928,303.1,StoreA,NORMAL,The amount $303.1 is within the normal spending range.
7096,293.13,StoreA,NORMAL,The amount $293.13 is within the normal spending range.
7157,116.08,StoreA,NORMAL,The amount $116.08 is within the normal spending range.
9120,169.08,StoreA,NORMAL,The amount $169.08 is within the normal spending range.
2508,233.13,StoreB,NORMAL,The amount $233.13 is within the normal spending range.
1871,297.55,StoreA,NORMAL,The amount $297.55 is within the normal spending range.
1863,152.08,StoreA,NORMAL,The amount $152.08 is within the normal spending range.
4055,181.43,StoreB,NORMAL,The amount $181.43 is within the normal spending range.
6133,89.37,StoreB,NORMAL,The amount $89.37 is within the normal spending range.
3682,80.38,StoreB,NORMAL,The amount $80.38 is within the normal spending range.
6278,281.25,StoreC,NORMAL,The amount $281.25 is within the normal spending range.
6448,335.62,StoreC,NORMAL,The amount $335.62 is within the normal spending range.
1613,192.8,StoreA,NORMAL,The amount $192.8 is within the normal spending range.
2872,300.35,StoreA,NORMAL,The amount $300.35 is within the normal spending range.
8723,236.16,StoreA,NORMAL,The amount $236.16 is within the normal spending range.
8189,135.49,StoreA,NORMAL,The amount $135.49 is within the normal spending range.
6386,236.14,StoreB,NORMAL,The amount $236.14 is within the normal spending range.
7942,353.8,StoreC,NORMAL,The amount $353.8 is within the normal spending range.
9759,196.42,StoreB,NORMAL,The amount $196.42 is within the normal spending range.
1244,356.46,StoreC,NORMAL,The amount $356.46 is within the normal spending range.
1020,61.97,StoreB,NORMAL,The amount $61.97 is within the normal spending range.
9585,282.19,StoreA,NORMAL,The amount $282.19 is within the normal spending range.
6767,208.7,StoreC,NORMAL,The amount $208.7 is within the normal spending range.
4515,170.1,StoreA,NORMAL,The amount $170.1 is within the normal spending range.
2910,2117.76,StoreC,ANOMALY,The amount $2117.76 is 3.98 standard deviations above the mean.
9481,1.24,StoreC,NORMAL,The amount $1.24 is within the normal spending range.
6882,178.03,StoreA,NORMAL,The amount $178.03 is within the normal spending range.
9552,235.71,StoreA,NORMAL,The amount $235.71 is within the normal spending range.
9076,347.79,StoreA,NORMAL,The amount $347.79 is within the normal spending range.
2622,148.17,StoreB,NORMAL,The amount $148.17 is within the normal spending range.
5314,119.15,StoreC,NORMAL,The amount $119.15 is within the normal spending range.
3453,149.82,StoreC,NORMAL,The amount $149.82 is within the normal spending range.
3015,291.54,StoreC,NORMAL,The amount $291.54 is within the normal spending range.
3800,232.88,StoreA,NORMAL,The amount $232.88 is within the normal spending range.
9772,147.02,StoreC,NORMAL,The amount $147.02 is within the normal spending range.
7752,251.33,StoreC,NORMAL,The amount $251.33 is within the normal spending range.
8453,209.71,StoreA,NORMAL,The amount $209.71 is within the normal spending range.
3853,296.86,StoreA,NORMAL,The amount $296.86 is within the normal spending range.
3236,129.79,StoreC,NORMAL,The amount $129.79 is within the normal spending range.
5176,167.23,StoreB,NORMAL,The amount $167.23 is within the normal spending range.
3155,160.79,StoreA,NORMAL,The amount $160.79 is within the normal spending range.
6698,53.65,StoreB,NORMAL,The amount $53.65 is within the normal spending range.
7829,229.61,StoreB,NORMAL,The amount $229.61 is within the normal spending range.
9537,226.11,StoreB,NORMAL,The amount $226.11 is within the normal spending range.
2886,200.51,StoreB,NORMAL,The amount $200.51 is within the normal spending range.
7471,1787.35,StoreA,ANOMALY,The amount $1787.35 is 3.26 standard deviations above the mean.
9746,58.46,StoreC,NORMAL,The amount $58.46 is within the normal spending range.
4770,157.94,StoreC,NORMAL,The amount $157.94 is within the normal spending range.
9391,1677.88,StoreA,ANOMALY,The amount $1677.88 is 3.02 standard deviations above the mean.
3940,119.77,StoreA,NORMAL,The amount $119.77 is within the normal spending range.
4490,183.87,StoreB,NORMAL,The amount $183.87 is within the normal spending range.
8899,240.41,StoreB,NORMAL,The amount $240.41 is within the normal spending range.
1306,388.62,StoreA,NORMAL,The amount $388.62 is within the normal spending range.
4075,217.46,StoreC,NORMAL,The amount $217.46 is within the normal spending range.
2656,225.76,StoreB,NORMAL,The amount $225.76 is within the normal spending range.
8244,192.56,StoreA,NORMAL,The amount $192.56 is within the normal spending range.
7611,8.12,StoreA,NORMAL,The amount $8.12 is within the normal spending range.
7322,197.35,StoreA,NORMAL,The amount $197.35 is within the normal spending range.
3692,206.02,StoreB,NORMAL,The amount $206.02 is within the normal spending range.
2764,446.32,StoreA,NORMAL,The amount $446.32 is within the normal spending range.
1275,180.76,StoreC,NORMAL,The amount $180.76 is within the normal spending range.
6271,230.15,StoreA,NORMAL,The amount $230.15 is within the normal spending range.
8331,196.53,StoreB,NORMAL,The amount $196.53 is within the normal spending range.
6025,83.13,StoreC,NORMAL,The amount $83.13 is within the normal spending range.
5050,314.28,StoreC,NORMAL,The amount $314.28 is within the normal spending range.
9080,275.19,StoreA,NORMAL,The amount $275.19 is within the normal spending range.
4460,279.1,StoreA,NORMAL,The amount $279.1 is within the normal spending range.
4835,109.06,StoreC,NORMAL,The amount $109.06 is within the normal spending range.
5278,340.28,StoreA,NORMAL,The amount $340.28 is within the normal spending range.
2844,59.81,StoreB,NORMAL,The amount $59.81 is within the normal spending range.
1071,258.69,StoreC,NORMAL,The amount $258.69 is within the normal spending range.
8386,419.05,StoreA,NORMAL,The amount $419.05 is within the normal spending range.
7862,100.95,StoreC,NORMAL,The amount $100.95 is within the normal spending range.
8340,143.37,StoreA,NORMAL,The amount $143.37 is within the normal spending range.
8635,209.97,StoreA,NORMAL,The amount $209.97 is within the normal spending range.
2043,149.65,StoreB,NORMAL,The amount $149.65 is within the normal spending range.
4042,44.93,StoreA,NORMAL,The amount $44.93 is within the normal spending range.
1814,206.86,StoreA,NORMAL,The amount $206.86 is within the normal spending range.
6622,93.77,StoreA,NORMAL,The amount $93.77 is within the normal spending range.
8332,247.36,StoreB,NORMAL,The amount $247.36 is within the normal spending range.
1309,108.06,StoreA,NORMAL,The amount $108.06 is within the normal spending range.
7661,354.99,StoreA,NORMAL,The amount $354.99 is within the normal spending range.
5227,121.67,StoreA,NORMAL,The amount $121.67 is within the normal spending range.
2877,167.79,StoreC,NORMAL,The amount $167.79 is within the normal spending range.
3486,281.35,StoreB,NORMAL,The amount $281.35 is within the normal spending range.
7886,76.91,StoreC,NORMAL,The amount $76.91 is within the normal spending range.
5835,222.75,StoreB,NORMAL,The amount $222.75 is within the normal spending range.
1794,330.71,StoreB,NORMAL,The amount $330.71 is within the normal spending range.
7786,39.25,StoreC,NORMAL,The amount $39.25 is within the normal spending range.
5014,218.46,StoreB,NORMAL,The amount $218.46 is within the normal spending range.
8392,225.99,StoreB,NORMAL,The amount $225.99 is within the normal spending range.
6353,278.18,StoreC,NORMAL,The amount $278.18 is within the normal spending range.
4407,76.3,StoreA,NORMAL,The amount $76.3 is within the normal spending range.
1974,687.99,StoreB,NORMAL,The amount $687.99 is within the normal spending range.
5237,252.19,StoreC,NORMAL,The amount $252.19 is within the normal spending range.
8248,229.7,StoreB,NORMAL,The amount $229.7 is within the normal spending range.
5369,225.05,StoreC,NORMAL,The amount $225.05 is within the normal spending range.
9050,234.64,StoreA,NORMAL,The amount $234.64 is within the normal spending range.
1464,1336.38,StoreB,NORMAL,The amount $1336.38 is within the normal spending range.
6327,223.23,StoreA,NORMAL,The amount $223.23 is within the normal spending range.
6415,229.31,StoreA,NORMAL,The amount $229.31 is within the normal spending range.
9115,128.56,StoreC,NORMAL,The amount $128.56 is within the normal spending range.
1287,386.58,StoreB,NORMAL,The amount $386.58 is within the normal spending range.
4195,247.38,StoreB,NORMAL,The amount $247.38 is within the normal spending range.
2992,80.87,StoreB,NORMAL,The amount $80.87 is within the normal spending range.
8450,265.66,StoreB,NORMAL,The amount $265.66 is within the normal spending range.
3925,102.53,StoreB,NORMAL,The amount $102.53 is within the normal spending range.
2120,278.71,StoreC,NORMAL,The amount $278.71 is within the normal spending range.
6310,315.86,StoreB,NORMAL,The amount $315.86 is within the normal spending range.
1446,117.93,StoreA,NORMAL,The amount $117.93 is within the normal spending range.
7627,296.34,StoreA,NORMAL,The amount $296.34 is within the normal spending range.
3896,241.28,StoreB,NORMAL,The amount $241.28 is within the normal spending range.
1721,282.21,StoreC,NORMAL,The amount $282.21 is within the normal spending range.
3163,389.68,StoreC,NORMAL,The amount $389.68 is within the normal spending range.
4980,1776.42,StoreB,ANOMALY,The amount $1776.42 is 3.23 standard deviations above the mean.
5502,1261.75,StoreA,NORMAL,The amount $1261.75 is within the normal spending range.
2725,111.05,StoreB,NORMAL,The amount $111.05 is within the normal spending range.
9885,118.42,StoreB,NORMAL,The amount $118.42 is within the normal spending range.
4413,192.29,StoreB,NORMAL,The amount $192.29 is within the normal spending range.
1494,234.12,StoreC,NORMAL,The amount $234.12 is within the normal spending range.
1947,227.67,StoreC,NORMAL,The amount $227.67 is within the normal spending range.
1022,282.72,StoreA,NORMAL,The amount $282.72 is within the normal spending range.
2128,2038.02,StoreA,ANOMALY,The amount $2038.02 is 3.80 standard deviations above the mean.
1557,345.35,StoreB,NORMAL,The amount $345.35 is within the normal spending range.
4730,173.53,StoreA,NORMAL,The amount $173.53 is within the normal spending range.
6341,472.02,StoreB,NORMAL,The amount $472.02 is within the normal spending range.
7998,262.57,StoreA,NORMAL,The amount $262.57 is within the normal spending range.
8182,114.28,StoreB,NORMAL,The amount $114.28 is within the normal spending range.
8034,92.91,StoreC,NORMAL,The amount $92.91 is within the normal spending range.
2656,2513.33,StoreB,ANOMALY,The amount $2513.33 is 4.84 standard deviations above the mean.
5173,177.65,StoreC,NORMAL,The amount $177.65 is within the normal spending range.
6441,271.4,StoreC,NORMAL,The amount $271.4 is within the normal spending range.
9998,247.32,StoreA,NORMAL,The amount $247.32 is within the normal spending range.
4312,192.72,StoreA,NORMAL,The amount $192.72 is within the normal spending range.
9645,115.32,StoreC,NORMAL,The amount $115.32 is within the normal spending range.
3324,48.52,StoreB,NORMAL,The amount $48.52 is within the normal spending range.
6595,155.35,StoreB,NORMAL,The amount $155.35 is within the normal spending range.
6984,285.64,StoreA,NORMAL,The amount $285.64 is within the normal spending range.
3511,221.41,StoreB,NORMAL,The amount $221.41 is within the normal spending range.
1362,75.43,StoreB,NORMAL,The amount $75.43 is within the normal spending range.
4454,217.32,StoreB,NORMAL,The amount $217.32 is within the normal spending range.
3798,238.53,StoreC,NORMAL,The amount $238.53 is within the normal spending range.
5620,111.61,StoreC,NORMAL,The amount $111.61 is within the normal spending range.
4255,215.37,StoreB,NORMAL,The amount $215.37 is within the normal spending range.
2217,205.82,StoreA,NORMAL,The amount $205.82 is within the normal spending range.
2485,85.7,StoreB,NORMAL,The amount $85.7 is within the normal spending range.
6349,235.78,StoreA,NORMAL,The amount $235.78 is within the normal spending range.
8195,256.08,StoreC,NORMAL,The amount $256.08 is within the normal spending range.
8750,308.31,StoreB,NORMAL,The amount $308.31 is within the normal spending range.
7079,305.38,StoreB,NORMAL,The amount $305.38 is within the normal spending range.
9035,62.23,StoreA,NORMAL,The amount $62.23 is within the normal spending range.
2507,106.22,StoreA,NORMAL,The amount $106.22 is within the normal spending range.
2003,251.5,StoreB,NORMAL,The amount $251.5 is within the normal spending range.
7403,251.38,StoreB,NORMAL,The amount $251.38 is within the normal spending range.
1925,251.5,StoreA,NORMAL,The amount $251.5 is within the normal spending range.
9275,585.27,StoreC,NORMAL,The amount $585.27 is within the normal spending range.
7583,257.09,StoreA,NORMAL,The amount $257.09 is within the normal spending range.
4927,313.56,StoreB,NORMAL,The amount $313.56 is within the normal spending range.
1985,295.4,StoreC,NORMAL,The amount $295.4 is within the normal spending range.
5231,265.14,StoreC,NORMAL,The amount $265.14 is within the normal spending range.
6302,168.47,StoreC,NORMAL,The amount $168.47 is within the normal spending range.
6291,275.9,StoreC,NORMAL,The amount $275.9 is within the normal spending range.
1908,122.72,StoreB,NORMAL,The amount $122.72 is within the normal spending range.
6051,176.32,StoreC,NORMAL,The amount $176.32 is within the normal spending range.
3586,151.46,StoreA,NORMAL,The amount $151.46 is within the normal spending range.
2331,208.19,StoreA,NORMAL,The amount $208.19 is within the normal spending range.
7851,431.47,StoreA,NORMAL,The amount $431.47 is within the normal spending range.
2806,13.27,StoreB,NORMAL,The amount $13.27 is within the normal spending range.
1805,268.63,StoreC,NORMAL,The amount $268.63 is within the normal spending range.
5147,38.73,StoreA,NORMAL,The amount $38.73 is within the normal spending range.
1071,152.81,StoreA,NORMAL,The amount $152.81 is within the normal spending range.
1027,308.9,StoreA,NORMAL,The amount $308.9 is within the normal spending range.
9660,206.43,StoreC,NORMAL,The amount $206.43 is within the normal spending range.
4983,92.23,StoreA,NORMAL,The amount $92.23 is within the normal spending range.
9955,128.47,StoreC,NORMAL,The amount $128.47 is within the normal spending range.
8055,267.96,StoreC,NORMAL,The amount $267.96 is within the normal spending range.
7690,126.96,StoreC,NORMAL,The amount $126.96 is within the normal spending range.
4832,221.65,StoreB,NORMAL,The amount $221.65 is within the normal spending range.
1559,204.56,StoreB,NORMAL,The amount $204.56 is within the normal spending range.
8957,134.84,StoreC,NORMAL,The amount $134.84 is within the normal spending range.
4831,414.39,StoreC,NORMAL,The amount $414.39 is within the normal spending range.
8344,263.39,StoreB,NORMAL,The amount $263.39 is within the normal spending range.
6171,2.51,StoreB,NORMAL,The amount $2.51 is within the normal spending range.
1078,218.65,StoreC,NORMAL,The amount $218.65 is within the normal spending range.
5929,133.82,StoreB,NORMAL,The amount $133.82 is within the normal spending range.
4647,285.24,StoreA,NORMAL,The amount $285.24 is within the normal spending range.
2031,120.75,StoreC,NORMAL,The amount $120.75 is within the normal spending range.
8381,188.53,StoreC,NORMAL,The amount $188.53 is within the normal spending range.
3072,250.5,StoreB,NORMAL,The amount $250.5 is within the normal spending range.
7911,286.58,StoreA,NORMAL,The amount $286.58 is within the normal spending range.
7088,79.97,StoreB,NORMAL,The amount $79.97 is within the normal spending range.
2484,166.55,StoreA,NORMAL,The amount $166.55 is within the normal spending range.
6838,152.51,StoreA,NORMAL,The amount $152.51 is within the normal spending range.
2550,134.67,StoreC,NORMAL,The amount $134.67 is within the normal spending range.
6497,376.55,StoreA,NORMAL,The amount $376.55 is within the normal spending range.
5682,240.5,StoreC,NORMAL,The amount $240.5 is within the normal spending range.
2829,73.91,StoreA,NORMAL,The amount $73.91 is within the normal spending range.
4751,291.79,StoreC,NORMAL,The amount $291.79 is within the normal spending range.
7081,412.22,StoreA,NORMAL,The amount $412.22 is within the normal spending range.
7601,303.25,StoreB,NORMAL,The amount $303.25 is within the normal spending range.
5459,48.06,StoreA,NORMAL,The amount $48.06 is within the normal spending range.
4856,151.58,StoreB,NORMAL,The amount $151.58 is within the normal spending range.
7182,326.69,StoreA,NORMAL,The amount $326.69 is within the normal spending range.
7083,1308.39,StoreA,NORMAL,The amount $1308.39 is within the normal spending range.
8970,244.38,StoreC,NORMAL,The amount $244.38 is within the normal spending range.
3094,277.46,StoreA,NORMAL,The amount $277.46 is within the normal spending range.
7238,107.31,StoreA,NORMAL,The amount $107.31 is within the normal spending range.
4032,194.05,StoreA,NORMAL,The amount $194.05 is within the normal spending range.
2548,124.13,StoreB,NORMAL,The amount $124.13 is within the normal spending range.
9559,97.56,StoreC,NORMAL,The amount $97.56 is within the normal spending range.
1064,174.74,StoreC,NORMAL,The amount $174.74 is within the normal spending range.
4299,75.22,StoreA,NORMAL,The amount $75.22 is within the normal spending range.
5849,363.24,StoreA,NORMAL,The amount $363.24 is within the normal spending range.
6639,56.99,StoreB,NORMAL,The amount $56.99 is within the normal spending range.
3035,156.0,StoreA,NORMAL,The amount $156.0 is within the normal spending range.
6674,213.07,StoreC,NORMAL,The amount $213.07 is within the normal spending range.
3228,344.13,StoreC,NORMAL,The amount $344.13 is within the normal spending range.
6620,56.41,StoreB,NORMAL,The amount $56.41 is within the normal spending range.
1596,316.32,StoreB,NORMAL,The amount $316.32 is within the normal spending range.
4606,201.02,StoreC,NORMAL,The amount $201.02 is within the normal spending range.
4889,101.85,StoreB,NORMAL,The amount $101.85 is within the normal spending range.
4506,246.21,StoreA,NORMAL,The amount $246.21 is within the normal spending range.
2395,219.91,StoreA,NORMAL,The amount $219.91 is within the normal spending range.
8529,139.98,StoreB,NORMAL,The amount $139.98 is within the normal spending range.
9303,206.98,StoreC,NORMAL,The amount $206.98 is within the normal spending range.
1452,161.47,StoreB,NORMAL,The amount $161.47 is within the normal spending range.
8336,211.35,StoreC,NORMAL,The amount $211.35 is within the normal spending range.
3631,266.21,StoreB,NORMAL,The amount $266.21 is within the normal spending range.
3186,358.6,StoreB,NORMAL,The amount $358.6 is within the normal spending range.
6967,76.22,StoreB,NORMAL,The amount $76.22 is within the normal spending range.
7374,413.3,StoreA,NORMAL,The amount $413.3 is within the normal spending range.
6358,4.79,StoreA,NORMAL,The amount $4.79 is within the normal spending range.
5348,184.82,StoreC,NORMAL,The amount $184.82 is within the normal spending range.
2459,258.83,StoreB,NORMAL,The amount $258.83 is within the normal spending range.
2942,228.1,StoreA,NORMAL,The amount $228.1 is within the normal spending range.
6422,137.73,StoreB,NORMAL,The amount $137.73 is within the normal spending range.
6196,179.19,StoreC,NORMAL,The amount $179.19 is within the normal spending range.
1061,150.7,StoreA,NORMAL,The amount $150.7 is within the normal spending range.
2494,141.06,StoreC,NORMAL,The amount $141.06 is within the normal spending range.
2180,284.96,StoreA,NORMAL,The amount $284.96 is within the normal spending range.
7268,235.7,StoreB,NORMAL,The amount $235.7 is within the normal spending range.
3788,130.71,StoreC,NORMAL,The amount $130.71 is within the normal spending range.
5636,289.96,StoreA,NORMAL,The amount $289.96 is within the normal spending range.
5721,230.73,StoreA,NORMAL,The amount $230.73 is within the normal spending range.
6710,281.29,StoreB,NORMAL,The amount $281.29 is within the normal spending range.
8702,262.96,StoreC,NORMAL,The amount $262.96 is within the normal spending range.
1105,117.1,StoreC,NORMAL,The amount $117.1 is within the normal spending range.
5087,143.98,StoreC,NORMAL,The amount $143.98 is within the normal spending range.
4925,274.73,StoreB,NORMAL,The amount $274.73 is within the normal spending range.
2908,261.04,StoreA,NORMAL,The amount $261.04 is within the normal spending range.
3049,197.91,StoreA,NORMAL,The amount $197.91 is within the normal spending range.
9172,211.73,StoreC,NORMAL,The amount $211.73 is within the normal spending range.
4904,327.77,StoreA,NORMAL,The amount $327.77 is within the normal spending range.
4796,140.84,StoreC,NORMAL,The amount $140.84 is within the normal spending range.
1292,254.71,StoreB,NORMAL,The amount $254.71 is within the normal spending range.
7266,179.78,StoreB,NORMAL,The amount $179.78 is within the normal spending range.
7370,178.23,StoreB,NORMAL,The amount $178.23 is within the normal spending range.
5860,309.88,StoreC,NORMAL,The amount $309.88 is within the normal spending range.
4729,282.54,StoreA,NORMAL,The amount $282.54 is within the normal spending range.
8962,281.35,StoreB,NORMAL,The amount $281.35 is within the normal spending range.
6510,3346.56,StoreC,ANOMALY,The amount $3346.56 is 6.66 standard deviations above the mean.
9619,202.1,StoreC,NORMAL,The amount $202.1 is within the normal spending range.
7761,268.2,StoreB,NORMAL,The amount $268.2 is within the normal spending range.
7110,168.97,StoreB,NORMAL,The amount $168.97 is within the normal spending range.
7955,232.42,StoreB,NORMAL,The amount $232.42 is within the normal spending range.
1106,186.99,StoreA,NORMAL,The amount $186.99 is within the normal spending range.
5754,209.7,StoreA,NORMAL,The amount $209.7 is within the normal spending range.
6278,259.52,StoreC,NORMAL,The amount $259.52 is within the normal spending range.
7408,118.18,StoreB,NORMAL,The amount $118.18 is within the normal spending range.
8635,409.24,StoreB,NORMAL,The amount $409.24 is within the normal spending range.
2225,99.4,StoreA,NORMAL,The amount $99.4 is within the normal spending range.
5250,78.58,StoreB,NORMAL,The amount $78.58 is within the normal spending range.
1895,315.81,StoreC,NORMAL,The amount $315.81 is within the normal spending range.
2620,279.17,StoreB,NORMAL,The amount $279.17 is within the normal spending range.
6088,262.41,StoreA,NORMAL,The amount $262.41 is within the normal spending range.
6419,262.83,StoreC,NORMAL,The amount $262.83 is within the normal spending range.
2385,198.78,StoreC,NORMAL,The amount $198.78 is within the normal spending range.
3433,110.27,StoreB,NORMAL,The amount $110.27 is within the normal spending range.
2301,207.58,StoreC,NORMAL,The amount $207.58 is within the normal spending range.
7858,132.28,StoreB,NORMAL,The amount $132.28 is within the normal spending range.
9950,297.51,StoreB,NORMAL,The amount $297.51 is within the normal spending range.
9938,185.29,StoreA,NORMAL,The amount $185.29 is within the normal spending range.
9784,117.45,StoreC,NORMAL,The amount $117.45 is within the normal spending range.
6644,167.86,StoreB,NORMAL,The amount $167.86 is within the normal spending range.
6088,241.29,StoreB,NORMAL,The amount $241.29 is within the normal spending range.
6440,1454.13,StoreB,NORMAL,The amount $1454.13 is within the normal spending range.
8493,117.78,StoreC,NORMAL,The amount $117.78 is within the normal spending range.
7291,224.37,StoreC,NORMAL,The amount $224.37 is within the normal spending range.
4307,224.5,StoreC,NORMAL,The amount $224.5 is within the normal spending range.
9894,149.31,StoreB,NORMAL,The amount $149.31 is within the normal spending range.
5708,152.9,StoreC,NORMAL,The amount $152.9 is within the normal spending range.
1104,2259.79,StoreB,ANOMALY,The amount $2259.79 is 4.29 standard deviations above the mean.
4833,55.19,StoreC,NORMAL,The amount $55.19 is within the normal spending range.
1395,59.25,StoreC,NORMAL,The amount $59.25 is within the normal spending range.
4517,128.16,StoreB,NORMAL,The amount $128.16 is within the normal spending range.
4291,178.66,StoreC,NORMAL,The amount $178.66 is within the normal spending range.
3010,231.09,StoreB,NORMAL,The amount $231.09 is within the normal spending range.
5537,3518.55,StoreC,ANOMALY,The amount $3518.55 is 7.03 standard deviations above the mean.
5968,285.77,StoreC,NORMAL,The amount $285.77 is within the normal spending range.
5762,1862.93,StoreC,ANOMALY,The amount $1862.93 is 3.42 standard deviations above the mean.
2051,198.1,StoreC,NORMAL,The amount $198.1 is within the normal spending range.
3841,99.75,StoreA,NORMAL,The amount $99.75 is within the normal spending range.
7618,198.15,StoreB,NORMAL,The amount $198.15 is within the normal spending range.
5723,171.13,StoreA,NORMAL,The amount $171.13 is within the normal spending range.
8472,232.27,StoreC,NORMAL,The amount $232.27 is within the normal spending range.
8913,117.28,StoreC,NORMAL,The amount $117.28 is within the normal spending range.
6524,2550.66,StoreB,ANOMALY,The amount $2550.66 is 4.92 standard deviations above the mean.
4584,353.27,StoreB,NORMAL,The amount $353.27 is within the normal spending range.
9539,189.12,StoreB,NORMAL,The amount $189.12 is within the normal spending range.
2263,240.17,StoreB,NORMAL,The amount $240.17 is within the normal spending range.
5665,269.01,StoreC,NORMAL,The amount $269.01 is within the normal spending range.
9014,159.88,StoreB,NORMAL,The amount $159.88 is within the normal spending range.
2351,222.41,StoreA,NORMAL,The amount $222.41 is within the normal spending range.
7980,201.26,StoreB,NORMAL,The amount $201.26 is within the normal spending range.
8190,209.77,StoreB,NORMAL,The amount $209.77 is within the normal spending range.
4827,122.7,StoreA,NORMAL,The amount $122.7 is within the normal spending range.
9861,202.45,StoreA,NORMAL,The amount $202.45 is within the normal spending range.
3646,249.8,StoreA,NORMAL,The amount $249.8 is within the normal spending range.
1266,345.11,StoreA,NORMAL,The amount $345.11 is within the normal spending range.
8434,295.93,StoreB,NORMAL,The amount $295.93 is within the normal spending range.
2022,415.32,StoreA,NORMAL,The amount $415.32 is within the normal spending range.
8947,123.27,StoreC,NORMAL,The amount $123.27 is within the normal spending range.
3037,287.23,StoreB,NORMAL,The amount $287.23 is within the normal spending range.
9756,218.33,StoreC,NORMAL,The amount $218.33 is within the normal spending range.
8778,418.98,StoreB,NORMAL,The amount $418.98 is within the normal spending range.
2059,119.17,StoreB,NORMAL,The amount $119.17 is within the normal spending range.
2424,116.03,StoreC,NORMAL,The amount $116.03 is within the normal spending range.
5123,140.06,StoreA,NORMAL,The amount $140.06 is within the normal spending range.
1219,12.39,StoreA,NORMAL,The amount $12.39 is within the normal spending range.
1405,147.42,StoreC,NORMAL,The amount $147.42 is within the normal spending range.
3318,124.09,StoreA,NORMAL,The amount $124.09 is within the normal spending range.
9983,215.04,StoreB,NORMAL,The amount $215.04 is within the normal spending range.
6058,234.18,StoreB,NORMAL,The amount $234.18 is within the normal spending range.
2309,387.62,StoreB,NORMAL,The amount $387.62 is within the normal spending range.
8621,295.04,StoreA,NORMAL,The amount $295.04 is within the normal spending range.
5929,142.31,StoreA,NORMAL,The amount $142.31 is within the normal spending range.
9702,110.16,StoreC,NORMAL,The amount $110.16 is within the normal spending range.
9683,249.19,StoreB,NORMAL,The amount $249.19 is within the normal spending range.
2617,67.98,StoreC,NORMAL,The amount $67.98 is within the normal spending range.
2520,383.15,StoreA,NORMAL,The amount $383.15 is within the normal spending range.
8892,317.94,StoreC,NORMAL,The amount $317.94 is within the normal spending range.
2583,153.08,StoreA,NORMAL,The amount $153.08 is within the normal spending range.
7704,28.69,StoreB,NORMAL,The amount $28.69 is within the normal spending range.
8988,335.39,StoreB,NORMAL,The amount $335.39 is within the normal spending range.
7583,188.55,StoreA,NORMAL,The amount $188.55 is within the normal spending range.
2575,3278.06,StoreA,ANOMALY,The amount $3278.06 is 6.51 standard deviations above the mean.
7935,40.56,StoreA,NORMAL,The amount $40.56 is within the normal spending range.
7176,140.06,StoreB,NORMAL,The amount $140.06 is within the normal spending range.
3613,200.52,StoreA,NORMAL,The amount $200.52 is within the normal spending range.
4892,2072.42,StoreB,ANOMALY,The amount $2072.42 is 3.88 standard deviations above the mean.
9653,154.99,StoreC,NORMAL,The amount $154.99 is within the normal spending range.
7733,2655.45,StoreB,ANOMALY,The amount $2655.45 is 5.15 standard deviations above the mean.
5431,93.24,StoreC,NORMAL,The amount $93.24 is within the normal spending range.
9112,185.76,StoreB,NORMAL,The amount $185.76 is within the normal spending range.
2381,212.03,StoreB,NORMAL,The amount $212.03 is within the normal spending range.
4515,251.44,StoreA,NORMAL,The amount $251.44 is within the normal spending range.
5454,2745.32,StoreB,ANOMALY,The amount $2745.32 is 5.34 standard deviations above the mean.
8769,87.54,StoreA,NORMAL,The amount $87.54 is within the normal spending range.
7489,46.59,StoreA,NORMAL,The amount $46.59 is within the normal spending range.
9384,327.77,StoreA,NORMAL,The amount $327.77 is within the normal spending range.
4534,233.23,StoreB,NORMAL,The amount $233.23 is within the normal spending range.
1755,125.15,StoreA,NORMAL,The amount $125.15 is within the normal spending range.
3525,355.12,StoreC,NORMAL,The amount $355.12 is within the normal spending range.
1827,211.57,StoreC,NORMAL,The amount $211.57 is within the normal spending range.
5748,317.93,StoreB,NORMAL,The amount $317.93 is within the normal spending range.
3333,206.75,StoreA,NORMAL,The amount $206.75 is within the normal spending range.
5946,406.07,StoreC,NORMAL,The amount $406.07 is within the normal spending range.
9302,375.53,StoreB,NORMAL,The amount $375.53 is within the normal spending range.
9046,175.1,StoreB,NORMAL,The amount $175.1 is within the normal spending range.
9984,297.16,StoreB,NORMAL,The amount $297.16 is within the normal spending range.
8181,264.54,StoreB,NORMAL,The amount $264.54 is within the normal spending range.
4414,336.86,StoreB,NORMAL,The amount $336.86 is within the normal spending range.
7457,103.51,StoreA,NORMAL,The amount $103.51 is within the normal spending range.
7749,268.61,StoreA,NORMAL,The amount $268.61 is within the normal spending range.
1296,305.84,StoreA,NORMAL,The amount $305.84 is within the normal spending range.
1568,24.13,StoreA,NORMAL,The amount $24.13 is within the normal spending range.
6283,81.67,StoreB,NORMAL,The amount $81.67 is within the normal spending range.
8664,3.92,StoreB,NORMAL,The amount $3.92 is within the normal spending range.
8511,173.06,StoreC,NORMAL,The amount $173.06 is within the normal spending range.
6465,271.75,StoreC,NORMAL,The amount $271.75 is within the normal spending range.
9263,350.24,StoreA,NORMAL,The amount $350.24 is within the normal spending range.
5382,207.41,StoreB,NORMAL,The amount $207.41 is within the normal spending range.
1065,3673.71,StoreC,ANOMALY,The amount $3673.71 is 7.37 standard deviations above the mean.
1879,61.99,StoreC,NORMAL,The amount $61.99 is within the normal spending range.
9259,29.66,StoreC,NORMAL,The amount $29.66 is within the normal spending range.
8222,194.45,StoreC,NORMAL,The amount $194.45 is within the normal spending range.
6069,238.41,StoreA,NORMAL,The amount $238.41 is within the normal spending range.
4239,196.73,StoreB,NORMAL,The amount $196.73 is within the normal spending range.
1507,6.74,StoreA,NORMAL,The amount $6.74 is within the normal spending range.
8704,191.09,StoreC,NORMAL,The amount $191.09 is within the normal spending range.
2125,69.55,StoreC,NORMAL,The amount $69.55 is within the normal spending range.
1885,266.97,StoreB,NORMAL,The amount $266.97 is within the normal spending range.
3841,236.66,StoreB,NORMAL,The amount $236.66 is within the normal spending range.
8975,106.01,StoreA,NORMAL,The amount $106.01 is within the normal spending range.
7565,148.61,StoreB,NORMAL,The amount $148.61 is within the normal spending range.
7083,94.08,StoreA,NORMAL,The amount $94.08 is within the normal spending range.
5870,1961.4,StoreA,ANOMALY,The amount $1961.4 is 3.63 standard deviations above the mean.
3525,295.51,StoreC,NORMAL,The amount $295.51 is within the normal spending range.
5215,101.43,StoreA,NORMAL,The amount $101.43 is within the normal spending range.
2938,250.4,StoreC,NORMAL,The amount $250.4 is within the normal spending range.
4232,146.97,StoreA,NORMAL,The amount $146.97 is within the normal spending range.
4744,120.71,StoreA,NORMAL,The amount $120.71 is within the normal spending range.
7221,189.3,StoreB,NORMAL,The amount $189.3 is within the normal spending range.
4465,96.48,StoreB,NORMAL,The amount $96.48 is within the normal spending range.
1440,144.64,StoreC,NORMAL,The amount $144.64 is within the normal spending range.
1461,80.21,StoreB,NORMAL,The amount $80.21 is within the normal spending range.
9803,396.47,StoreA,NORMAL,The amount $396.47 is within the normal spending range.
6413,203.53,StoreC,NORMAL,The amount $203.53 is within the normal spending range.
6755,130.03,StoreC,NORMAL,The amount $130.03 is within the normal spending range.
6012,221.4,StoreC,NORMAL,The amount $221.4 is within the normal spending range.
4163,188.77,StoreA,NORMAL,The amount $188.77 is within the normal spending range.
7752,177.9,StoreB,NORMAL,The amount $177.9 is within the normal spending range.
1005,261.42,StoreC,NORMAL,The amount $261.42 is within the normal spending range.
5776,275.75,StoreA,NORMAL,The amount $275.75 is within the normal spending range.
8038,146.95,StoreB,NORMAL,The amount $146.95 is within the normal spending range.
7414,142.42,StoreB,NORMAL,The amount $142.42 is within the normal spending range.
6739,172.49,StoreC,NORMAL,The amount $172.49 is within the normal spending range.
4970,30.19,StoreA,NORMAL,The amount $30.19 is within the normal spending range.
3606,48.48,StoreB,NORMAL,The amount $48.48 is within the normal spending range.
1098,336.69,StoreA,NORMAL,The amount $336.69 is within the normal spending range.
1525,364.5,StoreB,NORMAL,The amount $364.5 is within the normal spending range.
7337,175.1,StoreC,NORMAL,The amount $175.1 is within the normal spending range.
2180,257.66,StoreC,NORMAL,The amount $257.66 is within the normal spending range.
9067,231.13,StoreB,NORMAL,The amount $231.13 is within the normal spending range.
5491,507.89,StoreA,NORMAL,The amount $507.89 is within the normal spending range.
6922,311.96,StoreB,NORMAL,The amount $311.96 is within the normal spending range.
4071,187.21,StoreA,NORMAL,The amount $187.21 is within the normal spending range.
6641,104.45,StoreB,NORMAL,The amount $104.45 is within the normal spending range.
8381,39.36,StoreC,NORMAL,The amount $39.36 is within the normal spending range.
3792,220.35,StoreA,NORMAL,The amount $220.35 is within the normal spending range.
5778,124.36,StoreC,NORMAL,The amount $124.36 is within the normal spending range.
1014,57.77,StoreA,NORMAL,The amount $57.77 is within the normal spending range.
3415,135.34,StoreB,NORMAL,The amount $135.34 is within the normal spending range.
3685,91.85,StoreC,NORMAL,The amount $91.85 is within the normal spending range.
9159,368.71,StoreC,NORMAL,The amount $368.71 is within the normal spending range.
8926,288.16,StoreA,NORMAL,The amount $288.16 is within the normal spending range.
5100,199.2,StoreA,NORMAL,The amount $199.2 is within the normal spending range.
7374,347.99,StoreA,NORMAL,The amount $347.99 is within the normal spending range.
7004,207.74,StoreC,NORMAL,The amount $207.74 is within the normal spending range.
6521,113.87,StoreB,NORMAL,The amount $113.87 is within the normal spending range.
8155,352.31,StoreA,NORMAL,The amount $352.31 is within the normal spending range.
4297,253.89,StoreB,NORMAL,The amount $253.89 is within the normal spending range.
3633,96.28,StoreA,NORMAL,The amount $96.28 is within the normal spending range.
4890,180.97,StoreB,NORMAL,The amount $180.97 is within the normal spending range.
1791,1138.36,StoreA,NORMAL,The amount $1138.36 is within the normal spending range.
1151,61.72,StoreB,NORMAL,The amount $61.72 is within the normal spending range.
4063,292.62,StoreC,NORMAL,The amount $292.62 is within the normal spending range.
7367,390.94,StoreA,NORMAL,The amount $390.94 is within the normal spending range.
8904,60.14,StoreA,NORMAL,The amount $60.14 is within the normal spending range.
3091,256.3,StoreC,NORMAL,The amount $256.3 is within the normal spending range.
5599,134.94,StoreA,NORMAL,The amount $134.94 is within the normal spending range.
8408,151.29,StoreA,NORMAL,The amount $151.29 is within the normal spending range.
3977,140.76,StoreC,NORMAL,The amount $140.76 is within the normal spending range.
1842,1150.13,StoreC,NORMAL,The amount $1150.13 is within the normal spending range.
4793,204.85,StoreB,NORMAL,The amount $204.85 is within the normal spending range.
2659,116.9,StoreC,NORMAL,The amount $116.9 is within the normal spending range.
9789,227.05,StoreC,NORMAL,The amount $227.05 is within the normal spending range.
6162,194.98,StoreA,NORMAL,The amount $194.98 is within the normal spending range.
7446,176.11,StoreC,NORMAL,The amount $176.11 is within the normal spending range.
5270,109.24,StoreA,NORMAL,The amount $109.24 is within the normal spending range.
4603,142.32,StoreC,NORMAL,The amount $142.32 is within the normal spending range.
7764,275.54,StoreC,NORMAL,The amount $275.54 is within the normal spending range.
2216,250.09,StoreB,NORMAL,The amount $250.09 is within the normal spending range.
3291,102.24,StoreC,NORMAL,The amount $102.24 is within the normal spending range.
4811,209.93,StoreC,NORMAL,The amount $209.93 is within the normal spending range.
5993,275.14,StoreA,NORMAL,The amount $275.14 is within the normal spending range.
6142,33.06,StoreA,NORMAL,The amount $33.06 is within the normal spending range.
7862,254.34,StoreB,NORMAL,The amount $254.34 is within the normal spending range.
7533,133.74,StoreC,NORMAL,The amount $133.74 is within the normal spending range.
8526,257.06,StoreA,NORMAL,The amount $257.06 is within the normal spending range.
3978,123.67,StoreC,NORMAL,The amount $123.67 is within the normal spending range.
6347,19.51,StoreB,NORMAL,The amount $19.51 is within the normal spending range.
8933,37.25,StoreA,NORMAL,The amount $37.25 is within the normal spending range.
5595,204.81,StoreA,NORMAL,The amount $204.81 is within the normal spending range.
7211,225.97,StoreB,NORMAL,The amount $225.97 is within the normal spending range.
3170,109.57,StoreC,NORMAL,The amount $109.57 is within the normal spending range.
9527,263.86,StoreA,NORMAL,The amount $263.86 is within the normal spending range.
4021,33.85,StoreA,NORMAL,The amount $33.85 is within the normal spending range.
9970,193.39,StoreB,NORMAL,The amount $193.39 is within the normal spending range.
8836,78.9,StoreB,NORMAL,The amount $78.9 is within the normal spending range.
2185,134.82,StoreB,NORMAL,The amount $134.82 is within the normal spending range.
4285,204.74,StoreC,NORMAL,The amount $204.74 is within the normal spending range.
4447,113.96,StoreC,NORMAL,The amount $113.96 is within the normal spending range.
4991,161.54,StoreC,NORMAL,The amount $161.54 is within the normal spending range.
5899,300.63,StoreB,NORMAL,The amount $300.63 is within the normal spending range.
2935,142.31,StoreA,NORMAL,The amount $142.31 is within the normal spending range.
9825,283.57,StoreC,NORMAL,The amount $283.57 is within the normal spending range.
2285,87.03,StoreB,NORMAL,The amount $87.03 is within the normal spending range.
9545,252.98,StoreC,NORMAL,The amount $252.98 is within the normal spending range.
8479,344.16,StoreA,NORMAL,The amount $344.16 is within the normal spending range.
6255,47.16,StoreA,NORMAL,The amount $47.16 is within the normal spending range.
2885,120.31,StoreB,NORMAL,The amount $120.31 is within the normal spending range.
6062,257.71,StoreA,NORMAL,The amount $257.71 is within the normal spending range.
8066,179.7,StoreB,NORMAL,The amount $179.7 is within the normal spending range.
4022,237.11,StoreB,NORMAL,The amount $237.11 is within the normal spending range.
6265,139.6,StoreB,NORMAL,The amount $139.6 is within the normal spending range.
2547,208.66,StoreB,NORMAL,The amount $208.66 is within the normal spending range.
5204,184.43,StoreA,NORMAL,The amount $184.43 is within the normal spending range.
8590,316.78,StoreA,NORMAL,The amount $316.78 is within the normal spending range.
2368,225.44,StoreA,NORMAL,The amount $225.44 is within the normal spending range.
2757,233.76,StoreA,NORMAL,The amount $233.76 is within the normal spending range.
5917,158.81,StoreB,NORMAL,The amount $158.81 is within the normal spending range.
4484,151.24,StoreB,NORMAL,The amount $151.24 is within the normal spending range.
4052,156.74,StoreA,NORMAL,The amount $156.74 is within the normal spending range.
9382,239.45,StoreC,NORMAL,The amount $239.45 is within the normal spending range.
1932,157.9,StoreC,NORMAL,The amount $157.9 is within the normal spending range.
5237,228.98,StoreC,NORMAL,The amount $228.98 is within the normal spending range.
8240,407.54,StoreA,NORMAL,The amount $407.54 is within the normal spending range.
4238,287.11,StoreB,NORMAL,The amount $287.11 is within the normal spending range.
1565,167.4,StoreB,NORMAL,The amount $167.4 is within the normal spending range.
6378,320.12,StoreC,NORMAL,The amount $320.12 is within the normal spending range.
6558,159.19,StoreC,NORMAL,The amount $159.19 is within the normal spending range.
1743,3.81,StoreB,NORMAL,The amount $3.81 is within the normal spending range.
9864,99.19,StoreC,NORMAL,The amount $99.19 is within the normal spending range.
9722,12.92,StoreC,NORMAL,The amount $12.92 is within the normal spending range.
6409,164.85,StoreB,NORMAL,The amount $164.85 is within the normal spending range.
9753,201.84,StoreC,NORMAL,The amount $201.84 is within the normal spending range.
6629,367.64,StoreC,NORMAL,The amount $367.64 is within the normal spending range.
7318,232.69,StoreA,NORMAL,The amount $232.69 is within the normal spending range.
1301,178.09,StoreC,NORMAL,The amount $178.09 is within the normal spending range.
4767,282.94,StoreA,NORMAL,The amount $282.94 is within the normal spending range.
5280,21.11,StoreB,NORMAL,The amount $21.11 is within the normal spending range.
8506,223.56,StoreA,NORMAL,The amount $223.56 is within the normal spending range.
9701,277.09,StoreB,NORMAL,The amount $277.09 is within the normal spending range.
7962,52.14,StoreA,NORMAL,The amount $52.14 is within the normal spending range.
6429,314.38,StoreA,NORMAL,The amount $314.38 is within the normal spending range.
8248,233.85,StoreA,NORMAL,The amount $233.85 is within the normal spending range.
4445,158.47,StoreC,NORMAL,The amount $158.47 is within the normal spending range.
3203,263.28,StoreC,NORMAL,The amount $263.28 is within the normal spending range.
3834,427.07,StoreC,NORMAL,The amount $427.07 is within the normal spending range.
9986,218.19,StoreC,NORMAL,The amount $218.19 is within the normal spending range.
3479,224.82,StoreC,NORMAL,The amount $224.82 is within the normal spending range.
5856,154.06,StoreA,NORMAL,The amount $154.06 is within the normal spending range.
1434,115.02,StoreC,NORMAL,The amount $115.02 is within the normal spending range.
2706,283.03,StoreB,NORMAL,The amount $283.03 is within the normal spending range.
9260,114.39,StoreA,NORMAL,The amount $114.39 is within the normal spending range.
6725,207.16,StoreA,NORMAL,The amount $207.16 is within the normal spending range.
2904,152.23,StoreB,NORMAL,The amount $152.23 is within the normal spending range.
8018,247.9,StoreC,NORMAL,The amount $247.9 is within the normal spending range.
4959,233.37,StoreB,NORMAL,The amount $233.37 is within the normal spending range.
7825,303.75,StoreA,NORMAL,The amount $303.75 is within the normal spending range.
7347,149.0,StoreA,NORMAL,The amount $149.0 is within the normal spending range.
7156,173.01,StoreA,NORMAL,The amount $173.01 is within the normal spending range.
3713,102.12,StoreB,NORMAL,The amount $102.12 is within the normal spending range.
7194,155.57,StoreC,NORMAL,The amount $155.57 is within the normal spending range.
7512,237.73,StoreA,NORMAL,The amount $237.73 is within the normal spending range.
7867,275.7,StoreC,NORMAL,The amount $275.7 is within the normal spending range.
4727,107.78,StoreA,NORMAL,The amount $107.78 is within the normal spending range.
4546,286.96,StoreC,NORMAL,The amount $286.96 is within the normal spending range.
3303,335.56,StoreB,NORMAL,The amount $335.56 is within the normal spending range.
4681,241.34,StoreA,NORMAL,The amount $241.34 is within the normal spending range.
8852,387.68,StoreA,NORMAL,The amount $387.68 is within the normal spending range.
4221,122.62,StoreA,NORMAL,The amount $122.62 is within the normal spending range.
5374,75.53,StoreB,NORMAL,The amount $75.53 is within the normal spending range.
2082,22.13,StoreB,NORMAL,The amount $22.13 is within the normal spending range.
9637,3539.5,StoreC,ANOMALY,The amount $3539.5 is 7.08 standard deviations above the mean.
2592,265.44,StoreB,NORMAL,The amount $265.44 is within the normal spending range.
6608,194.44,StoreA,NORMAL,The amount $194.44 is within the normal spending range.
6526,228.0,StoreC,NORMAL,The amount $228.0 is within the normal spending range.
6179,87.45,StoreB,NORMAL,The amount $87.45 is within the normal spending range.
7472,444.58,StoreC,NORMAL,The amount $444.58 is within the normal spending range.
3775,212.92,StoreC,NORMAL,The amount $212.92 is within the normal spending range.
2590,210.94,StoreC,NORMAL,The amount $210.94 is within the normal spending range.
7004,272.58,StoreA,NORMAL,The amount $272.58 is within the normal spending range.
8230,248.1,StoreA,NORMAL,The amount $248.1 is within the normal spending range.
3231,222.39,StoreB,NORMAL,The amount $222.39 is within the normal spending range.
6118,120.95,StoreA,NORMAL,The amount $120.95 is within the normal spending range.
7454,247.15,StoreC,NORMAL,The amount $247.15 is within the normal spending range.
8960,388.2,StoreC,NORMAL,The amount $388.2 is within the normal spending range.
2561,334.54,StoreA,NORMAL,The amount $334.54 is within the normal spending range.
4646,359.32,StoreC,NORMAL,The amount $359.32 is within the normal spending range.
8596,148.88,StoreA,NORMAL,The amount $148.88 is within the normal spending range.
8240,101.04,StoreC,NORMAL,The amount $101.04 is within the normal spending range.
5942,187.42,StoreB,NORMAL,The amount $187.42 is within the normal spending range.
4238,2081.27,StoreB,ANOMALY,The amount $2081.27 is 3.90 standard deviations above the mean.
2600,309.42,StoreA,NORMAL,The amount $309.42 is within the normal spending range.
6700,30.75,StoreA,NORMAL,The amount $30.75 is within the normal spending range.
7071,352.96,StoreA,NORMAL,The amount $352.96 is within the normal spending range.
1709,184.2,StoreA,NORMAL,The amount $184.2 is within the normal spending range.
3971,157.31,StoreA,NORMAL,The amount $157.31 is within the normal spending range.
1793,98.79,StoreC,NORMAL,The amount $98.79 is within the normal spending range.
4099,34.51,StoreB,NORMAL,The amount $34.51 is within the normal spending range.
7030,282.32,StoreC,NORMAL,The amount $282.32 is within the normal spending range.
6765,207.33,StoreB,NORMAL,The amount $207.33 is within the normal spending range.
1026,71.0,StoreC,NORMAL,The amount $71.0 is within the normal spending range.
7693,70.49,StoreC,NORMAL,The amount $70.49 is within the normal spending range.
6322,166.42,StoreC,NORMAL,The amount $166.42 is within the normal spending range.
9276,366.9,StoreA,NORMAL,The amount $366.9 is within the normal spending range.
6951,174.04,StoreB,NORMAL,The amount $174.04 is within the normal spending range.
4101,49.69,StoreA,NORMAL,The amount $49.69 is within the normal spending range.
7609,175.43,StoreA,NORMAL,The amount $175.43 is within the normal spending range.
6309,172.73,StoreC,NORMAL,The amount $172.73 is within the normal spending range.
1011,69.69,StoreB,NORMAL,The amount $69.69 is within the normal spending range.
8770,194.57,StoreB,NORMAL,The amount $194.57 is within the normal spending range.
6413,176.91,StoreB,NORMAL,The amount $176.91 is within the normal spending range.
6774,269.62,StoreB,NORMAL,The amount $269.62 is within the normal spending range.
1179,384.9,StoreA,NORMAL,The amount $384.9 is within the normal spending range.
1796,312.66,StoreA,NORMAL,The amount $312.66 is within the normal spending range.
8279,173.11,StoreB,NORMAL,The amount $173.11 is within the normal spending range.
8188,89.35,StoreA,NORMAL,The amount $89.35 is within the normal spending range.
8312,457.34,StoreB,NORMAL,The amount $457.34 is within the normal spending range.
3024,205.92,StoreA,NORMAL,The amount $205.92 is within the normal spending range.
8666,201.39,StoreC,NORMAL,The amount $201.39 is within the normal spending range.
4217,197.59,StoreC,NORMAL,The amount $197.59 is within the normal spending range.
7584,219.81,StoreB,NORMAL,The amount $219.81 is within the normal spending range.
6285,185.56,StoreB,NORMAL,The amount $185.56 is within the normal spending range.
8370,142.63,StoreA,NORMAL,The amount $142.63 is within the normal spending range.
2519,145.31,StoreB,NORMAL,The amount $145.31 is within the normal spending range.
7611,196.72,StoreB,NORMAL,The amount $196.72 is within the normal spending range.
7856,145.66,StoreA,NORMAL,The amount $145.66 is within the normal spending range.
3432,128.72,StoreB,NORMAL,The amount $128.72 is within the normal spending range.
7457,210.64,StoreB,NORMAL,The amount $210.64 is within the normal spending range.
5866,174.5,StoreC,NORMAL,The amount $174.5 is within the normal spending range.
6054,350.4,StoreC,NORMAL,The amount $350.4 is within the normal spending range.
3070,65.1,StoreC,NORMAL,The amount $65.1 is within the normal spending range.
2781,309.15,StoreB,NORMAL,The amount $309.15 is within the normal spending range.
9530,324.61,StoreA,NORMAL,The amount $324.61 is within the normal spending range.
2516,7.34,StoreC,NORMAL,The amount $7.34 is within the normal spending range.
6491,165.73,StoreB,NORMAL,The amount $165.73 is within the normal spending range.
6949,162.86,StoreC,NORMAL,The amount $162.86 is within the normal spending range.
4290,599.85,StoreA,NORMAL,The amount $599.85 is within the normal spending range.
5570,122.22,StoreA,NORMAL,The amount $122.22 is within the normal spending range.
2379,88.94,StoreA,NORMAL,The amount $88.94 is within the normal spending range.
8670,375.23,StoreA,NORMAL,The amount $375.23 is within the normal spending range.
1800,293.57,StoreA,NORMAL,The amount $293.57 is within the normal spending range.
6267,327.16,StoreA,NORMAL,The amount $327.16 is within the normal spending range.
4495,272.17,StoreB,NORMAL,The amount $272.17 is within the normal spending range.
4257,87.09,StoreC,NORMAL,The amount $87.09 is within the normal spending range.
7558,147.55,StoreA,NORMAL,The amount $147.55 is within the normal spending range.
1981,248.94,StoreC,NORMAL,The amount $248.94 is within the normal spending range.
3088,77.79,StoreC,NORMAL,The amount $77.79 is within the normal spending range.
3952,271.3,StoreB,NORMAL,The amount $271.3 is within the normal spending range.
3126,175.97,StoreA,NORMAL,The amount $175.97 is within the normal spending range.
5812,162.52,StoreA,NORMAL,The amount $162.52 is within the normal spending range.
9063,271.1,StoreB,NORMAL,The amount $271.1 is within the normal spending range.
4861,244.43,StoreB,NORMAL,The amount $244.43 is within the normal spending range.
6903,163.9,StoreB,NORMAL,The amount $163.9 is within the normal spending range.
3591,315.93,StoreB,NORMAL,The amount $315.93 is within the normal spending range.
4322,91.89,StoreB,NORMAL,The amount $91.89 is within the normal spending range.
7437,261.59,StoreC,NORMAL,The amount $261.59 is within the normal spending range.
9801,259.31,StoreB,NORMAL,The amount $259.31 is within the normal spending range.
3861,169.05,StoreA,NORMAL,The amount $169.05 is within the normal spending range.
2655,232.61,StoreA,NORMAL,The amount $232.61 is within the normal spending range.
2755,74.89,StoreB,NORMAL,The amount $74.89 is within the normal spending range.
9237,292.4,StoreB,NORMAL,The amount $292.4 is within the normal spending range.
7227,181.51,StoreB,NORMAL,The amount $181.51 is within the normal spending range.
5638,147.73,StoreB,NORMAL,The amount $147.73 is within the normal spending range.
3567,304.9,StoreB,NORMAL,The amount $304.9 is within the normal spending range.
4123,129.57,StoreA,NORMAL,The amount $129.57 is within the normal spending range.
6164,59.15,StoreC,NORMAL,The amount $59.15 is within the normal spending range.
8081,44.34,StoreB,NORMAL,The amount $44.34 is within the normal spending range.
5907,260.6,StoreB,NORMAL,The amount $260.6 is within the normal spending range.
5962,71.96,StoreB,NORMAL,The amount $71.96 is within the normal spending range.
8150,375.48,StoreA,NORMAL,The amount $375.48 is within the normal spending range.
2766,8.19,StoreA,NORMAL,The amount $8.19 is within the normal spending range.
4549,369.65,StoreC,NORMAL,The amount $369.65 is within the normal spending range.
3309,221.1,StoreC,NORMAL,The amount $221.1 is within the normal spending range.
2976,190.33,StoreC,NORMAL,The amount $190.33 is within the normal spending range.
8180,145.51,StoreC,NORMAL,The amount $145.51 is within the normal spending range.
3490,239.91,StoreA,NORMAL,The amount $239.91 is within the normal spending range.
9917,196.24,StoreC,NORMAL,The amount $196.24 is within the normal spending range.
5381,310.33,StoreB,NORMAL,The amount $310.33 is within the normal spending range.
6987,211.42,StoreA,NORMAL,The amount $211.42 is within the normal spending range.
8425,215.03,StoreA,NORMAL,The amount $215.03 is within the normal spending range.
4619,163.64,StoreA,NORMAL,The amount $163.64 is within the normal spending range.
7060,194.31,StoreB,NORMAL,The amount $194.31 is within the normal spending range.
9689,230.78,StoreA,NORMAL,The amount $230.78 is within the normal spending range.
4976,28.98,StoreB,NORMAL,The amount $28.98 is within the normal spending range.
1704,65.18,StoreC,NORMAL,The amount $65.18 is within the normal spending range.
6452,274.33,StoreA,NORMAL,The amount $274.33 is within the normal spending range.
7094,217.09,StoreB,NORMAL,The amount $217.09 is within the normal spending range.
4681,1838.59,StoreA,ANOMALY,The amount $1838.59 is 3.37 standard deviations above the mean.
5138,201.84,StoreC,NORMAL,The amount $201.84 is within the normal spending range.
2916,234.76,StoreA,NORMAL,The amount $234.76 is within the normal spending range.
8501,146.02,StoreC,NORMAL,The amount $146.02 is within the normal spending range.
2845,122.17,StoreA,NORMAL,The amount $122.17 is within the normal spending range.
5654,219.58,StoreB,NORMAL,The amount $219.58 is within the normal spending range.
7413,102.16,StoreC,NORMAL,The amount $102.16 is within the normal spending range.
9111,240.83,StoreA,NORMAL,The amount $240.83 is within the normal spending range.
8990,29.74,StoreC,NORMAL,The amount $29.74 is within the normal spending range.
4090,302.92,StoreC,NORMAL,The amount $302.92 is within the normal spending range.
2370,2503.33,StoreB,ANOMALY,The amount $2503.33 is 4.82 standard deviations above the mean.
2928,225.6,StoreB,NORMAL,The amount $225.6 is within the normal spending range.
2636,298.27,StoreB,NORMAL,The amount $298.27 is within the normal spending range.
7180,366.55,StoreB,NORMAL,The amount $366.55 is within the normal spending range.
9283,301.44,StoreC,NORMAL,The amount $301.44 is within the normal spending range.
2843,15.91,StoreC,NORMAL,The amount $15.91 is within the normal spending range.
9376,72.04,StoreA,NORMAL,The amount $72.04 is within the normal spending range.
1831,137.52,StoreA,NORMAL,The amount $137.52 is within the normal spending range.
6538,202.61,StoreA,NORMAL,The amount $202.61 is within the normal spending range.
6315,251.77,StoreB,NORMAL,The amount $251.77 is within the normal spending range.
9455,127.43,StoreC,NORMAL,The amount $127.43 is within the normal spending range.
6327,218.68,StoreC,NORMAL,The amount $218.68 is within the normal spending range.
2286,124.46,StoreA,NORMAL,The amount $124.46 is within the normal spending range.
2529,138.85,StoreA,NORMAL,The amount $138.85 is within the normal spending range.
7655,600.71,StoreC,NORMAL,The amount $600.71 is within the normal spending range.
2877,107.68,StoreB,NORMAL,The amount $107.68 is within the normal spending range.
6431,64.83,StoreA,NORMAL,The amount $64.83 is within the normal spending range.
3478,102.41,StoreA,NORMAL,The amount $102.41 is within the normal spending range.
1100,305.36,StoreC,NORMAL,The amount $305.36 is within the normal spending range.
4087,105.06,StoreC,NORMAL,The amount $105.06 is within the normal spending range.
6828,463.24,StoreA,NORMAL,The amount $463.24 is within the normal spending range.
8425,249.33,StoreA,NORMAL,The amount $249.33 is within the normal spending range.
3291,218.48,StoreB,NORMAL,The amount $218.48 is within the normal spending range.
6467,114.16,StoreB,NORMAL,The amount $114.16 is within the normal spending range.
9296,270.03,StoreB,NORMAL,The amount $270.03 is within the normal spending range.
1693,142.44,StoreB,NORMAL,The amount $142.44 is within the normal spending range.
6786,212.2,StoreA,NORMAL,The amount $212.2 is within the normal spending range.
6406,456.01,StoreA,NORMAL,The amount $456.01 is within the normal spending range.
4491,190.39,StoreA,NORMAL,The amount $190.39 is within the normal spending range.
4392,314.93,StoreB,NORMAL,The amount $314.93 is within the normal spending range.
3268,129.68,StoreA,NORMAL,The amount $129.68 is within the normal spending range.
6632,196.5,StoreC,NORMAL,The amount $196.5 is within the normal spending range.
4783,377.08,StoreB,NORMAL,The amount $377.08 is within the normal spending range.
6973,137.3,StoreC,NORMAL,The amount $137.3 is within the normal spending range.
6969,381.24,StoreB,NORMAL,The amount $381.24 is within the normal spending range.
9981,270.78,StoreA,NORMAL,The amount $270.78 is within the normal spending range.
5648,143.75,StoreB,NORMAL,The amount $143.75 is within the normal spending range.
5939,263.24,StoreC,NORMAL,The amount $263.24 is within the normal spending range.
9850,297.26,StoreB,NORMAL,The amount $297.26 is within the normal spending range.
9024,262.18,StoreC,NORMAL,The amount $262.18 is within the normal spending range.
8857,42.98,StoreA,NORMAL,The amount $42.98 is within the normal spending range.
2018,127.29,StoreC,NORMAL,The amount $127.29 is within the normal spending range.
2953,175.25,StoreA,NORMAL,The amount $175.25 is within the normal spending range.
4657,1949.5,StoreC,ANOMALY,The amount $1949.5 is 3.61 standard deviations above the mean.
5846,262.07,StoreA,NORMAL,The amount $262.07 is within the normal spending range.
3296,217.77,StoreC,NORMAL,The amount $217.77 is within the normal spending range.
1774,66.47,StoreA,NORMAL,The amount $66.47 is within the normal spending range.
3811,238.02,StoreA,NORMAL,The amount $238.02 is within the normal spending range.
4182,261.06,StoreA,NORMAL,The amount $261.06 is within the normal spending range.
8867,255.98,StoreC,NORMAL,The amount $255.98 is within the normal spending range.
5329,308.08,StoreC,NORMAL,The amount $308.08 is within the normal spending range.
7167,283.39,StoreA,NORMAL,The amount $283.39 is within the normal spending range.
4097,245.92,StoreB,NORMAL,The amount $245.92 is within the normal spending range.
2404,192.98,StoreA,NORMAL,The amount $192.98 is within the normal spending range.
6101,33.9,StoreB,NORMAL,The amount $33.9 is within the normal spending range.
2369,242.96,StoreA,NORMAL,The amount $242.96 is within the normal spending range.
6497,220.77,StoreC,NORMAL,The amount $220.77 is within the normal spending range.
7665,227.16,StoreB,NORMAL,The amount $227.16 is within the normal spending range.
3064,72.33,StoreC,NORMAL,The amount $72.33 is within the normal spending range.
3765,91.89,StoreB,NORMAL,The amount $91.89 is within the normal spending range.
3817,305.32,StoreB,NORMAL,The amount $305.32 is within the normal spending range.
8791,196.04,StoreB,NORMAL,The amount $196.04 is within the normal spending range.
1716,268.15,StoreB,NORMAL,The amount $268.15 is within the normal spending range.
5040,202.83,StoreC,NORMAL,The amount $202.83 is within the normal spending range.
2711,202.98,StoreB,NORMAL,The amount $202.98 is within the normal spending range.
6367,293.83,StoreA,NORMAL,The amount $293.83 is within the normal spending range.
7261,148.4,StoreA,NORMAL,The amount $148.4 is within the normal spending range.
1008,209.61,StoreB,NORMAL,The amount $209.61 is within the normal spending range.
9789,153.77,StoreC,NORMAL,The amount $153.77 is within the normal spending range.
5118,156.55,StoreC,NORMAL,The amount $156.55 is within the normal spending range.
7086,169.08,StoreB,NORMAL,The amount $169.08 is within the normal spending range.
7383,222.21,StoreC,NORMAL,The amount $222.21 is within the normal spending range.
4667,1540.16,StoreC,NORMAL,The amount $1540.16 is within the normal spending range.
3246,325.58,StoreC,NORMAL,The amount $325.58 is within the normal spending range.
4626,110.54,StoreB,NORMAL,The amount $110.54 is within the normal spending range.
3822,181.31,StoreA,NORMAL,The amount $181.31 is within the normal spending range.
9283,156.03,StoreA,NORMAL,The amount $156.03 is within the normal spending range.
1850,344.7,StoreA,NORMAL,The amount $344.7 is within the normal spending range.
2107,219.66,StoreA,NORMAL,The amount $219.66 is within the normal spending range.
1299,303.18,StoreA,NORMAL,The amount $303.18 is within the normal spending range.
9102,51.44,StoreC,NORMAL,The amount $51.44 is within the normal spending range.
6400,226.71,StoreC,NORMAL,The amount $226.71 is within the normal spending range.
2082,288.96,StoreC,NORMAL,The amount $288.96 is within the normal spending range.
9167,208.23,StoreB,NORMAL,The amount $208.23 is within the normal spending range.
3800,306.55,StoreC,NORMAL,The amount $306.55 is within the normal spending range.
4951,148.27,StoreA,NORMAL,The amount $148.27 is within the normal spending range.
9967,340.93,StoreC,NORMAL,The amount $340.93 is within the normal spending range.
7768,429.89,StoreA,NORMAL,The amount $429.89 is within the normal spending range.
2452,163.72,StoreC,NORMAL,The amount $163.72 is within the normal spending range.
2681,155.45,StoreA,NORMAL,The amount $155.45 is within the normal spending range.
3303,345.34,StoreC,NORMAL,The amount $345.34 is within the normal spending range.
8157,357.96,StoreA,NORMAL,The amount $357.96 is within the normal spending range.
2851,147.71,StoreA,NORMAL,The amount $147.71 is within the normal spending range.
2897,157.98,StoreB,NORMAL,The amount $157.98 is within the normal spending range.
6825,171.82,StoreC,NORMAL,The amount $171.82 is within the normal spending range.
9806,65.55,StoreA,NORMAL,The amount $65.55 is within the normal spending range.
1244,108.13,StoreC,NORMAL,The amount $108.13 is within the normal spending range.
9948,99.59,StoreA,NORMAL,The amount $99.59 is within the normal spending range.
4807,123.22,StoreB,NORMAL,The amount $123.22 is within the normal spending range.
3779,196.53,StoreB,NORMAL,The amount $196.53 is within the normal spending range.
2846,223.42,StoreB,NORMAL,The amount $223.42 is within the normal spending range.
8021,355.05,StoreB,NORMAL,The amount $355.05 is within the normal spending range.
1473,100.16,StoreA,NORMAL,The amount $100.16 is within the normal spending range.
5131,298.43,StoreC,NORMAL,The amount $298.43 is within the normal spending range.
2792,178.6,StoreB,NORMAL,The amount $178.6 is within the normal spending range.
2734,195.05,StoreB,NORMAL,The amount $195.05 is within the normal spending range.
8215,267.48,StoreB,NORMAL,The amount $267.48 is within the normal spending range.
8229,87.73,StoreC,NORMAL,The amount $87.73 is within the normal spending range.
6188,238.24,StoreA,NORMAL,The amount $238.24 is within the normal spending range.
6281,2193.38,StoreA,ANOMALY,The amount $2193.38 is 4.14 standard deviations above the mean.
6858,249.25,StoreA,NORMAL,The amount $249.25 is within the normal spending range.
1944,228.92,StoreA,NORMAL,The amount $228.92 is within the normal spending range.
2511,445.53,StoreC,NORMAL,The amount $445.53 is within the normal spending range.
5081,136.23,StoreC,NORMAL,The amount $136.23 is within the normal spending range.
7118,146.9,StoreC,NORMAL,The amount $146.9 is within the normal spending range.
1858,137.69,StoreB,NORMAL,The amount $137.69 is within the normal spending range.
4560,144.45,StoreC,NORMAL,The amount $144.45 is within the normal spending range.
9421,136.26,StoreA,NORMAL,The amount $136.26 is within the normal spending range.
9369,318.9,StoreC,NORMAL,The amount $318.9 is within the normal spending range.
3615,342.05,StoreB,NORMAL,The amount $342.05 is within the normal spending range.
2613,142.93,StoreA,NORMAL,The amount $142.93 is within the normal spending range.
3840,116.76,StoreC,NORMAL,The amount $116.76 is within the normal spending range.
2774,247.14,StoreA,NORMAL,The amount $247.14 is within the normal spending range.
4871,1465.77,StoreA,NORMAL,The amount $1465.77 is within the normal spending range.
9273,263.29,StoreC,NORMAL,The amount $263.29 is within the normal spending range.
1845,220.29,StoreC,NORMAL,The amount $220.29 is within the normal spending range.
4260,48.43,StoreB,NORMAL,The amount $48.43 is within the normal spending range.
4145,354.75,StoreC,NORMAL,The amount $354.75 is within the normal spending range.
8802,379.59,StoreC,NORMAL,The amount $379.59 is within the normal spending range.
3263,138.72,StoreC,NORMAL,The amount $138.72 is within the normal spending range.
9636,161.23,StoreA,NORMAL,The amount $161.23 is within the normal spending range.
9155,228.59,StoreB,NORMAL,The amount $228.59 is within the normal spending range.
1922,2363.47,StoreA,ANOMALY,The amount $2363.47 is 4.51 standard deviations above the mean.
7695,265.85,StoreC,NORMAL,The amount $265.85 is within the normal spending range.
5288,401.02,StoreB,NORMAL,The amount $401.02 is within the normal spending range.
6758,182.31,StoreC,NORMAL,The amount $182.31 is within the normal spending range.
9131,120.17,StoreA,NORMAL,The amount $120.17 is within the normal spending range.
3630,62.07,StoreA,NORMAL,The amount $62.07 is within the normal spending range.
8816,126.91,StoreC,NORMAL,The amount $126.91 is within the normal spending range.
8556,196.69,StoreB,NORMAL,The amount $196.69 is within the normal spending range.
6930,379.46,StoreA,NORMAL,The amount $379.46 is within the normal spending range.
8000,148.24,StoreC,NORMAL,The amount $148.24 is within the normal spending range.
4512,222.38,StoreC,NORMAL,The amount $222.38 is within the normal spending range.
7066,198.36,StoreC,NORMAL,The amount $198.36 is within the normal spending range.
4722,318.84,StoreB,NORMAL,The amount $318.84 is within the normal spending range.
6648,452.69,StoreC,NORMAL,The amount $452.69 is within the normal spending range.
3060,146.91,StoreC,NORMAL,The amount $146.91 is within the normal spending range.
4034,1529.33,StoreA,NORMAL,The amount $1529.33 is within the normal spending range.
3387,304.42,StoreC,NORMAL,The amount $304.42 is within the normal spending range.
8008,268.19,StoreB,NORMAL,The amount $268.19 is within the normal spending range.
9031,3894.52,StoreC,ANOMALY,The amount $3894.52 is 7.85 standard deviations above the mean.
2799,258.39,StoreB,NORMAL,The amount $258.39 is within the normal spending range.
5407,164.07,StoreC,NORMAL,The amount $164.07 is within the normal spending range.
3780,259.07,StoreC,NORMAL,The amount $259.07 is within the normal spending range.
2127,310.87,StoreC,NORMAL,The amount $310.87 is within the normal spending range.
9530,282.05,StoreB,NORMAL,The amount $282.05 is within the normal spending range.
8365,250.73,StoreA,NORMAL,The amount $250.73 is within the normal spending range.
8611,306.67,StoreB,NORMAL,The amount $306.67 is within the normal spending range.
8535,316.93,StoreA,NORMAL,The amount $316.93 is within the normal spending range.
3808,3424.19,StoreB,ANOMALY,The amount $3424.19 is 6.82 standard deviations above the mean.
5297,264.87,StoreC,NORMAL,The amount $264.87 is within the normal spending range.
5559,1855.66,StoreC,ANOMALY,The amount $1855.66 is 3.40 standard deviations above the mean.
1448,214.67,StoreA,NORMAL,The amount $214.67 is within the normal spending range.
6008,320.65,StoreA,NORMAL,The amount $320.65 is within the normal spending range.
5893,118.31,StoreB,NORMAL,The amount $118.31 is within the normal spending range.
1793,236.87,StoreB,NORMAL,The amount $236.87 is within the normal spending range.
1436,160.67,StoreA,NORMAL,The amount $160.67 is within the normal spending range.
7012,202.87,StoreA,NORMAL,The amount $202.87 is within the normal spending range.
6869,327.85,StoreB,NORMAL,The amount $327.85 is within the normal spending range.
2620,219.11,StoreA,NORMAL,The amount $219.11 is within the normal spending range.
5308,204.64,StoreA,NORMAL,The amount $204.64 is within the normal spending range.
1948,64.01,StoreA,NORMAL,The amount $64.01 is within the normal spending range.
4944,274.63,StoreA,NORMAL,The amount $274.63 is within the normal spending range.
1191,264.55,StoreC,NORMAL,The amount $264.55 is within the normal spending range.
2403,416.33,StoreC,NORMAL,The amount $416.33 is within the normal spending range.
2990,169.22,StoreA,NORMAL,The amount $169.22 is within the normal spending range.
2104,221.92,StoreB,NORMAL,The amount $221.92 is within the normal spending range.
1548,224.94,StoreC,NORMAL,The amount $224.94 is within the normal spending range.
6761,357.75,StoreB,NORMAL,The amount $357.75 is within the normal spending range.
9762,190.47,StoreB,NORMAL,The amount $190.47 is within the normal spending range.
8903,227.9,StoreC,NORMAL,The amount $227.9 is within the normal spending range.
2784,260.79,StoreB,NORMAL,The amount $260.79 is within the normal spending range.
1804,218.66,StoreB,NORMAL,The amount $218.66 is within the normal spending range.
9990,155.36,StoreA,NORMAL,The amount $155.36 is within the normal spending range.
9802,219.41,StoreA,NORMAL,The amount $219.41 is within the normal spending range.
8517,307.36,StoreA,NORMAL,The amount $307.36 is within the normal spending range.
7831,97.35,StoreC,NORMAL,The amount $97.35 is within the normal spending range.
7917,213.3,StoreA,NORMAL,The amount $213.3 is within the normal spending range.
5238,129.99,StoreB,NORMAL,The amount $129.99 is within the normal spending range.
4260,319.5,StoreB,NORMAL,The amount $319.5 is within the normal spending range.
5367,47.68,StoreB,NORMAL,The amount $47.68 is within the normal spending range.
6651,144.11,StoreB,NORMAL,The amount $144.11 is within the normal spending range.
4371,237.72,StoreB,NORMAL,The amount $237.72 is within the normal spending range.
3093,356.55,StoreC,NORMAL,The amount $356.55 is within the normal spending range.
5001,193.42,StoreB,NORMAL,The amount $193.42 is within the normal spending range.
7556,144.48,StoreC,NORMAL,The amount $144.48 is within the normal spending range.
8810,388.12,StoreB,NORMAL,The amount $388.12 is within the normal spending range.
5554,55.2,StoreC,NORMAL,The amount $55.2 is within the normal spending range.
3517,19.88,StoreC,NORMAL,The amount $19.88 is within the normal spending range.
9697,244.0,StoreB,NORMAL,The amount $244.0 is within the normal spending range.
6805,1516.56,StoreB,NORMAL,The amount $1516.56 is within the normal spending range.
2096,97.88,StoreB,NORMAL,The amount $97.88 is within the normal spending range.
8061,270.84,StoreB,NORMAL,The amount $270.84 is within the normal spending range.
3204,224.38,StoreA,NORMAL,The amount $224.38 is within the normal spending range.
4902,143.59,StoreA,NORMAL,The amount $143.59 is within the normal spending range.
2352,71.97,StoreC,NORMAL,The amount $71.97 is within the normal spending range.
2596,287.25,StoreC,NORMAL,The amount $287.25 is within the normal spending range.
9767,265.02,StoreA,NORMAL,The amount $265.02 is within the normal spending range.
7980,190.08,StoreC,NORMAL,The amount $190.08 is within the normal spending range.
1679,384.66,StoreB,NORMAL,The amount $384.66 is within the normal spending range.
4712,92.99,StoreC,NORMAL,The amount $92.99 is within the normal spending range.
9509,47.45,StoreC,NORMAL,The amount $47.45 is within the normal spending range.
6301,130.81,StoreC,NORMAL,The amount $130.81 is within the normal spending range.
6734,195.44,StoreA,NORMAL,The amount $195.44 is within the normal spending range.
8981,224.33,StoreA,NORMAL,The amount $224.33 is within the normal spending range.
6892,175.88,StoreC,NORMAL,The amount $175.88 is within the normal spending range.
4696,235.21,StoreB,NORMAL,The amount $235.21 is within the normal spending range.
8129,74.85,StoreC,NORMAL,The amount $74.85 is within the normal spending range.
3996,344.38,StoreA,NORMAL,The amount $344.38 is within the normal spending range.
8237,191.78,StoreB,NORMAL,The amount $191.78 is within the normal spending range.
8327,311.73,StoreC,NORMAL,The amount $311.73 is within the normal spending range.
8407,234.27,StoreA,NORMAL,The amount $234.27 is within the normal spending range.
3542,245.68,StoreB,NORMAL,The amount $245.68 is within the normal spending range.
1678,256.98,StoreC,NORMAL,The amount $256.98 is within the normal spending range.
6366,244.77,StoreA,NORMAL,The amount $244.77 is within the normal spending range.
6643,264.27,StoreB,NORMAL,The amount $264.27 is within the normal spending range.
8410,3370.53,StoreC,ANOMALY,The amount $3370.53 is 6.71 standard deviations above the mean.
6541,219.65,StoreB,NORMAL,The amount $219.65 is within the normal spending range.
1834,270.9,StoreB,NORMAL,The amount $270.9 is within the normal spending range.
7026,191.03,StoreB,NORMAL,The amount $191.03 is within the normal spending range.
9472,344.01,StoreA,NORMAL,The amount $344.01 is within the normal spending range.
8970,132.36,StoreC,NORMAL,The amount $132.36 is within the normal spending range.
7818,380.09,StoreB,NORMAL,The amount $380.09 is within the normal spending range.
6028,195.98,StoreB,NORMAL,The amount $195.98 is within the normal spending range.
5703,56.92,StoreB,NORMAL,The amount $56.92 is within the normal spending range.
2772,212.81,StoreA,NORMAL,The amount $212.81 is within the normal spending range.
3164,131.89,StoreB,NORMAL,The amount $131.89 is within the normal spending range.
8111,284.06,StoreA,NORMAL,The amount $284.06 is within the normal spending range.
9383,134.74,StoreA,NORMAL,The amount $134.74 is within the normal spending range.
3835,155.38,StoreB,NORMAL,The amount $155.38 is within the normal spending range.
3665,11.05,StoreB,NORMAL,The amount $11.05 is within the normal spending range.
7113,154.77,StoreA,NORMAL,The amount $154.77 is within the normal spending range.
3563,42.39,StoreA,NORMAL,The amount $42.39 is within the normal spending range.
9498,41.61,StoreB,NORMAL,The amount $41.61 is within the normal spending range.
9131,276.04,StoreA,NORMAL,The amount $276.04 is within the normal spending range.
9723,278.58,StoreA,NORMAL,The amount $278.58 is within the normal spending range.
3696,242.55,StoreB,NORMAL,The amount $242.55 is within the normal spending range.
5687,103.3,StoreB,NORMAL,The amount $103.3 is within the normal spending range.
8321,195.23,StoreC,NORMAL,The amount $195.23 is within the normal spending range.
8013,199.64,StoreB,NORMAL,The amount $199.64 is within the normal spending range.
8704,84.16,StoreB,NORMAL,The amount $84.16 is within the normal spending range.
6571,350.34,StoreB,NORMAL,The amount $350.34 is within the normal spending range.
8336,287.74,StoreC,NORMAL,The amount $287.74 is within the normal spending range.
1058,177.9,StoreA,NORMAL,The amount $177.9 is within the normal spending range.
2140,202.69,StoreB,NORMAL,The amount $202.69 is within the normal spending range.
3562,220.84,StoreB,NORMAL,The amount $220.84 is within the normal spending range.
3852,4.17,StoreC,NORMAL,The amount $4.17 is within the normal spending range.
7641,175.28,StoreC,NORMAL,The amount $175.28 is within the normal spending range.
1941,131.8,StoreC,NORMAL,The amount $131.8 is within the normal spending range.
7541,99.84,StoreA,NORMAL,The amount $99.84 is within the normal spending range.
8430,171.89,StoreC,NORMAL,The amount $171.89 is within the normal spending range.
2421,3844.89,StoreA,ANOMALY,The amount $3844.89 is 7.74 standard deviations above the mean.
6765,264.08,StoreB,NORMAL,The amount $264.08 is within the normal spending range.
1435,142.88,StoreB,NORMAL,The amount $142.88 is within the normal spending range.
1839,2604.56,StoreB,ANOMALY,The amount $2604.56 is 5.04 standard deviations above the mean.
5001,339.94,StoreC,NORMAL,The amount $339.94 is within the normal spending range.
6248,292.46,StoreB,NORMAL,The amount $292.46 is within the normal spending range.
5959,205.96,StoreC,NORMAL,The amount $205.96 is within the normal spending range.
2650,135.31,StoreA,NORMAL,The amount $135.31 is within the normal spending range.
6828,269.82,StoreB,NORMAL,The amount $269.82 is within the normal spending range.
3261,239.35,StoreA,NORMAL,The amount $239.35 is within the normal spending range.
6894,2931.18,StoreC,ANOMALY,The amount $2931.18 is 5.75 standard deviations above the mean.
7278,263.52,StoreC,NORMAL,The amount $263.52 is within the normal spending range.
4889,304.96,StoreB,NORMAL,The amount $304.96 is within the normal spending range.
7897,1482.97,StoreB,NORMAL,The amount $1482.97 is within the normal spending range.
2326,3358.62,StoreC,ANOMALY,The amount $3358.62 is 6.68 standard deviations above the mean.
6901,219.76,StoreB,NORMAL,The amount $219.76 is within the normal spending range.
4358,407.53,StoreB,NORMAL,The amount $407.53 is within the normal spending range.
2585,131.08,StoreA,NORMAL,The amount $131.08 is within the normal spending range.
6645,373.6,StoreC,NORMAL,The amount $373.6 is within the normal spending range.
1388,219.79,StoreA,NORMAL,The amount $219.79 is within the normal spending range.
3791,134.86,StoreB,NORMAL,The amount $134.86 is within the normal spending range.
4332,151.61,StoreA,NORMAL,The amount $151.61 is within the normal spending range.
1703,167.97,StoreC,NORMAL,The amount $167.97 is within the normal spending range.
6834,242.42,StoreA,NORMAL,The amount $242.42 is within the normal spending range.
3820,252.28,StoreA,NORMAL,The amount $252.28 is within the normal spending range.
9053,142.63,StoreB,NORMAL,The amount $142.63 is within the normal spending range.
5959,197.56,StoreC,NORMAL,The amount $197.56 is within the normal spending range.
2059,414.23,StoreB,NORMAL,The amount $414.23 is within the normal spending range.
2301,372.75,StoreB,NORMAL,The amount $372.75 is within the normal spending range.
9865,243.63,StoreC,NORMAL,The amount $243.63 is within the normal spending range.
8696,203.8,StoreA,NORMAL,The amount $203.8 is within the normal spending range.
5299,212.0,StoreB,NORMAL,The amount $212.0 is within the normal spending range.
7071,261.35,StoreA,NORMAL,The amount $261.35 is within the normal spending range.
5112,97.72,StoreC,NORMAL,The amount $97.72 is within the normal spending range.
8881,174.26,StoreB,NORMAL,The amount $174.26 is within the normal spending range.
9401,33.14,StoreA,NORMAL,The amount $33.14 is within the normal spending range.
1498,239.92,StoreA,NORMAL,The amount $239.92 is within the normal spending range.
9620,264.72,StoreB,NORMAL,The amount $264.72 is within the normal spending range.
8245,151.68,StoreC,NORMAL,The amount $151.68 is within the normal spending range.
3105,357.4,StoreA,NORMAL,The amount $357.4 is within the normal spending range.
6327,77.42,StoreC,NORMAL,The amount $77.42 is within the normal spending range.
6630,53.56,StoreB,NORMAL,The amount $53.56 is within the normal spending range.
4206,222.45,StoreA,NORMAL,The amount $222.45 is within the normal spending range.
8137,304.71,StoreA,NORMAL,The amount $304.71 is within the normal spending range.
3569,368.39,StoreA,NORMAL,The amount $368.39 is within the normal spending range.
3628,154.11,StoreC,NORMAL,The amount $154.11 is within the normal spending range.
7764,307.87,StoreA,NORMAL,The amount $307.87 is within the normal spending range.
2067,196.15,StoreA,NORMAL,The amount $196.15 is within the normal spending range.
2506,182.74,StoreB,NORMAL,The amount $182.74 is within the normal spending range.
4013,288.37,StoreA,NORMAL,The amount $288.37 is within the normal spending range.
7642,265.23,StoreC,NORMAL,The amount $265.23 is within the normal spending range.
5066,42.36,StoreB,NORMAL,The amount $42.36 is within the normal spending range.
1947,347.65,StoreB,NORMAL,The amount $347.65 is within the normal spending range.
5389,338.01,StoreA,NORMAL,The amount $338.01 is within the normal spending range.
9143,137.44,StoreB,NORMAL,The amount $137.44 is within the normal spending range.
2171,239.58,StoreA,NORMAL,The amount $239.58 is within the normal spending range.
7114,249.4,StoreB,NORMAL,The amount $249.4 is within the normal spending range.
1171,226.07,StoreC,NORMAL,The amount $226.07 is within the normal spending range.
6682,144.97,StoreA,NORMAL,The amount $144.97 is within the normal spending range.
6856,132.84,StoreC,NORMAL,The amount $132.84 is within the normal spending range.
7209,197.44,StoreA,NORMAL,The amount $197.44 is within the normal spending range.
4577,317.27,StoreC,NORMAL,The amount $317.27 is within the normal spending range.
9380,254.36,StoreC,NORMAL,The amount $254.36 is within the normal spending range.
5076,162.94,StoreB,NORMAL,The amount $162.94 is within the normal spending range.
1157,277.17,StoreA,NORMAL,The amount $277.17 is within the normal spending range.
8777,859.09,StoreB,NORMAL,The amount $859.09 is within the normal spending range.
3717,314.88,StoreC,NORMAL,The amount $314.88 is within the normal spending range.
9437,26.03,StoreA,NORMAL,The amount $26.03 is within the normal spending range.
3795,1657.91,StoreC,NORMAL,The amount $1657.91 is within the normal spending range.
8200,88.03,StoreC,NORMAL,The amount $88.03 is within the normal spending range.
8528,70.53,StoreC,NORMAL,The amount $70.53 is within the normal spending range.
3377,316.08,StoreC,NORMAL,The amount $316.08 is within the normal spending range.
2810,153.23,StoreB,NORMAL,The amount $153.23 is within the normal spending range.
6190,234.65,StoreC,NORMAL,The amount $234.65 is within the normal spending range.
6432,195.31,StoreB,NORMAL,The amount $195.31 is within the normal spending range.
8895,247.7,StoreC,NORMAL,The amount $247.7 is within the normal spending range.
3126,207.68,StoreA,NORMAL,The amount $207.68 is within the normal spending range.
7953,71.7,StoreC,NORMAL,The amount $71.7 is within the normal spending range.
4030,299.63,StoreC,NORMAL,The amount $299.63 is within the normal spending range.
7323,150.62,StoreA,NORMAL,The amount $150.62 is within the normal spending range.
6747,44.34,StoreA,NORMAL,The amount $44.34 is within the normal spending range.
6605,157.19,StoreC,NORMAL,The amount $157.19 is within the normal spending range.
6891,3544.27,StoreC,ANOMALY,The amount $3544.27 is 7.09 standard deviations above the mean.
4076,285.02,StoreB,NORMAL,The amount $285.02 is within the normal spending range.
3344,165.13,StoreA,NORMAL,The amount $165.13 is within the normal spending range.
1619,165.07,StoreA,NORMAL,The amount $165.07 is within the normal spending range.
3407,167.84,StoreB,NORMAL,The amount $167.84 is within the normal spending range.
7260,407.67,StoreC,NORMAL,The amount $407.67 is within the normal spending range.
4004,238.19,StoreC,NORMAL,The amount $238.19 is within the normal spending range.
4914,243.0,StoreA,NORMAL,The amount $243.0 is within the normal spending range.
4596,303.03,StoreB,NORMAL,The amount $303.03 is within the normal spending range.
5039,223.88,StoreC,NORMAL,The amount $223.88 is within the normal spending range.
2304,174.1,StoreA,NORMAL,The amount $174.1 is within the normal spending range.
6630,180.37,StoreC,NORMAL,The amount $180.37 is within the normal spending range.
8282,192.84,StoreC,NORMAL,The amount $192.84 is within the normal spending range.
4307,196.28,StoreC,NORMAL,The amount $196.28 is within the normal spending range.
2361,272.76,StoreA,NORMAL,The amount $272.76 is within the normal spending range.
7665,205.19,StoreB,NORMAL,The amount $205.19 is within the normal spending range.
5294,273.26,StoreB,NORMAL,The amount $273.26 is within the normal spending range.
2787,191.93,StoreC,NORMAL,The amount $191.93 is within the normal spending range.
2073,207.86,StoreB,NORMAL,The amount $207.86 is within the normal spending range.
6902,0.18,StoreC,NORMAL,The amount $0.18 is within the normal spending range.
4599,291.63,StoreA,NORMAL,The amount $291.63 is within the normal spending range.
4055,234.65,StoreA,NORMAL,The amount $234.65 is within the normal spending range.
7476,299.8,StoreA,NORMAL,The amount $299.8 is within the normal spending range.
1659,89.63,StoreC,NORMAL,The amount $89.63 is within the normal spending range.
7320,408.84,StoreB,NORMAL,The amount $408.84 is within the normal spending range.
7513,186.04,StoreA,NORMAL,The amount $186.04 is within the normal spending range.
5642,310.82,StoreC,NORMAL,The amount $310.82 is within the normal spending range.
7373,96.01,StoreB,NORMAL,The amount $96.01 is within the normal spending range.
5466,261.28,StoreB,NORMAL,The amount $261.28 is within the normal spending range.
6587,94.66,StoreB,NORMAL,The amount $94.66 is within the normal spending range.
3471,137.62,StoreC,NORMAL,The amount $137.62 is within the normal spending range.
7175,391.4,StoreC,NORMAL,The amount $391.4 is within the normal spending range.
9284,180.93,StoreC,NORMAL,The amount $180.93 is within the normal spending range.
2281,221.74,StoreA,NORMAL,The amount $221.74 is within the normal spending range.
4177,287.01,StoreC,NORMAL,The amount $287.01 is within the normal spending range.
6667,249.57,StoreA,NORMAL,The amount $249.57 is within the normal spending range.
5511,215.04,StoreA,NORMAL,The amount $215.04 is within the normal spending range.
4881,236.5,StoreA,NORMAL,The amount $236.5 is within the normal spending range.
3413,440.34,StoreC,NORMAL,The amount $440.34 is within the normal spending range.
2544,194.24,StoreA,NORMAL,The amount $194.24 is within the normal spending range.
5784,220.11,StoreC,NORMAL,The amount $220.11 is within the normal spending range.
6761,305.07,StoreC,NORMAL,The amount $305.07 is within the normal spending range.
8874,310.55,StoreA,NORMAL,The amount $310.55 is within the normal spending range.
7961,318.7,StoreA,NORMAL,The amount $318.7 is within the normal spending range.
6626,263.87,StoreA,NORMAL,The amount $263.87 is within the normal spending range.
5514,85.7,StoreC,NORMAL,The amount $85.7 is within the normal spending range.
2145,363.34,StoreC,NORMAL,The amount $363.34 is within the normal spending range.
6450,85.37,StoreA,NORMAL,The amount $85.37 is within the normal spending range.
2566,230.26,StoreA,NORMAL,The amount $230.26 is within the normal spending range.
4005,124.57,StoreB,NORMAL,The amount $124.57 is within the normal spending range.
5507,193.59,StoreA,NORMAL,The amount $193.59 is within the normal spending range.
5248,232.88,StoreB,NORMAL,The amount $232.88 is within the normal spending range.
9283,232.14,StoreB,NORMAL,The amount $232.14 is within the normal spending range.
4992,2452.02,StoreC,ANOMALY,The amount $2452.02 is 4.70 standard deviations above the mean.
9522,361.37,StoreC,NORMAL,The amount $361.37 is within the normal spending range.
9027,245.35,StoreB,NORMAL,The amount $245.35 is within the normal spending range.
6760,1777.67,StoreB,ANOMALY,The amount $1777.67 is 3.23 standard deviations above the mean.
9045,296.41,StoreA,NORMAL,The amount $296.41 is within the normal spending range.
3977,318.95,StoreB,NORMAL,The amount $318.95 is within the normal spending range.
6347,77.24,StoreA,NORMAL,The amount $77.24 is within the normal spending range.
5289,259.74,StoreC,NORMAL,The amount $259.74 is within the normal spending range.
1529,270.12,StoreA,NORMAL,The amount $270.12 is within the normal spending range.
3892,170.24,StoreC,NORMAL,The amount $170.24 is within the normal spending range.
8443,3417.66,StoreB,ANOMALY,The amount $3417.66 is 6.81 standard deviations above the mean.
5734,184.99,StoreB,NORMAL,The amount $184.99 is within the normal spending range.
3525,212.56,StoreB,NORMAL,The amount $212.56 is within the normal spending range.
4761,182.69,StoreA,NORMAL,The amount $182.69 is within the normal spending range.
7141,201.56,StoreC,NORMAL,The amount $201.56 is within the normal spending range.
3742,90.37,StoreC,NORMAL,The amount $90.37 is within the normal spending range.
5635,55.99,StoreC,NORMAL,The amount $55.99 is within the normal spending range.
5425,359.45,StoreC,NORMAL,The amount $359.45 is within the normal spending range.
9661,115.3,StoreC,NORMAL,The amount $115.3 is within the normal spending range.
4830,100.86,StoreA,NORMAL,The amount $100.86 is within the normal spending range.
7992,15.34,StoreC,NORMAL,The amount $15.34 is within the normal spending range.
1533,1377.95,StoreB,NORMAL,The amount $1377.95 is within the normal spending range.
5562,67.69,StoreC,NORMAL,The amount $67.69 is within the normal spending range.
8120,364.2,StoreB,NORMAL,The amount $364.2 is within the normal spending range.
7563,300.98,StoreA,NORMAL,The amount $300.98 is within the normal spending range.
8289,131.18,StoreA,NORMAL,The amount $131.18 is within the normal spending range.
5087,425.24,StoreB,NORMAL,The amount $425.24 is within the normal spending range.
9953,298.18,StoreC,NORMAL,The amount $298.18 is within the normal spending range.
3355,167.52,StoreA,NORMAL,The amount $167.52 is within the normal spending range.
2955,49.94,StoreA,NORMAL,The amount $49.94 is within the normal spending range.
3971,429.09,StoreA,NORMAL,The amount $429.09 is within the normal spending range.
6539,61.04,StoreC,NORMAL,The amount $61.04 is within the normal spending range.
8493,35.46,StoreB,NORMAL,The amount $35.46 is within the normal spending range.
2672,302.26,StoreB,NORMAL,The amount $302.26 is within the normal spending range.
3836,443.98,StoreC,NORMAL,The amount $443.98 is within the normal spending range.
5927,338.43,StoreA,NORMAL,The amount $338.43 is within the normal spending range.
5939,256.39,StoreC,NORMAL,The amount $256.39 is within the normal spending range.
4644,259.48,StoreC,NORMAL,The amount $259.48 is within the normal spending range.
3297,285.34,StoreB,NORMAL,The amount $285.34 is within the normal spending range.
5061,275.89,StoreC,NORMAL,The amount $275.89 is within the normal spending range.
4166,228.12,StoreC,NORMAL,The amount $228.12 is within the normal spending range.
1183,2130.35,StoreA,ANOMALY,The amount $2130.35 is 4.00 standard deviations above the mean.
3846,193.74,StoreA,NORMAL,The amount $193.74 is within the normal spending range.
5722,1261.52,StoreB,NORMAL,The amount $1261.52 is within the normal spending range.
1782,1740.69,StoreA,ANOMALY,The amount $1740.69 is 3.15 standard deviations above the mean.
2507,310.86,StoreC,NORMAL,The amount $310.86 is within the normal spending range.
6855,190.17,StoreC,NORMAL,The amount $190.17 is within the normal spending range.
8538,101.14,StoreC,NORMAL,The amount $101.14 is within the normal spending range.
1676,89.64,StoreB,NORMAL,The amount $89.64 is within the normal spending range.
8250,217.99,StoreA,NORMAL,The amount $217.99 is within the normal spending range.
8813,339.2,StoreC,NORMAL,The amount $339.2 is within the normal spending range.
5090,291.83,StoreA,NORMAL,The amount $291.83 is within the normal spending range.
6723,42.95,StoreA,NORMAL,The amount $42.95 is within the normal spending range.
3686,101.04,StoreA,NORMAL,The amount $101.04 is within the normal spending range.
9382,294.08,StoreA,NORMAL,The amount $294.08 is within the normal spending range.
9526,101.75,StoreB,NORMAL,The amount $101.75 is within the normal spending range.
8689,177.54,StoreB,NORMAL,The amount $177.54 is within the normal spending range.
2110,255.01,StoreB,NORMAL,The amount $255.01 is within the normal spending range.
1578,103.17,StoreC,NORMAL,The amount $103.17 is within the normal spending range.
1061,210.54,StoreC,NORMAL,The amount $210.54 is within the normal spending range.
1386,66.6,StoreC,NORMAL,The amount $66.6 is within the normal spending range.
3200,139.86,StoreB,NORMAL,The amount $139.86 is within the normal spending range.
2683,231.98,StoreA,NORMAL,The amount $231.98 is within the normal spending range.
7321,40.7,StoreB,NORMAL,The amount $40.7 is within the normal spending range.
9056,244.05,StoreC,NORMAL,The amount $244.05 is within the normal spending range.
9678,198.04,StoreC,NORMAL,The amount $198.04 is within the normal spending range.
8414,255.25,StoreA,NORMAL,The amount $255.25 is within the normal spending range.
7643,222.39,StoreB,NORMAL,The amount $222.39 is within the normal spending range.
9732,336.41,StoreA,NORMAL,The amount $336.41 is within the normal spending range.
6631,2151.64,StoreB,ANOMALY,The amount $2151.64 is 4.05 standard deviations above the mean.
8945,157.06,StoreC,NORMAL,The amount $157.06 is within the normal spending range.
8726,212.23,StoreA,NORMAL,The amount $212.23 is within the normal spending range.
6169,254.33,StoreA,NORMAL,The amount $254.33 is within the normal spending range.
7787,204.89,StoreB,NORMAL,The amount $204.89 is within the normal spending range.
5467,204.06,StoreB,NORMAL,The amount $204.06 is within the normal spending range.
6232,129.8,StoreB,NORMAL,The amount $129.8 is within the normal spending range.
9130,133.71,StoreC,NORMAL,The amount $133.71 is within the normal spending range.
7196,59.74,StoreB,NORMAL,The amount $59.74 is within the normal spending range.
4907,374.96,StoreC,NORMAL,The amount $374.96 is within the normal spending range.
5288,75.61,StoreB,NORMAL,The amount $75.61 is within the normal spending range.
7734,130.71,StoreB,NORMAL,The amount $130.71 is within the normal spending range.
2080,128.16,StoreC,NORMAL,The amount $128.16 is within the normal spending range.
7240,2930.9,StoreB,ANOMALY,The amount $2930.9 is 5.75 standard deviations above the mean.
1197,170.51,StoreC,NORMAL,The amount $170.51 is within the normal spending range.
8814,324.77,StoreC,NORMAL,The amount $324.77 is within the normal spending range.
8851,132.65,StoreB,NORMAL,The amount $132.65 is within the normal spending range.
2600,227.9,StoreB,NORMAL,The amount $227.9 is within the normal spending range.
8462,116.47,StoreA,NORMAL,The amount $116.47 is within the normal spending range.
7866,414.51,StoreB,NORMAL,The amount $414.51 is within the normal spending range.
4692,81.24,StoreA,NORMAL,The amount $81.24 is within the normal spending range.
9875,2338.53,StoreB,ANOMALY,The amount $2338.53 is 4.46 standard deviations above the mean.
4083,263.38,StoreC,NORMAL,The amount $263.38 is within the normal spending range.
4989,241.38,StoreC,NORMAL,The amount $241.38 is within the normal spending range.
1332,181.47,StoreA,NORMAL,The amount $181.47 is within the normal spending range.
7106,187.02,StoreB,NORMAL,The amount $187.02 is within the normal spending range.
8333,204.38,StoreA,NORMAL,The amount $204.38 is within the normal spending range.
7655,185.3,StoreB,NORMAL,The amount $185.3 is within the normal spending range.
6308,296.39,StoreB,NORMAL,The amount $296.39 is within the normal spending range.
5200,421.05,StoreC,NORMAL,The amount $421.05 is within the normal spending range.
3721,144.25,StoreA,NORMAL,The amount $144.25 is within the normal spending range.
9998,63.02,StoreC,NORMAL,The amount $63.02 is within the normal spending range.
2064,191.17,StoreC,NORMAL,The amount $191.17 is within the normal spending range.
7820,457.97,StoreC,NORMAL,The amount $457.97 is within the normal spending range.
9512,119.63,StoreA,NORMAL,The amount $119.63 is within the normal spending range.
4957,363.91,StoreB,NORMAL,The amount $363.91 is within the normal spending range.
3382,367.77,StoreB,NORMAL,The amount $367.77 is within the normal spending range.
4231,144.64,StoreA,NORMAL,The amount $144.64 is within the normal spending range.
8008,256.9,StoreB,NORMAL,The amount $256.9 is within the normal spending range.
2500,362.84,StoreA,NORMAL,The amount $362.84 is within the normal spending range.
2568,162.09,StoreA,NORMAL,The amount $162.09 is within the normal spending range.
6892,179.64,StoreB,NORMAL,The amount $179.64 is within the normal spending range.
4281,141.83,StoreC,NORMAL,The amount $141.83 is within the normal spending range.
5089,98.52,StoreA,NORMAL,The amount $98.52 is within the normal spending range.
2865,135.07,StoreA,NORMAL,The amount $135.07 is within the normal spending range.
6600,77.61,StoreA,NORMAL,The amount $77.61 is within the normal spending range.
7055,203.41,StoreA,NORMAL,The amount $203.41 is within the normal spending range.
1004,123.0,StoreB,NORMAL,The amount $123.0 is within the normal spending range.
8959,223.38,StoreB,NORMAL,The amount $223.38 is within the normal spending range.
2168,44.41,StoreA,NORMAL,The amount $44.41 is within the normal spending range.
3398,233.09,StoreC,NORMAL,The amount $233.09 is within the normal spending range.
3630,283.35,StoreB,NORMAL,The amount $283.35 is within the normal spending range.
7608,0.63,StoreC,NORMAL,The amount $0.63 is within the normal spending range.
1347,237.41,StoreC,NORMAL,The amount $237.41 is within the normal spending range.
6861,322.77,StoreA,NORMAL,The amount $322.77 is within the normal spending range.
4342,79.04,StoreB,NORMAL,The amount $79.04 is within the normal spending range.
7500,367.26,StoreA,NORMAL,The amount $367.26 is within the normal spending range.
3574,241.9,StoreA,NORMAL,The amount $241.9 is within the normal spending range.
4825,129.5,StoreC,NORMAL,The amount $129.5 is within the normal spending range.
5593,194.42,StoreC,NORMAL,The amount $194.42 is within the normal spending range.
6272,255.83,StoreC,NORMAL,The amount $255.83 is within the normal spending range.
9244,207.6,StoreA,NORMAL,The amount $207.6 is within the normal spending range.
1148,253.88,StoreA,NORMAL,The amount $253.88 is within the normal spending range.
9694,1092.74,StoreA,NORMAL,The amount $1092.74 is within the normal spending range.
1869,216.94,StoreA,NORMAL,The amount $216.94 is within the normal spending range.
4521,58.63,StoreA,NORMAL,The amount $58.63 is within the normal spending range.
4871,188.88,StoreA,NORMAL,The amount $188.88 is within the normal spending range.
2300,109.61,StoreA,NORMAL,The amount $109.61 is within the normal spending range.
8595,126.45,StoreA,NORMAL,The amount $126.45 is within the normal spending range.
5833,323.61,StoreB,NORMAL,The amount $323.61 is within the normal spending range.
7670,309.13,StoreB,NORMAL,The amount $309.13 is within the normal spending range.
3451,260.91,StoreB,NORMAL,The amount $260.91 is within the normal spending range.
5385,90.77,StoreB,NORMAL,The amount $90.77 is within the normal spending range.
9530,168.36,StoreA,NORMAL,The amount $168.36 is within the normal spending range.
3824,321.31,StoreA,NORMAL,The amount $321.31 is within the normal spending range.
7854,214.17,StoreC,NORMAL,The amount $214.17 is within the normal spending range.
6964,431.93,StoreC,NORMAL,The amount $431.93 is within the normal spending range.
1986,239.33,StoreB,NORMAL,The amount $239.33 is within the normal spending range.
9171,219.2,StoreC,NORMAL,The amount $219.2 is within the normal spending range.
4490,169.09,StoreB,NORMAL,The amount $169.09 is within the normal spending range.
9076,213.35,StoreA,NORMAL,The amount $213.35 is within the normal spending range.
4767,184.75,StoreA,NORMAL,The amount $184.75 is within the normal spending range.
3006,270.81,StoreC,NORMAL,The amount $270.81 is within the normal spending range.
8925,295.67,StoreA,NORMAL,The amount $295.67 is within the normal spending range.
4107,121.4,StoreA,NORMAL,The amount $121.4 is within the normal spending range.
5468,66.88,StoreB,NORMAL,The amount $66.88 is within the normal spending range.
4330,16.38,StoreC,NORMAL,The amount $16.38 is within the normal spending range.
9722,250.8,StoreA,NORMAL,The amount $250.8 is within the normal spending range.
1923,89.66,StoreC,NORMAL,The amount $89.66 is within the normal spending range.
7247,15.29,StoreA,NORMAL,The amount $15.29 is within the normal spending range.
9432,238.86,StoreB,NORMAL,The amount $238.86 is within the normal spending range.
2896,449.3,StoreA,NORMAL,The amount $449.3 is within the normal spending range.
8883,199.39,StoreC,NORMAL,The amount $199.39 is within the normal spending range.
4324,283.85,StoreC,NORMAL,The amount $283.85 is within the normal spending range.
1813,208.18,StoreB,NORMAL,The amount $208.18 is within the normal spending range.
5750,190.11,StoreA,NORMAL,The amount $190.11 is within the normal spending range.
8618,291.91,StoreB,NORMAL,The amount $291.91 is within the normal spending range.
1782,170.97,StoreC,NORMAL,The amount $170.97 is within the normal spending range.
5055,226.74,StoreB,NORMAL,The amount $226.74 is within the normal spending range.
8789,232.17,StoreA,NORMAL,The amount $232.17 is within the normal spending range.
9199,133.19,StoreA,NORMAL,The amount $133.19 is within the normal spending range.
4139,299.2,StoreB,NORMAL,The amount $299.2 is within the normal spending range.
6007,1847.72,StoreC,ANOMALY,The amount $1847.72 is 3.39 standard deviations above the mean.
5051,124.43,StoreC,NORMAL,The amount $124.43 is within the normal spending range.
8575,253.65,StoreB,NORMAL,The amount $253.65 is within the normal spending range.
9709,110.15,StoreA,NORMAL,The amount $110.15 is within the normal spending range.
4190,202.82,StoreA,NORMAL,The amount $202.82 is within the normal spending range.
6637,199.09,StoreA,NORMAL,The amount $199.09 is within the normal spending range.
1578,308.59,StoreA,NORMAL,The amount $308.59 is within the normal spending range.
9138,247.47,StoreC,NORMAL,The amount $247.47 is within the normal spending range.
5482,1999.52,StoreA,ANOMALY,The amount $1999.52 is 3.72 standard deviations above the mean.
2865,281.78,StoreB,NORMAL,The amount $281.78 is within the normal spending range.
6489,339.02,StoreB,NORMAL,The amount $339.02 is within the normal spending range.
2376,255.78,StoreB,NORMAL,The amount $255.78 is within the normal spending range.
6408,2035.34,StoreB,ANOMALY,The amount $2035.34 is 3.80 standard deviations above the mean.
9163,68.82,StoreA,NORMAL,The amount $68.82 is within the normal spending range.
6058,93.49,StoreC,NORMAL,The amount $93.49 is within the normal spending range.
7283,1715.84,StoreA,ANOMALY,The amount $1715.84 is 3.10 standard deviations above the mean.
2976,139.05,StoreC,NORMAL,The amount $139.05 is within the normal spending range.
7443,181.3,StoreA,NORMAL,The amount $181.3 is within the normal spending range.
5759,205.66,StoreC,NORMAL,The amount $205.66 is within the normal spending range.
8595,2561.13,StoreB,ANOMALY,The amount $2561.13 is 4.94 standard deviations above the mean.
5920,192.95,StoreB,NORMAL,The amount $192.95 is within the normal spending range.
2887,248.65,StoreC,NORMAL,The amount $248.65 is within the normal spending range.
1991,206.45,StoreC,NORMAL,The amount $206.45 is within the normal spending range.
6228,2.45,StoreC,NORMAL,The amount $2.45 is within the normal spending range.
9046,1073.85,StoreB,NORMAL,The amount $1073.85 is within the normal spending range.
7450,185.59,StoreB,NORMAL,The amount $185.59 is within the normal spending range.
4604,79.03,StoreA,NORMAL,The amount $79.03 is within the normal spending range.
2083,259.99,StoreC,NORMAL,The amount $259.99 is within the normal spending range.
9626,353.08,StoreC,NORMAL,The amount $353.08 is within the normal spending range.
1020,321.88,StoreC,NORMAL,The amount $321.88 is within the normal spending range.
2099,178.66,StoreB,NORMAL,The amount $178.66 is within the normal spending range.
7841,349.07,StoreC,NORMAL,The amount $349.07 is within the normal spending range.
3637,214.87,StoreC,NORMAL,The amount $214.87 is within the normal spending range.
9581,166.29,StoreB,NORMAL,The amount $166.29 is within the normal spending range.
8744,138.66,StoreC,NORMAL,The amount $138.66 is within the normal spending range.
4413,1718.63,StoreA,ANOMALY,The amount $1718.63 is 3.11 standard deviations above the mean.
8457,161.18,StoreB,NORMAL,The amount $161.18 is within the normal spending range.
2354,217.04,StoreB,NORMAL,The amount $217.04 is within the normal spending range.
7402,216.06,StoreB,NORMAL,The amount $216.06 is within the normal spending range.
5521,200.3,StoreA,NORMAL,The amount $200.3 is within the normal spending range.
6125,2467.23,StoreB,ANOMALY,The amount $2467.23 is 4.74 standard deviations above the mean.
1005,319.06,StoreB,NORMAL,The amount $319.06 is within the normal spending range.
9382,294.96,StoreB,NORMAL,The amount $294.96 is within the normal spending range.
9339,51.51,StoreB,NORMAL,The amount $51.51 is within the normal spending range.
5353,55.39,StoreA,NORMAL,The amount $55.39 is within the normal spending range.
4550,293.43,StoreC,NORMAL,The amount $293.43 is within the normal spending range.
9031,63.31,StoreC,NORMAL,The amount $63.31 is within the normal spending range.
5105,177.52,StoreB,NORMAL,The amount $177.52 is within the normal spending range.
6083,840.2,StoreA,NORMAL,The amount $840.2 is within the normal spending range.
9816,19.8,StoreB,NORMAL,The amount $19.8 is within the normal spending range.
3175,254.15,StoreC,NORMAL,The amount $254.15 is within the normal spending range.
9737,275.92,StoreC,NORMAL,The amount $275.92 is within the normal spending range.
6224,142.35,StoreA,NORMAL,The amount $142.35 is within the normal spending range.
2195,59.1,StoreC,NORMAL,The amount $59.1 is within the normal spending range.
3069,145.38,StoreB,NORMAL,The amount $145.38 is within the normal spending range.
4358,239.18,StoreA,NORMAL,The amount $239.18 is within the normal spending range.
3438,52.11,StoreC,NORMAL,The amount $52.11 is within the normal spending range.
9808,218.34,StoreB,NORMAL,The amount $218.34 is within the normal spending range.
5244,198.47,StoreA,NORMAL,The amount $198.47 is within the normal spending range.
4343,257.93,StoreB,NORMAL,The amount $257.93 is within the normal spending range.
2811,211.96,StoreC,NORMAL,The amount $211.96 is within the normal spending range.
1171,102.69,StoreB,NORMAL,The amount $102.69 is within the normal spending range.
5142,319.66,StoreA,NORMAL,The amount $319.66 is within the normal spending range.
1625,184.15,StoreB,NORMAL,The amount $184.15 is within the normal spending range.
6906,197.27,StoreC,NORMAL,The amount $197.27 is within the normal spending range.
8983,106.67,StoreA,NORMAL,The amount $106.67 is within the normal spending range.
5063,155.67,StoreA,NORMAL,The amount $155.67 is within the normal spending range.
9644,111.52,StoreC,NORMAL,The amount $111.52 is within the normal spending range.
9142,182.71,StoreB,NORMAL,The amount $182.71 is within the normal spending range.
1753,371.17,StoreB,NORMAL,The amount $371.17 is within the normal spending range.
7851,635.91,StoreC,NORMAL,The amount $635.91 is within the normal spending range.
6104,38.64,StoreA,NORMAL,The amount $38.64 is within the normal spending range.
8343,347.12,StoreC,NORMAL,The amount $347.12 is within the normal spending range.
7926,179.07,StoreA,NORMAL,The amount $179.07 is within the normal spending range.
7827,133.09,StoreA,NORMAL,The amount $133.09 is within the normal spending range.
9359,303.99,StoreB,NORMAL,The amount $303.99 is within the normal spending range.
4685,139.44,StoreC,NORMAL,The amount $139.44 is within the normal spending range.
9277,382.6,StoreA,NORMAL,The amount $382.6 is within the normal spending range.
2982,267.79,StoreB,NORMAL,The amount $267.79 is within the normal spending range.
5944,151.21,StoreC,NORMAL,The amount $151.21 is within the normal spending range.
8892,415.73,StoreC,NORMAL,The amount $415.73 is within the normal spending range.
9191,139.43,StoreA,NORMAL,The amount $139.43 is within the normal spending range.
9633,274.21,StoreA,NORMAL,The amount $274.21 is within the normal spending range.
9462,229.93,StoreA,NORMAL,The amount $229.93 is within the normal spending range.
1343,330.17,StoreC,NORMAL,The amount $330.17 is within the normal spending range.
4081,356.15,StoreA,NORMAL,The amount $356.15 is within the normal spending range.
7637,203.2,StoreC,NORMAL,The amount $203.2 is within the normal spending range.
3291,124.66,StoreB,NORMAL,The amount $124.66 is within the normal spending range.
2532,246.0,StoreC,NORMAL,The amount $246.0 is within the normal spending range.
5362,132.23,StoreA,NORMAL,The amount $132.23 is within the normal spending range.
2653,401.34,StoreC,NORMAL,The amount $401.34 is within the normal spending range.
5988,213.65,StoreA,NORMAL,The amount $213.65 is within the normal spending range.
7344,163.47,StoreB,NORMAL,The amount $163.47 is within the normal spending range.
9430,218.47,StoreA,NORMAL,The amount $218.47 is within the normal spending range.
2438,65.29,StoreA,NORMAL,The amount $65.29 is within the normal spending range.
4016,102.84,StoreA,NORMAL,The amount $102.84 is within the normal spending range.
9166,320.04,StoreA,NORMAL,The amount $320.04 is within the normal spending range.
7389,134.31,StoreA,NORMAL,The amount $134.31 is within the normal spending range.
6977,95.31,StoreA,NORMAL,The amount $95.31 is within the normal spending range.
4079,253.67,StoreB,NORMAL,The amount $253.67 is within the normal spending range.
7295,318.57,StoreB,NORMAL,The amount $318.57 is within the normal spending range.
3258,271.9,StoreC,NORMAL,The amount $271.9 is within the normal spending range.
9558,299.6,StoreA,NORMAL,The amount $299.6 is within the normal spending range.
3991,124.32,StoreC,NORMAL,The amount $124.32 is within the normal spending range.
4741,57.82,StoreB,NORMAL,The amount $57.82 is within the normal spending range.
1085,350.13,StoreB,NORMAL,The amount $350.13 is within the normal spending range.
3493,167.73,StoreA,NORMAL,The amount $167.73 is within the normal spending range.
7447,174.92,StoreA,NORMAL,The amount $174.92 is within the normal spending range.
9323,332.82,StoreC,NORMAL,The amount $332.82 is within the normal spending range.
8588,255.62,StoreB,NORMAL,The amount $255.62 is within the normal spending range.
1903,245.59,StoreC,NORMAL,The amount $245.59 is within the normal spending range.
6083,416.5,StoreC,NORMAL,The amount $416.5 is within the normal spending range.
7190,135.65,StoreC,NORMAL,The amount $135.65 is within the normal spending range.
3804,292.78,StoreA,NORMAL,The amount $292.78 is within the normal spending range.
2226,205.7,StoreB,NORMAL,The amount $205.7 is within the normal spending range.
2284,226.86,StoreC,NORMAL,The amount $226.86 is within the normal spending range.
1689,352.85,StoreB,NORMAL,The amount $352.85 is within the normal spending range.
6143,250.78,StoreB,NORMAL,The amount $250.78 is within the normal spending range.
5782,253.83,StoreC,NORMAL,The amount $253.83 is within the normal spending range.
5881,307.25,StoreC,NORMAL,The amount $307.25 is within the normal spending range.
5507,163.5,StoreA,NORMAL,The amount $163.5 is within the normal spending range.
2996,116.08,StoreB,NORMAL,The amount $116.08 is within the normal spending range.
5381,95.52,StoreC,NORMAL,The amount $95.52 is within the normal spending range.
8680,3.36,StoreC,NORMAL,The amount $3.36 is within the normal spending range.
1429,405.62,StoreB,NORMAL,The amount $405.62 is within the normal spending range.
6700,89.68,StoreC,NORMAL,The amount $89.68 is within the normal spending range.
4781,177.87,StoreB,NORMAL,The amount $177.87 is within the normal spending range.
9794,172.32,StoreC,NORMAL,The amount $172.32 is within the normal spending range.
9631,230.74,StoreB,NORMAL,The amount $230.74 is within the normal spending range.
6468,2850.73,StoreC,ANOMALY,The amount $2850.73 is 5.57 standard deviations above the mean.
5507,286.05,StoreC,NORMAL,The amount $286.05 is within the normal spending range.
1527,1434.53,StoreA,NORMAL,The amount $1434.53 is within the normal spending range.
3996,183.29,StoreB,NORMAL,The amount $183.29 is within the normal spending range.
4467,228.26,StoreA,NORMAL,The amount $228.26 is within the normal spending range.
2361,175.13,StoreC,NORMAL,The amount $175.13 is within the normal spending range.
7817,360.73,StoreB,NORMAL,The amount $360.73 is within the normal spending range.
1703,249.1,StoreB,NORMAL,The amount $249.1 is within the normal spending range.
1662,273.49,StoreC,NORMAL,The amount $273.49 is within the normal spending range.
9556,266.29,StoreC,NORMAL,The amount $266.29 is within the normal spending range.
7256,317.35,StoreC,NORMAL,The amount $317.35 is within the normal spending range.
9367,218.1,StoreC,NORMAL,The amount $218.1 is within the normal spending range.
6297,70.32,StoreB,NORMAL,The amount $70.32 is within the normal spending range.
9573,239.97,StoreA,NORMAL,The amount $239.97 is within the normal spending range.
6378,134.86,StoreB,NORMAL,The amount $134.86 is within the normal spending range.
1305,147.14,StoreB,NORMAL,The amount $147.14 is within the normal spending range.
6497,258.64,StoreB,NORMAL,The amount $258.64 is within the normal spending range.
5697,323.83,StoreB,NORMAL,The amount $323.83 is within the normal spending range.
3390,202.13,StoreC,NORMAL,The amount $202.13 is within the normal spending range.
8222,230.88,StoreA,NORMAL,The amount $230.88 is within the normal spending range.
8933,370.22,StoreB,NORMAL,The amount $370.22 is within the normal spending range.
2465,224.08,StoreB,NORMAL,The amount $224.08 is within the normal spending range.
8852,460.17,StoreA,NORMAL,The amount $460.17 is within the normal spending range.
1402,256.55,StoreC,NORMAL,The amount $256.55 is within the normal spending range.
7940,23.92,StoreB,NORMAL,The amount $23.92 is within the normal spending range.
3670,275.33,StoreC,NORMAL,The amount $275.33 is within the normal spending range.
9095,2410.75,StoreB,ANOMALY,The amount $2410.75 is 4.61 standard deviations above the mean.
9368,328.98,StoreB,NORMAL,The amount $328.98 is within the normal spending range.
5544,267.32,StoreA,NORMAL,The amount $267.32 is within the normal spending range.
9934,186.15,StoreA,NORMAL,The amount $186.15 is within the normal spending range.
6660,77.57,StoreC,NORMAL,The amount $77.57 is within the normal spending range.
7074,179.1,StoreB,NORMAL,The amount $179.1 is within the normal spending range.
3348,114.95,StoreC,NORMAL,The amount $114.95 is within the normal spending range.
7850,141.95,StoreA,NORMAL,The amount $141.95 is within the normal spending range.
5402,258.86,StoreA,NORMAL,The amount $258.86 is within the normal spending range.
1750,366.99,StoreA,NORMAL,The amount $366.99 is within the normal spending range.
5062,239.47,StoreA,NORMAL,The amount $239.47 is within the normal spending range.
8434,80.41,StoreA,NORMAL,The amount $80.41 is within the normal spending range.
9405,244.46,StoreC,NORMAL,The amount $244.46 is within the normal spending range.
2617,319.66,StoreC,NORMAL,The amount $319.66 is within the normal spending range.
3530,139.02,StoreA,NORMAL,The amount $139.02 is within the normal spending range.
4333,186.6,StoreB,NORMAL,The amount $186.6 is within the normal spending range.
8234,201.47,StoreB,NORMAL,The amount $201.47 is within the normal spending range.
6768,121.51,StoreB,NORMAL,The amount $121.51 is within the normal spending range.
8707,264.83,StoreB,NORMAL,The amount $264.83 is within the normal spending range.
1511,187.91,StoreB,NORMAL,The amount $187.91 is within the normal spending range.
6082,241.95,StoreA,NORMAL,The amount $241.95 is within the normal spending range.
7860,111.25,StoreC,NORMAL,The amount $111.25 is within the normal spending range.
1252,156.25,StoreA,NORMAL,The amount $156.25 is within the normal spending range.
5133,272.24,StoreB,NORMAL,The amount $272.24 is within the normal spending range.
9820,162.72,StoreB,NORMAL,The amount $162.72 is within the normal spending range.
4476,372.7,StoreC,NORMAL,The amount $372.7 is within the normal spending range.
2725,160.04,StoreA,NORMAL,The amount $160.04 is within the normal spending range.
3093,2252.33,StoreC,ANOMALY,The amount $2252.33 is 4.27 standard deviations above the mean.
2701,293.26,StoreB,NORMAL,The amount $293.26 is within the normal spending range.
9496,58.16,StoreB,NORMAL,The amount $58.16 is within the normal spending range.
6834,23.92,StoreC,NORMAL,The amount $23.92 is within the normal spending range.
5340,47.43,StoreB,NORMAL,The amount $47.43 is within the normal spending range.
3807,326.26,StoreA,NORMAL,The amount $326.26 is within the normal spending range.
7301,144.81,StoreB,NORMAL,The amount $144.81 is within the normal spending range.
8572,455.82,StoreB,NORMAL,The amount $455.82 is within the normal spending range.
2024,143.58,StoreA,NORMAL,The amount $143.58 is within the normal spending range.
3975,218.46,StoreB,NORMAL,The amount $218.46 is within the normal spending range.
9698,354.21,StoreC,NORMAL,The amount $354.21 is within the normal spending range.
5856,400.61,StoreC,NORMAL,The amount $400.61 is within the normal spending range.
7724,406.15,StoreB,NORMAL,The amount $406.15 is within the normal spending range.
3567,320.84,StoreA,NORMAL,The amount $320.84 is within the normal spending range.
5587,302.41,StoreA,NORMAL,The amount $302.41 is within the normal spending range.
5922,259.25,StoreC,NORMAL,The amount $259.25 is within the normal spending range.
6046,277.84,StoreB,NORMAL,The amount $277.84 is within the normal spending range.
3894,144.88,StoreA,NORMAL,The amount $144.88 is within the normal spending range.
8203,118.18,StoreA,NORMAL,The amount $118.18 is within the normal spending range.
8478,199.66,StoreC,NORMAL,The amount $199.66 is within the normal spending range.
6274,182.98,StoreC,NORMAL,The amount $182.98 is within the normal spending range.
4613,154.68,StoreA,NORMAL,The amount $154.68 is within the normal spending range.
1038,269.64,StoreC,NORMAL,The amount $269.64 is within the normal spending range.
4084,295.53,StoreA,NORMAL,The amount $295.53 is within the normal spending range.
7265,208.84,StoreB,NORMAL,The amount $208.84 is within the normal spending range.
7598,347.75,StoreC,NORMAL,The amount $347.75 is within the normal spending range.
3415,85.83,StoreC,NORMAL,The amount $85.83 is within the normal spending range.
1758,180.63,StoreB,NORMAL,The amount $180.63 is within the normal spending range.
5342,128.32,StoreA,NORMAL,The amount $128.32 is within the normal spending range.
8066,13.35,StoreA,NORMAL,The amount $13.35 is within the normal spending range.
4116,191.73,StoreC,NORMAL,The amount $191.73 is within the normal spending range.
1764,187.83,StoreA,NORMAL,The amount $187.83 is within the normal spending range.
5029,351.34,StoreA,NORMAL,The amount $351.34 is within the normal spending range.
7445,2663.51,StoreB,ANOMALY,The amount $2663.51 is 5.17 standard deviations above the mean.
8443,97.58,StoreB,NORMAL,The amount $97.58 is within the normal spending range.
2317,3901.99,StoreB,ANOMALY,The amount $3901.99 is 7.87 standard deviations above the mean.
1700,322.1,StoreC,NORMAL,The amount $322.1 is within the normal spending range.
8527,258.21,StoreB,NORMAL,The amount $258.21 is within the normal spending range.
5383,177.35,StoreB,NORMAL,The amount $177.35 is within the normal spending range.
2593,104.06,StoreA,NORMAL,The amount $104.06 is within the normal spending range.
5145,162.78,StoreB,NORMAL,The amount $162.78 is within the normal spending range.
7707,308.87,StoreC,NORMAL,The amount $308.87 is within the normal spending range.
7997,388.46,StoreB,NORMAL,The amount $388.46 is within the normal spending range.
8026,354.32,StoreC,NORMAL,The amount $354.32 is within the normal spending range.
3612,151.12,StoreA,NORMAL,The amount $151.12 is within the normal spending range.
8399,88.04,StoreA,NORMAL,The amount $88.04 is within the normal spending range.
2908,214.09,StoreB,NORMAL,The amount $214.09 is within the normal spending range.
7954,23.16,StoreA,NORMAL,The amount $23.16 is within the normal spending range.
2790,232.32,StoreB,NORMAL,The amount $232.32 is within the normal spending range.
9168,185.24,StoreA,NORMAL,The amount $185.24 is within the normal spending range.
3928,153.4,StoreC,NORMAL,The amount $153.4 is within the normal spending range.
8681,40.53,StoreA,NORMAL,The amount $40.53 is within the normal spending range.
6251,251.36,StoreB,NORMAL,The amount $251.36 is within the normal spending range.
5127,146.73,StoreB,NORMAL,The amount $146.73 is within the normal spending range.
5963,83.01,StoreB,NORMAL,The amount $83.01 is within the normal spending range.
6311,87.23,StoreC,NORMAL,The amount $87.23 is within the normal spending range.
9792,197.25,StoreA,NORMAL,The amount $197.25 is within the normal spending range.
3025,377.23,StoreB,NORMAL,The amount $377.23 is within the normal spending range.
8815,366.13,StoreC,NORMAL,The amount $366.13 is within the normal spending range.
1987,154.29,StoreC,NORMAL,The amount $154.29 is within the normal spending range.
6310,139.78,StoreC,NORMAL,The amount $139.78 is within the normal spending range.
2965,246.88,StoreA,NORMAL,The amount $246.88 is within the normal spending range.
8316,100.16,StoreA,NORMAL,The amount $100.16 is within the normal spending range.
1868,230.18,StoreA,NORMAL,The amount $230.18 is within the normal spending range.
3063,276.61,StoreC,NORMAL,The amount $276.61 is within the normal spending range.
2129,322.69,StoreA,NORMAL,The amount $322.69 is within the normal spending range.
5378,189.98,StoreB,NORMAL,The amount $189.98 is within the normal spending range.
6154,179.63,StoreC,NORMAL,The amount $179.63 is within the normal spending range.
7256,112.2,StoreA,NORMAL,The amount $112.2 is within the normal spending range.
7451,117.31,StoreC,NORMAL,The amount $117.31 is within the normal spending range.
2934,177.35,StoreC,NORMAL,The amount $177.35 is within the normal spending range.
2076,236.74,StoreA,NORMAL,The amount $236.74 is within the normal spending range.
6200,291.36,StoreC,NORMAL,The amount $291.36 is within the normal spending range.
2639,119.68,StoreA,NORMAL,The amount $119.68 is within the normal spending range.
7385,349.27,StoreA,NORMAL,The amount $349.27 is within the normal spending range.
9222,172.89,StoreA,NORMAL,The amount $172.89 is within the normal spending range.
8996,2003.22,StoreC,ANOMALY,The amount $2003.22 is 3.73 standard deviations above the mean.
1703,125.28,StoreC,NORMAL,The amount $125.28 is within the normal spending range.
6480,429.51,StoreA,NORMAL,The amount $429.51 is within the normal spending range.
9424,288.4,StoreC,NORMAL,The amount $288.4 is within the normal spending range.
8777,273.68,StoreA,NORMAL,The amount $273.68 is within the normal spending range.
6362,1740.03,StoreB,ANOMALY,The amount $1740.03 is 3.15 standard deviations above the mean.
1950,206.7,StoreC,NORMAL,The amount $206.7 is within the normal spending range.
9250,251.59,StoreC,NORMAL,The amount $251.59 is within the normal spending range.
3818,43.75,StoreB,NORMAL,The amount $43.75 is within the normal spending range.
4600,147.09,StoreB,NORMAL,The amount $147.09 is within the normal spending range.
9493,279.43,StoreB,NORMAL,The amount $279.43 is within the normal spending range.
8845,74.57,StoreA,NORMAL,The amount $74.57 is within the normal spending range.
3944,229.36,StoreA,NORMAL,The amount $229.36 is within the normal spending range.
7255,64.34,StoreB,NORMAL,The amount $64.34 is within the normal spending range.
8580,246.64,StoreA,NORMAL,The amount $246.64 is within the normal spending range.
9508,196.44,StoreC,NORMAL,The amount $196.44 is within the normal spending range.
6264,38.49,StoreB,NORMAL,The amount $38.49 is within the normal spending range.
8518,316.47,StoreC,NORMAL,The amount $316.47 is within the normal spending range.
9122,126.54,StoreA,NORMAL,The amount $126.54 is within the normal spending range.
2178,118.97,StoreB,NORMAL,The amount $118.97 is within the normal spending range.
4855,220.06,StoreA,NORMAL,The amount $220.06 is within the normal spending range.
9523,314.86,StoreC,NORMAL,The amount $314.86 is within the normal spending range.
7037,98.42,StoreA,NORMAL,The amount $98.42 is within the normal spending range.
1527,206.17,StoreC,NORMAL,The amount $206.17 is within the normal spending range.
3059,242.88,StoreA,NORMAL,The amount $242.88 is within the normal spending range.
1211,269.31,StoreC,NORMAL,The amount $269.31 is within the normal spending range.
2714,217.64,StoreA,NORMAL,The amount $217.64 is within the normal spending range.
3688,163.3,StoreB,NORMAL,The amount $163.3 is within the normal spending range.
4266,117.24,StoreB,NORMAL,The amount $117.24 is within the normal spending range.
6149,208.61,StoreA,NORMAL,The amount $208.61 is within the normal spending range.
2332,92.79,StoreC,NORMAL,The amount $92.79 is within the normal spending range.
7820,92.14,StoreA,NORMAL,The amount $92.14 is within the normal spending range.
6891,243.66,StoreB,NORMAL,The amount $243.66 is within the normal spending range.
5686,290.39,StoreC,NORMAL,The amount $290.39 is within the normal spending range.
5091,36.29,StoreA,NORMAL,The amount $36.29 is within the normal spending range.
1443,99.03,StoreA,NORMAL,The amount $99.03 is within the normal spending range.
1926,261.92,StoreC,NORMAL,The amount $261.92 is within the normal spending range.
7246,405.75,StoreA,NORMAL,The amount $405.75 is within the normal spending range.
1622,202.08,StoreB,NORMAL,The amount $202.08 is within the normal spending range.
4037,127.2,StoreB,NORMAL,The amount $127.2 is within the normal spending range.
1233,181.71,StoreC,NORMAL,The amount $181.71 is within the normal spending range.
3691,337.49,StoreA,NORMAL,The amount $337.49 is within the normal spending range.
8402,135.4,StoreA,NORMAL,The amount $135.4 is within the normal spending range.
1386,120.08,StoreB,NORMAL,The amount $120.08 is within the normal spending range.
2634,151.73,StoreC,NORMAL,The amount $151.73 is within the normal spending range.
9110,104.67,StoreC,NORMAL,The amount $104.67 is within the normal spending range.
5133,212.27,StoreC,NORMAL,The amount $212.27 is within the normal spending range.
6581,362.47,StoreB,NORMAL,The amount $362.47 is within the normal spending range.
2967,232.31,StoreB,NORMAL,The amount $232.31 is within the normal spending range.
6568,174.76,StoreC,NORMAL,The amount $174.76 is within the normal spending range.
8284,170.82,StoreC,NORMAL,The amount $170.82 is within the normal spending range.
9432,43.68,StoreA,NORMAL,The amount $43.68 is within the normal spending range.
6145,288.31,StoreA,NORMAL,The amount $288.31 is within the normal spending range.
6767,192.22,StoreC,NORMAL,The amount $192.22 is within the normal spending range.
9753,181.95,StoreB,NORMAL,The amount $181.95 is within the normal spending range.
2999,519.31,StoreB,NORMAL,The amount $519.31 is within the normal spending range.
5901,229.88,StoreA,NORMAL,The amount $229.88 is within the normal spending range.
3779,124.82,StoreC,NORMAL,The amount $124.82 is within the normal spending range.
7192,157.36,StoreB,NORMAL,The amount $157.36 is within the normal spending range.
2677,314.84,StoreB,NORMAL,The amount $314.84 is within the normal spending range.
5177,211.33,StoreB,NORMAL,The amount $211.33 is within the normal spending range.
8211,56.17,StoreB,NORMAL,The amount $56.17 is within the normal spending range.
8873,2955.51,StoreA,ANOMALY,The amount $2955.51 is 5.80 standard deviations above the mean.
4841,133.19,StoreB,NORMAL,The amount $133.19 is within the normal spending range.
8098,387.33,StoreB,NORMAL,The amount $387.33 is within the normal spending range.
7416,308.0,StoreC,NORMAL,The amount $308.0 is within the normal spending range.
5885,155.27,StoreC,NORMAL,The amount $155.27 is within the normal spending range.
1594,328.1,StoreA,NORMAL,The amount $328.1 is within the normal spending range.
3612,206.79,StoreA,NORMAL,The amount $206.79 is within the normal spending range.
7359,285.28,StoreA,NORMAL,The amount $285.28 is within the normal spending range.
2496,248.47,StoreA,NORMAL,The amount $248.47 is within the normal spending range.
4555,115.36,StoreB,NORMAL,The amount $115.36 is within the normal spending range.
5861,1373.31,StoreC,NORMAL,The amount $1373.31 is within the normal spending range.
5766,303.0,StoreB,NORMAL,The amount $303.0 is within the normal spending range.
4358,166.52,StoreB,NORMAL,The amount $166.52 is within the normal spending range.
1914,159.64,StoreB,NORMAL,The amount $159.64 is within the normal spending range.
2844,104.49,StoreC,NORMAL,The amount $104.49 is within the normal spending range.
2995,242.36,StoreA,NORMAL,The amount $242.36 is within the normal spending range.
8625,406.25,StoreA,NORMAL,The amount $406.25 is within the normal spending range.
1094,944.06,StoreC,NORMAL,The amount $944.06 is within the normal spending range.
9684,202.42,StoreC,NORMAL,The amount $202.42 is within the normal spending range.
4069,341.22,StoreA,NORMAL,The amount $341.22 is within the normal spending range.
1149,192.04,StoreB,NORMAL,The amount $192.04 is within the normal spending range.
2046,245.24,StoreA,NORMAL,The amount $245.24 is within the normal spending range.
3803,93.76,StoreC,NORMAL,The amount $93.76 is within the normal spending range.
6334,242.83,StoreA,NORMAL,The amount $242.83 is within the normal spending range.
9590,181.29,StoreA,NORMAL,The amount $181.29 is within the normal spending range.
5476,298.57,StoreA,NORMAL,The amount $298.57 is within the normal spending range.
8276,318.74,StoreC,NORMAL,The amount $318.74 is within the normal spending range.
1551,458.96,StoreC,NORMAL,The amount $458.96 is within the normal spending range.
9486,257.96,StoreA,NORMAL,The amount $257.96 is within the normal spending range.
2143,232.58,StoreA,NORMAL,The amount $232.58 is within the normal spending range.
1455,219.44,StoreB,NORMAL,The amount $219.44 is within the normal spending range.
9360,1667.3,StoreB,NORMAL,The amount $1667.3 is within the normal spending range.
2946,233.85,StoreA,NORMAL,The amount $233.85 is within the normal spending range.
7115,1725.78,StoreC,ANOMALY,The amount $1725.78 is 3.12 standard deviations above the mean.
8310,216.85,StoreB,NORMAL,The amount $216.85 is within the normal spending range.
7180,3358.83,StoreA,ANOMALY,The amount $3358.83 is 6.68 standard deviations above the mean.
6817,99.35,StoreB,NORMAL,The amount $99.35 is within the normal spending range.
6380,313.99,StoreB,NORMAL,The amount $313.99 is within the normal spending range.
7374,331.71,StoreB,NORMAL,The amount $331.71 is within the normal spending range.
9445,188.19,StoreC,NORMAL,The amount $188.19 is within the normal spending range.
9070,12.19,StoreA,NORMAL,The amount $12.19 is within the normal spending range.
2320,139.22,StoreC,NORMAL,The amount $139.22 is within the normal spending range.
8123,329.7,StoreC,NORMAL,The amount $329.7 is within the normal spending range.
7153,197.71,StoreB,NORMAL,The amount $197.71 is within the normal spending range.
7589,100.07,StoreA,NORMAL,The amount $100.07 is within the normal spending range.
4607,149.52,StoreB,NORMAL,The amount $149.52 is within the normal spending range.
1400,284.06,StoreC,NORMAL,The amount $284.06 is within the normal spending range.
7042,254.67,StoreC,NORMAL,The amount $254.67 is within the normal spending range.
1362,176.11,StoreA,NORMAL,The amount $176.11 is within the normal spending range.
4851,163.32,StoreC,NORMAL,The amount $163.32 is within the normal spending range.
4412,160.82,StoreC,NORMAL,The amount $160.82 is within the normal spending range.
1084,107.76,StoreA,NORMAL,The amount $107.76 is within the normal spending range.
2824,361.54,StoreB,NORMAL,The amount $361.54 is within the normal spending range.
9499,167.77,StoreA,NORMAL,The amount $167.77 is within the normal spending range.
9822,321.72,StoreC,NORMAL,The amount $321.72 is within the normal spending range.
5775,352.13,StoreA,NORMAL,The amount $352.13 is within the normal spending range.
8868,299.83,StoreB,NORMAL,The amount $299.83 is within the normal spending range.
8619,156.84,StoreC,NORMAL,The amount $156.84 is within the normal spending range.
8418,240.37,StoreB,NORMAL,The amount $240.37 is within the normal spending range.
3371,197.58,StoreB,NORMAL,The amount $197.58 is within the normal spending range.
8068,109.63,StoreA,NORMAL,The amount $109.63 is within the normal spending range.
4300,232.44,StoreB,NORMAL,The amount $232.44 is within the normal spending range.
6821,831.16,StoreA,NORMAL,The amount $831.16 is within the normal spending range.
8803,318.77,StoreA,NORMAL,The amount $318.77 is within the normal spending range.
8464,153.54,StoreB,NORMAL,The amount $153.54 is within the normal spending range.
1726,220.12,StoreA,NORMAL,The amount $220.12 is within the normal spending range.
8121,2311.67,StoreA,ANOMALY,The amount $2311.67 is 4.40 standard deviations above the mean.
5312,174.11,StoreB,NORMAL,The amount $174.11 is within the normal spending range.
9000,258.67,StoreC,NORMAL,The amount $258.67 is within the normal spending range.
5543,152.51,StoreA,NORMAL,The amount $152.51 is within the normal spending range.
9014,287.13,StoreA,NORMAL,The amount $287.13 is within the normal spending range.
1318,65.4,StoreB,NORMAL,The amount $65.4 is within the normal spending range.
4475,212.64,StoreA,NORMAL,The amount $212.64 is within the normal spending range.
6153,393.89,StoreB,NORMAL,The amount $393.89 is within the normal spending range.
5134,99.97,StoreC,NORMAL,The amount $99.97 is within the normal spending range.
2602,132.23,StoreC,NORMAL,The amount $132.23 is within the normal spending range.
3256,251.39,StoreB,NORMAL,The amount $251.39 is within the normal spending range.
8319,217.96,StoreC,NORMAL,The amount $217.96 is within the normal spending range.
8532,235.06,StoreB,NORMAL,The amount $235.06 is within the normal spending range.
8366,248.92,StoreA,NORMAL,The amount $248.92 is within the normal spending range.
3648,263.47,StoreC,NORMAL,The amount $263.47 is within the normal spending range.
7903,310.97,StoreA,NORMAL,The amount $310.97 is within the normal spending range.
2858,240.98,StoreA,NORMAL,The amount $240.98 is within the normal spending range.
2102,175.87,StoreB,NORMAL,The amount $175.87 is within the normal spending range.
3481,267.26,StoreC,NORMAL,The amount $267.26 is within the normal spending range.
2820,389.99,StoreC,NORMAL,The amount $389.99 is within the normal spending range.
4158,186.74,StoreA,NORMAL,The amount $186.74 is within the normal spending range.
4684,102.55,StoreA,NORMAL,The amount $102.55 is within the normal spending range.
8411,310.71,StoreB,NORMAL,The amount $310.71 is within the normal spending range.
4651,187.96,StoreC,NORMAL,The amount $187.96 is within the normal spending range.
8707,17.27,StoreB,NORMAL,The amount $17.27 is within the normal spending range.
9461,284.74,StoreB,NORMAL,The amount $284.74 is within the normal spending range.
9107,146.47,StoreB,NORMAL,The amount $146.47 is within the normal spending range.
7881,190.95,StoreC,NORMAL,The amount $190.95 is within the normal spending range.
7220,233.2,StoreB,NORMAL,The amount $233.2 is within the normal spending range.
5830,219.05,StoreC,NORMAL,The amount $219.05 is within the normal spending range.
5979,270.95,StoreB,NORMAL,The amount $270.95 is within the normal spending range.
8334,156.45,StoreA,NORMAL,The amount $156.45 is within the normal spending range.
4775,2544.34,StoreB,ANOMALY,The amount $2544.34 is 4.91 standard deviations above the mean.
1648,174.05,StoreB,NORMAL,The amount $174.05 is within the normal spending range.
1016,273.88,StoreC,NORMAL,The amount $273.88 is within the normal spending range.
9308,2647.87,StoreA,ANOMALY,The amount $2647.87 is 5.13 standard deviations above the mean.
7476,106.46,StoreA,NORMAL,The amount $106.46 is within the normal spending range.
6942,308.6,StoreC,NORMAL,The amount $308.6 is within the normal spending range.
2545,146.4,StoreC,NORMAL,The amount $146.4 is within the normal spending range.
3693,280.81,StoreA,NORMAL,The amount $280.81 is within the normal spending range.
8599,236.73,StoreC,NORMAL,The amount $236.73 is within the normal spending range.
5089,383.82,StoreA,NORMAL,The amount $383.82 is within the normal spending range.
7259,177.65,StoreB,NORMAL,The amount $177.65 is within the normal spending range.
6058,165.07,StoreB,NORMAL,The amount $165.07 is within the normal spending range.
4240,198.06,StoreA,NORMAL,The amount $198.06 is within the normal spending range.
5942,169.68,StoreA,NORMAL,The amount $169.68 is within the normal spending range.
4788,279.99,StoreB,NORMAL,The amount $279.99 is within the normal spending range.
7953,38.37,StoreB,NORMAL,The amount $38.37 is within the normal spending range.
1371,94.63,StoreA,NORMAL,The amount $94.63 is within the normal spending range.
8020,93.22,StoreC,NORMAL,The amount $93.22 is within the normal spending range.
8120,295.03,StoreC,NORMAL,The amount $295.03 is within the normal spending range.
6702,371.06,StoreA,NORMAL,The amount $371.06 is within the normal spending range.
9347,1919.11,StoreC,ANOMALY,The amount $1919.11 is 3.54 standard deviations above the mean.
3661,183.12,StoreB,NORMAL,The amount $183.12 is within the normal spending range.
8180,2095.78,StoreB,ANOMALY,The amount $2095.78 is 3.93 standard deviations above the mean.
7651,316.19,StoreC,NORMAL,The amount $316.19 is within the normal spending range.
9656,1085.98,StoreA,NORMAL,The amount $1085.98 is within the normal spending range.
5878,223.84,StoreB,NORMAL,The amount $223.84 is within the normal spending range.
5315,297.52,StoreB,NORMAL,The amount $297.52 is within the normal spending range.
7158,250.11,StoreB,NORMAL,The amount $250.11 is within the normal spending range.
9308,218.96,StoreC,NORMAL,The amount $218.96 is within the normal spending range.
7474,300.1,StoreA,NORMAL,The amount $300.1 is within the normal spending range.
2374,70.32,StoreC,NORMAL,The amount $70.32 is within the normal spending range.
8393,267.79,StoreA,NORMAL,The amount $267.79 is within the normal spending range.
5403,1362.65,StoreA,NORMAL,The amount $1362.65 is within the normal spending range.
4546,16.94,StoreC,NORMAL,The amount $16.94 is within the normal spending range.
4977,251.12,StoreB,NORMAL,The amount $251.12 is within the normal spending range.
4411,337.37,StoreA,NORMAL,The amount $337.37 is within the normal spending range.
9988,186.26,StoreC,NORMAL,The amount $186.26 is within the normal spending range.
4892,295.29,StoreB,NORMAL,The amount $295.29 is within the normal spending range.
8324,361.23,StoreA,NORMAL,The amount $361.23 is within the normal spending range.
9342,331.49,StoreA,NORMAL,The amount $331.49 is within the normal spending range.
4249,364.0,StoreB,NORMAL,The amount $364.0 is within the normal spending range.
1111,274.21,StoreA,NORMAL,The amount $274.21 is within the normal spending range.
1682,207.54,StoreC,NORMAL,The amount $207.54 is within the normal spending range.
2161,39.8,StoreA,NORMAL,The amount $39.8 is within the normal spending range.
8400,175.39,StoreA,NORMAL,The amount $175.39 is within the normal spending range.
3379,115.68,StoreB,NORMAL,The amount $115.68 is within the normal spending range.
6426,417.09,StoreC,NORMAL,The amount $417.09 is within the normal spending range.
9352,1846.79,StoreB,ANOMALY,The amount $1846.79 is 3.38 standard deviations above the mean.
2425,2149.59,StoreC,ANOMALY,The amount $2149.59 is 4.05 standard deviations above the mean.
4661,255.15,StoreB,NORMAL,The amount $255.15 is within the normal spending range.
9469,2069.0,StoreA,ANOMALY,The amount $2069.0 is 3.87 standard deviations above the mean.
8040,369.51,StoreC,NORMAL,The amount $369.51 is within the normal spending range.
5592,137.74,StoreC,NORMAL,The amount $137.74 is within the normal spending range.
8530,219.46,StoreA,NORMAL,The amount $219.46 is within the normal spending range.
4107,125.75,StoreB,NORMAL,The amount $125.75 is within the normal spending range.
1302,68.0,StoreC,NORMAL,The amount $68.0 is within the normal spending range.
5533,138.82,StoreA,NORMAL,The amount $138.82 is within the normal spending range.
3773,196.3,StoreA,NORMAL,The amount $196.3 is within the normal spending range.
8199,157.07,StoreC,NORMAL,The amount $157.07 is within the normal spending range.
5281,130.76,StoreC,NORMAL,The amount $130.76 is within the normal spending range.
5768,59.37,StoreC,NORMAL,The amount $59.37 is within the normal spending range.
2000,191.69,StoreA,NORMAL,The amount $191.69 is within the normal spending range.
2718,49.53,StoreB,NORMAL,The amount $49.53 is within the normal spending range.
8169,276.01,StoreB,NORMAL,The amount $276.01 is within the normal spending range.
8361,208.24,StoreC,NORMAL,The amount $208.24 is within the normal spending range.
4830,54.24,StoreA,NORMAL,The amount $54.24 is within the normal spending range.
8154,169.08,StoreA,NORMAL,The amount $169.08 is within the normal spending range.
6020,124.78,StoreC,NORMAL,The amount $124.78 is within the normal spending range.
3882,231.92,StoreA,NORMAL,The amount $231.92 is within the normal spending range.
1998,334.05,StoreA,NORMAL,The amount $334.05 is within the normal spending range.
1284,12.48,StoreA,NORMAL,The amount $12.48 is within the normal spending range.
9612,211.5,StoreC,NORMAL,The amount $211.5 is within the normal spending range.
3160,183.99,StoreC,NORMAL,The amount $183.99 is within the normal spending range.
4065,267.13,StoreC,NORMAL,The amount $267.13 is within the normal spending range.
2494,221.32,StoreB,NORMAL,The amount $221.32 is within the normal spending range.
5623,124.8,StoreB,NORMAL,The amount $124.8 is within the normal spending range.
3543,168.09,StoreC,NORMAL,The amount $168.09 is within the normal spending range.
5800,120.4,StoreA,NORMAL,The amount $120.4 is within the normal spending range.
9913,307.6,StoreA,NORMAL,The amount $307.6 is within the normal spending range.
2401,2046.43,StoreC,ANOMALY,The amount $2046.43 is 3.82 standard deviations above the mean.
1445,390.12,StoreA,NORMAL,The amount $390.12 is within the normal spending range.
5522,193.93,StoreA,NORMAL,The amount $193.93 is within the normal spending range.
4767,129.16,StoreB,NORMAL,The amount $129.16 is within the normal spending range.
3551,48.63,StoreA,NORMAL,The amount $48.63 is within the normal spending range.
6646,19.69,StoreA,NORMAL,The amount $19.69 is within the normal spending range.
4888,41.59,StoreC,NORMAL,The amount $41.59 is within the normal spending range.
5816,226.71,StoreB,NORMAL,The amount $226.71 is within the normal spending range.
3731,250.87,StoreB,NORMAL,The amount $250.87 is within the normal spending range.
8699,41.88,StoreA,NORMAL,The amount $41.88 is within the normal spending range.
3629,289.5,StoreC,NORMAL,The amount $289.5 is within the normal spending range.
8687,151.69,StoreB,NORMAL,The amount $151.69 is within the normal spending range.
2057,214.68,StoreB,NORMAL,The amount $214.68 is within the normal spending range.
7834,361.22,StoreA,NORMAL,The amount $361.22 is within the normal spending range.
9949,289.68,StoreB,NORMAL,The amount $289.68 is within the normal spending range.
2795,173.15,StoreC,NORMAL,The amount $173.15 is within the normal spending range.
5849,110.88,StoreC,NORMAL,The amount $110.88 is within the normal spending range.
9215,15.18,StoreB,NORMAL,The amount $15.18 is within the normal spending range.
5150,128.08,StoreC,NORMAL,The amount $128.08 is within the normal spending range.
7947,178.89,StoreC,NORMAL,The amount $178.89 is within the normal spending range.
7470,101.28,StoreA,NORMAL,The amount $101.28 is within the normal spending range.
8179,186.87,StoreB,NORMAL,The amount $186.87 is within the normal spending range.
4712,207.69,StoreB,NORMAL,The amount $207.69 is within the normal spending range.
6458,177.51,StoreA,NORMAL,The amount $177.51 is within the normal spending range.
6315,135.0,StoreA,NORMAL,The amount $135.0 is within the normal spending range.
6381,216.87,StoreA,NORMAL,The amount $216.87 is within the normal spending range.
4174,244.19,StoreA,NORMAL,The amount $244.19 is within the normal spending range.
7387,90.96,StoreC,NORMAL,The amount $90.96 is within the normal spending range.
9973,3453.33,StoreC,ANOMALY,The amount $3453.33 is 6.89 standard deviations above the mean.
7767,190.14,StoreA,NORMAL,The amount $190.14 is within the normal spending range.
1566,2043.94,StoreB,ANOMALY,The amount $2043.94 is 3.81 standard deviations above the mean.
5622,270.82,StoreB,NORMAL,The amount $270.82 is within the normal spending range.
5132,223.32,StoreB,NORMAL,The amount $223.32 is within the normal spending range.
9830,295.31,StoreA,NORMAL,The amount $295.31 is within the normal spending range.
7995,228.71,StoreC,NORMAL,The amount $228.71 is within the normal spending range.
5167,138.76,StoreC,NORMAL,The amount $138.76 is within the normal spending range.
3670,236.15,StoreC,NORMAL,The amount $236.15 is within the normal spending range.
9296,85.63,StoreC,NORMAL,The amount $85.63 is within the normal spending range.
2682,210.86,StoreB,NORMAL,The amount $210.86 is within the normal spending range.
9490,196.68,StoreB,NORMAL,The amount $196.68 is within the normal spending range.
1770,179.19,StoreC,NORMAL,The amount $179.19 is within the normal spending range.
4854,187.15,StoreA,NORMAL,The amount $187.15 is within the normal spending range.
4118,11.82,StoreC,NORMAL,The amount $11.82 is within the normal spending range.
3132,145.13,StoreC,NORMAL,The amount $145.13 is within the normal spending range.
8225,209.28,StoreA,NORMAL,The amount $209.28 is within the normal spending range.
1990,215.99,StoreC,NORMAL,The amount $215.99 is within the normal spending range.
1710,97.23,StoreB,NORMAL,The amount $97.23 is within the normal spending range.
5304,326.57,StoreA,NORMAL,The amount $326.57 is within the normal spending range.
6367,1147.92,StoreA,NORMAL,The amount $1147.92 is within the normal spending range.
1038,296.95,StoreC,NORMAL,The amount $296.95 is within the normal spending range.
2275,242.72,StoreB,NORMAL,The amount $242.72 is within the normal spending range.
8069,135.38,StoreB,NORMAL,The amount $135.38 is within the normal spending range.
5857,377.53,StoreB,NORMAL,The amount $377.53 is within the normal spending range.
2436,80.64,StoreC,NORMAL,The amount $80.64 is within the normal spending range.
3099,291.92,StoreC,NORMAL,The amount $291.92 is within the normal spending range.
9565,300.06,StoreB,NORMAL,The amount $300.06 is within the normal spending range.
8693,132.94,StoreC,NORMAL,The amount $132.94 is within the normal spending range.
5251,339.25,StoreB,NORMAL,The amount $339.25 is within the normal spending range.
5025,175.0,StoreC,NORMAL,The amount $175.0 is within the normal spending range.
7212,228.87,StoreA,NORMAL,The amount $228.87 is within the normal spending range.
4234,226.03,StoreA,NORMAL,The amount $226.03 is within the normal spending range.
8662,186.57,StoreC,NORMAL,The amount $186.57 is within the normal spending range.
8550,281.08,StoreC,NORMAL,The amount $281.08 is within the normal spending range.
4123,279.35,StoreB,NORMAL,The amount $279.35 is within the normal spending range.
1653,25.15,StoreA,NORMAL,The amount $25.15 is within the normal spending range.
5158,330.43,StoreB,NORMAL,The amount $330.43 is within the normal spending range.
9700,33.75,StoreC,NORMAL,The amount $33.75 is within the normal spending range.
6543,303.25,StoreB,NORMAL,The amount $303.25 is within the normal spending range.
3197,312.67,StoreB,NORMAL,The amount $312.67 is within the normal spending range.
4911,90.9,StoreC,NORMAL,The amount $90.9 is within the normal spending range.
6235,158.92,StoreA,NORMAL,The amount $158.92 is within the normal spending range.
5799,89.43,StoreB,NORMAL,The amount $89.43 is within the normal spending range.
9707,178.51,StoreC,NORMAL,The amount $178.51 is within the normal spending range.
6360,169.2,StoreB,NORMAL,The amount $169.2 is within the normal spending range.
9221,277.97,StoreC,NORMAL,The amount $277.97 is within the normal spending range.
1325,331.03,StoreC,NORMAL,The amount $331.03 is within the normal spending range.
4766,339.57,StoreC,NORMAL,The amount $339.57 is within the normal spending range.
5111,143.78,StoreA,NORMAL,The amount $143.78 is within the normal spending range.
9302,179.08,StoreA,NORMAL,The amount $179.08 is within the normal spending range.
8015,31.66,StoreC,NORMAL,The amount $31.66 is within the normal spending range.
7856,119.41,StoreA,NORMAL,The amount $119.41 is within the normal spending range.
1106,296.49,StoreB,NORMAL,The amount $296.49 is within the normal spending range.
3426,361.56,StoreA,NORMAL,The amount $361.56 is within the normal spending range.
5378,76.57,StoreA,NORMAL,The amount $76.57 is within the normal spending range.
5364,140.75,StoreB,NORMAL,The amount $140.75 is within the normal spending range.
3531,197.36,StoreB,NORMAL,The amount $197.36 is within the normal spending range.
7810,228.02,StoreB,NORMAL,The amount $228.02 is within the normal spending range.
6316,119.04,StoreC,NORMAL,The amount $119.04 is within the normal spending range.
6362,242.41,StoreB,NORMAL,The amount $242.41 is within the normal spending range.
5693,152.62,StoreB,NORMAL,The amount $152.62 is within the normal spending range.
9990,198.55,StoreB,NORMAL,The amount $198.55 is within the normal spending range.
6268,254.63,StoreC,NORMAL,The amount $254.63 is within the normal spending range.
3011,200.64,StoreA,NORMAL,The amount $200.64 is within the normal spending range.
1425,156.36,StoreC,NORMAL,The amount $156.36 is within the normal spending range.
4044,189.04,StoreA,NORMAL,The amount $189.04 is within the normal spending range.
7229,191.16,StoreB,NORMAL,The amount $191.16 is within the normal spending range.
2239,163.0,StoreC,NORMAL,The amount $163.0 is within the normal spending range.
7566,174.12,StoreC,NORMAL,The amount $174.12 is within the normal spending range.
4391,359.86,StoreA,NORMAL,The amount $359.86 is within the normal spending range.
5213,256.09,StoreC,NORMAL,The amount $256.09 is within the normal spending range.
4997,170.45,StoreC,NORMAL,The amount $170.45 is within the normal spending range.
4006,269.7,StoreA,NORMAL,The amount $269.7 is within the normal spending range.
8025,166.62,StoreC,NORMAL,The amount $166.62 is within the normal spending range.
4039,317.31,StoreC,NORMAL,The amount $317.31 is within the normal spending range.
7558,236.96,StoreB,NORMAL,The amount $236.96 is within the normal spending range.
9790,189.27,StoreB,NORMAL,The amount $189.27 is within the normal spending range.
2184,244.77,StoreB,NORMAL,The amount $244.77 is within the normal spending range.
3584,42.91,StoreB,NORMAL,The amount $42.91 is within the normal spending range.
9102,87.32,StoreB,NORMAL,The amount $87.32 is within the normal spending range.
8116,80.61,StoreC,NORMAL,The amount $80.61 is within the normal spending range.
5383,214.29,StoreC,NORMAL,The amount $214.29 is within the normal spending range.
4936,373.25,StoreB,NORMAL,The amount $373.25 is within the normal spending range.
2699,423.13,StoreA,NORMAL,The amount $423.13 is within the normal spending range.
5507,263.81,StoreB,NORMAL,The amount $263.81 is within the normal spending range.
1135,250.08,StoreC,NORMAL,The amount $250.08 is within the normal spending range.
3025,19.89,StoreA,NORMAL,The amount $19.89 is within the normal spending range.
4535,145.73,StoreB,NORMAL,The amount $145.73 is within the normal spending range.
5854,121.22,StoreA,NORMAL,The amount $121.22 is within the normal spending range.
6367,137.92,StoreB,NORMAL,The amount $137.92 is within the normal spending range.
3890,183.19,StoreC,NORMAL,The amount $183.19 is within the normal spending range.
3757,152.79,StoreB,NORMAL,The amount $152.79 is within the normal spending range.
4773,20.96,StoreA,NORMAL,The amount $20.96 is within the normal spending range.
9572,274.79,StoreC,NORMAL,The amount $274.79 is within the normal spending range.
7652,92.73,StoreB,NORMAL,The amount $92.73 is within the normal spending range.
2528,223.92,StoreB,NORMAL,The amount $223.92 is within the normal spending range.
5571,407.41,StoreB,NORMAL,The amount $407.41 is within the normal spending range.
6049,1094.05,StoreB,NORMAL,The amount $1094.05 is within the normal spending range.
1848,53.03,StoreC,NORMAL,The amount $53.03 is within the normal spending range.
5127,171.4,StoreC,NORMAL,The amount $171.4 is within the normal spending range.
8351,310.1,StoreB,NORMAL,The amount $310.1 is within the normal spending range.
6866,395.83,StoreC,NORMAL,The amount $395.83 is within the normal spending range.
6869,77.05,StoreA,NORMAL,The amount $77.05 is within the normal spending range.
3121,2527.73,StoreC,ANOMALY,The amount $2527.73 is 4.87 standard deviations above the mean.
5681,153.47,StoreA,NORMAL,The amount $153.47 is within the normal spending range.
1472,189.41,StoreA,NORMAL,The amount $189.41 is within the normal spending range.
2787,464.43,StoreC,NORMAL,The amount $464.43 is within the normal spending range.
1113,503.21,StoreB,NORMAL,The amount $503.21 is within the normal spending range.
7473,225.37,StoreC,NORMAL,The amount $225.37 is within the normal spending range.
9530,246.77,StoreA,NORMAL,The amount $246.77 is within the normal spending range.
3285,308.58,StoreA,NORMAL,The amount $308.58 is within the normal spending range.
2196,209.8,StoreC,NORMAL,The amount $209.8 is within the normal spending range.
1078,230.81,StoreA,NORMAL,The amount $230.81 is within the normal spending range.
5559,160.84,StoreC,NORMAL,The amount $160.84 is within the normal spending range.
7017,226.91,StoreC,NORMAL,The amount $226.91 is within the normal spending range.
3652,165.68,StoreB,NORMAL,The amount $165.68 is within the normal spending range.
5318,262.16,StoreA,NORMAL,The amount $262.16 is within the normal spending range.
6385,163.04,StoreC,NORMAL,The amount $163.04 is within the normal spending range.
8054,237.71,StoreA,NORMAL,The amount $237.71 is within the normal spending range.
1827,197.07,StoreC,NORMAL,The amount $197.07 is within the normal spending range.
5923,312.61,StoreC,NORMAL,The amount $312.61 is within the normal spending range.
4385,194.86,StoreB,NORMAL,The amount $194.86 is within the normal spending range.
7056,22.7,StoreC,NORMAL,The amount $22.7 is within the normal spending range.
2965,326.19,StoreB,NORMAL,The amount $326.19 is within the normal spending range.
3427,109.43,StoreA,NORMAL,The amount $109.43 is within the normal spending range.
3841,134.62,StoreB,NORMAL,The amount $134.62 is within the normal spending range.
9805,140.43,StoreB,NORMAL,The amount $140.43 is within the normal spending range.
9754,337.44,StoreA,NORMAL,The amount $337.44 is within the normal spending range.
7563,13.57,StoreB,NORMAL,The amount $13.57 is within the normal spending range.
6840,513.77,StoreB,NORMAL,The amount $513.77 is within the normal spending range.
8810,305.61,StoreC,NORMAL,The amount $305.61 is within the normal spending range.
7064,222.32,StoreB,NORMAL,The amount $222.32 is within the normal spending range.
8144,194.51,StoreC,NORMAL,The amount $194.51 is within the normal spending range.
5352,228.56,StoreB,NORMAL,The amount $228.56 is within the normal spending range.
1184,252.11,StoreA,NORMAL,The amount $252.11 is within the normal spending range.
6809,264.52,StoreA,NORMAL,The amount $264.52 is within the normal spending range.
5065,255.56,StoreB,NORMAL,The amount $255.56 is within the normal spending range.
8181,208.96,StoreC,NORMAL,The amount $208.96 is within the normal spending range.
9437,180.27,StoreB,NORMAL,The amount $180.27 is within the normal spending range.
8504,184.87,StoreC,NORMAL,The amount $184.87 is within the normal spending range.
8426,180.51,StoreB,NORMAL,The amount $180.51 is within the normal spending range.
3087,313.38,StoreA,NORMAL,The amount $313.38 is within the normal spending range.
1600,259.36,StoreA,NORMAL,The amount $259.36 is within the normal spending range.
8804,94.04,StoreC,NORMAL,The amount $94.04 is within the normal spending range.
6537,265.59,StoreB,NORMAL,The amount $265.59 is within the normal spending range.
4033,219.47,StoreC,NORMAL,The amount $219.47 is within the normal spending range.
3056,198.13,StoreA,NORMAL,The amount $198.13 is within the normal spending range.
9724,161.15,StoreC,NORMAL,The amount $161.15 is within the normal spending range.
6084,312.41,StoreB,NORMAL,The amount $312.41 is within the normal spending range.
3042,294.75,StoreC,NORMAL,The amount $294.75 is within the normal spending range.
8960,122.71,StoreB,NORMAL,The amount $122.71 is within the normal spending range.
1357,240.71,StoreB,NORMAL,The amount $240.71 is within the normal spending range.
1377,102.83,StoreA,NORMAL,The amount $102.83 is within the normal spending range.
5488,62.04,StoreB,NORMAL,The amount $62.04 is within the normal spending range.
5797,137.33,StoreB,NORMAL,The amount $137.33 is within the normal spending range.
4307,286.24,StoreB,NORMAL,The amount $286.24 is within the normal spending range.
3596,295.31,StoreC,NORMAL,The amount $295.31 is within the normal spending range.
1783,251.31,StoreA,NORMAL,The amount $251.31 is within the normal spending range.
6924,272.51,StoreC,NORMAL,The amount $272.51 is within the normal spending range.
3379,251.62,StoreC,NORMAL,The amount $251.62 is within the normal spending range.
8831,135.85,StoreA,NORMAL,The amount $135.85 is within the normal spending range.
6267,243.19,StoreC,NORMAL,The amount $243.19 is within the normal spending range.
8638,2835.21,StoreC,ANOMALY,The amount $2835.21 is 5.54 standard deviations above the mean.
3538,275.43,StoreB,NORMAL,The amount $275.43 is within the normal spending range.
1861,318.89,StoreC,NORMAL,The amount $318.89 is within the normal spending range.
2876,270.83,StoreA,NORMAL,The amount $270.83 is within the normal spending range.
4526,235.14,StoreC,NORMAL,The amount $235.14 is within the normal spending range.
2622,307.02,StoreB,NORMAL,The amount $307.02 is within the normal spending range.
6518,197.35,StoreC,NORMAL,The amount $197.35 is within the normal spending range.
3657,111.81,StoreA,NORMAL,The amount $111.81 is within the normal spending range.
2932,183.69,StoreB,NORMAL,The amount $183.69 is within the normal spending range.
9699,125.51,StoreC,NORMAL,The amount $125.51 is within the normal spending range.
4478,132.48,StoreA,NORMAL,The amount $132.48 is within the normal spending range.
3656,185.55,StoreA,NORMAL,The amount $185.55 is within the normal spending range.
1289,120.76,StoreC,NORMAL,The amount $120.76 is within the normal spending range.
8011,169.2,StoreC,NORMAL,The amount $169.2 is within the normal spending range.
6858,10.64,StoreB,NORMAL,The amount $10.64 is within the normal spending range.
8323,221.33,StoreC,NORMAL,The amount $221.33 is within the normal spending range.
3829,200.12,StoreB,NORMAL,The amount $200.12 is within the normal spending range.
6962,118.29,StoreC,NORMAL,The amount $118.29 is within the normal spending range.
5812,265.92,StoreA,NORMAL,The amount $265.92 is within the normal spending range.
8264,293.76,StoreA,NORMAL,The amount $293.76 is within the normal spending range.
9758,39.24,StoreA,NORMAL,The amount $39.24 is within the normal spending range.
2473,123.73,StoreA,NORMAL,The amount $123.73 is within the normal spending range.
2987,123.09,StoreB,NORMAL,The amount $123.09 is within the normal spending range.
8673,106.01,StoreA,NORMAL,The amount $106.01 is within the normal spending range.
4260,2864.64,StoreB,ANOMALY,The amount $2864.64 is 5.60 standard deviations above the mean.
8490,180.62,StoreB,NORMAL,The amount $180.62 is within the normal spending range.
7739,173.55,StoreB,NORMAL,The amount $173.55 is within the normal spending range.
4251,0.39,StoreC,NORMAL,The amount $0.39 is within the normal spending range.
6905,263.54,StoreB,NORMAL,The amount $263.54 is within the normal spending range.
6300,76.07,StoreC,NORMAL,The amount $76.07 is within the normal spending range.
6054,205.99,StoreB,NORMAL,The amount $205.99 is within the normal spending range.
2716,227.74,StoreC,NORMAL,The amount $227.74 is within the normal spending range.
2310,336.07,StoreC,NORMAL,The amount $336.07 is within the normal spending range.
1617,69.12,StoreA,NORMAL,The amount $69.12 is within the normal spending range.
5257,101.95,StoreB,NORMAL,The amount $101.95 is within the normal spending range.
7099,218.38,StoreC,NORMAL,The amount $218.38 is within the normal spending range.
1468,380.05,StoreA,NORMAL,The amount $380.05 is within the normal spending range.
6905,323.89,StoreB,NORMAL,The amount $323.89 is within the normal spending range.
2139,220.97,StoreA,NORMAL,The amount $220.97 is within the normal spending range.
9728,150.84,StoreC,NORMAL,The amount $150.84 is within the normal spending range.
1951,280.71,StoreA,NORMAL,The amount $280.71 is within the normal spending range.
9012,102.65,StoreA,NORMAL,The amount $102.65 is within the normal spending range.
4006,247.64,StoreB,NORMAL,The amount $247.64 is within the normal spending range.
7075,250.55,StoreC,NORMAL,The amount $250.55 is within the normal spending range.
8890,306.02,StoreB,NORMAL,The amount $306.02 is within the normal spending range.
6952,475.97,StoreB,NORMAL,The amount $475.97 is within the normal spending range.
8077,239.24,StoreA,NORMAL,The amount $239.24 is within the normal spending range.
2971,149.1,StoreC,NORMAL,The amount $149.1 is within the normal spending range.
2191,197.44,StoreB,NORMAL,The amount $197.44 is within the normal spending range.
4920,23.09,StoreC,NORMAL,The amount $23.09 is within the normal spending range.
8765,130.53,StoreB,NORMAL,The amount $130.53 is within the normal spending range.
7193,159.07,StoreA,NORMAL,The amount $159.07 is within the normal spending range.
4046,147.59,StoreB,NORMAL,The amount $147.59 is within the normal spending range.
1304,215.24,StoreB,NORMAL,The amount $215.24 is within the normal spending range.
7339,117.76,StoreB,NORMAL,The amount $117.76 is within the normal spending range.
9043,312.1,StoreC,NORMAL,The amount $312.1 is within the normal spending range.
5908,200.02,StoreA,NORMAL,The amount $200.02 is within the normal spending range.
3804,199.07,StoreC,NORMAL,The amount $199.07 is within the normal spending range.
4936,167.21,StoreB,NORMAL,The amount $167.21 is within the normal spending range.
1712,215.52,StoreA,NORMAL,The amount $215.52 is within the normal spending range.
7848,282.51,StoreC,NORMAL,The amount $282.51 is within the normal spending range.
9366,113.29,StoreB,NORMAL,The amount $113.29 is within the normal spending range.
4205,134.19,StoreA,NORMAL,The amount $134.19 is within the normal spending range.
6185,169.63,StoreA,NORMAL,The amount $169.63 is within the normal spending range.
7506,662.26,StoreB,NORMAL,The amount $662.26 is within the normal spending range.
2772,118.07,StoreA,NORMAL,The amount $118.07 is within the normal spending range.
2074,152.38,StoreA,NORMAL,The amount $152.38 is within the normal spending range.
6447,287.44,StoreC,NORMAL,The amount $287.44 is within the normal spending range.
9783,226.26,StoreA,NORMAL,The amount $226.26 is within the normal spending range.
6264,219.36,StoreC,NORMAL,The amount $219.36 is within the normal spending range.
8322,285.09,StoreC,NORMAL,The amount $285.09 is within the normal spending range.
7651,186.26,StoreC,NORMAL,The amount $186.26 is within the normal spending range.
3410,239.05,StoreC,NORMAL,The amount $239.05 is within the normal spending range.
7441,189.68,StoreA,NORMAL,The amount $189.68 is within the normal spending range.
9685,226.54,StoreA,NORMAL,The amount $226.54 is within the normal spending range.
9737,141.72,StoreC,NORMAL,The amount $141.72 is within the normal spending range.
4956,43.88,StoreA,NORMAL,The amount $43.88 is within the normal spending range.
7553,186.57,StoreC,NORMAL,The amount $186.57 is within the normal spending range.
7869,342.27,StoreC,NORMAL,The amount $342.27 is within the normal spending range.
8531,292.62,StoreC,NORMAL,The amount $292.62 is within the normal spending range.
4094,296.54,StoreB,NORMAL,The amount $296.54 is within the normal spending range.
3365,323.61,StoreA,NORMAL,The amount $323.61 is within the normal spending range.
7668,208.87,StoreA,NORMAL,The amount $208.87 is within the normal spending range.
6000,219.73,StoreC,NORMAL,The amount $219.73 is within the normal spending range.
8920,138.23,StoreA,NORMAL,The amount $138.23 is within the normal spending range.
4347,168.39,StoreC,NORMAL,The amount $168.39 is within the normal spending range.
4675,261.58,StoreA,NORMAL,The amount $261.58 is within the normal spending range.
1952,3243.7,StoreC,ANOMALY,The amount $3243.7 is 6.43 standard deviations above the mean.
4300,186.06,StoreC,NORMAL,The amount $186.06 is within the normal spending range.
4179,154.98,StoreB,NORMAL,The amount $154.98 is within the normal spending range.
4247,200.05,StoreC,NORMAL,The amount $200.05 is within the normal spending range.
5415,260.12,StoreB,NORMAL,The amount $260.12 is within the normal spending range.
4357,55.61,StoreA,NORMAL,The amount $55.61 is within the normal spending range.
7472,29.62,StoreA,NORMAL,The amount $29.62 is within the normal spending range.
6996,144.95,StoreB,NORMAL,The amount $144.95 is within the normal spending range.
5848,77.93,StoreA,NORMAL,The amount $77.93 is within the normal spending range.
6475,149.19,StoreB,NORMAL,The amount $149.19 is within the normal spending range.
2037,185.22,StoreA,NORMAL,The amount $185.22 is within the normal spending range.
9262,154.68,StoreB,NORMAL,The amount $154.68 is within the normal spending range.
8008,345.25,StoreB,NORMAL,The amount $345.25 is within the normal spending range.
6931,232.67,StoreC,NORMAL,The amount $232.67 is within the normal spending range.
6642,230.05,StoreA,NORMAL,The amount $230.05 is within the normal spending range.
1105,262.22,StoreC,NORMAL,The amount $262.22 is within the normal spending range.
1769,86.12,StoreB,NORMAL,The amount $86.12 is within the normal spending range.
3940,303.91,StoreC,NORMAL,The amount $303.91 is within the normal spending range.
8899,192.42,StoreB,NORMAL,The amount $192.42 is within the normal spending range.
7614,267.05,StoreA,NORMAL,The amount $267.05 is within the normal spending range.
6805,92.81,StoreA,NORMAL,The amount $92.81 is within the normal spending range.
5355,44.62,StoreA,NORMAL,The amount $44.62 is within the normal spending range.
1933,281.79,StoreB,NORMAL,The amount $281.79 is within the normal spending range.
9766,237.64,StoreC,NORMAL,The amount $237.64 is within the normal spending range.
6660,109.79,StoreA,NORMAL,The amount $109.79 is within the normal spending range.
6906,113.03,StoreB,NORMAL,The amount $113.03 is within the normal spending range.
7050,312.54,StoreC,NORMAL,The amount $312.54 is within the normal spending range.
9261,81.06,StoreB,NORMAL,The amount $81.06 is within the normal spending range.
5474,364.27,StoreB,NORMAL,The amount $364.27 is within the normal spending range.
1254,109.94,StoreA,NORMAL,The amount $109.94 is within the normal spending range.
8087,263.84,StoreB,NORMAL,The amount $263.84 is within the normal spending range.
5787,167.14,StoreB,NORMAL,The amount $167.14 is within the normal spending range.
8862,2635.54,StoreC,ANOMALY,The amount $2635.54 is 5.10 standard deviations above the mean.
7356,145.59,StoreA,NORMAL,The amount $145.59 is within the normal spending range.
4742,183.72,StoreB,NORMAL,The amount $183.72 is within the normal spending range.
3035,204.09,StoreB,NORMAL,The amount $204.09 is within the normal spending range.
2967,99.78,StoreC,NORMAL,The amount $99.78 is within the normal spending range.
9291,274.08,StoreB,NORMAL,The amount $274.08 is within the normal spending range.
2852,148.68,StoreB,NORMAL,The amount $148.68 is within the normal spending range.
4183,177.14,StoreB,NORMAL,The amount $177.14 is within the normal spending range.
7618,1018.15,StoreB,NORMAL,The amount $1018.15 is within the normal spending range.
9303,56.23,StoreB,NORMAL,The amount $56.23 is within the normal spending range.
1182,180.9,StoreC,NORMAL,The amount $180.9 is within the normal spending range.
7740,441.26,StoreB,NORMAL,The amount $441.26 is within the normal spending range.
1164,278.46,StoreB,NORMAL,The amount $278.46 is within the normal spending range.
7958,198.07,StoreB,NORMAL,The amount $198.07 is within the normal spending range.
3137,173.71,StoreB,NORMAL,The amount $173.71 is within the normal spending range.
1454,202.25,StoreA,NORMAL,The amount $202.25 is within the normal spending range.
3285,254.71,StoreA,NORMAL,The amount $254.71 is within the normal spending range.
8846,81.92,StoreA,NORMAL,The amount $81.92 is within the normal spending range.
5822,311.43,StoreA,NORMAL,The amount $311.43 is within the normal spending range.
1541,271.54,StoreC,NORMAL,The amount $271.54 is within the normal spending range.
7033,271.82,StoreA,NORMAL,The amount $271.82 is within the normal spending range.
3665,243.85,StoreC,NORMAL,The amount $243.85 is within the normal spending range.
8149,201.96,StoreA,NORMAL,The amount $201.96 is within the normal spending range.
6798,267.29,StoreC,NORMAL,The amount $267.29 is within the normal spending range.
6785,259.18,StoreA,NORMAL,The amount $259.18 is within the normal spending range.
5614,164.6,StoreB,NORMAL,The amount $164.6 is within the normal spending range.
5292,142.64,StoreA,NORMAL,The amount $142.64 is within the normal spending range.
7189,210.19,StoreA,NORMAL,The amount $210.19 is within the normal spending range.
7673,3593.13,StoreA,ANOMALY,The amount $3593.13 is 7.19 standard deviations above the mean.
2688,76.09,StoreB,NORMAL,The amount $76.09 is within the normal spending range.
6095,53.25,StoreC,NORMAL,The amount $53.25 is within the normal spending range.
8583,216.48,StoreC,NORMAL,The amount $216.48 is within the normal spending range.
8824,205.09,StoreB,NORMAL,The amount $205.09 is within the normal spending range.
2637,217.33,StoreA,NORMAL,The amount $217.33 is within the normal spending range.
6966,224.4,StoreA,NORMAL,The amount $224.4 is within the normal spending range.
5670,177.68,StoreA,NORMAL,The amount $177.68 is within the normal spending range.
6203,348.99,StoreC,NORMAL,The amount $348.99 is within the normal spending range.
6134,39.91,StoreC,NORMAL,The amount $39.91 is within the normal spending range.
2890,117.15,StoreB,NORMAL,The amount $117.15 is within the normal spending range.
4205,189.67,StoreB,NORMAL,The amount $189.67 is within the normal spending range.
9669,35.68,StoreC,NORMAL,The amount $35.68 is within the normal spending range.
3366,182.41,StoreA,NORMAL,The amount $182.41 is within the normal spending range.
8559,366.15,StoreA,NORMAL,The amount $366.15 is within the normal spending range.
3526,202.09,StoreA,NORMAL,The amount $202.09 is within the normal spending range.
8807,223.07,StoreA,NORMAL,The amount $223.07 is within the normal spending range.
1366,73.98,StoreB,NORMAL,The amount $73.98 is within the normal spending range.
7521,138.36,StoreB,NORMAL,The amount $138.36 is within the normal spending range.
7606,162.48,StoreC,NORMAL,The amount $162.48 is within the normal spending range.
1012,168.23,StoreB,NORMAL,The amount $168.23 is within the normal spending range.
9727,328.16,StoreA,NORMAL,The amount $328.16 is within the normal spending range.
4239,255.77,StoreC,NORMAL,The amount $255.77 is within the normal spending range.
3317,88.85,StoreB,NORMAL,The amount $88.85 is within the normal spending range.
5042,224.65,StoreB,NORMAL,The amount $224.65 is within the normal spending range.
8485,249.82,StoreB,NORMAL,The amount $249.82 is within the normal spending range.
1375,314.01,StoreB,NORMAL,The amount $314.01 is within the normal spending range.
1256,358.05,StoreB,NORMAL,The amount $358.05 is within the normal spending range.
1449,98.49,StoreA,NORMAL,The amount $98.49 is within the normal spending range.
4212,118.91,StoreA,NORMAL,The amount $118.91 is within the normal spending range.
7175,74.24,StoreA,NORMAL,The amount $74.24 is within the normal spending range.
6943,176.6,StoreB,NORMAL,The amount $176.6 is within the normal spending range.
9026,246.64,StoreC,NORMAL,The amount $246.64 is within the normal spending range.
8446,298.73,StoreA,NORMAL,The amount $298.73 is within the normal spending range.
2308,192.4,StoreA,NORMAL,The amount $192.4 is within the normal spending range.
9339,168.02,StoreB,NORMAL,The amount $168.02 is within the normal spending range.
5016,215.18,StoreC,NORMAL,The amount $215.18 is within the normal spending range.
4940,116.49,StoreA,NORMAL,The amount $116.49 is within the normal spending range.
7713,408.95,StoreA,NORMAL,The amount $408.95 is within the normal spending range.
5071,39.23,StoreC,NORMAL,The amount $39.23 is within the normal spending range.
9107,218.47,StoreB,NORMAL,The amount $218.47 is within the normal spending range.
6912,402.36,StoreC,NORMAL,The amount $402.36 is within the normal spending range.
1442,200.68,StoreB,NORMAL,The amount $200.68 is within the normal spending range.
3944,181.0,StoreA,NORMAL,The amount $181.0 is within the normal spending range.
4936,164.26,StoreC,NORMAL,The amount $164.26 is within the normal spending range.
1398,181.96,StoreC,NORMAL,The amount $181.96 is within the normal spending range.
3995,337.28,StoreA,NORMAL,The amount $337.28 is within the normal spending range.
7329,21.19,StoreA,NORMAL,The amount $21.19 is within the normal spending range.
3216,353.34,StoreB,NORMAL,The amount $353.34 is within the normal spending range.
2707,57.6,StoreA,NORMAL,The amount $57.6 is within the normal spending range.
6766,173.33,StoreA,NORMAL,The amount $173.33 is within the normal spending range.
6677,157.08,StoreC,NORMAL,The amount $157.08 is within the normal spending range.
3568,258.86,StoreB,NORMAL,The amount $258.86 is within the normal spending range.
8638,40.19,StoreA,NORMAL,The amount $40.19 is within the normal spending range.
1160,246.22,StoreC,NORMAL,The amount $246.22 is within the normal spending range.
9067,402.43,StoreA,NORMAL,The amount $402.43 is within the normal spending range.
4904,63.68,StoreA,NORMAL,The amount $63.68 is within the normal spending range.
4573,218.97,StoreA,NORMAL,The amount $218.97 is within the normal spending range.
2825,133.8,StoreA,NORMAL,The amount $133.8 is within the normal spending range.
6582,242.59,StoreB,NORMAL,The amount $242.59 is within the normal spending range.
2176,201.91,StoreC,NORMAL,The amount $201.91 is within the normal spending range.
5918,135.85,StoreC,NORMAL,The amount $135.85 is within the normal spending range.
5880,248.79,StoreA,NORMAL,The amount $248.79 is within the normal spending range.
4220,380.43,StoreC,NORMAL,The amount $380.43 is within the normal spending range.
8820,180.91,StoreA,NORMAL,The amount $180.91 is within the normal spending range.
1130,271.98,StoreC,NORMAL,The amount $271.98 is within the normal spending range.
7659,70.67,StoreB,NORMAL,The amount $70.67 is within the normal spending range.
4562,1056.53,StoreB,NORMAL,The amount $1056.53 is within the normal spending range.
2499,247.24,StoreC,NORMAL,The amount $247.24 is within the normal spending range.
8430,348.41,StoreA,NORMAL,The amount $348.41 is within the normal spending range.
8705,235.56,StoreA,NORMAL,The amount $235.56 is within the normal spending range.
8626,168.69,StoreA,NORMAL,The amount $168.69 is within the normal spending range.
7679,199.93,StoreA,NORMAL,The amount $199.93 is within the normal spending range.
3788,74.96,StoreB,NORMAL,The amount $74.96 is within the normal spending range.
5876,260.45,StoreA,NORMAL,The amount $260.45 is within the normal spending range.
4708,288.23,StoreA,NORMAL,The amount $288.23 is within the normal spending range.
2769,154.79,StoreA,NORMAL,The amount $154.79 is within the normal spending range.
7731,153.0,StoreA,NORMAL,The amount $153.0 is within the normal spending range.
4044,226.59,StoreB,NORMAL,The amount $226.59 is within the normal spending range.
1375,156.33,StoreC,NORMAL,The amount $156.33 is within the normal spending range.
7347,193.39,StoreC,NORMAL,The amount $193.39 is within the normal spending range.
4036,409.97,StoreA,NORMAL,The amount $409.97 is within the normal spending range.
9852,175.3,StoreA,NORMAL,The amount $175.3 is within the normal spending range.
7218,164.17,StoreC,NORMAL,The amount $164.17 is within the normal spending range.
1740,135.25,StoreB,NORMAL,The amount $135.25 is within the normal spending range.
9495,274.42,StoreB,NORMAL,The amount $274.42 is within the normal spending range.
2085,181.88,StoreB,NORMAL,The amount $181.88 is within the normal spending range.
2210,135.06,StoreB,NORMAL,The amount $135.06 is within the normal spending range.
9420,3362.58,StoreB,ANOMALY,The amount $3362.58 is 6.69 standard deviations above the mean.
4119,341.96,StoreB,NORMAL,The amount $341.96 is within the normal spending range.
1267,139.96,StoreB,NORMAL,The amount $139.96 is within the normal spending range.
3774,13.35,StoreB,NORMAL,The amount $13.35 is within the normal spending range.
5349,300.75,StoreB,NORMAL,The amount $300.75 is within the normal spending range.
5965,1331.72,StoreA,NORMAL,The amount $1331.72 is within the normal spending range.
9125,279.06,StoreB,NORMAL,The amount $279.06 is within the normal spending range.
4459,2.99,StoreA,NORMAL,The amount $2.99 is within the normal spending range.
1989,289.26,StoreC,NORMAL,The amount $289.26 is within the normal spending range.
1937,78.88,StoreA,NORMAL,The amount $78.88 is within the normal spending range.
7654,273.08,StoreC,NORMAL,The amount $273.08 is within the normal spending range.
7989,201.43,StoreA,NORMAL,The amount $201.43 is within the normal spending range.
9631,104.61,StoreC,NORMAL,The amount $104.61 is within the normal spending range.
8342,159.3,StoreA,NORMAL,The amount $159.3 is within the normal spending range.
7023,268.63,StoreA,NORMAL,The amount $268.63 is within the normal spending range.
3358,210.59,StoreC,NORMAL,The amount $210.59 is within the normal spending range.
4345,258.44,StoreB,NORMAL,The amount $258.44 is within the normal spending range.
7360,397.64,StoreB,NORMAL,The amount $397.64 is within the normal spending range.
5816,43.58,StoreB,NORMAL,The amount $43.58 is within the normal spending range.
4743,361.72,StoreB,NORMAL,The amount $361.72 is within the normal spending range.
8159,210.44,StoreB,NORMAL,The amount $210.44 is within the normal spending range.
1518,110.12,StoreA,NORMAL,The amount $110.12 is within the normal spending range.
1268,66.97,StoreB,NORMAL,The amount $66.97 is within the normal spending range.
6444,181.09,StoreA,NORMAL,The amount $181.09 is within the normal spending range.
6475,292.17,StoreC,NORMAL,The amount $292.17 is within the normal spending range.
5185,187.25,StoreB,NORMAL,The amount $187.25 is within the normal spending range.
6161,351.12,StoreB,NORMAL,The amount $351.12 is within the normal spending range.
4865,54.88,StoreB,NORMAL,The amount $54.88 is within the normal spending range.
9011,198.79,StoreB,NORMAL,The amount $198.79 is within the normal spending range.
3335,74.76,StoreA,NORMAL,The amount $74.76 is within the normal spending range.
4674,236.36,StoreA,NORMAL,The amount $236.36 is within the normal spending range.
5576,288.69,StoreA,NORMAL,The amount $288.69 is within the normal spending range.
1500,157.92,StoreC,NORMAL,The amount $157.92 is within the normal spending range.
9083,60.42,StoreA,NORMAL,The amount $60.42 is within the normal spending range.
9294,219.89,StoreB,NORMAL,The amount $219.89 is within the normal spending range.
6543,243.67,StoreC,NORMAL,The amount $243.67 is within the normal spending range.
3746,240.43,StoreC,NORMAL,The amount $240.43 is within the normal spending range.
4276,323.58,StoreB,NORMAL,The amount $323.58 is within the normal spending range.
4085,92.89,StoreB,NORMAL,The amount $92.89 is within the normal spending range.
6735,268.02,StoreB,NORMAL,The amount $268.02 is within the normal spending range.
8796,3232.19,StoreB,ANOMALY,The amount $3232.19 is 6.41 standard deviations above the mean.
7613,22.14,StoreA,NORMAL,The amount $22.14 is within the normal spending range.
2327,231.97,StoreC,NORMAL,The amount $231.97 is within the normal spending range.
8772,149.58,StoreB,NORMAL,The amount $149.58 is within the normal spending range.
4746,191.85,StoreA,NORMAL,The amount $191.85 is within the normal spending range.
6684,234.77,StoreB,NORMAL,The amount $234.77 is within the normal spending range.
3562,151.28,StoreA,NORMAL,The amount $151.28 is within the normal spending range.
5163,132.43,StoreB,NORMAL,The amount $132.43 is within the normal spending range.
4317,203.42,StoreB,NORMAL,The amount $203.42 is within the normal spending range.
3436,91.28,StoreB,NORMAL,The amount $91.28 is within the normal spending range.
6769,91.42,StoreA,NORMAL,The amount $91.42 is within the normal spending range.
9499,267.94,StoreB,NORMAL,The amount $267.94 is within the normal spending range.
6918,85.12,StoreA,NORMAL,The amount $85.12 is within the normal spending range.
2089,266.63,StoreA,NORMAL,The amount $266.63 is within the normal spending range.
5555,246.26,StoreC,NORMAL,The amount $246.26 is within the normal spending range.
3394,27.42,StoreA,NORMAL,The amount $27.42 is within the normal spending range.
7468,132.24,StoreA,NORMAL,The amount $132.24 is within the normal spending range.
5004,319.41,StoreA,NORMAL,The amount $319.41 is within the normal spending range.
1666,101.88,StoreA,NORMAL,The amount $101.88 is within the normal spending range.
6718,153.56,StoreA,NORMAL,The amount $153.56 is within the normal spending range.
6152,246.21,StoreC,NORMAL,The amount $246.21 is within the normal spending range.
3234,278.34,StoreB,NORMAL,The amount $278.34 is within the normal spending range.
7335,174.85,StoreC,NORMAL,The amount $174.85 is within the normal spending range.
2236,140.25,StoreC,NORMAL,The amount $140.25 is within the normal spending range.
2623,342.24,StoreB,NORMAL,The amount $342.24 is within the normal spending range.
2374,373.89,StoreA,NORMAL,The amount $373.89 is within the normal spending range.
8275,297.89,StoreB,NORMAL,The amount $297.89 is within the normal spending range.
7359,2111.24,StoreA,ANOMALY,The amount $2111.24 is 3.96 standard deviations above the mean.
1176,119.17,StoreB,NORMAL,The amount $119.17 is within the normal spending range.
7704,116.96,StoreC,NORMAL,The amount $116.96 is within the normal spending range.
3928,252.25,StoreA,NORMAL,The amount $252.25 is within the normal spending range.
9817,241.84,StoreC,NORMAL,The amount $241.84 is within the normal spending range.
8617,340.16,StoreA,NORMAL,The amount $340.16 is within the normal spending range.
8614,265.05,StoreB,NORMAL,The amount $265.05 is within the normal spending range.
4715,49.69,StoreB,NORMAL,The amount $49.69 is within the normal spending range.
5274,305.19,StoreB,NORMAL,The amount $305.19 is within the normal spending range.
9586,1014.39,StoreB,NORMAL,The amount $1014.39 is within the normal spending range.
5971,161.6,StoreB,NORMAL,The amount $161.6 is within the normal spending range.
9389,225.02,StoreC,NORMAL,The amount $225.02 is within the normal spending range.
1968,399.57,StoreC,NORMAL,The amount $399.57 is within the normal spending range.
4155,510.99,StoreA,NORMAL,The amount $510.99 is within the normal spending range.
5764,2639.12,StoreC,ANOMALY,The amount $2639.12 is 5.11 standard deviations above the mean.
3504,181.68,StoreA,NORMAL,The amount $181.68 is within the normal spending range.
8643,253.45,StoreA,NORMAL,The amount $253.45 is within the normal spending range.
7006,288.77,StoreC,NORMAL,The amount $288.77 is within the normal spending range.
8962,167.93,StoreC,NORMAL,The amount $167.93 is within the normal spending range.
8943,379.52,StoreA,NORMAL,The amount $379.52 is within the normal spending range.
2269,223.01,StoreC,NORMAL,The amount $223.01 is within the normal spending range.
2364,249.77,StoreC,NORMAL,The amount $249.77 is within the normal spending range.
7716,266.59,StoreC,NORMAL,The amount $266.59 is within the normal spending range.
1923,242.16,StoreB,NORMAL,The amount $242.16 is within the normal spending range.
1470,283.89,StoreB,NORMAL,The amount $283.89 is within the normal spending range.
7597,138.27,StoreA,NORMAL,The amount $138.27 is within the normal spending range.
3954,144.17,StoreC,NORMAL,The amount $144.17 is within the normal spending range.
2148,89.98,StoreA,NORMAL,The amount $89.98 is within the normal spending range.
4086,243.95,StoreC,NORMAL,The amount $243.95 is within the normal spending range.
1629,277.89,StoreB,NORMAL,The amount $277.89 is within the normal spending range.
8407,245.78,StoreC,NORMAL,The amount $245.78 is within the normal spending range.
1774,367.45,StoreC,NORMAL,The amount $367.45 is within the normal spending range.
9551,199.44,StoreC,NORMAL,The amount $199.44 is within the normal spending range.
9709,266.87,StoreB,NORMAL,The amount $266.87 is within the normal spending range.
2343,90.83,StoreB,NORMAL,The amount $90.83 is within the normal spending range.
8398,161.29,StoreB,NORMAL,The amount $161.29 is within the normal spending range.
8197,269.55,StoreA,NORMAL,The amount $269.55 is within the normal spending range.
6016,284.91,StoreC,NORMAL,The amount $284.91 is within the normal spending range.
8797,170.6,StoreB,NORMAL,The amount $170.6 is within the normal spending range.
3899,192.84,StoreA,NORMAL,The amount $192.84 is within the normal spending range.
1934,48.21,StoreB,NORMAL,The amount $48.21 is within the normal spending range.
2986,164.3,StoreC,NORMAL,The amount $164.3 is within the normal spending range.
5996,289.04,StoreA,NORMAL,The amount $289.04 is within the normal spending range.
7542,257.52,StoreB,NORMAL,The amount $257.52 is within the normal spending range.
6465,250.07,StoreB,NORMAL,The amount $250.07 is within the normal spending range.
7311,204.98,StoreA,NORMAL,The amount $204.98 is within the normal spending range.
9568,200.71,StoreA,NORMAL,The amount $200.71 is within the normal spending range.
2505,133.97,StoreA,NORMAL,The amount $133.97 is within the normal spending range.
6363,269.88,StoreA,NORMAL,The amount $269.88 is within the normal spending range.
2010,242.1,StoreA,NORMAL,The amount $242.1 is within the normal spending range.
4477,2522.99,StoreB,ANOMALY,The amount $2522.99 is 4.86 standard deviations above the mean.
8741,147.4,StoreA,NORMAL,The amount $147.4 is within the normal spending range.
4857,15.33,StoreA,NORMAL,The amount $15.33 is within the normal spending range.
4839,309.72,StoreC,NORMAL,The amount $309.72 is within the normal spending range.
5268,152.12,StoreB,NORMAL,The amount $152.12 is within the normal spending range.
3553,113.72,StoreC,NORMAL,The amount $113.72 is within the normal spending range.
5389,2726.95,StoreB,ANOMALY,The amount $2726.95 is 5.30 standard deviations above the mean.
1551,160.8,StoreB,NORMAL,The amount $160.8 is within the normal spending range.
6566,305.99,StoreB,NORMAL,The amount $305.99 is within the normal spending range.
6758,2649.53,StoreA,ANOMALY,The amount $2649.53 is 5.14 standard deviations above the mean.
4051,268.36,StoreC,NORMAL,The amount $268.36 is within the normal spending range.
6322,63.4,StoreB,NORMAL,The amount $63.4 is within the normal spending range.
3555,321.19,StoreB,NORMAL,The amount $321.19 is within the normal spending range.
2089,226.13,StoreB,NORMAL,The amount $226.13 is within the normal spending range.
1458,163.07,StoreC,NORMAL,The amount $163.07 is within the normal spending range.
5721,214.34,StoreB,NORMAL,The amount $214.34 is within the normal spending range.
7304,22.38,StoreC,NORMAL,The amount $22.38 is within the normal spending range.
2920,240.87,StoreC,NORMAL,The amount $240.87 is within the normal spending range.
8694,97.06,StoreA,NORMAL,The amount $97.06 is within the normal spending range.
6668,64.73,StoreB,NORMAL,The amount $64.73 is within the normal spending range.
7298,47.76,StoreB,NORMAL,The amount $47.76 is within the normal spending range.
7629,311.27,StoreC,NORMAL,The amount $311.27 is within the normal spending range.
6146,137.07,StoreC,NORMAL,The amount $137.07 is within the normal spending range.
2003,353.37,StoreA,NORMAL,The amount $353.37 is within the normal spending range.
4083,146.42,StoreB,NORMAL,The amount $146.42 is within the normal spending range.
3589,29.26,StoreC,NORMAL,The amount $29.26 is within the normal spending range.
5310,88.35,StoreB,NORMAL,The amount $88.35 is within the normal spending range.
3241,323.58,StoreB,NORMAL,The amount $323.58 is within the normal spending range.
6766,184.41,StoreB,NORMAL,The amount $184.41 is within the normal spending range.
8711,145.17,StoreC,NORMAL,The amount $145.17 is within the normal spending range.
5980,216.0,StoreB,NORMAL,The amount $216.0 is within the normal spending range.
1938,250.18,StoreC,NORMAL,The amount $250.18 is within the normal spending range.
5301,311.74,StoreA,NORMAL,The amount $311.74 is within the normal spending range.
4970,344.85,StoreA,NORMAL,The amount $344.85 is within the normal spending range.
4999,164.02,StoreC,NORMAL,The amount $164.02 is within the normal spending range.
5650,67.4,StoreB,NORMAL,The amount $67.4 is within the normal spending range.
7627,158.65,StoreA,NORMAL,The amount $158.65 is within the normal spending range.
4408,226.03,StoreA,NORMAL,The amount $226.03 is within the normal spending range.
9962,103.62,StoreC,NORMAL,The amount $103.62 is within the normal spending range.
1248,104.28,StoreC,NORMAL,The amount $104.28 is within the normal spending range.
9564,234.38,StoreC,NORMAL,The amount $234.38 is within the normal spending range.
6950,195.13,StoreC,NORMAL,The amount $195.13 is within the normal spending range.
3926,203.28,StoreC,NORMAL,The amount $203.28 is within the normal spending range.
8975,1256.93,StoreC,NORMAL,The amount $1256.93 is within the normal spending range.
4857,176.96,StoreC,NORMAL,The amount $176.96 is within the normal spending range.
5930,107.58,StoreB,NORMAL,The amount $107.58 is within the normal spending range.
8014,289.02,StoreB,NORMAL,The amount $289.02 is within the normal spending range.
9893,303.52,StoreB,NORMAL,The amount $303.52 is within the normal spending range.
7966,15.38,StoreB,NORMAL,The amount $15.38 is within the normal spending range.
7587,107.05,StoreA,NORMAL,The amount $107.05 is within the normal spending range.
7496,50.35,StoreB,NORMAL,The amount $50.35 is within the normal spending range.
6091,135.0,StoreA,NORMAL,The amount $135.0 is within the normal spending range.
9985,191.66,StoreA,NORMAL,The amount $191.66 is within the normal spending range.
1677,55.04,StoreA,NORMAL,The amount $55.04 is within the normal spending range.
6909,107.81,StoreC,NORMAL,The amount $107.81 is within the normal spending range.
2561,99.6,StoreA,NORMAL,The amount $99.6 is within the normal spending range.
5053,220.73,StoreA,NORMAL,The amount $220.73 is within the normal spending range.
9644,206.93,StoreA,NORMAL,The amount $206.93 is within the normal spending range.
4656,127.83,StoreC,NORMAL,The amount $127.83 is within the normal spending range.
6234,217.68,StoreB,NORMAL,The amount $217.68 is within the normal spending range.
5146,145.33,StoreB,NORMAL,The amount $145.33 is within the normal spending range.
6488,172.83,StoreA,NORMAL,The amount $172.83 is within the normal spending range.
9081,367.35,StoreA,NORMAL,The amount $367.35 is within the normal spending range.
1209,334.05,StoreB,NORMAL,The amount $334.05 is within the normal spending range.
5983,70.04,StoreB,NORMAL,The amount $70.04 is within the normal spending range.
8141,282.97,StoreB,NORMAL,The amount $282.97 is within the normal spending range.
5945,281.14,StoreB,NORMAL,The amount $281.14 is within the normal spending range.
8980,85.17,StoreA,NORMAL,The amount $85.17 is within the normal spending range.
4966,281.88,StoreA,NORMAL,The amount $281.88 is within the normal spending range.
9818,353.79,StoreA,NORMAL,The amount $353.79 is within the normal spending range.
3824,87.75,StoreB,NORMAL,The amount $87.75 is within the normal spending range.
2250,108.25,StoreC,NORMAL,The amount $108.25 is within the normal spending range.
5758,301.77,StoreB,NORMAL,The amount $301.77 is within the normal spending range.
5363,227.15,StoreB,NORMAL,The amount $227.15 is within the normal spending range.
3163,255.15,StoreC,NORMAL,The amount $255.15 is within the normal spending range.
2853,234.06,StoreC,NORMAL,The amount $234.06 is within the normal spending range.
1753,239.07,StoreB,NORMAL,The amount $239.07 is within the normal spending range.
6448,67.35,StoreC,NORMAL,The amount $67.35 is within the normal spending range.
2868,304.73,StoreC,NORMAL,The amount $304.73 is within the normal spending range.
1181,316.96,StoreC,NORMAL,The amount $316.96 is within the normal spending range.
2513,177.06,StoreB,NORMAL,The amount $177.06 is within the normal spending range.
4344,195.65,StoreB,NORMAL,The amount $195.65 is within the normal spending range.
6238,46.89,StoreC,NORMAL,The amount $46.89 is within the normal spending range.
8089,2545.5,StoreA,ANOMALY,The amount $2545.5 is 4.91 standard deviations above the mean.
7401,257.21,StoreC,NORMAL,The amount $257.21 is within the normal spending range.
3556,193.78,StoreC,NORMAL,The amount $193.78 is within the normal spending range.
7098,312.44,StoreB,NORMAL,The amount $312.44 is within the normal spending range.
6280,166.59,StoreA,NORMAL,The amount $166.59 is within the normal spending range.
5244,256.46,StoreC,NORMAL,The amount $256.46 is within the normal spending range.
3164,98.03,StoreA,NORMAL,The amount $98.03 is within the normal spending range.
7601,197.64,StoreB,NORMAL,The amount $197.64 is within the normal spending range.
3021,182.56,StoreA,NORMAL,The amount $182.56 is within the normal spending range.
3821,222.53,StoreB,NORMAL,The amount $222.53 is within the normal spending range.
6938,163.05,StoreC,NORMAL,The amount $163.05 is within the normal spending range.
7132,186.85,StoreB,NORMAL,The amount $186.85 is within the normal spending range.
6969,282.6,StoreA,NORMAL,The amount $282.6 is within the normal spending range.
7168,156.32,StoreA,NORMAL,The amount $156.32 is within the normal spending range.
1713,39.34,StoreA,NORMAL,The amount $39.34 is within the normal spending range.
8203,374.96,StoreC,NORMAL,The amount $374.96 is within the normal spending range.
4545,338.15,StoreA,NORMAL,The amount $338.15 is within the normal spending range.
9414,70.77,StoreA,NORMAL,The amount $70.77 is within the normal spending range.
1863,268.97,StoreA,NORMAL,The amount $268.97 is within the normal spending range.
5625,149.7,StoreB,NORMAL,The amount $149.7 is within the normal spending range.
6307,226.35,StoreA,NORMAL,The amount $226.35 is within the normal spending range.
2425,229.42,StoreB,NORMAL,The amount $229.42 is within the normal spending range.
3304,176.56,StoreA,NORMAL,The amount $176.56 is within the normal spending range.
1653,121.62,StoreB,NORMAL,The amount $121.62 is within the normal spending range.
9129,130.95,StoreB,NORMAL,The amount $130.95 is within the normal spending range.
7734,108.38,StoreC,NORMAL,The amount $108.38 is within the normal spending range.
1443,116.82,StoreC,NORMAL,The amount $116.82 is within the normal spending range.
8459,193.28,StoreB,NORMAL,The amount $193.28 is within the normal spending range.
5669,128.42,StoreB,NORMAL,The amount $128.42 is within the normal spending range.
6106,2715.39,StoreC,ANOMALY,The amount $2715.39 is 5.28 standard deviations above the mean.
5436,3530.59,StoreB,ANOMALY,The amount $3530.59 is 7.06 standard deviations above the mean.
3857,141.99,StoreC,NORMAL,The amount $141.99 is within the normal spending range.
4039,223.94,StoreC,NORMAL,The amount $223.94 is within the normal spending range.
9291,249.97,StoreA,NORMAL,The amount $249.97 is within the normal spending range.
3737,247.2,StoreA,NORMAL,The amount $247.2 is within the normal spending range.
7956,207.6,StoreC,NORMAL,The amount $207.6 is within the normal spending range.
6239,274.27,StoreC,NORMAL,The amount $274.27 is within the normal spending range.
2607,248.22,StoreB,NORMAL,The amount $248.22 is within the normal spending range.
3953,76.23,StoreC,NORMAL,The amount $76.23 is within the normal spending range.
6933,286.92,StoreC,NORMAL,The amount $286.92 is within the normal spending range.
5682,288.73,StoreA,NORMAL,The amount $288.73 is within the normal spending range.
7333,123.67,StoreC,NORMAL,The amount $123.67 is within the normal spending range.
8392,203.79,StoreB,NORMAL,The amount $203.79 is within the normal spending range.
7609,268.33,StoreC,NORMAL,The amount $268.33 is within the normal spending range.
5925,179.07,StoreA,NORMAL,The amount $179.07 is within the normal spending range.
8250,307.3,StoreA,NORMAL,The amount $307.3 is within the normal spending range.
6783,436.39,StoreA,NORMAL,The amount $436.39 is within the normal spending range.
7723,121.4,StoreA,NORMAL,The amount $121.4 is within the normal spending range.
1184,61.9,StoreC,NORMAL,The amount $61.9 is within the normal spending range.
1521,230.38,StoreB,NORMAL,The amount $230.38 is within the normal spending range.
2248,2755.39,StoreB,ANOMALY,The amount $2755.39 is 5.37 standard deviations above the mean.
2002,176.91,StoreB,NORMAL,The amount $176.91 is within the normal spending range.
7266,345.33,StoreC,NORMAL,The amount $345.33 is within the normal spending range.
7444,66.14,StoreC,NORMAL,The amount $66.14 is within the normal spending range.
8017,2726.39,StoreC,ANOMALY,The amount $2726.39 is 5.30 standard deviations above the mean.
9585,139.41,StoreB,NORMAL,The amount $139.41 is within the normal spending range.
2617,371.94,StoreC,NORMAL,The amount $371.94 is within the normal spending range.
1660,399.25,StoreC,NORMAL,The amount $399.25 is within the normal spending range.
6524,1248.67,StoreA,NORMAL,The amount $1248.67 is within the normal spending range.
8616,145.04,StoreA,NORMAL,The amount $145.04 is within the normal spending range.
6250,285.96,StoreB,NORMAL,The amount $285.96 is within the normal spending range.
8512,161.29,StoreA,NORMAL,The amount $161.29 is within the normal spending range.
7905,195.46,StoreA,NORMAL,The amount $195.46 is within the normal spending range.
1319,202.54,StoreA,NORMAL,The amount $202.54 is within the normal spending range.
9775,8.03,StoreC,NORMAL,The amount $8.03 is within the normal spending range.
4600,198.62,StoreA,NORMAL,The amount $198.62 is within the normal spending range.
6960,131.03,StoreA,NORMAL,The amount $131.03 is within the normal spending range.
6279,150.69,StoreA,NORMAL,The amount $150.69 is within the normal spending range.
9773,344.36,StoreC,NORMAL,The amount $344.36 is within the normal spending range.
2767,74.35,StoreB,NORMAL,The amount $74.35 is within the normal spending range.
2798,281.32,StoreC,NORMAL,The amount $281.32 is within the normal spending range.
9949,172.1,StoreC,NORMAL,The amount $172.1 is within the normal spending range.
1282,172.02,StoreA,NORMAL,The amount $172.02 is within the normal spending range.
7337,279.04,StoreB,NORMAL,The amount $279.04 is within the normal spending range.
6166,234.01,StoreA,NORMAL,The amount $234.01 is within the normal spending range.
8121,2602.56,StoreA,ANOMALY,The amount $2602.56 is 5.03 standard deviations above the mean.
8409,296.82,StoreB,NORMAL,The amount $296.82 is within the normal spending range.
6489,166.87,StoreB,NORMAL,The amount $166.87 is within the normal spending range.
5896,138.78,StoreC,NORMAL,The amount $138.78 is within the normal spending range.
1130,91.48,StoreB,NORMAL,The amount $91.48 is within the normal spending range.
2293,117.46,StoreC,NORMAL,The amount $117.46 is within the normal spending range.
7059,494.91,StoreC,NORMAL,The amount $494.91 is within the normal spending range.
7957,324.47,StoreA,NORMAL,The amount $324.47 is within the normal spending range.
1060,64.89,StoreA,NORMAL,The amount $64.89 is within the normal spending range.
3211,67.75,StoreA,NORMAL,The amount $67.75 is within the normal spending range.
7276,2512.71,StoreB,ANOMALY,The amount $2512.71 is 4.84 standard deviations above the mean.
6363,254.73,StoreB,NORMAL,The amount $254.73 is within the normal spending range.
9152,254.89,StoreC,NORMAL,The amount $254.89 is within the normal spending range.
8973,174.5,StoreC,NORMAL,The amount $174.5 is within the normal spending range.
1037,187.45,StoreC,NORMAL,The amount $187.45 is within the normal spending range.
6990,232.79,StoreB,NORMAL,The amount $232.79 is within the normal spending range.
6438,208.59,StoreC,NORMAL,The amount $208.59 is within the normal spending range.
8677,21.93,StoreC,NORMAL,The amount $21.93 is within the normal spending range.
1473,177.02,StoreB,NORMAL,The amount $177.02 is within the normal spending range.
1058,1162.87,StoreA,NORMAL,The amount $1162.87 is within the normal spending range.
3636,217.52,StoreB,NORMAL,The amount $217.52 is within the normal spending range.
3614,498.53,StoreC,NORMAL,The amount $498.53 is within the normal spending range.
8296,236.75,StoreA,NORMAL,The amount $236.75 is within the normal spending range.
5999,168.65,StoreB,NORMAL,The amount $168.65 is within the normal spending range.
9276,292.18,StoreA,NORMAL,The amount $292.18 is within the normal spending range.
4797,248.27,StoreA,NORMAL,The amount $248.27 is within the normal spending range.
3674,242.01,StoreC,NORMAL,The amount $242.01 is within the normal spending range.
7436,260.69,StoreB,NORMAL,The amount $260.69 is within the normal spending range.
4120,405.65,StoreC,NORMAL,The amount $405.65 is within the normal spending range.
3076,86.91,StoreB,NORMAL,The amount $86.91 is within the normal spending range.
4190,247.36,StoreB,NORMAL,The amount $247.36 is within the normal spending range.
5787,107.36,StoreB,NORMAL,The amount $107.36 is within the normal spending range.
7056,255.55,StoreA,NORMAL,The amount $255.55 is within the normal spending range.
8494,108.13,StoreA,NORMAL,The amount $108.13 is within the normal spending range.
4577,158.26,StoreC,NORMAL,The amount $158.26 is within the normal spending range.
5741,170.49,StoreB,NORMAL,The amount $170.49 is within the normal spending range.
7832,297.58,StoreB,NORMAL,The amount $297.58 is within the normal spending range.
3581,291.85,StoreA,NORMAL,The amount $291.85 is within the normal spending range.
4787,75.43,StoreB,NORMAL,The amount $75.43 is within the normal spending range.
9707,205.49,StoreC,NORMAL,The amount $205.49 is within the normal spending range.
8103,129.04,StoreB,NORMAL,The amount $129.04 is within the normal spending range.
1932,750.71,StoreB,NORMAL,The amount $750.71 is within the normal spending range.
2663,178.3,StoreA,NORMAL,The amount $178.3 is within the normal spending range.
9748,169.15,StoreB,NORMAL,The amount $169.15 is within the normal spending range.
8914,442.67,StoreC,NORMAL,The amount $442.67 is within the normal spending range.
5852,243.3,StoreC,NORMAL,The amount $243.3 is within the normal spending range.
2104,62.24,StoreC,NORMAL,The amount $62.24 is within the normal spending range.
2270,143.52,StoreC,NORMAL,The amount $143.52 is within the normal spending range.
4646,302.14,StoreA,NORMAL,The amount $302.14 is within the normal spending range.
6087,408.84,StoreB,NORMAL,The amount $408.84 is within the normal spending range.
5723,41.4,StoreA,NORMAL,The amount $41.4 is within the normal spending range.
3054,12.01,StoreC,NORMAL,The amount $12.01 is within the normal spending range.
7658,387.1,StoreB,NORMAL,The amount $387.1 is within the normal spending range.
2842,238.96,StoreA,NORMAL,The amount $238.96 is within the normal spending range.
3802,113.17,StoreB,NORMAL,The amount $113.17 is within the normal spending range.
8735,253.46,StoreC,NORMAL,The amount $253.46 is within the normal spending range.
9201,63.57,StoreC,NORMAL,The amount $63.57 is within the normal spending range.
9313,2028.27,StoreB,ANOMALY,The amount $2028.27 is 3.78 standard deviations above the mean.
7105,232.78,StoreB,NORMAL,The amount $232.78 is within the normal spending range.
3560,292.43,StoreC,NORMAL,The amount $292.43 is within the normal spending range.
4037,998.36,StoreA,NORMAL,The amount $998.36 is within the normal spending range.
9632,208.57,StoreC,NORMAL,The amount $208.57 is within the normal spending range.
3749,107.46,StoreB,NORMAL,The amount $107.46 is within the normal spending range.
1590,225.54,StoreA,NORMAL,The amount $225.54 is within the normal spending range.
2368,110.47,StoreC,NORMAL,The amount $110.47 is within the normal spending range.
2361,159.19,StoreB,NORMAL,The amount $159.19 is within the normal spending range.
9128,100.42,StoreB,NORMAL,The amount $100.42 is within the normal spending range.
4773,265.11,StoreB,NORMAL,The amount $265.11 is within the normal spending range.
3064,285.85,StoreA,NORMAL,The amount $285.85 is within the normal spending range.
3415,176.54,StoreA,NORMAL,The amount $176.54 is within the normal spending range.
3951,2063.57,StoreA,ANOMALY,The amount $2063.57 is 3.86 standard deviations above the mean.
6616,55.14,StoreA,NORMAL,The amount $55.14 is within the normal spending range.
8975,170.03,StoreB,NORMAL,The amount $170.03 is within the normal spending range.
8101,194.98,StoreB,NORMAL,The amount $194.98 is within the normal spending range.
6003,462.08,StoreA,NORMAL,The amount $462.08 is within the normal spending range.
9306,88.8,StoreA,NORMAL,The amount $88.8 is within the normal spending range.
7243,346.42,StoreB,NORMAL,The amount $346.42 is within the normal spending range.
7581,299.69,StoreC,NORMAL,The amount $299.69 is within the normal spending range.
9330,228.06,StoreC,NORMAL,The amount $228.06 is within the normal spending range.
5923,375.86,StoreB,NORMAL,The amount $375.86 is within the normal spending range.
7467,237.21,StoreA,NORMAL,The amount $237.21 is within the normal spending range.
5941,238.92,StoreA,NORMAL,The amount $238.92 is within the normal spending range.
7437,194.69,StoreB,NORMAL,The amount $194.69 is within the normal spending range.
7076,3263.63,StoreC,ANOMALY,The amount $3263.63 is 6.47 standard deviations above the mean.
6648,309.65,StoreB,NORMAL,The amount $309.65 is within the normal spending range.
9001,137.43,StoreB,NORMAL,The amount $137.43 is within the normal spending range.
2315,68.08,StoreB,NORMAL,The amount $68.08 is within the normal spending range.
1073,179.7,StoreA,NORMAL,The amount $179.7 is within the normal spending range.
9675,120.0,StoreA,NORMAL,The amount $120.0 is within the normal spending range.
2549,1960.54,StoreA,ANOMALY,The amount $1960.54 is 3.63 standard deviations above the mean.
2359,323.74,StoreC,NORMAL,The amount $323.74 is within the normal spending range.
2896,154.27,StoreB,NORMAL,The amount $154.27 is within the normal spending range.
7659,195.72,StoreB,NORMAL,The amount $195.72 is within the normal spending range.
6246,205.8,StoreC,NORMAL,The amount $205.8 is within the normal spending range.
7967,284.84,StoreA,NORMAL,The amount $284.84 is within the normal spending range.
7661,24.69,StoreB,NORMAL,The amount $24.69 is within the normal spending range.
1510,139.33,StoreC,NORMAL,The amount $139.33 is within the normal spending range.
9614,221.13,StoreA,NORMAL,The amount $221.13 is within the normal spending range.
3432,320.01,StoreA,NORMAL,The amount $320.01 is within the normal spending range.
2906,150.81,StoreB,NORMAL,The amount $150.81 is within the normal spending range.
1064,12.34,StoreA,NORMAL,The amount $12.34 is within the normal spending range.
5928,261.97,StoreC,NORMAL,The amount $261.97 is within the normal spending range.
5710,136.46,StoreA,NORMAL,The amount $136.46 is within the normal spending range.
7124,81.03,StoreB,NORMAL,The amount $81.03 is within the normal spending range.
8837,137.57,StoreC,NORMAL,The amount $137.57 is within the normal spending range.
1800,181.55,StoreA,NORMAL,The amount $181.55 is within the normal spending range.
7063,139.53,StoreA,NORMAL,The amount $139.53 is within the normal spending range.
9469,20.56,StoreA,NORMAL,The amount $20.56 is within the normal spending range.
7109,289.71,StoreC,NORMAL,The amount $289.71 is within the normal spending range.
7659,327.49,StoreA,NORMAL,The amount $327.49 is within the normal spending range.
2238,265.15,StoreB,NORMAL,The amount $265.15 is within the normal spending range.
7582,86.23,StoreC,NORMAL,The amount $86.23 is within the normal spending range.
5523,179.85,StoreC,NORMAL,The amount $179.85 is within the normal spending range.
6620,199.35,StoreA,NORMAL,The amount $199.35 is within the normal spending range.
2486,259.88,StoreC,NORMAL,The amount $259.88 is within the normal spending range.
5681,266.83,StoreB,NORMAL,The amount $266.83 is within the normal spending range.
5470,126.58,StoreC,NORMAL,The amount $126.58 is within the normal spending range.
6619,208.2,StoreB,NORMAL,The amount $208.2 is within the normal spending range.
9284,245.73,StoreA,NORMAL,The amount $245.73 is within the normal spending range.
8177,345.58,StoreC,NORMAL,The amount $345.58 is within the normal spending range.
6441,270.45,StoreB,NORMAL,The amount $270.45 is within the normal spending range.
2840,278.91,StoreA,NORMAL,The amount $278.91 is within the normal spending range.
6397,208.38,StoreB,NORMAL,The amount $208.38 is within the normal spending range.
2621,341.05,StoreC,NORMAL,The amount $341.05 is within the normal spending range.
2561,240.98,StoreC,NORMAL,The amount $240.98 is within the normal spending range.
6849,113.89,StoreB,NORMAL,The amount $113.89 is within the normal spending range.
2416,340.34,StoreA,NORMAL,The amount $340.34 is within the normal spending range.
5190,269.79,StoreA,NORMAL,The amount $269.79 is within the normal spending range.
6054,155.7,StoreA,NORMAL,The amount $155.7 is within the normal spending range.
2130,152.05,StoreA,NORMAL,The amount $152.05 is within the normal spending range.
4597,229.66,StoreB,NORMAL,The amount $229.66 is within the normal spending range.
3118,246.32,StoreC,NORMAL,The amount $246.32 is within the normal spending range.
1663,219.73,StoreB,NORMAL,The amount $219.73 is within the normal spending range.
3634,231.13,StoreC,NORMAL,The amount $231.13 is within the normal spending range.
3774,370.0,StoreC,NORMAL,The amount $370.0 is within the normal spending range.
7194,307.15,StoreB,NORMAL,The amount $307.15 is within the normal spending range.
4969,219.06,StoreB,NORMAL,The amount $219.06 is within the normal spending range.
4490,294.13,StoreA,NORMAL,The amount $294.13 is within the normal spending range.
2523,96.75,StoreC,NORMAL,The amount $96.75 is within the normal spending range.
9053,239.79,StoreA,NORMAL,The amount $239.79 is within the normal spending range.
1987,380.93,StoreA,NORMAL,The amount $380.93 is within the normal spending range.
8915,178.2,StoreB,NORMAL,The amount $178.2 is within the normal spending range.
7403,115.24,StoreA,NORMAL,The amount $115.24 is within the normal spending range.
6321,134.79,StoreA,NORMAL,The amount $134.79 is within the normal spending range.
4845,91.04,StoreA,NORMAL,The amount $91.04 is within the normal spending range.
7301,121.52,StoreB,NORMAL,The amount $121.52 is within the normal spending range.
1098,162.95,StoreA,NORMAL,The amount $162.95 is within the normal spending range.
3288,59.44,StoreA,NORMAL,The amount $59.44 is within the normal spending range.
5297,201.56,StoreB,NORMAL,The amount $201.56 is within the normal spending range.
9825,290.23,StoreB,NORMAL,The amount $290.23 is within the normal spending range.
8796,109.22,StoreB,NORMAL,The amount $109.22 is within the normal spending range.
8263,351.93,StoreC,NORMAL,The amount $351.93 is within the normal spending range.
9770,251.08,StoreB,NORMAL,The amount $251.08 is within the normal spending range.
4959,303.06,StoreC,NORMAL,The amount $303.06 is within the normal spending range.
8385,134.22,StoreB,NORMAL,The amount $134.22 is within the normal spending range.
9464,285.45,StoreB,NORMAL,The amount $285.45 is within the normal spending range.
6338,90.81,StoreB,NORMAL,The amount $90.81 is within the normal spending range.
5881,289.02,StoreC,NORMAL,The amount $289.02 is within the normal spending range.
4954,217.18,StoreA,NORMAL,The amount $217.18 is within the normal spending range.
4927,255.33,StoreB,NORMAL,The amount $255.33 is within the normal spending range.
9644,82.44,StoreC,NORMAL,The amount $82.44 is within the normal spending range.
5911,110.49,StoreB,NORMAL,The amount $110.49 is within the normal spending range.
1413,259.72,StoreA,NORMAL,The amount $259.72 is within the normal spending range.
2550,105.17,StoreC,NORMAL,The amount $105.17 is within the normal spending range.
5526,246.32,StoreB,NORMAL,The amount $246.32 is within the normal spending range.
8141,63.29,StoreB,NORMAL,The amount $63.29 is within the normal spending range.
7571,284.82,StoreB,NORMAL,The amount $284.82 is within the normal spending range.
2946,76.75,StoreA,NORMAL,The amount $76.75 is within the normal spending range.
6203,255.23,StoreC,NORMAL,The amount $255.23 is within the normal spending range.
1191,262.56,StoreB,NORMAL,The amount $262.56 is within the normal spending range.
1040,130.32,StoreB,NORMAL,The amount $130.32 is within the normal spending range.
6892,258.2,StoreC,NORMAL,The amount $258.2 is within the normal spending range.
4449,226.04,StoreA,NORMAL,The amount $226.04 is within the normal spending range.
9327,146.12,StoreA,NORMAL,The amount $146.12 is within the normal spending range.
6909,99.14,StoreA,NORMAL,The amount $99.14 is within the normal spending range.
2941,3.74,StoreA,NORMAL,The amount $3.74 is within the normal spending range.
5221,234.97,StoreA,NORMAL,The amount $234.97 is within the normal spending range.
8524,43.52,StoreB,NORMAL,The amount $43.52 is within the normal spending range.
7543,209.53,StoreB,NORMAL,The amount $209.53 is within the normal spending range.
7222,173.66,StoreB,NORMAL,The amount $173.66 is within the normal spending range.
9580,267.91,StoreC,NORMAL,The amount $267.91 is within the normal spending range.
2558,169.8,StoreA,NORMAL,The amount $169.8 is within the normal spending range.
3121,167.06,StoreC,NORMAL,The amount $167.06 is within the normal spending range.
2028,273.19,StoreA,NORMAL,The amount $273.19 is within the normal spending range.
9273,233.51,StoreA,NORMAL,The amount $233.51 is within the normal spending range.
6656,231.62,StoreC,NORMAL,The amount $231.62 is within the normal spending range.
9967,246.93,StoreB,NORMAL,The amount $246.93 is within the normal spending range.
4038,46.44,StoreC,NORMAL,The amount $46.44 is within the normal spending range.
2878,275.68,StoreB,NORMAL,The amount $275.68 is within the normal spending range.
3271,261.25,StoreA,NORMAL,The amount $261.25 is within the normal spending range.
2607,98.33,StoreB,NORMAL,The amount $98.33 is within the normal spending range.
4139,175.59,StoreA,NORMAL,The amount $175.59 is within the normal spending range.
1605,196.07,StoreA,NORMAL,The amount $196.07 is within the normal spending range.
5735,186.55,StoreB,NORMAL,The amount $186.55 is within the normal spending range.
4665,233.39,StoreA,NORMAL,The amount $233.39 is within the normal spending range.
6852,343.14,StoreB,NORMAL,The amount $343.14 is within the normal spending range.
6462,308.18,StoreC,NORMAL,The amount $308.18 is within the normal spending range.
3144,68.78,StoreA,NORMAL,The amount $68.78 is within the normal spending range.
5270,262.21,StoreA,NORMAL,The amount $262.21 is within the normal spending range.
9107,332.89,StoreC,NORMAL,The amount $332.89 is within the normal spending range.
2376,238.68,StoreA,NORMAL,The amount $238.68 is within the normal spending range.
4462,309.1,StoreC,NORMAL,The amount $309.1 is within the normal spending range.
1347,401.23,StoreC,NORMAL,The amount $401.23 is within the normal spending range.
1000,302.37,StoreA,NORMAL,The amount $302.37 is within the normal spending range.
1062,224.93,StoreC,NORMAL,The amount $224.93 is within the normal spending range.
2783,304.51,StoreC,NORMAL,The amount $304.51 is within the normal spending range.
9417,214.49,StoreC,NORMAL,The amount $214.49 is within the normal spending range.
7566,2049.06,StoreA,ANOMALY,The amount $2049.06 is 3.83 standard deviations above the mean.
2042,164.86,StoreC,NORMAL,The amount $164.86 is within the normal spending range.
2234,356.34,StoreB,NORMAL,The amount $356.34 is within the normal spending range.
2984,118.16,StoreB,NORMAL,The amount $118.16 is within the normal spending range.
2594,353.24,StoreC,NORMAL,The amount $353.24 is within the normal spending range.
7257,249.99,StoreB,NORMAL,The amount $249.99 is within the normal spending range.
2952,60.07,StoreA,NORMAL,The amount $60.07 is within the normal spending range.
2695,236.76,StoreC,NORMAL,The amount $236.76 is within the normal spending range.
1954,10.0,StoreA,NORMAL,The amount $10.0 is within the normal spending range.
4291,2658.14,StoreB,ANOMALY,The amount $2658.14 is 5.15 standard deviations above the mean.
9548,288.52,StoreB,NORMAL,The amount $288.52 is within the normal spending range.
1968,140.76,StoreB,NORMAL,The amount $140.76 is within the normal spending range.
1241,212.35,StoreB,NORMAL,The amount $212.35 is within the normal spending range.
5234,395.42,StoreA,NORMAL,The amount $395.42 is within the normal spending range.
9338,149.43,StoreC,NORMAL,The amount $149.43 is within the normal spending range.
8349,94.11,StoreA,NORMAL,The amount $94.11 is within the normal spending range.
6161,348.17,StoreC,NORMAL,The amount $348.17 is within the normal spending range.
9734,396.26,StoreB,NORMAL,The amount $396.26 is within the normal spending range.
9883,200.37,StoreB,NORMAL,The amount $200.37 is within the normal spending range.
2025,301.15,StoreB,NORMAL,The amount $301.15 is within the normal spending range.
4359,334.15,StoreB,NORMAL,The amount $334.15 is within the normal spending range.
6257,1273.14,StoreA,NORMAL,The amount $1273.14 is within the normal spending range.
6736,1533.52,StoreC,NORMAL,The amount $1533.52 is within the normal spending range.
8679,323.09,StoreC,NORMAL,The amount $323.09 is within the normal spending range.
3951,368.5,StoreB,NORMAL,The amount $368.5 is within the normal spending range.
9921,256.29,StoreA,NORMAL,The amount $256.29 is within the normal spending range.
8389,112.02,StoreB,NORMAL,The amount $112.02 is within the normal spending range.
3555,398.71,StoreC,NORMAL,The amount $398.71 is within the normal spending range.
2150,146.9,StoreC,NORMAL,The amount $146.9 is within the normal spending range.
2735,166.49,StoreA,NORMAL,The amount $166.49 is within the normal spending range.
8931,234.23,StoreC,NORMAL,The amount $234.23 is within the normal spending range.
2038,355.42,StoreA,NORMAL,The amount $355.42 is within the normal spending range.
7369,285.4,StoreB,NORMAL,The amount $285.4 is within the normal spending range.
8127,241.49,StoreB,NORMAL,The amount $241.49 is within the normal spending range.
3912,2493.9,StoreA,ANOMALY,The amount $2493.9 is 4.80 standard deviations above the mean.
5840,204.35,StoreB,NORMAL,The amount $204.35 is within the normal spending range.
2242,255.81,StoreA,NORMAL,The amount $255.81 is within the normal spending range.
9964,52.96,StoreB,NORMAL,The amount $52.96 is within the normal spending range.
9098,170.34,StoreB,NORMAL,The amount $170.34 is within the normal spending range.
4412,224.13,StoreC,NORMAL,The amount $224.13 is within the normal spending range.
3499,84.9,StoreC,NORMAL,The amount $84.9 is within the normal spending range.
8160,238.63,StoreA,NORMAL,The amount $238.63 is within the normal spending range.
7110,179.55,StoreB,NORMAL,The amount $179.55 is within the normal spending range.
4545,375.55,StoreB,NORMAL,The amount $375.55 is within the normal spending range.
2213,357.3,StoreB,NORMAL,The amount $357.3 is within the normal spending range.
1418,153.42,StoreC,NORMAL,The amount $153.42 is within the normal spending range.
5960,184.92,StoreA,NORMAL,The amount $184.92 is within the normal spending range.
1788,192.61,StoreA,NORMAL,The amount $192.61 is within the normal spending range.
2871,154.83,StoreA,NORMAL,The amount $154.83 is within the normal spending range.
3025,219.5,StoreB,NORMAL,The amount $219.5 is within the normal spending range.
7264,1257.15,StoreA,NORMAL,The amount $1257.15 is within the normal spending range.
3446,86.94,StoreC,NORMAL,The amount $86.94 is within the normal spending range.
8429,262.27,StoreC,NORMAL,The amount $262.27 is within the normal spending range.
5823,262.95,StoreA,NORMAL,The amount $262.95 is within the normal spending range.
9752,119.57,StoreB,NORMAL,The amount $119.57 is within the normal spending range.
3651,289.54,StoreC,NORMAL,The amount $289.54 is within the normal spending range.
1539,136.84,StoreC,NORMAL,The amount $136.84 is within the normal spending range.
7499,225.32,StoreB,NORMAL,The amount $225.32 is within the normal spending range.
5755,282.03,StoreB,NORMAL,The amount $282.03 is within the normal spending range.
6959,196.64,StoreA,NORMAL,The amount $196.64 is within the normal spending range.
4289,245.47,StoreC,NORMAL,The amount $245.47 is within the normal spending range.
6546,148.36,StoreC,NORMAL,The amount $148.36 is within the normal spending range.
3758,1825.95,StoreA,ANOMALY,The amount $1825.95 is 3.34 standard deviations above the mean.
6311,179.41,StoreA,NORMAL,The amount $179.41 is within the normal spending range.
5107,125.34,StoreC,NORMAL,The amount $125.34 is within the normal spending range.
2895,182.32,StoreC,NORMAL,The amount $182.32 is within the normal spending range.
3500,45.14,StoreB,NORMAL,The amount $45.14 is within the normal spending range.
3829,150.88,StoreB,NORMAL,The amount $150.88 is within the normal spending range.
1047,171.51,StoreC,NORMAL,The amount $171.51 is within the normal spending range.
3364,174.38,StoreC,NORMAL,The amount $174.38 is within the normal spending range.
6666,175.85,StoreB,NORMAL,The amount $175.85 is within the normal spending range.
7458,1962.33,StoreA,ANOMALY,The amount $1962.33 is 3.64 standard deviations above the mean.
9945,247.94,StoreA,NORMAL,The amount $247.94 is within the normal spending range.
9177,287.45,StoreC,NORMAL,The amount $287.45 is within the normal spending range.
8630,135.02,StoreC,NORMAL,The amount $135.02 is within the normal spending range.
8931,79.68,StoreB,NORMAL,The amount $79.68 is within the normal spending range.
8058,95.8,StoreC,NORMAL,The amount $95.8 is within the normal spending range.
3802,151.28,StoreA,NORMAL,The amount $151.28 is within the normal spending range.
9594,164.81,StoreB,NORMAL,The amount $164.81 is within the normal spending range.
3086,123.0,StoreB,NORMAL,The amount $123.0 is within the normal spending range.
7724,70.39,StoreA,NORMAL,The amount $70.39 is within the normal spending range.
7155,154.39,StoreA,NORMAL,The amount $154.39 is within the normal spending range.
2149,218.14,StoreB,NORMAL,The amount $218.14 is within the normal spending range.
1062,259.5,StoreC,NORMAL,The amount $259.5 is within the normal spending range.
4153,144.26,StoreA,NORMAL,The amount $144.26 is within the normal spending range.
6938,158.7,StoreB,NORMAL,The amount $158.7 is within the normal spending range.
1751,107.33,StoreC,NORMAL,The amount $107.33 is within the normal spending range.
8776,196.86,StoreC,NORMAL,The amount $196.86 is within the normal spending range.
9849,115.16,StoreB,NORMAL,The amount $115.16 is within the normal spending range.
1700,257.31,StoreA,NORMAL,The amount $257.31 is within the normal spending range.
2540,21.41,StoreC,NORMAL,The amount $21.41 is within the normal spending range.
4032,164.04,StoreA,NORMAL,The amount $164.04 is within the normal spending range.
7167,230.11,StoreB,NORMAL,The amount $230.11 is within the normal spending range.
7364,218.38,StoreA,NORMAL,The amount $218.38 is within the normal spending range.
2983,469.3,StoreC,NORMAL,The amount $469.3 is within the normal spending range.
9506,234.98,StoreB,NORMAL,The amount $234.98 is within the normal spending range.
6796,99.59,StoreC,NORMAL,The amount $99.59 is within the normal spending range.
8648,190.45,StoreC,NORMAL,The amount $190.45 is within the normal spending range.
8894,22.38,StoreB,NORMAL,The amount $22.38 is within the normal spending range.
3314,191.94,StoreB,NORMAL,The amount $191.94 is within the normal spending range.
8959,116.69,StoreA,NORMAL,The amount $116.69 is within the normal spending range.
2649,291.54,StoreB,NORMAL,The amount $291.54 is within the normal spending range.
8700,145.05,StoreA,NORMAL,The amount $145.05 is within the normal spending range.
7900,188.32,StoreB,NORMAL,The amount $188.32 is within the normal spending range.
4800,136.44,StoreC,NORMAL,The amount $136.44 is within the normal spending range.
3478,373.89,StoreA,NORMAL,The amount $373.89 is within the normal spending range.
8054,167.88,StoreB,NORMAL,The amount $167.88 is within the normal spending range.
7059,383.26,StoreA,NORMAL,The amount $383.26 is within the normal spending range.
9433,281.42,StoreA,NORMAL,The amount $281.42 is within the normal spending range.
7209,248.21,StoreA,NORMAL,The amount $248.21 is within the normal spending range.
8115,236.87,StoreC,NORMAL,The amount $236.87 is within the normal spending range.
3256,239.38,StoreB,NORMAL,The amount $239.38 is within the normal spending range.
4368,7.23,StoreB,NORMAL,The amount $7.23 is within the normal spending range.
8387,172.11,StoreA,NORMAL,The amount $172.11 is within the normal spending range.
9558,284.52,StoreB,NORMAL,The amount $284.52 is within the normal spending range.
3827,195.11,StoreC,NORMAL,The amount $195.11 is within the normal spending range.
3487,59.48,StoreA,NORMAL,The amount $59.48 is within the normal spending range.
4603,194.76,StoreC,NORMAL,The amount $194.76 is within the normal spending range.
4521,370.41,StoreC,NORMAL,The amount $370.41 is within the normal spending range.
5517,324.69,StoreB,NORMAL,The amount $324.69 is within the normal spending range.
2643,193.8,StoreB,NORMAL,The amount $193.8 is within the normal spending range.
2212,295.14,StoreA,NORMAL,The amount $295.14 is within the normal spending range.
8345,163.35,StoreC,NORMAL,The amount $163.35 is within the normal spending range.
5703,29.61,StoreB,NORMAL,The amount $29.61 is within the normal spending range.
6434,107.55,StoreA,NORMAL,The amount $107.55 is within the normal spending range.
1019,356.29,StoreA,NORMAL,The amount $356.29 is within the normal spending range.
1675,1747.46,StoreB,ANOMALY,The amount $1747.46 is 3.17 standard deviations above the mean.
5477,175.66,StoreC,NORMAL,The amount $175.66 is within the normal spending range.
1608,170.02,StoreA,NORMAL,The amount $170.02 is within the normal spending range.
7286,390.41,StoreB,NORMAL,The amount $390.41 is within the normal spending range.
1061,362.6,StoreA,NORMAL,The amount $362.6 is within the normal spending range.
2154,421.88,StoreB,NORMAL,The amount $421.88 is within the normal spending range.
4716,184.1,StoreA,NORMAL,The amount $184.1 is within the normal spending range.
6242,229.56,StoreC,NORMAL,The amount $229.56 is within the normal spending range.
6559,48.34,StoreA,NORMAL,The amount $48.34 is within the normal spending range.
6022,347.69,StoreB,NORMAL,The amount $347.69 is within the normal spending range.
7485,83.22,StoreB,NORMAL,The amount $83.22 is within the normal spending range.
2442,221.68,StoreB,NORMAL,The amount $221.68 is within the normal spending range.
2653,90.27,StoreC,NORMAL,The amount $90.27 is within the normal spending range.
3502,141.11,StoreB,NORMAL,The amount $141.11 is within the normal spending range.
4269,116.27,StoreB,NORMAL,The amount $116.27 is within the normal spending range.
1281,139.21,StoreC,NORMAL,The amount $139.21 is within the normal spending range.
4403,146.09,StoreB,NORMAL,The amount $146.09 is within the normal spending range.
2235,145.17,StoreB,NORMAL,The amount $145.17 is within the normal spending range.
5760,283.33,StoreC,NORMAL,The amount $283.33 is within the normal spending range.
7940,906.26,StoreA,NORMAL,The amount $906.26 is within the normal spending range.
1785,222.05,StoreB,NORMAL,The amount $222.05 is within the normal spending range.
4194,3257.95,StoreA,ANOMALY,The amount $3257.95 is 6.46 standard deviations above the mean.
5789,148.68,StoreC,NORMAL,The amount $148.68 is within the normal spending range.
4775,128.21,StoreB,NORMAL,The amount $128.21 is within the normal spending range.
6350,176.95,StoreB,NORMAL,The amount $176.95 is within the normal spending range.
1533,317.97,StoreC,NORMAL,The amount $317.97 is within the normal spending range.
9593,219.41,StoreB,NORMAL,The amount $219.41 is within the normal spending range.
4663,146.88,StoreA,NORMAL,The amount $146.88 is within the normal spending range.
1129,248.39,StoreA,NORMAL,The amount $248.39 is within the normal spending range.
3959,89.77,StoreC,NORMAL,The amount $89.77 is within the normal spending range.
2858,268.14,StoreB,NORMAL,The amount $268.14 is within the normal spending range.
4649,240.86,StoreB,NORMAL,The amount $240.86 is within the normal spending range.
4097,1713.22,StoreC,ANOMALY,The amount $1713.22 is 3.09 standard deviations above the mean.
4512,116.14,StoreA,NORMAL,The amount $116.14 is within the normal spending range.
5860,111.33,StoreA,NORMAL,The amount $111.33 is within the normal spending range.
9833,253.48,StoreC,NORMAL,The amount $253.48 is within the normal spending range.
1723,322.9,StoreB,NORMAL,The amount $322.9 is within the normal spending range.
1737,136.27,StoreA,NORMAL,The amount $136.27 is within the normal spending range.
2299,245.84,StoreB,NORMAL,The amount $245.84 is within the normal spending range.
4480,8.7,StoreA,NORMAL,The amount $8.7 is within the normal spending range.
1339,141.54,StoreB,NORMAL,The amount $141.54 is within the normal spending range.
1152,196.89,StoreA,NORMAL,The amount $196.89 is within the normal spending range.
6684,109.03,StoreB,NORMAL,The amount $109.03 is within the normal spending range.
4051,106.35,StoreC,NORMAL,The amount $106.35 is within the normal spending range.
1426,133.22,StoreA,NORMAL,The amount $133.22 is within the normal spending range.
8146,229.22,StoreC,NORMAL,The amount $229.22 is within the normal spending range.
9125,181.27,StoreA,NORMAL,The amount $181.27 is within the normal spending range.
7347,23.82,StoreA,NORMAL,The amount $23.82 is within the normal spending range.
3372,12.07,StoreA,NORMAL,The amount $12.07 is within the normal spending range.
9126,139.31,StoreB,NORMAL,The amount $139.31 is within the normal spending range.
1949,245.77,StoreA,NORMAL,The amount $245.77 is within the normal spending range.
8695,74.75,StoreC,NORMAL,The amount $74.75 is within the normal spending range.
2373,150.03,StoreB,NORMAL,The amount $150.03 is within the normal spending range.
8082,147.38,StoreB,NORMAL,The amount $147.38 is within the normal spending range.
3482,338.83,StoreA,NORMAL,The amount $338.83 is within the normal spending range.
8593,161.5,StoreB,NORMAL,The amount $161.5 is within the normal spending range.
1370,238.3,StoreA,NORMAL,The amount $238.3 is within the normal spending range.
8837,214.13,StoreC,NORMAL,The amount $214.13 is within the normal spending range.
3296,13.06,StoreB,NORMAL,The amount $13.06 is within the normal spending range.
8034,276.82,StoreB,NORMAL,The amount $276.82 is within the normal spending range.
7324,221.54,StoreC,NORMAL,The amount $221.54 is within the normal spending range.
8142,250.83,StoreC,NORMAL,The amount $250.83 is within the normal spending range.
8028,592.62,StoreA,NORMAL,The amount $592.62 is within the normal spending range.
7479,8.41,StoreB,NORMAL,The amount $8.41 is within the normal spending range.
5145,372.47,StoreC,NORMAL,The amount $372.47 is within the normal spending range.
5021,171.26,StoreB,NORMAL,The amount $171.26 is within the normal spending range.
3364,228.73,StoreC,NORMAL,The amount $228.73 is within the normal spending range.
6230,195.45,StoreB,NORMAL,The amount $195.45 is within the normal spending range.
6970,157.58,StoreC,NORMAL,The amount $157.58 is within the normal spending range.
9954,143.02,StoreB,NORMAL,The amount $143.02 is within the normal spending range.
8300,232.95,StoreA,NORMAL,The amount $232.95 is within the normal spending range.
7755,48.28,StoreB,NORMAL,The amount $48.28 is within the normal spending range.
2004,275.06,StoreA,NORMAL,The amount $275.06 is within the normal spending range.
8057,158.38,StoreA,NORMAL,The amount $158.38 is within the normal spending range.
4755,86.99,StoreA,NORMAL,The amount $86.99 is within the normal spending range.
3846,155.0,StoreB,NORMAL,The amount $155.0 is within the normal spending range.
7262,325.71,StoreB,NORMAL,The amount $325.71 is within the normal spending range.
9541,146.47,StoreA,NORMAL,The amount $146.47 is within the normal spending range.
3964,235.85,StoreC,NORMAL,The amount $235.85 is within the normal spending range.
9878,126.9,StoreB,NORMAL,The amount $126.9 is within the normal spending range.
5637,275.79,StoreB,NORMAL,The amount $275.79 is within the normal spending range.
3755,268.55,StoreB,NORMAL,The amount $268.55 is within the normal spending range.
4624,384.86,StoreB,NORMAL,The amount $384.86 is within the normal spending range.
3732,182.44,StoreA,NORMAL,The amount $182.44 is within the normal spending range.
7473,266.87,StoreC,NORMAL,The amount $266.87 is within the normal spending range.
7351,209.81,StoreC,NORMAL,The amount $209.81 is within the normal spending range.
2693,3336.83,StoreC,ANOMALY,The amount $3336.83 is 6.63 standard deviations above the mean.
1684,128.12,StoreC,NORMAL,The amount $128.12 is within the normal spending range.
3919,2779.12,StoreA,ANOMALY,The amount $2779.12 is 5.42 standard deviations above the mean.
8166,180.53,StoreB,NORMAL,The amount $180.53 is within the normal spending range.
4756,193.58,StoreB,NORMAL,The amount $193.58 is within the normal spending range.
6454,209.18,StoreA,NORMAL,The amount $209.18 is within the normal spending range.
4283,225.22,StoreB,NORMAL,The amount $225.22 is within the normal spending range.
5691,188.38,StoreA,NORMAL,The amount $188.38 is within the normal spending range.
7828,221.47,StoreC,NORMAL,The amount $221.47 is within the normal spending range.
8350,357.81,StoreA,NORMAL,The amount $357.81 is within the normal spending range.
2156,298.54,StoreB,NORMAL,The amount $298.54 is within the normal spending range.
4061,286.92,StoreB,NORMAL,The amount $286.92 is within the normal spending range.
8157,1563.66,StoreB,NORMAL,The amount $1563.66 is within the normal spending range.
6919,111.08,StoreC,NORMAL,The amount $111.08 is within the normal spending range.
6893,295.53,StoreA,NORMAL,The amount $295.53 is within the normal spending range.
5445,287.6,StoreA,NORMAL,The amount $287.6 is within the normal spending range.
7436,347.27,StoreB,NORMAL,The amount $347.27 is within the normal spending range.
2292,139.6,StoreA,NORMAL,The amount $139.6 is within the normal spending range.
8902,177.05,StoreB,NORMAL,The amount $177.05 is within the normal spending range.
3067,36.05,StoreA,NORMAL,The amount $36.05 is within the normal spending range.
2979,160.75,StoreC,NORMAL,The amount $160.75 is within the normal spending range.
2736,299.66,StoreC,NORMAL,The amount $299.66 is within the normal spending range.
2918,1552.56,StoreA,NORMAL,The amount $1552.56 is within the normal spending range.
1700,264.05,StoreC,NORMAL,The amount $264.05 is within the normal spending range.
5046,180.95,StoreC,NORMAL,The amount $180.95 is within the normal spending range.
3073,232.41,StoreC,NORMAL,The amount $232.41 is within the normal spending range.
5661,85.23,StoreB,NORMAL,The amount $85.23 is within the normal spending range.
1394,208.52,StoreA,NORMAL,The amount $208.52 is within the normal spending range.
4048,99.11,StoreA,NORMAL,The amount $99.11 is within the normal spending range.
4452,181.31,StoreB,NORMAL,The amount $181.31 is within the normal spending range.
1522,374.12,StoreB,NORMAL,The amount $374.12 is within the normal spending range.
9741,320.6,StoreC,NORMAL,The amount $320.6 is within the normal spending range.
2468,277.74,StoreA,NORMAL,The amount $277.74 is within the normal spending range.
7230,246.67,StoreB,NORMAL,The amount $246.67 is within the normal spending range.
9116,352.1,StoreC,NORMAL,The amount $352.1 is within the normal spending range.
7811,105.11,StoreA,NORMAL,The amount $105.11 is within the normal spending range.
2421,374.74,StoreC,NORMAL,The amount $374.74 is within the normal spending range.
8987,293.22,StoreA,NORMAL,The amount $293.22 is within the normal spending range.
1285,176.34,StoreC,NORMAL,The amount $176.34 is within the normal spending range.
3745,313.56,StoreA,NORMAL,The amount $313.56 is within the normal spending range.
8108,89.37,StoreA,NORMAL,The amount $89.37 is within the normal spending range.
5464,117.55,StoreA,NORMAL,The amount $117.55 is within the normal spending range.
2445,139.14,StoreA,NORMAL,The amount $139.14 is within the normal spending range.
6837,147.1,StoreC,NORMAL,The amount $147.1 is within the normal spending range.
2466,94.34,StoreB,NORMAL,The amount $94.34 is within the normal spending range.
8167,322.31,StoreA,NORMAL,The amount $322.31 is within the normal spending range.
9479,174.11,StoreA,NORMAL,The amount $174.11 is within the normal spending range.
5426,235.25,StoreA,NORMAL,The amount $235.25 is within the normal spending range.
6932,142.96,StoreA,NORMAL,The amount $142.96 is within the normal spending range.
2178,17.94,StoreC,NORMAL,The amount $17.94 is within the normal spending range.
3551,227.01,StoreB,NORMAL,The amount $227.01 is within the normal spending range.
5370,8.77,StoreB,NORMAL,The amount $8.77 is within the normal spending range.
7322,193.14,StoreB,NORMAL,The amount $193.14 is within the normal spending range.
5862,63.17,StoreC,NORMAL,The amount $63.17 is within the normal spending range.
6855,398.73,StoreB,NORMAL,The amount $398.73 is within the normal spending range.
2203,291.14,StoreC,NORMAL,The amount $291.14 is within the normal spending range.
8349,210.58,StoreC,NORMAL,The amount $210.58 is within the normal spending range.
7386,326.37,StoreA,NORMAL,The amount $326.37 is within the normal spending range.
2119,115.37,StoreC,NORMAL,The amount $115.37 is within the normal spending range.
9388,2575.09,StoreB,ANOMALY,The amount $2575.09 is 4.97 standard deviations above the mean.
4975,219.98,StoreB,NORMAL,The amount $219.98 is within the normal spending range.
9717,226.4,StoreB,NORMAL,The amount $226.4 is within the normal spending range.
2292,327.24,StoreA,NORMAL,The amount $327.24 is within the normal spending range.
4655,273.25,StoreA,NORMAL,The amount $273.25 is within the normal spending range.
5786,228.87,StoreA,NORMAL,The amount $228.87 is within the normal spending range.
3217,34.51,StoreC,NORMAL,The amount $34.51 is within the normal spending range.
7590,104.0,StoreB,NORMAL,The amount $104.0 is within the normal spending range.
2017,187.73,StoreC,NORMAL,The amount $187.73 is within the normal spending range.
6176,209.34,StoreC,NORMAL,The amount $209.34 is within the normal spending range.
4590,86.98,StoreB,NORMAL,The amount $86.98 is within the normal spending range.
9239,441.17,StoreA,NORMAL,The amount $441.17 is within the normal spending range.
7176,351.64,StoreB,NORMAL,The amount $351.64 is within the normal spending range.
7647,260.21,StoreC,NORMAL,The amount $260.21 is within the normal spending range.
5722,207.2,StoreC,NORMAL,The amount $207.2 is within the normal spending range.
7015,178.78,StoreA,NORMAL,The amount $178.78 is within the normal spending range.
6122,1061.11,StoreC,NORMAL,The amount $1061.11 is within the normal spending range.
8683,207.75,StoreC,NORMAL,The amount $207.75 is within the normal spending range.
3089,225.78,StoreB,NORMAL,The amount $225.78 is within the normal spending range.
3056,75.82,StoreA,NORMAL,The amount $75.82 is within the normal spending range.
4680,2363.19,StoreB,ANOMALY,The amount $2363.19 is 4.51 standard deviations above the mean.
5885,184.47,StoreB,NORMAL,The amount $184.47 is within the normal spending range.
4114,9.22,StoreB,NORMAL,The amount $9.22 is within the normal spending range.
8383,113.96,StoreC,NORMAL,The amount $113.96 is within the normal spending range.
2629,158.64,StoreC,NORMAL,The amount $158.64 is within the normal spending range.
2543,388.77,StoreA,NORMAL,The amount $388.77 is within the normal spending range.
8512,255.66,StoreC,NORMAL,The amount $255.66 is within the normal spending range.
6769,66.45,StoreA,NORMAL,The amount $66.45 is within the normal spending range.
2904,248.6,StoreB,NORMAL,The amount $248.6 is within the normal spending range.
2436,45.27,StoreB,NORMAL,The amount $45.27 is within the normal spending range.
6031,308.27,StoreC,NORMAL,The amount $308.27 is within the normal spending range.
4317,152.89,StoreC,NORMAL,The amount $152.89 is within the normal spending range.
5116,190.64,StoreA,NORMAL,The amount $190.64 is within the normal spending range.
5552,332.58,StoreC,NORMAL,The amount $332.58 is within the normal spending range.
6563,71.28,StoreC,NORMAL,The amount $71.28 is within the normal spending range.
7123,60.29,StoreC,NORMAL,The amount $60.29 is within the normal spending range.
4061,141.64,StoreB,NORMAL,The amount $141.64 is within the normal spending range.
9089,303.84,StoreC,NORMAL,The amount $303.84 is within the normal spending range.
9456,48.07,StoreC,NORMAL,The amount $48.07 is within the normal spending range.
4731,83.22,StoreB,NORMAL,The amount $83.22 is within the normal spending range.
7327,154.88,StoreB,NORMAL,The amount $154.88 is within the normal spending range.
4317,255.17,StoreB,NORMAL,The amount $255.17 is within the normal spending range.
3046,320.03,StoreB,NORMAL,The amount $320.03 is within the normal spending range.
4144,153.68,StoreC,NORMAL,The amount $153.68 is within the normal spending range.
4221,158.86,StoreC,NORMAL,The amount $158.86 is within the normal spending range.
6064,315.39,StoreC,NORMAL,The amount $315.39 is within the normal spending range.
1722,13.03,StoreA,NORMAL,The amount $13.03 is within the normal spending range.
8775,161.15,StoreB,NORMAL,The amount $161.15 is within the normal spending range.
8564,219.04,StoreC,NORMAL,The amount $219.04 is within the normal spending range.
9275,244.92,StoreC,NORMAL,The amount $244.92 is within the normal spending range.
5835,149.02,StoreC,NORMAL,The amount $149.02 is within the normal spending range.
4819,203.44,StoreB,NORMAL,The amount $203.44 is within the normal spending range.
4364,48.83,StoreB,NORMAL,The amount $48.83 is within the normal spending range.
7089,134.18,StoreB,NORMAL,The amount $134.18 is within the normal spending range.
5318,245.35,StoreC,NORMAL,The amount $245.35 is within the normal spending range.
7936,101.77,StoreB,NORMAL,The amount $101.77 is within the normal spending range.
3780,205.9,StoreC,NORMAL,The amount $205.9 is within the normal spending range.
8398,244.69,StoreA,NORMAL,The amount $244.69 is within the normal spending range.
3452,165.75,StoreB,NORMAL,The amount $165.75 is within the normal spending range.
6288,217.05,StoreB,NORMAL,The amount $217.05 is within the normal spending range.
9520,103.73,StoreC,NORMAL,The amount $103.73 is within the normal spending range.
1425,179.34,StoreB,NORMAL,The amount $179.34 is within the normal spending range.
9961,261.02,StoreB,NORMAL,The amount $261.02 is within the normal spending range.
4975,215.7,StoreC,NORMAL,The amount $215.7 is within the normal spending range.
9799,141.35,StoreC,NORMAL,The amount $141.35 is within the normal spending range.
7669,222.42,StoreC,NORMAL,The amount $222.42 is within the normal spending range.
3124,271.46,StoreA,NORMAL,The amount $271.46 is within the normal spending range.
2300,4.99,StoreC,NORMAL,The amount $4.99 is within the normal spending range.
6015,315.91,StoreB,NORMAL,The amount $315.91 is within the normal spending range.
9657,166.37,StoreA,NORMAL,The amount $166.37 is within the normal spending range.
2964,242.55,StoreC,NORMAL,The amount $242.55 is within the normal spending range.
6567,319.72,StoreA,NORMAL,The amount $319.72 is within the normal spending range.
6279,62.83,StoreA,NORMAL,The amount $62.83 is within the normal spending range.
3360,129.06,StoreB,NORMAL,The amount $129.06 is within the normal spending range.
3039,171.15,StoreA,NORMAL,The amount $171.15 is within the normal spending range.
2184,121.62,StoreC,NORMAL,The amount $121.62 is within the normal spending range.
4934,373.49,StoreA,NORMAL,The amount $373.49 is within the normal spending range.
6794,114.32,StoreA,NORMAL,The amount $114.32 is within the normal spending range.
9172,144.45,StoreB,NORMAL,The amount $144.45 is within the normal spending range.
1777,220.44,StoreB,NORMAL,The amount $220.44 is within the normal spending range.
4379,79.79,StoreC,NORMAL,The amount $79.79 is within the normal spending range.
3418,160.43,StoreB,NORMAL,The amount $160.43 is within the normal spending range.
5077,231.75,StoreC,NORMAL,The amount $231.75 is within the normal spending range.
3439,166.71,StoreC,NORMAL,The amount $166.71 is within the normal spending range.
8804,190.66,StoreB,NORMAL,The amount $190.66 is within the normal spending range.
6269,147.07,StoreA,NORMAL,The amount $147.07 is within the normal spending range.
6587,48.55,StoreB,NORMAL,The amount $48.55 is within the normal spending range.
2989,232.16,StoreA,NORMAL,The amount $232.16 is within the normal spending range.
8868,375.49,StoreA,NORMAL,The amount $375.49 is within the normal spending range.
1944,201.84,StoreC,NORMAL,The amount $201.84 is within the normal spending range.
9220,222.53,StoreC,NORMAL,The amount $222.53 is within the normal spending range.
2897,269.27,StoreB,NORMAL,The amount $269.27 is within the normal spending range.
6751,73.07,StoreA,NORMAL,The amount $73.07 is within the normal spending range.
6150,370.25,StoreB,NORMAL,The amount $370.25 is within the normal spending range.
2697,220.23,StoreC,NORMAL,The amount $220.23 is within the normal spending range.
6885,363.19,StoreA,NORMAL,The amount $363.19 is within the normal spending range.
2665,126.7,StoreB,NORMAL,The amount $126.7 is within the normal spending range.
9951,381.81,StoreB,NORMAL,The amount $381.81 is within the normal spending range.
2785,277.52,StoreC,NORMAL,The amount $277.52 is within the normal spending range.
6948,255.3,StoreC,NORMAL,The amount $255.3 is within the normal spending range.
3607,223.4,StoreC,NORMAL,The amount $223.4 is within the normal spending range.
9590,175.15,StoreC,NORMAL,The amount $175.15 is within the normal spending range.
3630,320.05,StoreB,NORMAL,The amount $320.05 is within the normal spending range.
8660,214.04,StoreC,NORMAL,The amount $214.04 is within the normal spending range.
1238,3.29,StoreC,NORMAL,The amount $3.29 is within the normal spending range.
4536,88.28,StoreB,NORMAL,The amount $88.28 is within the normal spending range.
4861,181.42,StoreB,NORMAL,The amount $181.42 is within the normal spending range.
9491,231.0,StoreA,NORMAL,The amount $231.0 is within the normal spending range.
8899,194.34,StoreB,NORMAL,The amount $194.34 is within the normal spending range.
8145,321.9,StoreA,NORMAL,The amount $321.9 is within the normal spending range.
6861,4.89,StoreC,NORMAL,The amount $4.89 is within the normal spending range.
1248,214.36,StoreA,NORMAL,The amount $214.36 is within the normal spending range.
5323,18.2,StoreA,NORMAL,The amount $18.2 is within the normal spending range.
8101,275.97,StoreC,NORMAL,The amount $275.97 is within the normal spending range.
3860,190.55,StoreC,NORMAL,The amount $190.55 is within the normal spending range.
1723,241.96,StoreC,NORMAL,The amount $241.96 is within the normal spending range.
1569,113.61,StoreA,NORMAL,The amount $113.61 is within the normal spending range.
9411,327.95,StoreB,NORMAL,The amount $327.95 is within the normal spending range.
3834,304.17,StoreB,NORMAL,The amount $304.17 is within the normal spending range.
8928,258.35,StoreB,NORMAL,The amount $258.35 is within the normal spending range.
7671,187.05,StoreC,NORMAL,The amount $187.05 is within the normal spending range.
3122,257.99,StoreC,NORMAL,The amount $257.99 is within the normal spending range.
5000,129.31,StoreB,NORMAL,The amount $129.31 is within the normal spending range.
4089,285.56,StoreC,NORMAL,The amount $285.56 is within the normal spending range.
8165,364.95,StoreA,NORMAL,The amount $364.95 is within the normal spending range.
8210,307.06,StoreA,NORMAL,The amount $307.06 is within the normal spending range.
1049,127.04,StoreC,NORMAL,The amount $127.04 is within the normal spending range.
1514,236.14,StoreB,NORMAL,The amount $236.14 is within the normal spending range.
5671,715.64,StoreB,NORMAL,The amount $715.64 is within the normal spending range.
8749,257.24,StoreA,NORMAL,The amount $257.24 is within the normal spending range.
2165,245.06,StoreC,NORMAL,The amount $245.06 is within the normal spending range.
1414,13.02,StoreB,NORMAL,The amount $13.02 is within the normal spending range.
2104,83.82,StoreB,NORMAL,The amount $83.82 is within the normal spending range.
5858,171.69,StoreC,NORMAL,The amount $171.69 is within the normal spending range.
4356,169.91,StoreC,NORMAL,The amount $169.91 is within the normal spending range.
3416,79.05,StoreB,NORMAL,The amount $79.05 is within the normal spending range.
6611,238.9,StoreC,NORMAL,The amount $238.9 is within the normal spending range.
6465,225.15,StoreC,NORMAL,The amount $225.15 is within the normal spending range.
9395,180.57,StoreC,NORMAL,The amount $180.57 is within the normal spending range.
8192,1259.67,StoreB,NORMAL,The amount $1259.67 is within the normal spending range.
6672,304.87,StoreA,NORMAL,The amount $304.87 is within the normal spending range.
9260,3700.84,StoreC,ANOMALY,The amount $3700.84 is 7.43 standard deviations above the mean.
9707,151.64,StoreB,NORMAL,The amount $151.64 is within the normal spending range.
4563,138.78,StoreA,NORMAL,The amount $138.78 is within the normal spending range.
7383,249.12,StoreB,NORMAL,The amount $249.12 is within the normal spending range.
9898,164.2,StoreB,NORMAL,The amount $164.2 is within the normal spending range.
7833,186.06,StoreB,NORMAL,The amount $186.06 is within the normal spending range.
5752,273.97,StoreA,NORMAL,The amount $273.97 is within the normal spending range.
9123,9.06,StoreB,NORMAL,The amount $9.06 is within the normal spending range.
4785,331.83,StoreA,NORMAL,The amount $331.83 is within the normal spending range.
9535,207.27,StoreC,NORMAL,The amount $207.27 is within the normal spending range.
9727,158.85,StoreA,NORMAL,The amount $158.85 is within the normal spending range.
9546,191.08,StoreB,NORMAL,The amount $191.08 is within the normal spending range.
6023,1986.82,StoreA,ANOMALY,The amount $1986.82 is 3.69 standard deviations above the mean.
1982,26.88,StoreB,NORMAL,The amount $26.88 is within the normal spending range.
2345,349.49,StoreC,NORMAL,The amount $349.49 is within the normal spending range.
6691,204.13,StoreA,NORMAL,The amount $204.13 is within the normal spending range.
7002,244.3,StoreC,NORMAL,The amount $244.3 is within the normal spending range.
1526,295.15,StoreA,NORMAL,The amount $295.15 is within the normal spending range.
7647,97.88,StoreB,NORMAL,The amount $97.88 is within the normal spending range.
8252,247.35,StoreA,NORMAL,The amount $247.35 is within the normal spending range.
1930,173.24,StoreC,NORMAL,The amount $173.24 is within the normal spending range.
3282,2882.15,StoreA,ANOMALY,The amount $2882.15 is 5.64 standard deviations above the mean.
2946,12.72,StoreC,NORMAL,The amount $12.72 is within the normal spending range.
4360,190.09,StoreC,NORMAL,The amount $190.09 is within the normal spending range.
9112,139.72,StoreB,NORMAL,The amount $139.72 is within the normal spending range.
3925,243.23,StoreA,NORMAL,The amount $243.23 is within the normal spending range.
4625,247.0,StoreC,NORMAL,The amount $247.0 is within the normal spending range.
6469,129.24,StoreB,NORMAL,The amount $129.24 is within the normal spending range.
2223,128.78,StoreB,NORMAL,The amount $128.78 is within the normal spending range.
8110,188.93,StoreB,NORMAL,The amount $188.93 is within the normal spending range.
5992,110.34,StoreC,NORMAL,The amount $110.34 is within the normal spending range.
9814,284.2,StoreA,NORMAL,The amount $284.2 is within the normal spending range.
5787,163.08,StoreC,NORMAL,The amount $163.08 is within the normal spending range.
7818,90.7,StoreB,NORMAL,The amount $90.7 is within the normal spending range.
5726,162.52,StoreC,NORMAL,The amount $162.52 is within the normal spending range.
3372,96.15,StoreC,NORMAL,The amount $96.15 is within the normal spending range.
4299,36.87,StoreB,NORMAL,The amount $36.87 is within the normal spending range.
7451,76.26,StoreA,NORMAL,The amount $76.26 is within the normal spending range.
9583,210.94,StoreB,NORMAL,The amount $210.94 is within the normal spending range.
4809,332.86,StoreB,NORMAL,The amount $332.86 is within the normal spending range.
3407,231.32,StoreC,NORMAL,The amount $231.32 is within the normal spending range.
5864,139.35,StoreB,NORMAL,The amount $139.35 is within the normal spending range.
6027,245.59,StoreC,NORMAL,The amount $245.59 is within the normal spending range.
5260,154.09,StoreB,NORMAL,The amount $154.09 is within the normal spending range.
5828,130.54,StoreB,NORMAL,The amount $130.54 is within the normal spending range.
9772,84.56,StoreA,NORMAL,The amount $84.56 is within the normal spending range.
9315,24.82,StoreB,NORMAL,The amount $24.82 is within the normal spending range.
2874,161.01,StoreA,NORMAL,The amount $161.01 is within the normal spending range.
9715,215.81,StoreB,NORMAL,The amount $215.81 is within the normal spending range.
4123,190.34,StoreB,NORMAL,The amount $190.34 is within the normal spending range.
5224,158.4,StoreB,NORMAL,The amount $158.4 is within the normal spending range.
6254,105.43,StoreA,NORMAL,The amount $105.43 is within the normal spending range.
4198,260.82,StoreC,NORMAL,The amount $260.82 is within the normal spending range.
8082,691.36,StoreA,NORMAL,The amount $691.36 is within the normal spending range.
2210,277.6,StoreB,NORMAL,The amount $277.6 is within the normal spending range.
6404,99.78,StoreC,NORMAL,The amount $99.78 is within the normal spending range.
5117,124.76,StoreB,NORMAL,The amount $124.76 is within the normal spending range.
6429,53.32,StoreA,NORMAL,The amount $53.32 is within the normal spending range.
9689,149.86,StoreA,NORMAL,The amount $149.86 is within the normal spending range.
5758,297.53,StoreC,NORMAL,The amount $297.53 is within the normal spending range.
9182,251.56,StoreA,NORMAL,The amount $251.56 is within the normal spending range.
9916,297.84,StoreB,NORMAL,The amount $297.84 is within the normal spending range.
1375,252.21,StoreC,NORMAL,The amount $252.21 is within the normal spending range.
8413,89.63,StoreB,NORMAL,The amount $89.63 is within the normal spending range.
5398,166.92,StoreC,NORMAL,The amount $166.92 is within the normal spending range.
4859,121.98,StoreC,NORMAL,The amount $121.98 is within the normal spending range.
2686,333.06,StoreB,NORMAL,The amount $333.06 is within the normal spending range.
6012,80.32,StoreA,NORMAL,The amount $80.32 is within the normal spending range.
1256,289.37,StoreB,NORMAL,The amount $289.37 is within the normal spending range.
4600,289.3,StoreA,NORMAL,The amount $289.3 is within the normal spending range.
1050,382.96,StoreA,NORMAL,The amount $382.96 is within the normal spending range.
7590,159.03,StoreB,NORMAL,The amount $159.03 is within the normal spending range.
8437,271.23,StoreC,NORMAL,The amount $271.23 is within the normal spending range.
1594,428.17,StoreB,NORMAL,The amount $428.17 is within the normal spending range.
5731,138.24,StoreC,NORMAL,The amount $138.24 is within the normal spending range.
4873,46.5,StoreA,NORMAL,The amount $46.5 is within the normal spending range.
6748,12.0,StoreC,NORMAL,The amount $12.0 is within the normal spending range.
6237,271.27,StoreB,NORMAL,The amount $271.27 is within the normal spending range.
2476,11.68,StoreC,NORMAL,The amount $11.68 is within the normal spending range.
5870,162.77,StoreA,NORMAL,The amount $162.77 is within the normal spending range.
9032,243.73,StoreA,NORMAL,The amount $243.73 is within the normal spending range.
4020,218.52,StoreC,NORMAL,The amount $218.52 is within the normal spending range.
7066,242.54,StoreA,NORMAL,The amount $242.54 is within the normal spending range.
9053,222.23,StoreA,NORMAL,The amount $222.23 is within the normal spending range.
9066,327.89,StoreC,NORMAL,The amount $327.89 is within the normal spending range.
9167,104.77,StoreA,NORMAL,The amount $104.77 is within the normal spending range.
5780,132.3,StoreC,NORMAL,The amount $132.3 is within the normal spending range.
5045,122.73,StoreC,NORMAL,The amount $122.73 is within the normal spending range.
3233,2865.37,StoreA,ANOMALY,The amount $2865.37 is 5.61 standard deviations above the mean.
9117,290.04,StoreC,NORMAL,The amount $290.04 is within the normal spending range.
7359,245.12,StoreA,NORMAL,The amount $245.12 is within the normal spending range.
5197,3223.06,StoreA,ANOMALY,The amount $3223.06 is 6.39 standard deviations above the mean.
1615,82.2,StoreA,NORMAL,The amount $82.2 is within the normal spending range.
2566,366.72,StoreB,NORMAL,The amount $366.72 is within the normal spending range.
3339,352.32,StoreA,NORMAL,The amount $352.32 is within the normal spending range.
9109,273.56,StoreC,NORMAL,The amount $273.56 is within the normal spending range.
8374,3828.8,StoreC,ANOMALY,The amount $3828.8 is 7.71 standard deviations above the mean.
7707,34.34,StoreC,NORMAL,The amount $34.34 is within the normal spending range.
1378,147.56,StoreB,NORMAL,The amount $147.56 is within the normal spending range.
4465,126.47,StoreB,NORMAL,The amount $126.47 is within the normal spending range.
7005,272.15,StoreC,NORMAL,The amount $272.15 is within the normal spending range.
3271,94.99,StoreC,NORMAL,The amount $94.99 is within the normal spending range.
2007,275.75,StoreB,NORMAL,The amount $275.75 is within the normal spending range.
7800,337.05,StoreC,NORMAL,The amount $337.05 is within the normal spending range.
1109,269.52,StoreA,NORMAL,The amount $269.52 is within the normal spending range.
3771,228.38,StoreA,NORMAL,The amount $228.38 is within the normal spending range.
4883,101.21,StoreC,NORMAL,The amount $101.21 is within the normal spending range.
3600,115.31,StoreA,NORMAL,The amount $115.31 is within the normal spending range.
6518,324.96,StoreC,NORMAL,The amount $324.96 is within the normal spending range.
4243,277.93,StoreB,NORMAL,The amount $277.93 is within the normal spending range.
2005,196.1,StoreC,NORMAL,The amount $196.1 is within the normal spending range.
1305,158.21,StoreB,NORMAL,The amount $158.21 is within the normal spending range.
6701,2.58,StoreA,NORMAL,The amount $2.58 is within the normal spending range.
1958,92.91,StoreA,NORMAL,The amount $92.91 is within the normal spending range.
6270,391.14,StoreA,NORMAL,The amount $391.14 is within the normal spending range.
8595,71.95,StoreC,NORMAL,The amount $71.95 is within the normal spending range.
4538,218.95,StoreB,NORMAL,The amount $218.95 is within the normal spending range.
8020,300.74,StoreB,NORMAL,The amount $300.74 is within the normal spending range.
2630,74.51,StoreA,NORMAL,The amount $74.51 is within the normal spending range.
3603,218.47,StoreA,NORMAL,The amount $218.47 is within the normal spending range.
9258,293.79,StoreB,NORMAL,The amount $293.79 is within the normal spending range.
1205,201.25,StoreC,NORMAL,The amount $201.25 is within the normal spending range.
6691,486.84,StoreA,NORMAL,The amount $486.84 is within the normal spending range.
7141,33.14,StoreC,NORMAL,The amount $33.14 is within the normal spending range.
4145,305.87,StoreA,NORMAL,The amount $305.87 is within the normal spending range.
4120,182.72,StoreA,NORMAL,The amount $182.72 is within the normal spending range.
7728,277.19,StoreC,NORMAL,The amount $277.19 is within the normal spending range.
9899,244.13,StoreC,NORMAL,The amount $244.13 is within the normal spending range.
7030,126.68,StoreC,NORMAL,The amount $126.68 is within the normal spending range.
1178,222.9,StoreC,NORMAL,The amount $222.9 is within the normal spending range.
6167,14.21,StoreB,NORMAL,The amount $14.21 is within the normal spending range.
1112,260.32,StoreB,NORMAL,The amount $260.32 is within the normal spending range.
9948,229.82,StoreA,NORMAL,The amount $229.82 is within the normal spending range.
9350,263.87,StoreA,NORMAL,The amount $263.87 is within the normal spending range.
9977,305.81,StoreA,NORMAL,The amount $305.81 is within the normal spending range.
2803,236.76,StoreB,NORMAL,The amount $236.76 is within the normal spending range.
3298,214.81,StoreC,NORMAL,The amount $214.81 is within the normal spending range.
2542,111.89,StoreA,NORMAL,The amount $111.89 is within the normal spending range.
8259,128.78,StoreB,NORMAL,The amount $128.78 is within the normal spending range.
3154,318.67,StoreA,NORMAL,The amount $318.67 is within the normal spending range.
9766,343.63,StoreB,NORMAL,The amount $343.63 is within the normal spending range.
2381,176.19,StoreC,NORMAL,The amount $176.19 is within the normal spending range.
6902,204.6,StoreB,NORMAL,The amount $204.6 is within the normal spending range.
2222,109.54,StoreC,NORMAL,The amount $109.54 is within the normal spending range.
2501,317.28,StoreA,NORMAL,The amount $317.28 is within the normal spending range.
4574,266.54,StoreC,NORMAL,The amount $266.54 is within the normal spending range.
4729,394.12,StoreB,NORMAL,The amount $394.12 is within the normal spending range.
8740,112.17,StoreA,NORMAL,The amount $112.17 is within the normal spending range.
4191,162.2,StoreA,NORMAL,The amount $162.2 is within the normal spending range.
8476,223.14,StoreB,NORMAL,The amount $223.14 is within the normal spending range.
2561,264.65,StoreC,NORMAL,The amount $264.65 is within the normal spending range.
3522,178.43,StoreB,NORMAL,The amount $178.43 is within the normal spending range.
3391,112.7,StoreC,NORMAL,The amount $112.7 is within the normal spending range.
3675,288.14,StoreC,NORMAL,The amount $288.14 is within the normal spending range.
3183,272.11,StoreA,NORMAL,The amount $272.11 is within the normal spending range.
9468,108.37,StoreC,NORMAL,The amount $108.37 is within the normal spending range.
9066,335.54,StoreA,NORMAL,The amount $335.54 is within the normal spending range.
3078,317.02,StoreB,NORMAL,The amount $317.02 is within the normal spending range.
5342,2160.82,StoreB,ANOMALY,The amount $2160.82 is 4.07 standard deviations above the mean.
2120,207.96,StoreA,NORMAL,The amount $207.96 is within the normal spending range.
6419,255.41,StoreA,NORMAL,The amount $255.41 is within the normal spending range.
4370,113.83,StoreC,NORMAL,The amount $113.83 is within the normal spending range.
2908,203.0,StoreA,NORMAL,The amount $203.0 is within the normal spending range.
4520,15.24,StoreB,NORMAL,The amount $15.24 is within the normal spending range.
5307,287.65,StoreA,NORMAL,The amount $287.65 is within the normal spending range.
5496,43.85,StoreA,NORMAL,The amount $43.85 is within the normal spending range.
5750,350.34,StoreA,NORMAL,The amount $350.34 is within the normal spending range.
1497,166.99,StoreC,NORMAL,The amount $166.99 is within the normal spending range.
7991,178.83,StoreA,NORMAL,The amount $178.83 is within the normal spending range.
4587,137.23,StoreC,NORMAL,The amount $137.23 is within the normal spending range.
3413,171.2,StoreC,NORMAL,The amount $171.2 is within the normal spending range.
4800,341.85,StoreA,NORMAL,The amount $341.85 is within the normal spending range.
9654,48.78,StoreC,NORMAL,The amount $48.78 is within the normal spending range.
7171,327.7,StoreA,NORMAL,The amount $327.7 is within the normal spending range.
4457,233.8,StoreB,NORMAL,The amount $233.8 is within the normal spending range.
9464,79.3,StoreB,NORMAL,The amount $79.3 is within the normal spending range.
7969,92.47,StoreC,NORMAL,The amount $92.47 is within the normal spending range.
2150,367.64,StoreB,NORMAL,The amount $367.64 is within the normal spending range.
8454,105.45,StoreA,NORMAL,The amount $105.45 is within the normal spending range.
6207,84.66,StoreC,NORMAL,The amount $84.66 is within the normal spending range.
1018,313.73,StoreA,NORMAL,The amount $313.73 is within the normal spending range.
4178,233.86,StoreC,NORMAL,The amount $233.86 is within the normal spending range.
6577,106.21,StoreC,NORMAL,The amount $106.21 is within the normal spending range.
5081,221.66,StoreC,NORMAL,The amount $221.66 is within the normal spending range.
7454,97.42,StoreC,NORMAL,The amount $97.42 is within the normal spending range.
9603,310.08,StoreB,NORMAL,The amount $310.08 is within the normal spending range.
9933,306.14,StoreB,NORMAL,The amount $306.14 is within the normal spending range.
3671,253.2,StoreB,NORMAL,The amount $253.2 is within the normal spending range.
7387,236.17,StoreC,NORMAL,The amount $236.17 is within the normal spending range.
7833,376.12,StoreB,NORMAL,The amount $376.12 is within the normal spending range.
3624,199.97,StoreC,NORMAL,The amount $199.97 is within the normal spending range.
6499,81.81,StoreB,NORMAL,The amount $81.81 is within the normal spending range.
1514,244.95,StoreC,NORMAL,The amount $244.95 is within the normal spending range.
1206,408.6,StoreB,NORMAL,The amount $408.6 is within the normal spending range.
1947,98.52,StoreB,NORMAL,The amount $98.52 is within the normal spending range.
2828,163.85,StoreB,NORMAL,The amount $163.85 is within the normal spending range.
7861,241.64,StoreC,NORMAL,The amount $241.64 is within the normal spending range.
7094,194.61,StoreC,NORMAL,The amount $194.61 is within the normal spending range.
7345,101.77,StoreB,NORMAL,The amount $101.77 is within the normal spending range.
3167,312.19,StoreC,NORMAL,The amount $312.19 is within the normal spending range.
8979,432.0,StoreA,NORMAL,The amount $432.0 is within the normal spending range.
6926,219.61,StoreB,NORMAL,The amount $219.61 is within the normal spending range.
7532,109.59,StoreB,NORMAL,The amount $109.59 is within the normal spending range.
6656,45.1,StoreA,NORMAL,The amount $45.1 is within the normal spending range.
6943,225.8,StoreC,NORMAL,The amount $225.8 is within the normal spending range.
9793,310.39,StoreC,NORMAL,The amount $310.39 is within the normal spending range.
6439,247.52,StoreC,NORMAL,The amount $247.52 is within the normal spending range.
9903,199.76,StoreB,NORMAL,The amount $199.76 is within the normal spending range.
2203,141.07,StoreB,NORMAL,The amount $141.07 is within the normal spending range.
8000,90.78,StoreB,NORMAL,The amount $90.78 is within the normal spending range.
7639,283.48,StoreB,NORMAL,The amount $283.48 is within the normal spending range.
8689,291.38,StoreB,NORMAL,The amount $291.38 is within the normal spending range.
8513,45.43,StoreC,NORMAL,The amount $45.43 is within the normal spending range.
7626,358.98,StoreA,NORMAL,The amount $358.98 is within the normal spending range.
8386,257.41,StoreC,NORMAL,The amount $257.41 is within the normal spending range.
4131,339.96,StoreC,NORMAL,The amount $339.96 is within the normal spending range.
8134,65.79,StoreB,NORMAL,The amount $65.79 is within the normal spending range.
4730,63.42,StoreA,NORMAL,The amount $63.42 is within the normal spending range.
3666,185.1,StoreA,NORMAL,The amount $185.1 is within the normal spending range.
1549,250.28,StoreC,NORMAL,The amount $250.28 is within the normal spending range.
5741,379.64,StoreA,NORMAL,The amount $379.64 is within the normal spending range.
2244,270.61,StoreC,NORMAL,The amount $270.61 is within the normal spending range.
5012,175.73,StoreC,NORMAL,The amount $175.73 is within the normal spending range.
7196,97.36,StoreC,NORMAL,The amount $97.36 is within the normal spending range.
5545,323.0,StoreC,NORMAL,The amount $323.0 is within the normal spending range.
7205,103.53,StoreB,NORMAL,The amount $103.53 is within the normal spending range.
8190,362.85,StoreA,NORMAL,The amount $362.85 is within the normal spending range.
9235,171.56,StoreB,NORMAL,The amount $171.56 is within the normal spending range.
1658,359.06,StoreB,NORMAL,The amount $359.06 is within the normal spending range.
7995,267.89,StoreB,NORMAL,The amount $267.89 is within the normal spending range.
6776,186.3,StoreC,NORMAL,The amount $186.3 is within the normal spending range.
6293,148.06,StoreC,NORMAL,The amount $148.06 is within the normal spending range.
2691,165.91,StoreB,NORMAL,The amount $165.91 is within the normal spending range.
8735,242.83,StoreB,NORMAL,The amount $242.83 is within the normal spending range.
4130,207.72,StoreA,NORMAL,The amount $207.72 is within the normal spending range.
8044,140.62,StoreB,NORMAL,The amount $140.62 is within the normal spending range.
5533,183.44,StoreC,NORMAL,The amount $183.44 is within the normal spending range.
6547,207.86,StoreB,NORMAL,The amount $207.86 is within the normal spending range.
1967,12.87,StoreA,NORMAL,The amount $12.87 is within the normal spending range.
2404,245.82,StoreA,NORMAL,The amount $245.82 is within the normal spending range.
9677,102.03,StoreB,NORMAL,The amount $102.03 is within the normal spending range.
4630,84.67,StoreA,NORMAL,The amount $84.67 is within the normal spending range.
3968,31.27,StoreA,NORMAL,The amount $31.27 is within the normal spending range.
8269,20.61,StoreC,NORMAL,The amount $20.61 is within the normal spending range.
2579,64.46,StoreA,NORMAL,The amount $64.46 is within the normal spending range.
6992,129.1,StoreA,NORMAL,The amount $129.1 is within the normal spending range.
1050,4002.39,StoreB,ANOMALY,The amount $4002.39 is 8.09 standard deviations above the mean.
7452,147.41,StoreC,NORMAL,The amount $147.41 is within the normal spending range.
6153,2204.82,StoreA,ANOMALY,The amount $2204.82 is 4.17 standard deviations above the mean.
7023,240.05,StoreB,NORMAL,The amount $240.05 is within the normal spending range.
5300,213.11,StoreB,NORMAL,The amount $213.11 is within the normal spending range.
3787,192.26,StoreB,NORMAL,The amount $192.26 is within the normal spending range.
3155,80.47,StoreB,NORMAL,The amount $80.47 is within the normal spending range.
8019,345.09,StoreB,NORMAL,The amount $345.09 is within the normal spending range.
6360,380.72,StoreB,NORMAL,The amount $380.72 is within the normal spending range.
5230,31.73,StoreA,NORMAL,The amount $31.73 is within the normal spending range.
8607,97.6,StoreC,NORMAL,The amount $97.6 is within the normal spending range.
9598,172.02,StoreC,NORMAL,The amount $172.02 is within the normal spending range.
5197,103.55,StoreB,NORMAL,The amount $103.55 is within the normal spending range.
6412,250.6,StoreB,NORMAL,The amount $250.6 is within the normal spending range.
5499,127.17,StoreC,NORMAL,The amount $127.17 is within the normal spending range.
5909,416.51,StoreA,NORMAL,The amount $416.51 is within the normal spending range.
8169,319.05,StoreB,NORMAL,The amount $319.05 is within the normal spending range.
4262,221.26,StoreC,NORMAL,The amount $221.26 is within the normal spending range.
3989,302.7,StoreC,NORMAL,The amount $302.7 is within the normal spending range.
8654,310.59,StoreB,NORMAL,The amount $310.59 is within the normal spending range.
3224,143.61,StoreC,NORMAL,The amount $143.61 is within the normal spending range.
6376,118.38,StoreA,NORMAL,The amount $118.38 is within the normal spending range.
3920,207.81,StoreC,NORMAL,The amount $207.81 is within the normal spending range.
8701,286.16,StoreB,NORMAL,The amount $286.16 is within the normal spending range.
7541,2165.65,StoreB,ANOMALY,The amount $2165.65 is 4.08 standard deviations above the mean.
6615,42.3,StoreC,NORMAL,The amount $42.3 is within the normal spending range.
5315,119.72,StoreC,NORMAL,The amount $119.72 is within the normal spending range.
7100,192.6,StoreB,NORMAL,The amount $192.6 is within the normal spending range.
3783,1948.25,StoreA,ANOMALY,The amount $1948.25 is 3.61 standard deviations above the mean.
3808,397.25,StoreC,NORMAL,The amount $397.25 is within the normal spending range.
4331,61.4,StoreA,NORMAL,The amount $61.4 is within the normal spending range.
3178,250.56,StoreA,NORMAL,The amount $250.56 is within the normal spending range.
1797,348.91,StoreB,NORMAL,The amount $348.91 is within the normal spending range.
3846,427.14,StoreB,NORMAL,The amount $427.14 is within the normal spending range.
1929,159.56,StoreB,NORMAL,The amount $159.56 is within the normal spending range.
5818,249.14,StoreA,NORMAL,The amount $249.14 is within the normal spending range.
4091,256.98,StoreB,NORMAL,The amount $256.98 is within the normal spending range.
3262,219.55,StoreB,NORMAL,The amount $219.55 is within the normal spending range.
8549,190.12,StoreA,NORMAL,The amount $190.12 is within the normal spending range.
4480,243.6,StoreA,NORMAL,The amount $243.6 is within the normal spending range.
4342,53.22,StoreA,NORMAL,The amount $53.22 is within the normal spending range.
7053,268.21,StoreA,NORMAL,The amount $268.21 is within the normal spending range.
8574,212.62,StoreC,NORMAL,The amount $212.62 is within the normal spending range.
8859,177.75,StoreB,NORMAL,The amount $177.75 is within the normal spending range.
5174,404.69,StoreC,NORMAL,The amount $404.69 is within the normal spending range.
8147,132.51,StoreA,NORMAL,The amount $132.51 is within the normal spending range.
5770,159.69,StoreA,NORMAL,The amount $159.69 is within the normal spending range.
6833,399.16,StoreA,NORMAL,The amount $399.16 is within the normal spending range.
9205,116.79,StoreA,NORMAL,The amount $116.79 is within the normal spending range.
8002,144.99,StoreA,NORMAL,The amount $144.99 is within the normal spending range.
3293,1876.0,StoreB,ANOMALY,The amount $1876.0 is 3.45 standard deviations above the mean.
3045,284.07,StoreC,NORMAL,The amount $284.07 is within the normal spending range.
2037,220.78,StoreC,NORMAL,The amount $220.78 is within the normal spending range.
7242,70.74,StoreB,NORMAL,The amount $70.74 is within the normal spending range.
9448,146.78,StoreB,NORMAL,The amount $146.78 is within the normal spending range.
7162,139.26,StoreB,NORMAL,The amount $139.26 is within the normal spending range.
5073,192.28,StoreC,NORMAL,The amount $192.28 is within the normal spending range.
2283,242.58,StoreC,NORMAL,The amount $242.58 is within the normal spending range.
7732,241.82,StoreA,NORMAL,The amount $241.82 is within the normal spending range.
6945,22.4,StoreC,NORMAL,The amount $22.4 is within the normal spending range.
4487,306.39,StoreC,NORMAL,The amount $306.39 is within the normal spending range.
3184,225.26,StoreB,NORMAL,The amount $225.26 is within the normal spending range.
9550,338.45,StoreC,NORMAL,The amount $338.45 is within the normal spending range.
4187,2474.58,StoreA,ANOMALY,The amount $2474.58 is 4.75 standard deviations above the mean.
6495,310.13,StoreC,NORMAL,The amount $310.13 is within the normal spending range.
3297,246.65,StoreB,NORMAL,The amount $246.65 is within the normal spending range.
8097,334.62,StoreB,NORMAL,The amount $334.62 is within the normal spending range.
9469,252.23,StoreA,NORMAL,The amount $252.23 is within the normal spending range.
4544,190.21,StoreA,NORMAL,The amount $190.21 is within the normal spending range.
7831,4325.53,StoreC,ANOMALY,The amount $4325.53 is 8.79 standard deviations above the mean.
1391,288.9,StoreA,NORMAL,The amount $288.9 is within the normal spending range.
1968,2605.73,StoreA,ANOMALY,The amount $2605.73 is 5.04 standard deviations above the mean.
6151,72.37,StoreB,NORMAL,The amount $72.37 is within the normal spending range.
5364,71.17,StoreB,NORMAL,The amount $71.17 is within the normal spending range.
4307,229.27,StoreC,NORMAL,The amount $229.27 is within the normal spending range.
7125,214.55,StoreC,NORMAL,The amount $214.55 is within the normal spending range.
5370,138.59,StoreC,NORMAL,The amount $138.59 is within the normal spending range.
5838,214.1,StoreC,NORMAL,The amount $214.1 is within the normal spending range.
9277,358.86,StoreB,NORMAL,The amount $358.86 is within the normal spending range.
4134,269.54,StoreC,NORMAL,The amount $269.54 is within the normal spending range.
2054,85.9,StoreC,NORMAL,The amount $85.9 is within the normal spending range.
4729,188.85,StoreA,NORMAL,The amount $188.85 is within the normal spending range.
3669,1209.89,StoreC,NORMAL,The amount $1209.89 is within the normal spending range.
1275,161.23,StoreA,NORMAL,The amount $161.23 is within the normal spending range.
6717,158.64,StoreB,NORMAL,The amount $158.64 is within the normal spending range.
9022,1541.28,StoreC,NORMAL,The amount $1541.28 is within the normal spending range.
9000,74.49,StoreA,NORMAL,The amount $74.49 is within the normal spending range.
1128,187.23,StoreC,NORMAL,The amount $187.23 is within the normal spending range.
8077,143.94,StoreA,NORMAL,The amount $143.94 is within the normal spending range.
5326,92.94,StoreC,NORMAL,The amount $92.94 is within the normal spending range.
4568,405.3,StoreB,NORMAL,The amount $405.3 is within the normal spending range.
8622,308.88,StoreB,NORMAL,The amount $308.88 is within the normal spending range.
9080,162.37,StoreA,NORMAL,The amount $162.37 is within the normal spending range.
3402,201.88,StoreA,NORMAL,The amount $201.88 is within the normal spending range.
2647,82.83,StoreB,NORMAL,The amount $82.83 is within the normal spending range.
4556,369.57,StoreC,NORMAL,The amount $369.57 is within the normal spending range.
3193,389.73,StoreA,NORMAL,The amount $389.73 is within the normal spending range.
4104,215.67,StoreB,NORMAL,The amount $215.67 is within the normal spending range.
5355,3061.11,StoreA,ANOMALY,The amount $3061.11 is 6.03 standard deviations above the mean.
3134,217.53,StoreB,NORMAL,The amount $217.53 is within the normal spending range.
4903,66.33,StoreB,NORMAL,The amount $66.33 is within the normal spending range.
4613,158.82,StoreA,NORMAL,The amount $158.82 is within the normal spending range.
9583,213.19,StoreA,NORMAL,The amount $213.19 is within the normal spending range.
3279,154.55,StoreB,NORMAL,The amount $154.55 is within the normal spending range.
2152,1803.49,StoreC,ANOMALY,The amount $1803.49 is 3.29 standard deviations above the mean.
2294,190.86,StoreB,NORMAL,The amount $190.86 is within the normal spending range.
9657,191.91,StoreC,NORMAL,The amount $191.91 is within the normal spending range.
6289,205.23,StoreC,NORMAL,The amount $205.23 is within the normal spending range.
4245,93.94,StoreC,NORMAL,The amount $93.94 is within the normal spending range.
7068,128.3,StoreA,NORMAL,The amount $128.3 is within the normal spending range.
7716,71.54,StoreB,NORMAL,The amount $71.54 is within the normal spending range.
7654,3014.83,StoreB,ANOMALY,The amount $3014.83 is 5.93 standard deviations above the mean.
9679,10.56,StoreC,NORMAL,The amount $10.56 is within the normal spending range.
3938,315.36,StoreC,NORMAL,The amount $315.36 is within the normal spending range.
3626,338.63,StoreC,NORMAL,The amount $338.63 is within the normal spending range.
1949,169.78,StoreB,NORMAL,The amount $169.78 is within the normal spending range.
5075,60.31,StoreC,NORMAL,The amount $60.31 is within the normal spending range.
2658,163.87,StoreB,NORMAL,The amount $163.87 is within the normal spending range.
7932,193.58,StoreB,NORMAL,The amount $193.58 is within the normal spending range.
9053,98.94,StoreA,NORMAL,The amount $98.94 is within the normal spending range.
7959,148.48,StoreC,NORMAL,The amount $148.48 is within the normal spending range.
2817,353.02,StoreC,NORMAL,The amount $353.02 is within the normal spending range.
9382,266.49,StoreC,NORMAL,The amount $266.49 is within the normal spending range.
1460,107.54,StoreA,NORMAL,The amount $107.54 is within the normal spending range.
8971,40.24,StoreC,NORMAL,The amount $40.24 is within the normal spending range.
7015,167.3,StoreB,NORMAL,The amount $167.3 is within the normal spending range.
7376,178.65,StoreC,NORMAL,The amount $178.65 is within the normal spending range.
3521,249.62,StoreB,NORMAL,The amount $249.62 is within the normal spending range.
4476,146.47,StoreB,NORMAL,The amount $146.47 is within the normal spending range.
3705,251.15,StoreB,NORMAL,The amount $251.15 is within the normal spending range.
5366,393.52,StoreB,NORMAL,The amount $393.52 is within the normal spending range.
1027,281.55,StoreC,NORMAL,The amount $281.55 is within the normal spending range.
5231,195.19,StoreA,NORMAL,The amount $195.19 is within the normal spending range.
7548,181.68,StoreA,NORMAL,The amount $181.68 is within the normal spending range.
4024,164.33,StoreB,NORMAL,The amount $164.33 is within the normal spending range.
2264,318.06,StoreC,NORMAL,The amount $318.06 is within the normal spending range.
7587,137.27,StoreA,NORMAL,The amount $137.27 is within the normal spending range.
7577,204.52,StoreC,NORMAL,The amount $204.52 is within the normal spending range.
2251,205.12,StoreA,NORMAL,The amount $205.12 is within the normal spending range.
4870,149.82,StoreB,NORMAL,The amount $149.82 is within the normal spending range.
2326,62.75,StoreB,NORMAL,The amount $62.75 is within the normal spending range.
7177,232.3,StoreB,NORMAL,The amount $232.3 is within the normal spending range.
1361,193.9,StoreA,NORMAL,The amount $193.9 is within the normal spending range.
2218,250.02,StoreC,NORMAL,The amount $250.02 is within the normal spending range.
1605,146.64,StoreB,NORMAL,The amount $146.64 is within the normal spending range.
6959,322.08,StoreC,NORMAL,The amount $322.08 is within the normal spending range.
2670,112.32,StoreC,NORMAL,The amount $112.32 is within the normal spending range.
5443,371.2,StoreB,NORMAL,The amount $371.2 is within the normal spending range.
2277,25.24,StoreA,NORMAL,The amount $25.24 is within the normal spending range.
1398,243.48,StoreB,NORMAL,The amount $243.48 is within the normal spending range.
3172,247.54,StoreB,NORMAL,The amount $247.54 is within the normal spending range.
3810,120.44,StoreA,NORMAL,The amount $120.44 is within the normal spending range.
7274,242.44,StoreC,NORMAL,The amount $242.44 is within the normal spending range.
6681,327.95,StoreA,NORMAL,The amount $327.95 is within the normal spending range.
3939,21.68,StoreA,NORMAL,The amount $21.68 is within the normal spending range.
1944,250.27,StoreB,NORMAL,The amount $250.27 is within the normal spending range.
6965,49.33,StoreA,NORMAL,The amount $49.33 is within the normal spending range.
7348,1047.19,StoreA,NORMAL,The amount $1047.19 is within the normal spending range.
8770,362.92,StoreA,NORMAL,The amount $362.92 is within the normal spending range.
8099,141.82,StoreC,NORMAL,The amount $141.82 is within the normal spending range.
2196,82.61,StoreC,NORMAL,The amount $82.61 is within the normal spending range.
2212,180.21,StoreB,NORMAL,The amount $180.21 is within the normal spending range.
1823,406.79,StoreB,NORMAL,The amount $406.79 is within the normal spending range.
8084,16.83,StoreC,NORMAL,The amount $16.83 is within the normal spending range.
1535,94.87,StoreA,NORMAL,The amount $94.87 is within the normal spending range.
4010,349.74,StoreB,NORMAL,The amount $349.74 is within the normal spending range.
8537,385.77,StoreB,NORMAL,The amount $385.77 is within the normal spending range.
1949,189.66,StoreA,NORMAL,The amount $189.66 is within the normal spending range.
1543,770.4,StoreA,NORMAL,The amount $770.4 is within the normal spending range.
4900,409.58,StoreA,NORMAL,The amount $409.58 is within the normal spending range.
5224,3639.12,StoreA,ANOMALY,The amount $3639.12 is 7.29 standard deviations above the mean.
3866,267.89,StoreA,NORMAL,The amount $267.89 is within the normal spending range.
3246,118.76,StoreC,NORMAL,The amount $118.76 is within the normal spending range.
2836,195.1,StoreA,NORMAL,The amount $195.1 is within the normal spending range.
9268,183.96,StoreB,NORMAL,The amount $183.96 is within the normal spending range.
9560,233.09,StoreC,NORMAL,The amount $233.09 is within the normal spending range.
7976,345.1,StoreB,NORMAL,The amount $345.1 is within the normal spending range.
1348,287.94,StoreA,NORMAL,The amount $287.94 is within the normal spending range.
5601,92.26,StoreB,NORMAL,The amount $92.26 is within the normal spending range.
5333,337.65,StoreA,NORMAL,The amount $337.65 is within the normal spending range.
6399,231.31,StoreB,NORMAL,The amount $231.31 is within the normal spending range.
6696,2720.46,StoreB,ANOMALY,The amount $2720.46 is 5.29 standard deviations above the mean.
2455,346.65,StoreA,NORMAL,The amount $346.65 is within the normal spending range.
3185,88.84,StoreB,NORMAL,The amount $88.84 is within the normal spending range.
8436,196.42,StoreC,NORMAL,The amount $196.42 is within the normal spending range.
4811,146.85,StoreB,NORMAL,The amount $146.85 is within the normal spending range.
8309,43.21,StoreC,NORMAL,The amount $43.21 is within the normal spending range.
9086,234.67,StoreC,NORMAL,The amount $234.67 is within the normal spending range.
4682,451.16,StoreB,NORMAL,The amount $451.16 is within the normal spending range.
2846,15.99,StoreC,NORMAL,The amount $15.99 is within the normal spending range.
2854,196.77,StoreC,NORMAL,The amount $196.77 is within the normal spending range.
3985,264.05,StoreB,NORMAL,The amount $264.05 is within the normal spending range.
3894,2149.46,StoreA,ANOMALY,The amount $2149.46 is 4.04 standard deviations above the mean.
8496,188.69,StoreA,NORMAL,The amount $188.69 is within the normal spending range.
1558,70.08,StoreC,NORMAL,The amount $70.08 is within the normal spending range.
3896,223.28,StoreC,NORMAL,The amount $223.28 is within the normal spending range.
2254,124.32,StoreA,NORMAL,The amount $124.32 is within the normal spending range.
2681,18.99,StoreC,NORMAL,The amount $18.99 is within the normal spending range.
6271,319.46,StoreA,NORMAL,The amount $319.46 is within the normal spending range.
7283,295.84,StoreB,NORMAL,The amount $295.84 is within the normal spending range.
9854,205.17,StoreC,NORMAL,The amount $205.17 is within the normal spending range.
4325,222.91,StoreB,NORMAL,The amount $222.91 is within the normal spending range.
2241,307.43,StoreA,NORMAL,The amount $307.43 is within the normal spending range.
4143,222.43,StoreA,NORMAL,The amount $222.43 is within the normal spending range.
4037,290.4,StoreB,NORMAL,The amount $290.4 is within the normal spending range.
9353,170.25,StoreC,NORMAL,The amount $170.25 is within the normal spending range.
2781,331.2,StoreB,NORMAL,The amount $331.2 is within the normal spending range.
5675,232.08,StoreB,NORMAL,The amount $232.08 is within the normal spending range.
2477,219.41,StoreC,NORMAL,The amount $219.41 is within the normal spending range.
8148,72.99,StoreA,NORMAL,The amount $72.99 is within the normal spending range.
8551,228.7,StoreB,NORMAL,The amount $228.7 is within the normal spending range.
1106,1182.56,StoreB,NORMAL,The amount $1182.56 is within the normal spending range.
3668,136.17,StoreA,NORMAL,The amount $136.17 is within the normal spending range.
5935,118.46,StoreB,NORMAL,The amount $118.46 is within the normal spending range.
8270,93.38,StoreA,NORMAL,The amount $93.38 is within the normal spending range.
2164,412.48,StoreC,NORMAL,The amount $412.48 is within the normal spending range.
2157,333.13,StoreA,NORMAL,The amount $333.13 is within the normal spending range.
3246,392.04,StoreA,NORMAL,The amount $392.04 is within the normal spending range.
7653,77.71,StoreB,NORMAL,The amount $77.71 is within the normal spending range.
9858,207.13,StoreA,NORMAL,The amount $207.13 is within the normal spending range.
8649,70.65,StoreA,NORMAL,The amount $70.65 is within the normal spending range.
1511,130.43,StoreB,NORMAL,The amount $130.43 is within the normal spending range.
9441,108.19,StoreA,NORMAL,The amount $108.19 is within the normal spending range.
1888,323.96,StoreB,NORMAL,The amount $323.96 is within the normal spending range.
8983,160.38,StoreC,NORMAL,The amount $160.38 is within the normal spending range.
9791,306.84,StoreA,NORMAL,The amount $306.84 is within the normal spending range.
4022,260.41,StoreC,NORMAL,The amount $260.41 is within the normal spending range.
3530,430.36,StoreA,NORMAL,The amount $430.36 is within the normal spending range.
7315,52.06,StoreA,NORMAL,The amount $52.06 is within the normal spending range.
3064,325.92,StoreC,NORMAL,The amount $325.92 is within the normal spending range.
6413,314.64,StoreC,NORMAL,The amount $314.64 is within the normal spending range.
7537,102.66,StoreB,NORMAL,The amount $102.66 is within the normal spending range.
4569,300.71,StoreB,NORMAL,The amount $300.71 is within the normal spending range.
2242,233.61,StoreC,NORMAL,The amount $233.61 is within the normal spending range.
5329,177.25,StoreA,NORMAL,The amount $177.25 is within the normal spending range.
2925,117.61,StoreB,NORMAL,The amount $117.61 is within the normal spending range.
4395,128.09,StoreA,NORMAL,The amount $128.09 is within the normal spending range.
1440,404.98,StoreB,NORMAL,The amount $404.98 is within the normal spending range.
6231,200.07,StoreB,NORMAL,The amount $200.07 is within the normal spending range.
9181,278.21,StoreB,NORMAL,The amount $278.21 is within the normal spending range.
3743,120.91,StoreC,NORMAL,The amount $120.91 is within the normal spending range.
9039,122.01,StoreA,NORMAL,The amount $122.01 is within the normal spending range.
9198,308.2,StoreC,NORMAL,The amount $308.2 is within the normal spending range.
2586,65.04,StoreB,NORMAL,The amount $65.04 is within the normal spending range.
1825,158.48,StoreC,NORMAL,The amount $158.48 is within the normal spending range.
4824,2059.31,StoreC,ANOMALY,The amount $2059.31 is 3.85 standard deviations above the mean.
2268,2137.61,StoreC,ANOMALY,The amount $2137.61 is 4.02 standard deviations above the mean.
8615,182.09,StoreA,NORMAL,The amount $182.09 is within the normal spending range.
4436,239.58,StoreC,NORMAL,The amount $239.58 is within the normal spending range.
9089,269.29,StoreC,NORMAL,The amount $269.29 is within the normal spending range.
2310,273.46,StoreC,NORMAL,The amount $273.46 is within the normal spending range.
1477,101.42,StoreC,NORMAL,The amount $101.42 is within the normal spending range.
9906,171.58,StoreC,NORMAL,The amount $171.58 is within the normal spending range.
3162,319.48,StoreC,NORMAL,The amount $319.48 is within the normal spending range.
1508,289.46,StoreC,NORMAL,The amount $289.46 is within the normal spending range.
8319,62.71,StoreB,NORMAL,The amount $62.71 is within the normal spending range.
1381,235.15,StoreC,NORMAL,The amount $235.15 is within the normal spending range.
2845,22.05,StoreC,NORMAL,The amount $22.05 is within the normal spending range.
8300,2072.38,StoreA,ANOMALY,The amount $2072.38 is 3.88 standard deviations above the mean.
9909,389.78,StoreB,NORMAL,The amount $389.78 is within the normal spending range.
8717,105.21,StoreC,NORMAL,The amount $105.21 is within the normal spending range.
9509,116.57,StoreA,NORMAL,The amount $116.57 is within the normal spending range.
5629,276.4,StoreC,NORMAL,The amount $276.4 is within the normal spending range.
6704,45.72,StoreC,NORMAL,The amount $45.72 is within the normal spending range.
2776,136.72,StoreC,NORMAL,The amount $136.72 is within the normal spending range.
9103,259.64,StoreC,NORMAL,The amount $259.64 is within the normal spending range.
3284,136.57,StoreC,NORMAL,The amount $136.57 is within the normal spending range.
2244,176.4,StoreA,NORMAL,The amount $176.4 is within the normal spending range.
2333,274.42,StoreC,NORMAL,The amount $274.42 is within the normal spending range.
4669,242.15,StoreA,NORMAL,The amount $242.15 is within the normal spending range.
2200,226.68,StoreC,NORMAL,The amount $226.68 is within the normal spending range.
2794,166.09,StoreA,NORMAL,The amount $166.09 is within the normal spending range.
7181,237.01,StoreB,NORMAL,The amount $237.01 is within the normal spending range.
2454,187.63,StoreC,NORMAL,The amount $187.63 is within the normal spending range.
2933,245.78,StoreB,NORMAL,The amount $245.78 is within the normal spending range.
1746,1521.75,StoreB,NORMAL,The amount $1521.75 is within the normal spending range.
8370,181.74,StoreB,NORMAL,The amount $181.74 is within the normal spending range.
8973,101.0,StoreC,NORMAL,The amount $101.0 is within the normal spending range.
7827,196.5,StoreB,NORMAL,The amount $196.5 is within the normal spending range.
1792,118.9,StoreA,NORMAL,The amount $118.9 is within the normal spending range.
7927,88.6,StoreC,NORMAL,The amount $88.6 is within the normal spending range.
2267,225.87,StoreB,NORMAL,The amount $225.87 is within the normal spending range.
7369,221.27,StoreC,NORMAL,The amount $221.27 is within the normal spending range.
3690,278.29,StoreB,NORMAL,The amount $278.29 is within the normal spending range.
8874,156.89,StoreA,NORMAL,The amount $156.89 is within the normal spending range.
1292,240.81,StoreC,NORMAL,The amount $240.81 is within the normal spending range.
7864,255.08,StoreC,NORMAL,The amount $255.08 is within the normal spending range.
5022,244.48,StoreB,NORMAL,The amount $244.48 is within the normal spending range.
2648,117.43,StoreA,NORMAL,The amount $117.43 is within the normal spending range.
6171,214.94,StoreC,NORMAL,The amount $214.94 is within the normal spending range.
2693,2393.52,StoreB,ANOMALY,The amount $2393.52 is 4.58 standard deviations above the mean.
7710,200.72,StoreA,NORMAL,The amount $200.72 is within the normal spending range.
2037,8.65,StoreA,NORMAL,The amount $8.65 is within the normal spending range.
4852,216.05,StoreA,NORMAL,The amount $216.05 is within the normal spending range.
6459,421.25,StoreA,NORMAL,The amount $421.25 is within the normal spending range.
8048,164.0,StoreC,NORMAL,The amount $164.0 is within the normal spending range.
7184,127.19,StoreC,NORMAL,The amount $127.19 is within the normal spending range.
2161,237.33,StoreA,NORMAL,The amount $237.33 is within the normal spending range.
2029,231.24,StoreB,NORMAL,The amount $231.24 is within the normal spending range.
1978,319.27,StoreB,NORMAL,The amount $319.27 is within the normal spending range.
9709,74.21,StoreA,NORMAL,The amount $74.21 is within the normal spending range.
9974,273.14,StoreA,NORMAL,The amount $273.14 is within the normal spending range.
6129,259.04,StoreB,NORMAL,The amount $259.04 is within the normal spending range.
1137,185.79,StoreA,NORMAL,The amount $185.79 is within the normal spending range.
9945,233.87,StoreA,NORMAL,The amount $233.87 is within the normal spending range.
5808,302.95,StoreC,NORMAL,The amount $302.95 is within the normal spending range.
3455,287.23,StoreC,NORMAL,The amount $287.23 is within the normal spending range.
8392,85.7,StoreA,NORMAL,The amount $85.7 is within the normal spending range.
9771,282.02,StoreA,NORMAL,The amount $282.02 is within the normal spending range.
4266,193.53,StoreC,NORMAL,The amount $193.53 is within the normal spending range.
5649,207.29,StoreA,NORMAL,The amount $207.29 is within the normal spending range.
9587,207.32,StoreC,NORMAL,The amount $207.32 is within the normal spending range.
6253,184.98,StoreC,NORMAL,The amount $184.98 is within the normal spending range.
6428,319.17,StoreB,NORMAL,The amount $319.17 is within the normal spending range.
6985,191.63,StoreC,NORMAL,The amount $191.63 is within the normal spending range.
3589,88.05,StoreB,NORMAL,The amount $88.05 is within the normal spending range.
8176,1626.44,StoreB,NORMAL,The amount $1626.44 is within the normal spending range.
4034,217.87,StoreC,NORMAL,The amount $217.87 is within the normal spending range.
1169,322.92,StoreA,NORMAL,The amount $322.92 is within the normal spending range.
4239,260.31,StoreC,NORMAL,The amount $260.31 is within the normal spending range.
4415,114.95,StoreB,NORMAL,The amount $114.95 is within the normal spending range.
4568,448.52,StoreC,NORMAL,The amount $448.52 is within the normal spending range.
4484,226.48,StoreC,NORMAL,The amount $226.48 is within the normal spending range.
5835,327.54,StoreB,NORMAL,The amount $327.54 is within the normal spending range.
2841,184.83,StoreC,NORMAL,The amount $184.83 is within the normal spending range.
7878,253.34,StoreC,NORMAL,The amount $253.34 is within the normal spending range.
5552,283.95,StoreB,NORMAL,The amount $283.95 is within the normal spending range.
7844,321.82,StoreA,NORMAL,The amount $321.82 is within the normal spending range.
4026,305.74,StoreB,NORMAL,The amount $305.74 is within the normal spending range.
7189,287.22,StoreB,NORMAL,The amount $287.22 is within the normal spending range.
4965,168.49,StoreC,NORMAL,The amount $168.49 is within the normal spending range.
8184,142.83,StoreB,NORMAL,The amount $142.83 is within the normal spending range.
6479,233.26,StoreC,NORMAL,The amount $233.26 is within the normal spending range.
6380,293.31,StoreC,NORMAL,The amount $293.31 is within the normal spending range.
2146,177.73,StoreC,NORMAL,The amount $177.73 is within the normal spending range.
5326,306.52,StoreB,NORMAL,The amount $306.52 is within the normal spending range.
1111,345.26,StoreB,NORMAL,The amount $345.26 is within the normal spending range.
1592,108.37,StoreC,NORMAL,The amount $108.37 is within the normal spending range.
8413,116.31,StoreA,NORMAL,The amount $116.31 is within the normal spending range.
9179,1882.74,StoreA,ANOMALY,The amount $1882.74 is 3.46 standard deviations above the mean.
2238,230.76,StoreB,NORMAL,The amount $230.76 is within the normal spending range.
6983,147.54,StoreC,NORMAL,The amount $147.54 is within the normal spending range.
3794,335.22,StoreC,NORMAL,The amount $335.22 is within the normal spending range.
4598,242.41,StoreB,NORMAL,The amount $242.41 is within the normal spending range.
4803,203.94,StoreA,NORMAL,The amount $203.94 is within the normal spending range.
2526,56.41,StoreB,NORMAL,The amount $56.41 is within the normal spending range.
8909,68.42,StoreB,NORMAL,The amount $68.42 is within the normal spending range.
2969,2309.36,StoreC,ANOMALY,The amount $2309.36 is 4.39 standard deviations above the mean.
2502,13.26,StoreB,NORMAL,The amount $13.26 is within the normal spending range.
5467,301.26,StoreA,NORMAL,The amount $301.26 is within the normal spending range.
7407,184.18,StoreB,NORMAL,The amount $184.18 is within the normal spending range.
9301,524.31,StoreC,NORMAL,The amount $524.31 is within the normal spending range.
3354,430.79,StoreA,NORMAL,The amount $430.79 is within the normal spending range.
6319,181.86,StoreC,NORMAL,The amount $181.86 is within the normal spending range.
1225,189.37,StoreB,NORMAL,The amount $189.37 is within the normal spending range.
4011,299.56,StoreB,NORMAL,The amount $299.56 is within the normal spending range.
5126,370.32,StoreB,NORMAL,The amount $370.32 is within the normal spending range.
1613,36.2,StoreC,NORMAL,The amount $36.2 is within the normal spending range.
1098,21.36,StoreB,NORMAL,The amount $21.36 is within the normal spending range.
6458,137.8,StoreA,NORMAL,The amount $137.8 is within the normal spending range.
6916,2614.84,StoreA,ANOMALY,The amount $2614.84 is 5.06 standard deviations above the mean.
4337,249.69,StoreC,NORMAL,The amount $249.69 is within the normal spending range.
3699,306.98,StoreC,NORMAL,The amount $306.98 is within the normal spending range.
6917,80.03,StoreC,NORMAL,The amount $80.03 is within the normal spending range.
8517,31.61,StoreB,NORMAL,The amount $31.61 is within the normal spending range.
2019,285.8,StoreA,NORMAL,The amount $285.8 is within the normal spending range.
4025,117.18,StoreA,NORMAL,The amount $117.18 is within the normal spending range.
4528,1.85,StoreA,NORMAL,The amount $1.85 is within the normal spending range.
4886,214.51,StoreC,NORMAL,The amount $214.51 is within the normal spending range.
7231,279.32,StoreC,NORMAL,The amount $279.32 is within the normal spending range.
6182,187.79,StoreB,NORMAL,The amount $187.79 is within the normal spending range.
6578,154.22,StoreC,NORMAL,The amount $154.22 is within the normal spending range.
7729,184.06,StoreA,NORMAL,The amount $184.06 is within the normal spending range.
7961,162.94,StoreB,NORMAL,The amount $162.94 is within the normal spending range.
7013,65.2,StoreC,NORMAL,The amount $65.2 is within the normal spending range.
1796,128.53,StoreC,NORMAL,The amount $128.53 is within the normal spending range.
2957,252.13,StoreA,NORMAL,The amount $252.13 is within the normal spending range.
4066,232.17,StoreB,NORMAL,The amount $232.17 is within the normal spending range.
3680,216.81,StoreC,NORMAL,The amount $216.81 is within the normal spending range.
5441,100.49,StoreC,NORMAL,The amount $100.49 is within the normal spending range.
3948,181.85,StoreB,NORMAL,The amount $181.85 is within the normal spending range.
4731,17.71,StoreB,NORMAL,The amount $17.71 is within the normal spending range.
2101,217.85,StoreC,NORMAL,The amount $217.85 is within the normal spending range.
6484,342.89,StoreC,NORMAL,The amount $342.89 is within the normal spending range.
5231,52.59,StoreA,NORMAL,The amount $52.59 is within the normal spending range.
9983,141.41,StoreB,NORMAL,The amount $141.41 is within the normal spending range.
1981,232.91,StoreC,NORMAL,The amount $232.91 is within the normal spending range.
6170,325.28,StoreC,NORMAL,The amount $325.28 is within the normal spending range.
9935,155.18,StoreC,NORMAL,The amount $155.18 is within the normal spending range.
3431,130.77,StoreC,NORMAL,The amount $130.77 is within the normal spending range.
9566,3.11,StoreA,NORMAL,The amount $3.11 is within the normal spending range.
7349,210.34,StoreB,NORMAL,The amount $210.34 is within the normal spending range.
4897,404.21,StoreC,NORMAL,The amount $404.21 is within the normal spending range.
8548,227.74,StoreB,NORMAL,The amount $227.74 is within the normal spending range.
2991,197.77,StoreB,NORMAL,The amount $197.77 is within the normal spending range.
3928,232.21,StoreC,NORMAL,The amount $232.21 is within the normal spending range.
6430,198.89,StoreC,NORMAL,The amount $198.89 is within the normal spending range.
4446,118.7,StoreC,NORMAL,The amount $118.7 is within the normal spending range.
7775,282.33,StoreA,NORMAL,The amount $282.33 is within the normal spending range.
9783,222.58,StoreC,NORMAL,The amount $222.58 is within the normal spending range.
6161,201.76,StoreB,NORMAL,The amount $201.76 is within the normal spending range.
3569,102.46,StoreB,NORMAL,The amount $102.46 is within the normal spending range.
3872,330.35,StoreA,NORMAL,The amount $330.35 is within the normal spending range.
2335,266.47,StoreC,NORMAL,The amount $266.47 is within the normal spending range.
6413,144.71,StoreC,NORMAL,The amount $144.71 is within the normal spending range.
1112,300.18,StoreA,NORMAL,The amount $300.18 is within the normal spending range.
4772,150.24,StoreA,NORMAL,The amount $150.24 is within the normal spending range.
6294,121.8,StoreC,NORMAL,The amount $121.8 is within the normal spending range.
2987,1255.71,StoreC,NORMAL,The amount $1255.71 is within the normal spending range.
5829,22.89,StoreB,NORMAL,The amount $22.89 is within the normal spending range.
2985,247.15,StoreC,NORMAL,The amount $247.15 is within the normal spending range.
6091,16.89,StoreC,NORMAL,The amount $16.89 is within the normal spending range.
1252,77.16,StoreB,NORMAL,The amount $77.16 is within the normal spending range.
9315,7.56,StoreB,NORMAL,The amount $7.56 is within the normal spending range.
1623,191.39,StoreB,NORMAL,The amount $191.39 is within the normal spending range.
4156,184.97,StoreB,NORMAL,The amount $184.97 is within the normal spending range.
4389,167.33,StoreA,NORMAL,The amount $167.33 is within the normal spending range.
4417,95.74,StoreB,NORMAL,The amount $95.74 is within the normal spending range.
3945,82.78,StoreA,NORMAL,The amount $82.78 is within the normal spending range.
9632,2495.0,StoreB,ANOMALY,The amount $2495.0 is 4.80 standard deviations above the mean.
3092,144.94,StoreB,NORMAL,The amount $144.94 is within the normal spending range.
3705,231.64,StoreB,NORMAL,The amount $231.64 is within the normal spending range.
4759,111.48,StoreC,NORMAL,The amount $111.48 is within the normal spending range.
6112,218.11,StoreA,NORMAL,The amount $218.11 is within the normal spending range.
1553,330.33,StoreB,NORMAL,The amount $330.33 is within the normal spending range.
5904,258.62,StoreC,NORMAL,The amount $258.62 is within the normal spending range.
2112,1607.32,StoreA,NORMAL,The amount $1607.32 is within the normal spending range.
3777,225.72,StoreA,NORMAL,The amount $225.72 is within the normal spending range.
8097,175.93,StoreC,NORMAL,The amount $175.93 is within the normal spending range.
2314,200.79,StoreA,NORMAL,The amount $200.79 is within the normal spending range.
4493,167.44,StoreC,NORMAL,The amount $167.44 is within the normal spending range.
9290,183.57,StoreB,NORMAL,The amount $183.57 is within the normal spending range.
8473,221.21,StoreC,NORMAL,The amount $221.21 is within the normal spending range.
8015,100.66,StoreA,NORMAL,The amount $100.66 is within the normal spending range.
6710,98.41,StoreA,NORMAL,The amount $98.41 is within the normal spending range.
2222,61.15,StoreB,NORMAL,The amount $61.15 is within the normal spending range.
5583,39.97,StoreC,NORMAL,The amount $39.97 is within the normal spending range.
6520,78.27,StoreB,NORMAL,The amount $78.27 is within the normal spending range.
8872,215.95,StoreC,NORMAL,The amount $215.95 is within the normal spending range.
9668,110.72,StoreC,NORMAL,The amount $110.72 is within the normal spending range.
6431,251.36,StoreC,NORMAL,The amount $251.36 is within the normal spending range.
2705,203.47,StoreB,NORMAL,The amount $203.47 is within the normal spending range.
1517,3.15,StoreB,NORMAL,The amount $3.15 is within the normal spending range.
2220,265.5,StoreA,NORMAL,The amount $265.5 is within the normal spending range.
3506,281.08,StoreB,NORMAL,The amount $281.08 is within the normal spending range.
5325,100.61,StoreC,NORMAL,The amount $100.61 is within the normal spending range.
6479,242.02,StoreC,NORMAL,The amount $242.02 is within the normal spending range.
8436,114.35,StoreC,NORMAL,The amount $114.35 is within the normal spending range.
4090,209.77,StoreB,NORMAL,The amount $209.77 is within the normal spending range.
7497,73.55,StoreA,NORMAL,The amount $73.55 is within the normal spending range.
6168,20.69,StoreB,NORMAL,The amount $20.69 is within the normal spending range.
7993,161.72,StoreA,NORMAL,The amount $161.72 is within the normal spending range.
1973,187.63,StoreB,NORMAL,The amount $187.63 is within the normal spending range.
6277,160.23,StoreC,NORMAL,The amount $160.23 is within the normal spending range.
9257,81.6,StoreA,NORMAL,The amount $81.6 is within the normal spending range.
7092,160.01,StoreB,NORMAL,The amount $160.01 is within the normal spending range.
3906,226.93,StoreC,NORMAL,The amount $226.93 is within the normal spending range.
1570,1979.41,StoreA,ANOMALY,The amount $1979.41 is 3.67 standard deviations above the mean.
1307,218.25,StoreA,NORMAL,The amount $218.25 is within the normal spending range.
4742,132.99,StoreC,NORMAL,The amount $132.99 is within the normal spending range.
9974,317.17,StoreC,NORMAL,The amount $317.17 is within the normal spending range.
1765,82.38,StoreB,NORMAL,The amount $82.38 is within the normal spending range.
9964,248.76,StoreB,NORMAL,The amount $248.76 is within the normal spending range.
8814,318.19,StoreC,NORMAL,The amount $318.19 is within the normal spending range.
8735,248.09,StoreB,NORMAL,The amount $248.09 is within the normal spending range.
9036,179.75,StoreC,NORMAL,The amount $179.75 is within the normal spending range.
8596,147.17,StoreC,NORMAL,The amount $147.17 is within the normal spending range.
1539,303.61,StoreB,NORMAL,The amount $303.61 is within the normal spending range.
8985,57.7,StoreB,NORMAL,The amount $57.7 is within the normal spending range.
3049,102.99,StoreA,NORMAL,The amount $102.99 is within the normal spending range.
4283,160.24,StoreA,NORMAL,The amount $160.24 is within the normal spending range.
5675,323.77,StoreB,NORMAL,The amount $323.77 is within the normal spending range.
2663,237.98,StoreB,NORMAL,The amount $237.98 is within the normal spending range.
7476,103.2,StoreB,NORMAL,The amount $103.2 is within the normal spending range.
4439,168.97,StoreA,NORMAL,The amount $168.97 is within the normal spending range.
9697,1402.9,StoreB,NORMAL,The amount $1402.9 is within the normal spending range.
8143,129.02,StoreA,NORMAL,The amount $129.02 is within the normal spending range.
4247,297.89,StoreA,NORMAL,The amount $297.89 is within the normal spending range.
4500,62.83,StoreA,NORMAL,The amount $62.83 is within the normal spending range.
2910,360.88,StoreA,NORMAL,The amount $360.88 is within the normal spending range.
1732,282.82,StoreC,NORMAL,The amount $282.82 is within the normal spending range.
4513,309.09,StoreB,NORMAL,The amount $309.09 is within the normal spending range.
5609,153.71,StoreB,NORMAL,The amount $153.71 is within the normal spending range.
5456,185.01,StoreC,NORMAL,The amount $185.01 is within the normal spending range.
4335,56.68,StoreB,NORMAL,The amount $56.68 is within the normal spending range.
9168,147.53,StoreA,NORMAL,The amount $147.53 is within the normal spending range.
8056,249.37,StoreC,NORMAL,The amount $249.37 is within the normal spending range.
3753,329.61,StoreA,NORMAL,The amount $329.61 is within the normal spending range.
2372,89.28,StoreC,NORMAL,The amount $89.28 is within the normal spending range.
4376,163.45,StoreA,NORMAL,The amount $163.45 is within the normal spending range.
9481,184.87,StoreB,NORMAL,The amount $184.87 is within the normal spending range.
1063,60.42,StoreB,NORMAL,The amount $60.42 is within the normal spending range.
4945,259.13,StoreB,NORMAL,The amount $259.13 is within the normal spending range.
1329,127.6,StoreC,NORMAL,The amount $127.6 is within the normal spending range.
5858,180.46,StoreB,NORMAL,The amount $180.46 is within the normal spending range.
2963,154.81,StoreC,NORMAL,The amount $154.81 is within the normal spending range.
4088,121.07,StoreA,NORMAL,The amount $121.07 is within the normal spending range.
1140,199.3,StoreB,NORMAL,The amount $199.3 is within the normal spending range.
5539,178.44,StoreA,NORMAL,The amount $178.44 is within the normal spending range.
3473,162.81,StoreB,NORMAL,The amount $162.81 is within the normal spending range.
6594,127.15,StoreA,NORMAL,The amount $127.15 is within the normal spending range.
4903,231.95,StoreC,NORMAL,The amount $231.95 is within the normal spending range.
6364,365.36,StoreB,NORMAL,The amount $365.36 is within the normal spending range.
1449,213.99,StoreC,NORMAL,The amount $213.99 is within the normal spending range.
5446,299.61,StoreC,NORMAL,The amount $299.61 is within the normal spending range.
5694,60.98,StoreA,NORMAL,The amount $60.98 is within the normal spending range.
5806,215.78,StoreB,NORMAL,The amount $215.78 is within the normal spending range.
1869,90.26,StoreC,NORMAL,The amount $90.26 is within the normal spending range.
7079,52.31,StoreA,NORMAL,The amount $52.31 is within the normal spending range.
8307,126.06,StoreA,NORMAL,The amount $126.06 is within the normal spending range.
4659,319.19,StoreA,NORMAL,The amount $319.19 is within the normal spending range.
4602,295.0,StoreB,NORMAL,The amount $295.0 is within the normal spending range.
9584,224.3,StoreB,NORMAL,The amount $224.3 is within the normal spending range.
3448,46.73,StoreA,NORMAL,The amount $46.73 is within the normal spending range.
8592,180.37,StoreB,NORMAL,The amount $180.37 is within the normal spending range.
3953,230.17,StoreA,NORMAL,The amount $230.17 is within the normal spending range.
6131,217.55,StoreB,NORMAL,The amount $217.55 is within the normal spending range.
2358,158.15,StoreB,NORMAL,The amount $158.15 is within the normal spending range.
9219,110.97,StoreA,NORMAL,The amount $110.97 is within the normal spending range.
1387,193.59,StoreA,NORMAL,The amount $193.59 is within the normal spending range.
1832,253.63,StoreB,NORMAL,The amount $253.63 is within the normal spending range.
9441,19.61,StoreA,NORMAL,The amount $19.61 is within the normal spending range.
5193,183.79,StoreA,NORMAL,The amount $183.79 is within the normal spending range.
2838,214.3,StoreA,NORMAL,The amount $214.3 is within the normal spending range.
1891,2885.03,StoreA,ANOMALY,The amount $2885.03 is 5.65 standard deviations above the mean.
6588,269.29,StoreB,NORMAL,The amount $269.29 is within the normal spending range.
2305,258.26,StoreC,NORMAL,The amount $258.26 is within the normal spending range.
6283,120.01,StoreB,NORMAL,The amount $120.01 is within the normal spending range.
5548,9.2,StoreA,NORMAL,The amount $9.2 is within the normal spending range.
5192,160.69,StoreA,NORMAL,The amount $160.69 is within the normal spending range.
7452,300.16,StoreB,NORMAL,The amount $300.16 is within the normal spending range.
9453,339.35,StoreA,NORMAL,The amount $339.35 is within the normal spending range.
3340,271.05,StoreB,NORMAL,The amount $271.05 is within the normal spending range.
2793,242.93,StoreC,NORMAL,The amount $242.93 is within the normal spending range.
7394,237.96,StoreA,NORMAL,The amount $237.96 is within the normal spending range.
1324,144.39,StoreC,NORMAL,The amount $144.39 is within the normal spending range.
8848,186.99,StoreC,NORMAL,The amount $186.99 is within the normal spending range.
9114,366.91,StoreA,NORMAL,The amount $366.91 is within the normal spending range.
7644,105.74,StoreA,NORMAL,The amount $105.74 is within the normal spending range.
5782,3659.71,StoreB,ANOMALY,The amount $3659.71 is 7.34 standard deviations above the mean.
4137,167.8,StoreB,NORMAL,The amount $167.8 is within the normal spending range.
4898,332.54,StoreA,NORMAL,The amount $332.54 is within the normal spending range.
1835,59.32,StoreB,NORMAL,The amount $59.32 is within the normal spending range.
5154,258.59,StoreC,NORMAL,The amount $258.59 is within the normal spending range.
3778,126.32,StoreC,NORMAL,The amount $126.32 is within the normal spending range.
7409,58.47,StoreA,NORMAL,The amount $58.47 is within the normal spending range.
5313,221.85,StoreB,NORMAL,The amount $221.85 is within the normal spending range.
6646,300.95,StoreA,NORMAL,The amount $300.95 is within the normal spending range.
8608,115.51,StoreC,NORMAL,The amount $115.51 is within the normal spending range.
4721,50.1,StoreA,NORMAL,The amount $50.1 is within the normal spending range.
8911,190.82,StoreA,NORMAL,The amount $190.82 is within the normal spending range.
2671,191.26,StoreA,NORMAL,The amount $191.26 is within the normal spending range.
1916,254.83,StoreA,NORMAL,The amount $254.83 is within the normal spending range.
6588,294.96,StoreC,NORMAL,The amount $294.96 is within the normal spending range.
7496,194.06,StoreA,NORMAL,The amount $194.06 is within the normal spending range.
2836,385.55,StoreA,NORMAL,The amount $385.55 is within the normal spending range.
3138,222.42,StoreB,NORMAL,The amount $222.42 is within the normal spending range.
5007,165.36,StoreA,NORMAL,The amount $165.36 is within the normal spending range.
2905,38.84,StoreB,NORMAL,The amount $38.84 is within the normal spending range.
4989,1758.93,StoreA,ANOMALY,The amount $1758.93 is 3.19 standard deviations above the mean.
4485,1684.29,StoreB,ANOMALY,The amount $1684.29 is 3.03 standard deviations above the mean.
5797,296.03,StoreA,NORMAL,The amount $296.03 is within the normal spending range.
3732,246.25,StoreB,NORMAL,The amount $246.25 is within the normal spending range.
8714,82.06,StoreA,NORMAL,The amount $82.06 is within the normal spending range.
2321,217.23,StoreA,NORMAL,The amount $217.23 is within the normal spending range.
4354,2704.73,StoreB,ANOMALY,The amount $2704.73 is 5.26 standard deviations above the mean.
8101,352.8,StoreA,NORMAL,The amount $352.8 is within the normal spending range.
5743,288.75,StoreA,NORMAL,The amount $288.75 is within the normal spending range.
9951,276.08,StoreA,NORMAL,The amount $276.08 is within the normal spending range.
8014,206.01,StoreA,NORMAL,The amount $206.01 is within the normal spending range.
4412,238.83,StoreC,NORMAL,The amount $238.83 is within the normal spending range.
8825,324.95,StoreA,NORMAL,The amount $324.95 is within the normal spending range.
2357,66.72,StoreC,NORMAL,The amount $66.72 is within the normal spending range.
4481,165.06,StoreC,NORMAL,The amount $165.06 is within the normal spending range.
2766,122.74,StoreA,NORMAL,The amount $122.74 is within the normal spending range.
9219,237.92,StoreB,NORMAL,The amount $237.92 is within the normal spending range.
8163,323.02,StoreB,NORMAL,The amount $323.02 is within the normal spending range.
3470,140.3,StoreA,NORMAL,The amount $140.3 is within the normal spending range.
1159,39.03,StoreC,NORMAL,The amount $39.03 is within the normal spending range.
3892,158.78,StoreB,NORMAL,The amount $158.78 is within the normal spending range.
6326,291.35,StoreA,NORMAL,The amount $291.35 is within the normal spending range.
5113,2569.17,StoreA,ANOMALY,The amount $2569.17 is 4.96 standard deviations above the mean.
8749,242.82,StoreC,NORMAL,The amount $242.82 is within the normal spending range.
8798,172.0,StoreB,NORMAL,The amount $172.0 is within the normal spending range.
5999,72.1,StoreA,NORMAL,The amount $72.1 is within the normal spending range.
2570,2546.56,StoreB,ANOMALY,The amount $2546.56 is 4.91 standard deviations above the mean.
4405,116.57,StoreA,NORMAL,The amount $116.57 is within the normal spending range.
6527,418.41,StoreA,NORMAL,The amount $418.41 is within the normal spending range.
6848,257.05,StoreA,NORMAL,The amount $257.05 is within the normal spending range.
7817,141.94,StoreC,NORMAL,The amount $141.94 is within the normal spending range.
2627,138.86,StoreC,NORMAL,The amount $138.86 is within the normal spending range.
7143,190.71,StoreC,NORMAL,The amount $190.71 is within the normal spending range.
9396,176.05,StoreB,NORMAL,The amount $176.05 is within the normal spending range.
7558,311.68,StoreC,NORMAL,The amount $311.68 is within the normal spending range.
6272,218.64,StoreC,NORMAL,The amount $218.64 is within the normal spending range.
8881,126.84,StoreB,NORMAL,The amount $126.84 is within the normal spending range.
9983,389.04,StoreB,NORMAL,The amount $389.04 is within the normal spending range.
4747,204.93,StoreB,NORMAL,The amount $204.93 is within the normal spending range.
2607,276.88,StoreB,NORMAL,The amount $276.88 is within the normal spending range.
6074,139.18,StoreC,NORMAL,The amount $139.18 is within the normal spending range.
8153,2392.49,StoreC,ANOMALY,The amount $2392.49 is 4.57 standard deviations above the mean.
7733,231.11,StoreB,NORMAL,The amount $231.11 is within the normal spending range.
1066,11.04,StoreC,NORMAL,The amount $11.04 is within the normal spending range.
9000,401.53,StoreA,NORMAL,The amount $401.53 is within the normal spending range.
8645,329.06,StoreC,NORMAL,The amount $329.06 is within the normal spending range.
5158,160.28,StoreA,NORMAL,The amount $160.28 is within the normal spending range.
1402,89.77,StoreB,NORMAL,The amount $89.77 is within the normal spending range.
8925,234.76,StoreB,NORMAL,The amount $234.76 is within the normal spending range.
5166,208.67,StoreC,NORMAL,The amount $208.67 is within the normal spending range.
3925,235.57,StoreB,NORMAL,The amount $235.57 is within the normal spending range.
3993,219.16,StoreC,NORMAL,The amount $219.16 is within the normal spending range.
1771,250.62,StoreC,NORMAL,The amount $250.62 is within the normal spending range.
8371,344.73,StoreC,NORMAL,The amount $344.73 is within the normal spending range.
6713,256.81,StoreC,NORMAL,The amount $256.81 is within the normal spending range.
9167,95.03,StoreA,NORMAL,The amount $95.03 is within the normal spending range.
2556,336.26,StoreA,NORMAL,The amount $336.26 is within the normal spending range.
2151,364.06,StoreB,NORMAL,The amount $364.06 is within the normal spending range.
6314,515.21,StoreA,NORMAL,The amount $515.21 is within the normal spending range.
2217,87.65,StoreB,NORMAL,The amount $87.65 is within the normal spending range.
4944,224.29,StoreB,NORMAL,The amount $224.29 is within the normal spending range.
9039,8.21,StoreC,NORMAL,The amount $8.21 is within the normal spending range.
3042,255.31,StoreC,NORMAL,The amount $255.31 is within the normal spending range.
7303,145.18,StoreC,NORMAL,The amount $145.18 is within the normal spending range.
9897,392.34,StoreC,NORMAL,The amount $392.34 is within the normal spending range.
3669,122.54,StoreC,NORMAL,The amount $122.54 is within the normal spending range.
3113,31.08,StoreC,NORMAL,The amount $31.08 is within the normal spending range.
3977,152.87,StoreA,NORMAL,The amount $152.87 is within the normal spending range.
5378,2.45,StoreB,NORMAL,The amount $2.45 is within the normal spending range.
8227,275.11,StoreB,NORMAL,The amount $275.11 is within the normal spending range.
7261,6.51,StoreC,NORMAL,The amount $6.51 is within the normal spending range.
1422,202.85,StoreA,NORMAL,The amount $202.85 is within the normal spending range.
9722,7.78,StoreC,NORMAL,The amount $7.78 is within the normal spending range.
1090,167.97,StoreA,NORMAL,The amount $167.97 is within the normal spending range.
4372,364.34,StoreA,NORMAL,The amount $364.34 is within the normal spending range.
7036,236.06,StoreB,NORMAL,The amount $236.06 is within the normal spending range.
2942,113.65,StoreB,NORMAL,The amount $113.65 is within the normal spending range.
4805,196.88,StoreA,NORMAL,The amount $196.88 is within the normal spending range.
1097,201.8,StoreB,NORMAL,The amount $201.8 is within the normal spending range.
2479,247.26,StoreA,NORMAL,The amount $247.26 is within the normal spending range.
5626,63.31,StoreA,NORMAL,The amount $63.31 is within the normal spending range.
6147,259.26,StoreA,NORMAL,The amount $259.26 is within the normal spending range.
4647,70.44,StoreB,NORMAL,The amount $70.44 is within the normal spending range.
6443,137.01,StoreC,NORMAL,The amount $137.01 is within the normal spending range.
1079,151.17,StoreB,NORMAL,The amount $151.17 is within the normal spending range.
6577,263.33,StoreC,NORMAL,The amount $263.33 is within the normal spending range.
3223,202.26,StoreB,NORMAL,The amount $202.26 is within the normal spending range.
3569,601.82,StoreB,NORMAL,The amount $601.82 is within the normal spending range.
5518,101.5,StoreC,NORMAL,The amount $101.5 is within the normal spending range.
2123,219.87,StoreA,NORMAL,The amount $219.87 is within the normal spending range.
3623,192.09,StoreC,NORMAL,The amount $192.09 is within the normal spending range.
2403,142.09,StoreA,NORMAL,The amount $142.09 is within the normal spending range.
3578,151.92,StoreA,NORMAL,The amount $151.92 is within the normal spending range.
1331,269.62,StoreB,NORMAL,The amount $269.62 is within the normal spending range.
8485,148.23,StoreB,NORMAL,The amount $148.23 is within the normal spending range.
1739,191.19,StoreB,NORMAL,The amount $191.19 is within the normal spending range.
9233,416.99,StoreB,NORMAL,The amount $416.99 is within the normal spending range.
5980,57.63,StoreB,NORMAL,The amount $57.63 is within the normal spending range.
4878,14.82,StoreC,NORMAL,The amount $14.82 is within the normal spending range.
2949,278.36,StoreC,NORMAL,The amount $278.36 is within the normal spending range.
4460,132.14,StoreC,NORMAL,The amount $132.14 is within the normal spending range.
3128,168.18,StoreC,NORMAL,The amount $168.18 is within the normal spending range.
5497,121.88,StoreB,NORMAL,The amount $121.88 is within the normal spending range.
3154,174.02,StoreC,NORMAL,The amount $174.02 is within the normal spending range.
6230,359.85,StoreC,NORMAL,The amount $359.85 is within the normal spending range.
8444,280.21,StoreA,NORMAL,The amount $280.21 is within the normal spending range.
2237,286.22,StoreB,NORMAL,The amount $286.22 is within the normal spending range.
9697,58.38,StoreC,NORMAL,The amount $58.38 is within the normal spending range.
6240,84.88,StoreC,NORMAL,The amount $84.88 is within the normal spending range.
5815,83.91,StoreC,NORMAL,The amount $83.91 is within the normal spending range.
1256,119.06,StoreB,NORMAL,The amount $119.06 is within the normal spending range.
2720,295.67,StoreC,NORMAL,The amount $295.67 is within the normal spending range.
8347,251.69,StoreA,NORMAL,The amount $251.69 is within the normal spending range.
8076,177.85,StoreB,NORMAL,The amount $177.85 is within the normal spending range.
2071,197.77,StoreA,NORMAL,The amount $197.77 is within the normal spending range.
2622,131.11,StoreB,NORMAL,The amount $131.11 is within the normal spending range.
3066,220.48,StoreC,NORMAL,The amount $220.48 is within the normal spending range.
9642,276.59,StoreB,NORMAL,The amount $276.59 is within the normal spending range.
1897,38.41,StoreB,NORMAL,The amount $38.41 is within the normal spending range.
6175,229.96,StoreB,NORMAL,The amount $229.96 is within the normal spending range.
9273,293.24,StoreA,NORMAL,The amount $293.24 is within the normal spending range.
9928,158.49,StoreB,NORMAL,The amount $158.49 is within the normal spending range.
5174,270.07,StoreC,NORMAL,The amount $270.07 is within the normal spending range.
6781,481.47,StoreB,NORMAL,The amount $481.47 is within the normal spending range.
4944,189.57,StoreB,NORMAL,The amount $189.57 is within the normal spending range.
7426,239.33,StoreC,NORMAL,The amount $239.33 is within the normal spending range.
6435,126.19,StoreC,NORMAL,The amount $126.19 is within the normal spending range.
3935,218.13,StoreA,NORMAL,The amount $218.13 is within the normal spending range.
6833,246.03,StoreC,NORMAL,The amount $246.03 is within the normal spending range.
9088,219.48,StoreC,NORMAL,The amount $219.48 is within the normal spending range.
1461,98.03,StoreC,NORMAL,The amount $98.03 is within the normal spending range.
1116,220.64,StoreB,NORMAL,The amount $220.64 is within the normal spending range.
6785,346.22,StoreA,NORMAL,The amount $346.22 is within the normal spending range.
7507,244.86,StoreC,NORMAL,The amount $244.86 is within the normal spending range.
6830,296.2,StoreC,NORMAL,The amount $296.2 is within the normal spending range.
5561,1784.9,StoreC,ANOMALY,The amount $1784.9 is 3.25 standard deviations above the mean.
9127,274.99,StoreB,NORMAL,The amount $274.99 is within the normal spending range.
1659,227.93,StoreB,NORMAL,The amount $227.93 is within the normal spending range.
3122,104.91,StoreA,NORMAL,The amount $104.91 is within the normal spending range.
2586,231.85,StoreA,NORMAL,The amount $231.85 is within the normal spending range.
5682,100.83,StoreB,NORMAL,The amount $100.83 is within the normal spending range.
7799,136.71,StoreC,NORMAL,The amount $136.71 is within the normal spending range.
9826,218.93,StoreC,NORMAL,The amount $218.93 is within the normal spending range.
7987,229.72,StoreA,NORMAL,The amount $229.72 is within the normal spending range.
8975,81.08,StoreC,NORMAL,The amount $81.08 is within the normal spending range.
3882,305.4,StoreB,NORMAL,The amount $305.4 is within the normal spending range.
6249,257.2,StoreA,NORMAL,The amount $257.2 is within the normal spending range.
3811,1311.37,StoreB,NORMAL,The amount $1311.37 is within the normal spending range.
6527,46.24,StoreB,NORMAL,The amount $46.24 is within the normal spending range.
2884,185.51,StoreC,NORMAL,The amount $185.51 is within the normal spending range.
9813,155.41,StoreB,NORMAL,The amount $155.41 is within the normal spending range.
6073,211.31,StoreB,NORMAL,The amount $211.31 is within the normal spending range.
6416,163.69,StoreC,NORMAL,The amount $163.69 is within the normal spending range.
6800,0.75,StoreB,NORMAL,The amount $0.75 is within the normal spending range.
7895,161.17,StoreC,NORMAL,The amount $161.17 is within the normal spending range.
7315,169.44,StoreB,NORMAL,The amount $169.44 is within the normal spending range.
5930,263.37,StoreC,NORMAL,The amount $263.37 is within the normal spending range.
3365,130.18,StoreC,NORMAL,The amount $130.18 is within the normal spending range.
1854,367.87,StoreA,NORMAL,The amount $367.87 is within the normal spending range.
3728,8.84,StoreB,NORMAL,The amount $8.84 is within the normal spending range.
1915,331.12,StoreB,NORMAL,The amount $331.12 is within the normal spending range.
8173,177.57,StoreA,NORMAL,The amount $177.57 is within the normal spending range.
5938,285.96,StoreC,NORMAL,The amount $285.96 is within the normal spending range.
1131,207.98,StoreC,NORMAL,The amount $207.98 is within the normal spending range.
4593,313.96,StoreA,NORMAL,The amount $313.96 is within the normal spending range.
1293,161.26,StoreA,NORMAL,The amount $161.26 is within the normal spending range.
4685,90.14,StoreC,NORMAL,The amount $90.14 is within the normal spending range.
9016,342.05,StoreC,NORMAL,The amount $342.05 is within the normal spending range.
8762,188.65,StoreA,NORMAL,The amount $188.65 is within the normal spending range.
7846,222.16,StoreB,NORMAL,The amount $222.16 is within the normal spending range.
8584,323.48,StoreC,NORMAL,The amount $323.48 is within the normal spending range.
8310,96.8,StoreA,NORMAL,The amount $96.8 is within the normal spending range.
6356,259.55,StoreB,NORMAL,The amount $259.55 is within the normal spending range.
1286,141.01,StoreB,NORMAL,The amount $141.01 is within the normal spending range.
9641,186.78,StoreB,NORMAL,The amount $186.78 is within the normal spending range.
7586,207.23,StoreB,NORMAL,The amount $207.23 is within the normal spending range.
6303,49.98,StoreA,NORMAL,The amount $49.98 is within the normal spending range.
4116,1236.34,StoreC,NORMAL,The amount $1236.34 is within the normal spending range.
6874,335.11,StoreB,NORMAL,The amount $335.11 is within the normal spending range.
7970,2922.06,StoreB,ANOMALY,The amount $2922.06 is 5.73 standard deviations above the mean.
9148,193.74,StoreA,NORMAL,The amount $193.74 is within the normal spending range.
9444,2271.0,StoreB,ANOMALY,The amount $2271.0 is 4.31 standard deviations above the mean.
2235,170.58,StoreA,NORMAL,The amount $170.58 is within the normal spending range.
1999,335.66,StoreA,NORMAL,The amount $335.66 is within the normal spending range.
4760,179.96,StoreC,NORMAL,The amount $179.96 is within the normal spending range.
5116,223.18,StoreB,NORMAL,The amount $223.18 is within the normal spending range.
5411,314.6,StoreC,NORMAL,The amount $314.6 is within the normal spending range.
6557,122.26,StoreA,NORMAL,The amount $122.26 is within the normal spending range.
6352,355.88,StoreB,NORMAL,The amount $355.88 is within the normal spending range.
4683,46.95,StoreA,NORMAL,The amount $46.95 is within the normal spending range.
3261,362.96,StoreA,NORMAL,The amount $362.96 is within the normal spending range.
2853,162.73,StoreA,NORMAL,The amount $162.73 is within the normal spending range.
9791,175.73,StoreB,NORMAL,The amount $175.73 is within the normal spending range.
7895,11.0,StoreA,NORMAL,The amount $11.0 is within the normal spending range.
3990,154.52,StoreA,NORMAL,The amount $154.52 is within the normal spending range.
1862,96.02,StoreB,NORMAL,The amount $96.02 is within the normal spending range.
5527,139.24,StoreC,NORMAL,The amount $139.24 is within the normal spending range.
2219,1885.84,StoreA,ANOMALY,The amount $1885.84 is 3.47 standard deviations above the mean.
4795,295.78,StoreC,NORMAL,The amount $295.78 is within the normal spending range.
1527,220.76,StoreC,NORMAL,The amount $220.76 is within the normal spending range.
8369,230.77,StoreC,NORMAL,The amount $230.77 is within the normal spending range.
3922,90.45,StoreC,NORMAL,The amount $90.45 is within the normal spending range.
6849,111.92,StoreC,NORMAL,The amount $111.92 is within the normal spending range.
2162,379.87,StoreC,NORMAL,The amount $379.87 is within the normal spending range.
1846,126.48,StoreB,NORMAL,The amount $126.48 is within the normal spending range.
7959,365.62,StoreB,NORMAL,The amount $365.62 is within the normal spending range.
4086,175.69,StoreC,NORMAL,The amount $175.69 is within the normal spending range.
4283,200.23,StoreB,NORMAL,The amount $200.23 is within the normal spending range.
4323,307.04,StoreB,NORMAL,The amount $307.04 is within the normal spending range.
1445,3312.56,StoreC,ANOMALY,The amount $3312.56 is 6.58 standard deviations above the mean.
2025,188.92,StoreC,NORMAL,The amount $188.92 is within the normal spending range.
2359,161.18,StoreA,NORMAL,The amount $161.18 is within the normal spending range.
9210,194.41,StoreB,NORMAL,The amount $194.41 is within the normal spending range.
7113,233.8,StoreC,NORMAL,The amount $233.8 is within the normal spending range.
9752,289.13,StoreB,NORMAL,The amount $289.13 is within the normal spending range.
1471,200.42,StoreB,NORMAL,The amount $200.42 is within the normal spending range.
1027,261.89,StoreB,NORMAL,The amount $261.89 is within the normal spending range.
9751,363.84,StoreA,NORMAL,The amount $363.84 is within the normal spending range.
4236,238.13,StoreC,NORMAL,The amount $238.13 is within the normal spending range.
4948,231.17,StoreB,NORMAL,The amount $231.17 is within the normal spending range.
7172,48.11,StoreC,NORMAL,The amount $48.11 is within the normal spending range.
2979,63.07,StoreB,NORMAL,The amount $63.07 is within the normal spending range.
5921,238.84,StoreC,NORMAL,The amount $238.84 is within the normal spending range.
3326,190.52,StoreC,NORMAL,The amount $190.52 is within the normal spending range.
3330,148.52,StoreC,NORMAL,The amount $148.52 is within the normal spending range.
8646,224.35,StoreB,NORMAL,The amount $224.35 is within the normal spending range.
2002,193.96,StoreA,NORMAL,The amount $193.96 is within the normal spending range.
7448,312.78,StoreC,NORMAL,The amount $312.78 is within the normal spending range.
7837,208.61,StoreA,NORMAL,The amount $208.61 is within the normal spending range.
7467,125.31,StoreC,NORMAL,The amount $125.31 is within the normal spending range.
8354,299.02,StoreA,NORMAL,The amount $299.02 is within the normal spending range.
3529,178.29,StoreC,NORMAL,The amount $178.29 is within the normal spending range.
2430,252.65,StoreA,NORMAL,The amount $252.65 is within the normal spending range.
4912,152.26,StoreC,NORMAL,The amount $152.26 is within the normal spending range.
2532,135.02,StoreC,NORMAL,The amount $135.02 is within the normal spending range.
2892,208.42,StoreA,NORMAL,The amount $208.42 is within the normal spending range.
2421,201.28,StoreC,NORMAL,The amount $201.28 is within the normal spending range.
9582,247.98,StoreB,NORMAL,The amount $247.98 is within the normal spending range.
6768,1752.87,StoreC,ANOMALY,The amount $1752.87 is 3.18 standard deviations above the mean.
3818,16.36,StoreC,NORMAL,The amount $16.36 is within the normal spending range.
6617,156.72,StoreB,NORMAL,The amount $156.72 is within the normal spending range.
2195,279.38,StoreB,NORMAL,The amount $279.38 is within the normal spending range.
7229,170.26,StoreB,NORMAL,The amount $170.26 is within the normal spending range.
6305,175.36,StoreA,NORMAL,The amount $175.36 is within the normal spending range.
9077,298.64,StoreB,NORMAL,The amount $298.64 is within the normal spending range.
1842,128.8,StoreA,NORMAL,The amount $128.8 is within the normal spending range.
6200,45.72,StoreB,NORMAL,The amount $45.72 is within the normal spending range.
6921,183.94,StoreA,NORMAL,The amount $183.94 is within the normal spending range.
1294,151.58,StoreB,NORMAL,The amount $151.58 is within the normal spending range.
7097,103.38,StoreB,NORMAL,The amount $103.38 is within the normal spending range.
7412,182.46,StoreC,NORMAL,The amount $182.46 is within the normal spending range.
9836,249.15,StoreB,NORMAL,The amount $249.15 is within the normal spending range.
7678,2015.45,StoreC,ANOMALY,The amount $2015.45 is 3.75 standard deviations above the mean.
6020,230.7,StoreB,NORMAL,The amount $230.7 is within the normal spending range.
6743,381.34,StoreB,NORMAL,The amount $381.34 is within the normal spending range.
1110,165.71,StoreC,NORMAL,The amount $165.71 is within the normal spending range.
9775,227.83,StoreC,NORMAL,The amount $227.83 is within the normal spending range.
5864,149.08,StoreA,NORMAL,The amount $149.08 is within the normal spending range.
2648,115.36,StoreC,NORMAL,The amount $115.36 is within the normal spending range.
7381,141.51,StoreA,NORMAL,The amount $141.51 is within the normal spending range.
3381,152.12,StoreB,NORMAL,The amount $152.12 is within the normal spending range.
1105,235.95,StoreC,NORMAL,The amount $235.95 is within the normal spending range.
6818,434.91,StoreC,NORMAL,The amount $434.91 is within the normal spending range.
1381,128.4,StoreB,NORMAL,The amount $128.4 is within the normal spending range.
5356,158.34,StoreB,NORMAL,The amount $158.34 is within the normal spending range.
6918,193.69,StoreB,NORMAL,The amount $193.69 is within the normal spending range.
2316,239.58,StoreB,NORMAL,The amount $239.58 is within the normal spending range.
6454,2291.68,StoreC,ANOMALY,The amount $2291.68 is 4.35 standard deviations above the mean.
5074,328.41,StoreB,NORMAL,The amount $328.41 is within the normal spending range.
5804,42.64,StoreB,NORMAL,The amount $42.64 is within the normal spending range.
1906,38.69,StoreC,NORMAL,The amount $38.69 is within the normal spending range.
8621,150.41,StoreA,NORMAL,The amount $150.41 is within the normal spending range.
1662,309.73,StoreC,NORMAL,The amount $309.73 is within the normal spending range.
7718,43.44,StoreA,NORMAL,The amount $43.44 is within the normal spending range.
9654,100.76,StoreB,NORMAL,The amount $100.76 is within the normal spending range.
1942,257.12,StoreC,NORMAL,The amount $257.12 is within the normal spending range.
9349,224.37,StoreB,NORMAL,The amount $224.37 is within the normal spending range.
7415,90.98,StoreC,NORMAL,The amount $90.98 is within the normal spending range.
4309,101.45,StoreA,NORMAL,The amount $101.45 is within the normal spending range.
2326,103.03,StoreC,NORMAL,The amount $103.03 is within the normal spending range.
3106,211.05,StoreB,NORMAL,The amount $211.05 is within the normal spending range.
5799,137.37,StoreC,NORMAL,The amount $137.37 is within the normal spending range.
9839,249.41,StoreB,NORMAL,The amount $249.41 is within the normal spending range.
3938,85.46,StoreC,NORMAL,The amount $85.46 is within the normal spending range.
3483,114.31,StoreA,NORMAL,The amount $114.31 is within the normal spending range.
2375,87.39,StoreC,NORMAL,The amount $87.39 is within the normal spending range.
8856,174.37,StoreC,NORMAL,The amount $174.37 is within the normal spending range.
1244,146.2,StoreC,NORMAL,The amount $146.2 is within the normal spending range.
3348,279.78,StoreC,NORMAL,The amount $279.78 is within the normal spending range.
1479,14.07,StoreA,NORMAL,The amount $14.07 is within the normal spending range.
2935,204.55,StoreB,NORMAL,The amount $204.55 is within the normal spending range.
6757,255.83,StoreC,NORMAL,The amount $255.83 is within the normal spending range.
1087,385.66,StoreC,NORMAL,The amount $385.66 is within the normal spending range.
9764,151.82,StoreC,NORMAL,The amount $151.82 is within the normal spending range.
1178,232.45,StoreA,NORMAL,The amount $232.45 is within the normal spending range.
1162,19.61,StoreB,NORMAL,The amount $19.61 is within the normal spending range.
3640,39.2,StoreB,NORMAL,The amount $39.2 is within the normal spending range.
3348,284.48,StoreC,NORMAL,The amount $284.48 is within the normal spending range.
3421,199.44,StoreC,NORMAL,The amount $199.44 is within the normal spending range.
5298,317.85,StoreB,NORMAL,The amount $317.85 is within the normal spending range.
5142,62.66,StoreC,NORMAL,The amount $62.66 is within the normal spending range.
5503,251.99,StoreC,NORMAL,The amount $251.99 is within the normal spending range.
2217,386.88,StoreC,NORMAL,The amount $386.88 is within the normal spending range.
3474,241.97,StoreA,NORMAL,The amount $241.97 is within the normal spending range.
1929,227.66,StoreA,NORMAL,The amount $227.66 is within the normal spending range.
8958,200.86,StoreB,NORMAL,The amount $200.86 is within the normal spending range.
9508,42.91,StoreA,NORMAL,The amount $42.91 is within the normal spending range.
2502,335.56,StoreA,NORMAL,The amount $335.56 is within the normal spending range.
1420,138.91,StoreB,NORMAL,The amount $138.91 is within the normal spending range.
6830,250.45,StoreA,NORMAL,The amount $250.45 is within the normal spending range.
5358,43.7,StoreB,NORMAL,The amount $43.7 is within the normal spending range.
2449,82.05,StoreC,NORMAL,The amount $82.05 is within the normal spending range.
6811,343.51,StoreB,NORMAL,The amount $343.51 is within the normal spending range.
9619,165.27,StoreB,NORMAL,The amount $165.27 is within the normal spending range.
8871,345.33,StoreB,NORMAL,The amount $345.33 is within the normal spending range.
9588,192.18,StoreC,NORMAL,The amount $192.18 is within the normal spending range.
9987,15.81,StoreC,NORMAL,The amount $15.81 is within the normal spending range.
1106,2928.01,StoreC,ANOMALY,The amount $2928.01 is 5.74 standard deviations above the mean.
5049,141.01,StoreB,NORMAL,The amount $141.01 is within the normal spending range.
9289,269.87,StoreB,NORMAL,The amount $269.87 is within the normal spending range.
2903,202.52,StoreB,NORMAL,The amount $202.52 is within the normal spending range.
8649,45.69,StoreB,NORMAL,The amount $45.69 is within the normal spending range.
4570,216.43,StoreB,NORMAL,The amount $216.43 is within the normal spending range.
6376,419.62,StoreB,NORMAL,The amount $419.62 is within the normal spending range.
1042,249.3,StoreB,NORMAL,The amount $249.3 is within the normal spending range.
7385,1966.62,StoreA,ANOMALY,The amount $1966.62 is 3.65 standard deviations above the mean.
2577,307.53,StoreC,NORMAL,The amount $307.53 is within the normal spending range.
7065,221.07,StoreA,NORMAL,The amount $221.07 is within the normal spending range.
6885,220.95,StoreC,NORMAL,The amount $220.95 is within the normal spending range.
9576,90.84,StoreB,NORMAL,The amount $90.84 is within the normal spending range.
4577,223.38,StoreA,NORMAL,The amount $223.38 is within the normal spending range.
4238,303.54,StoreB,NORMAL,The amount $303.54 is within the normal spending range.
6244,116.39,StoreA,NORMAL,The amount $116.39 is within the normal spending range.
3134,342.45,StoreA,NORMAL,The amount $342.45 is within the normal spending range.
4892,190.83,StoreB,NORMAL,The amount $190.83 is within the normal spending range.
5321,111.22,StoreA,NORMAL,The amount $111.22 is within the normal spending range.
6776,299.76,StoreA,NORMAL,The amount $299.76 is within the normal spending range.
6828,171.32,StoreC,NORMAL,The amount $171.32 is within the normal spending range.
4815,275.95,StoreB,NORMAL,The amount $275.95 is within the normal spending range.
1295,170.82,StoreB,NORMAL,The amount $170.82 is within the normal spending range.
1413,194.02,StoreA,NORMAL,The amount $194.02 is within the normal spending range.
6956,249.36,StoreB,NORMAL,The amount $249.36 is within the normal spending range.
7278,229.09,StoreC,NORMAL,The amount $229.09 is within the normal spending range.
7668,0.45,StoreC,NORMAL,The amount $0.45 is within the normal spending range.
9195,87.88,StoreB,NORMAL,The amount $87.88 is within the normal spending range.
1177,292.94,StoreB,NORMAL,The amount $292.94 is within the normal spending range.
9937,186.79,StoreC,NORMAL,The amount $186.79 is within the normal spending range.
5354,147.63,StoreB,NORMAL,The amount $147.63 is within the normal spending range.
9843,64.14,StoreA,NORMAL,The amount $64.14 is within the normal spending range.
6914,92.03,StoreB,NORMAL,The amount $92.03 is within the normal spending range.
6482,2.18,StoreA,NORMAL,The amount $2.18 is within the normal spending range.
4271,189.87,StoreC,NORMAL,The amount $189.87 is within the normal spending range.
7687,140.16,StoreB,NORMAL,The amount $140.16 is within the normal spending range.
6392,103.34,StoreC,NORMAL,The amount $103.34 is within the normal spending range.
1289,1955.89,StoreB,ANOMALY,The amount $1955.89 is 3.62 standard deviations above the mean.
9994,236.4,StoreA,NORMAL,The amount $236.4 is within the normal spending range.
9425,409.32,StoreB,NORMAL,The amount $409.32 is within the normal spending range.
1407,48.81,StoreC,NORMAL,The amount $48.81 is within the normal spending range.
1693,315.94,StoreA,NORMAL,The amount $315.94 is within the normal spending range.
2169,297.31,StoreB,NORMAL,The amount $297.31 is within the normal spending range.
9623,122.09,StoreC,NORMAL,The amount $122.09 is within the normal spending range.
8782,220.32,StoreC,NORMAL,The amount $220.32 is within the normal spending range.
4044,154.24,StoreB,NORMAL,The amount $154.24 is within the normal spending range.
6530,218.57,StoreC,NORMAL,The amount $218.57 is within the normal spending range.
5992,350.91,StoreA,NORMAL,The amount $350.91 is within the normal spending range.
4924,260.56,StoreB,NORMAL,The amount $260.56 is within the normal spending range.
7970,250.86,StoreA,NORMAL,The amount $250.86 is within the normal spending range.
4312,156.97,StoreC,NORMAL,The amount $156.97 is within the normal spending range.
5318,51.59,StoreC,NORMAL,The amount $51.59 is within the normal spending range.
2688,179.15,StoreC,NORMAL,The amount $179.15 is within the normal spending range.
1467,320.66,StoreA,NORMAL,The amount $320.66 is within the normal spending range.
3422,47.28,StoreC,NORMAL,The amount $47.28 is within the normal spending range.
8279,94.49,StoreB,NORMAL,The amount $94.49 is within the normal spending range.
5507,212.63,StoreB,NORMAL,The amount $212.63 is within the normal spending range.
5721,101.53,StoreC,NORMAL,The amount $101.53 is within the normal spending range.
6371,120.75,StoreB,NORMAL,The amount $120.75 is within the normal spending range.
8541,157.64,StoreA,NORMAL,The amount $157.64 is within the normal spending range.
2486,63.44,StoreA,NORMAL,The amount $63.44 is within the normal spending range.
4749,102.59,StoreC,NORMAL,The amount $102.59 is within the normal spending range.
9059,270.34,StoreB,NORMAL,The amount $270.34 is within the normal spending range.
3503,69.26,StoreB,NORMAL,The amount $69.26 is within the normal spending range.
8855,40.21,StoreC,NORMAL,The amount $40.21 is within the normal spending range.
8055,137.0,StoreA,NORMAL,The amount $137.0 is within the normal spending range.
1399,273.2,StoreC,NORMAL,The amount $273.2 is within the normal spending range.
5382,180.31,StoreB,NORMAL,The amount $180.31 is within the normal spending range.
2539,153.54,StoreB,NORMAL,The amount $153.54 is within the normal spending range.
9428,204.44,StoreC,NORMAL,The amount $204.44 is within the normal spending range.
8185,25.43,StoreA,NORMAL,The amount $25.43 is within the normal spending range.
5910,249.47,StoreA,NORMAL,The amount $249.47 is within the normal spending range.
5509,238.34,StoreC,NORMAL,The amount $238.34 is within the normal spending range.
7051,159.07,StoreB,NORMAL,The amount $159.07 is within the normal spending range.
7152,300.59,StoreA,NORMAL,The amount $300.59 is within the normal spending range.
9611,87.25,StoreC,NORMAL,The amount $87.25 is within the normal spending range.
5124,312.79,StoreB,NORMAL,The amount $312.79 is within the normal spending range.
3395,215.45,StoreA,NORMAL,The amount $215.45 is within the normal spending range.
9852,166.34,StoreA,NORMAL,The amount $166.34 is within the normal spending range.
4950,198.01,StoreC,NORMAL,The amount $198.01 is within the normal spending range.
1449,189.27,StoreB,NORMAL,The amount $189.27 is within the normal spending range.
1379,322.03,StoreA,NORMAL,The amount $322.03 is within the normal spending range.
8285,92.33,StoreC,NORMAL,The amount $92.33 is within the normal spending range.
3301,123.75,StoreA,NORMAL,The amount $123.75 is within the normal spending range.
8710,303.63,StoreB,NORMAL,The amount $303.63 is within the normal spending range.
6792,140.45,StoreA,NORMAL,The amount $140.45 is within the normal spending range.
9918,290.05,StoreB,NORMAL,The amount $290.05 is within the normal spending range.
8216,369.94,StoreA,NORMAL,The amount $369.94 is within the normal spending range.
5905,159.82,StoreA,NORMAL,The amount $159.82 is within the normal spending range.
6999,268.14,StoreC,NORMAL,The amount $268.14 is within the normal spending range.
9607,84.63,StoreA,NORMAL,The amount $84.63 is within the normal spending range.
8122,275.47,StoreB,NORMAL,The amount $275.47 is within the normal spending range.
1599,219.94,StoreC,NORMAL,The amount $219.94 is within the normal spending range.
8288,247.3,StoreB,NORMAL,The amount $247.3 is within the normal spending range.
8921,135.44,StoreB,NORMAL,The amount $135.44 is within the normal spending range.
2567,33.89,StoreC,NORMAL,The amount $33.89 is within the normal spending range.
2094,250.33,StoreB,NORMAL,The amount $250.33 is within the normal spending range.
7191,6.34,StoreA,NORMAL,The amount $6.34 is within the normal spending range.
2458,168.26,StoreC,NORMAL,The amount $168.26 is within the normal spending range.
9046,294.12,StoreA,NORMAL,The amount $294.12 is within the normal spending range.
5934,219.19,StoreA,NORMAL,The amount $219.19 is within the normal spending range.
2354,394.83,StoreB,NORMAL,The amount $394.83 is within the normal spending range.
7473,302.51,StoreB,NORMAL,The amount $302.51 is within the normal spending range.
9404,1362.83,StoreA,NORMAL,The amount $1362.83 is within the normal spending range.
4894,202.73,StoreC,NORMAL,The amount $202.73 is within the normal spending range.
9032,195.26,StoreA,NORMAL,The amount $195.26 is within the normal spending range.
3963,41.78,StoreA,NORMAL,The amount $41.78 is within the normal spending range.
4042,105.96,StoreB,NORMAL,The amount $105.96 is within the normal spending range.
7973,143.92,StoreB,NORMAL,The amount $143.92 is within the normal spending range.
8139,3.62,StoreA,NORMAL,The amount $3.62 is within the normal spending range.
7930,204.75,StoreA,NORMAL,The amount $204.75 is within the normal spending range.
2732,175.09,StoreB,NORMAL,The amount $175.09 is within the normal spending range.
8870,32.71,StoreA,NORMAL,The amount $32.71 is within the normal spending range.
6340,240.42,StoreB,NORMAL,The amount $240.42 is within the normal spending range.
6111,271.59,StoreA,NORMAL,The amount $271.59 is within the normal spending range.
4081,222.7,StoreC,NORMAL,The amount $222.7 is within the normal spending range.
8802,167.59,StoreC,NORMAL,The amount $167.59 is within the normal spending range.
8527,259.14,StoreA,NORMAL,The amount $259.14 is within the normal spending range.
5868,268.02,StoreB,NORMAL,The amount $268.02 is within the normal spending range.
2529,230.74,StoreA,NORMAL,The amount $230.74 is within the normal spending range.
2081,117.54,StoreA,NORMAL,The amount $117.54 is within the normal spending range.
8994,227.66,StoreB,NORMAL,The amount $227.66 is within the normal spending range.
4531,319.55,StoreA,NORMAL,The amount $319.55 is within the normal spending range.
1716,140.34,StoreB,NORMAL,The amount $140.34 is within the normal spending range.
7229,409.79,StoreA,NORMAL,The amount $409.79 is within the normal spending range.
1204,147.44,StoreB,NORMAL,The amount $147.44 is within the normal spending range.
7784,203.24,StoreA,NORMAL,The amount $203.24 is within the normal spending range.
5094,132.75,StoreC,NORMAL,The amount $132.75 is within the normal spending range.
6482,222.33,StoreB,NORMAL,The amount $222.33 is within the normal spending range.
6740,25.78,StoreC,NORMAL,The amount $25.78 is within the normal spending range.
8219,145.4,StoreB,NORMAL,The amount $145.4 is within the normal spending range.
7154,90.79,StoreB,NORMAL,The amount $90.79 is within the normal spending range.
5842,213.53,StoreB,NORMAL,The amount $213.53 is within the normal spending range.
9103,299.44,StoreB,NORMAL,The amount $299.44 is within the normal spending range.
3018,264.6,StoreA,NORMAL,The amount $264.6 is within the normal spending range.
6051,37.17,StoreA,NORMAL,The amount $37.17 is within the normal spending range.
9709,404.21,StoreB,NORMAL,The amount $404.21 is within the normal spending range.
8835,229.53,StoreA,NORMAL,The amount $229.53 is within the normal spending range.
2438,122.35,StoreB,NORMAL,The amount $122.35 is within the normal spending range.
5086,215.71,StoreB,NORMAL,The amount $215.71 is within the normal spending range.
6127,217.62,StoreC,NORMAL,The amount $217.62 is within the normal spending range.
3052,133.32,StoreB,NORMAL,The amount $133.32 is within the normal spending range.
8529,219.79,StoreB,NORMAL,The amount $219.79 is within the normal spending range.
8147,139.25,StoreA,NORMAL,The amount $139.25 is within the normal spending range.
5368,159.56,StoreB,NORMAL,The amount $159.56 is within the normal spending range.
5517,131.37,StoreB,NORMAL,The amount $131.37 is within the normal spending range.
3312,56.73,StoreC,NORMAL,The amount $56.73 is within the normal spending range.
6577,214.58,StoreA,NORMAL,The amount $214.58 is within the normal spending range.
9973,258.53,StoreA,NORMAL,The amount $258.53 is within the normal spending range.
2244,251.49,StoreC,NORMAL,The amount $251.49 is within the normal spending range.
3416,281.99,StoreB,NORMAL,The amount $281.99 is within the normal spending range.
7490,232.43,StoreC,NORMAL,The amount $232.43 is within the normal spending range.
7168,146.73,StoreA,NORMAL,The amount $146.73 is within the normal spending range.
6839,283.97,StoreC,NORMAL,The amount $283.97 is within the normal spending range.
9608,64.25,StoreA,NORMAL,The amount $64.25 is within the normal spending range.
9406,109.93,StoreC,NORMAL,The amount $109.93 is within the normal spending range.
8097,103.58,StoreB,NORMAL,The amount $103.58 is within the normal spending range.
6009,308.01,StoreB,NORMAL,The amount $308.01 is within the normal spending range.
2582,294.28,StoreA,NORMAL,The amount $294.28 is within the normal spending range.
9924,248.73,StoreC,NORMAL,The amount $248.73 is within the normal spending range.
8876,307.19,StoreA,NORMAL,The amount $307.19 is within the normal spending range.
3427,112.07,StoreB,NORMAL,The amount $112.07 is within the normal spending range.
6721,234.86,StoreA,NORMAL,The amount $234.86 is within the normal spending range.
9423,187.48,StoreB,NORMAL,The amount $187.48 is within the normal spending range.
5930,284.69,StoreA,NORMAL,The amount $284.69 is within the normal spending range.
5353,188.48,StoreC,NORMAL,The amount $188.48 is within the normal spending range.
8832,161.51,StoreB,NORMAL,The amount $161.51 is within the normal spending range.
6375,254.09,StoreA,NORMAL,The amount $254.09 is within the normal spending range.
1402,287.62,StoreB,NORMAL,The amount $287.62 is within the normal spending range.
7567,133.17,StoreC,NORMAL,The amount $133.17 is within the normal spending range.
5865,193.89,StoreB,NORMAL,The amount $193.89 is within the normal spending range.
9146,94.16,StoreC,NORMAL,The amount $94.16 is within the normal spending range.
1064,49.81,StoreB,NORMAL,The amount $49.81 is within the normal spending range.
3237,220.05,StoreC,NORMAL,The amount $220.05 is within the normal spending range.
8770,260.89,StoreB,NORMAL,The amount $260.89 is within the normal spending range.
1172,226.21,StoreC,NORMAL,The amount $226.21 is within the normal spending range.
8935,51.07,StoreA,NORMAL,The amount $51.07 is within the normal spending range.
3675,164.92,StoreA,NORMAL,The amount $164.92 is within the normal spending range.
5005,21.83,StoreB,NORMAL,The amount $21.83 is within the normal spending range.
7544,336.97,StoreC,NORMAL,The amount $336.97 is within the normal spending range.
9829,91.39,StoreA,NORMAL,The amount $91.39 is within the normal spending range.
1948,325.54,StoreB,NORMAL,The amount $325.54 is within the normal spending range.
2694,294.59,StoreA,NORMAL,The amount $294.59 is within the normal spending range.
5757,109.94,StoreC,NORMAL,The amount $109.94 is within the normal spending range.
7282,86.72,StoreB,NORMAL,The amount $86.72 is within the normal spending range.
1142,235.04,StoreC,NORMAL,The amount $235.04 is within the normal spending range.
7001,115.57,StoreC,NORMAL,The amount $115.57 is within the normal spending range.
7652,210.25,StoreC,NORMAL,The amount $210.25 is within the normal spending range.
5581,151.72,StoreA,NORMAL,The amount $151.72 is within the normal spending range.
6087,21.88,StoreB,NORMAL,The amount $21.88 is within the normal spending range.
2460,23.05,StoreC,NORMAL,The amount $23.05 is within the normal spending range.
4887,222.67,StoreA,NORMAL,The amount $222.67 is within the normal spending range.
9484,143.84,StoreC,NORMAL,The amount $143.84 is within the normal spending range.
1837,1464.89,StoreA,NORMAL,The amount $1464.89 is within the normal spending range.
6846,269.59,StoreB,NORMAL,The amount $269.59 is within the normal spending range.
9463,317.34,StoreB,NORMAL,The amount $317.34 is within the normal spending range.
3369,172.75,StoreB,NORMAL,The amount $172.75 is within the normal spending range.
9997,165.94,StoreB,NORMAL,The amount $165.94 is within the normal spending range.
4174,250.01,StoreC,NORMAL,The amount $250.01 is within the normal spending range.
6985,64.31,StoreA,NORMAL,The amount $64.31 is within the normal spending range.
1882,222.32,StoreB,NORMAL,The amount $222.32 is within the normal spending range.
4171,255.19,StoreC,NORMAL,The amount $255.19 is within the normal spending range.
3040,268.02,StoreB,NORMAL,The amount $268.02 is within the normal spending range.
7732,6.32,StoreB,NORMAL,The amount $6.32 is within the normal spending range.
7372,123.86,StoreB,NORMAL,The amount $123.86 is within the normal spending range.
6985,112.17,StoreA,NORMAL,The amount $112.17 is within the normal spending range.
8562,209.99,StoreA,NORMAL,The amount $209.99 is within the normal spending range.
6900,2511.58,StoreA,ANOMALY,The amount $2511.58 is 4.83 standard deviations above the mean.
8965,349.67,StoreB,NORMAL,The amount $349.67 is within the normal spending range.
6316,150.5,StoreC,NORMAL,The amount $150.5 is within the normal spending range.
9465,150.24,StoreC,NORMAL,The amount $150.24 is within the normal spending range.
1589,314.97,StoreC,NORMAL,The amount $314.97 is within the normal spending range.
9774,229.66,StoreB,NORMAL,The amount $229.66 is within the normal spending range.
6063,326.77,StoreA,NORMAL,The amount $326.77 is within the normal spending range.
4633,228.87,StoreC,NORMAL,The amount $228.87 is within the normal spending range.
2990,84.29,StoreB,NORMAL,The amount $84.29 is within the normal spending range.
7515,66.69,StoreB,NORMAL,The amount $66.69 is within the normal spending range.
2258,44.85,StoreC,NORMAL,The amount $44.85 is within the normal spending range.
3866,266.21,StoreC,NORMAL,The amount $266.21 is within the normal spending range.
4738,318.86,StoreB,NORMAL,The amount $318.86 is within the normal spending range.
1571,384.94,StoreC,NORMAL,The amount $384.94 is within the normal spending range.
9736,284.31,StoreB,NORMAL,The amount $284.31 is within the normal spending range.
5222,316.28,StoreC,NORMAL,The amount $316.28 is within the normal spending range.
1637,142.0,StoreA,NORMAL,The amount $142.0 is within the normal spending range.
9232,84.36,StoreB,NORMAL,The amount $84.36 is within the normal spending range.
5882,285.01,StoreA,NORMAL,The amount $285.01 is within the normal spending range.
5392,241.77,StoreC,NORMAL,The amount $241.77 is within the normal spending range.
4672,210.74,StoreB,NORMAL,The amount $210.74 is within the normal spending range.
8257,238.74,StoreC,NORMAL,The amount $238.74 is within the normal spending range.
5711,232.32,StoreB,NORMAL,The amount $232.32 is within the normal spending range.
6643,328.38,StoreC,NORMAL,The amount $328.38 is within the normal spending range.
1159,329.5,StoreA,NORMAL,The amount $329.5 is within the normal spending range.
6938,254.42,StoreA,NORMAL,The amount $254.42 is within the normal spending range.
1580,284.58,StoreC,NORMAL,The amount $284.58 is within the normal spending range.
9411,251.41,StoreA,NORMAL,The amount $251.41 is within the normal spending range.
8586,153.88,StoreA,NORMAL,The amount $153.88 is within the normal spending range.
5474,275.66,StoreC,NORMAL,The amount $275.66 is within the normal spending range.
8073,60.55,StoreB,NORMAL,The amount $60.55 is within the normal spending range.
6059,305.39,StoreC,NORMAL,The amount $305.39 is within the normal spending range.
5328,80.55,StoreB,NORMAL,The amount $80.55 is within the normal spending range.
2394,228.58,StoreA,NORMAL,The amount $228.58 is within the normal spending range.
1921,115.48,StoreA,NORMAL,The amount $115.48 is within the normal spending range.
3773,255.34,StoreA,NORMAL,The amount $255.34 is within the normal spending range.
5462,196.61,StoreA,NORMAL,The amount $196.61 is within the normal spending range.
5576,40.52,StoreA,NORMAL,The amount $40.52 is within the normal spending range.
4434,242.07,StoreB,NORMAL,The amount $242.07 is within the normal spending range.
7733,142.21,StoreB,NORMAL,The amount $142.21 is within the normal spending range.
2865,288.11,StoreB,NORMAL,The amount $288.11 is within the normal spending range.
1724,200.13,StoreC,NORMAL,The amount $200.13 is within the normal spending range.
1711,239.54,StoreA,NORMAL,The amount $239.54 is within the normal spending range.
8710,104.24,StoreA,NORMAL,The amount $104.24 is within the normal spending range.
6080,141.07,StoreA,NORMAL,The amount $141.07 is within the normal spending range.
1390,154.14,StoreC,NORMAL,The amount $154.14 is within the normal spending range.
5487,285.67,StoreC,NORMAL,The amount $285.67 is within the normal spending range.
9116,367.74,StoreC,NORMAL,The amount $367.74 is within the normal spending range.
7747,119.48,StoreA,NORMAL,The amount $119.48 is within the normal spending range.
7066,307.68,StoreB,NORMAL,The amount $307.68 is within the normal spending range.
5494,16.97,StoreC,NORMAL,The amount $16.97 is within the normal spending range.
4572,80.58,StoreC,NORMAL,The amount $80.58 is within the normal spending range.
8769,104.12,StoreB,NORMAL,The amount $104.12 is within the normal spending range.
3311,655.54,StoreC,NORMAL,The amount $655.54 is within the normal spending range.
7773,41.64,StoreB,NORMAL,The amount $41.64 is within the normal spending range.
7905,241.3,StoreA,NORMAL,The amount $241.3 is within the normal spending range.
4642,178.59,StoreB,NORMAL,The amount $178.59 is within the normal spending range.
7338,237.94,StoreB,NORMAL,The amount $237.94 is within the normal spending range.
3609,269.05,StoreA,NORMAL,The amount $269.05 is within the normal spending range.
7240,226.56,StoreC,NORMAL,The amount $226.56 is within the normal spending range.
8806,265.78,StoreA,NORMAL,The amount $265.78 is within the normal spending range.
1757,193.05,StoreC,NORMAL,The amount $193.05 is within the normal spending range.
6086,81.3,StoreC,NORMAL,The amount $81.3 is within the normal spending range.
7220,305.78,StoreB,NORMAL,The amount $305.78 is within the normal spending range.
6602,141.09,StoreA,NORMAL,The amount $141.09 is within the normal spending range.
7121,106.44,StoreB,NORMAL,The amount $106.44 is within the normal spending range.
9956,182.21,StoreA,NORMAL,The amount $182.21 is within the normal spending range.
3725,108.72,StoreA,NORMAL,The amount $108.72 is within the normal spending range.
4368,158.26,StoreB,NORMAL,The amount $158.26 is within the normal spending range.
4497,234.41,StoreC,NORMAL,The amount $234.41 is within the normal spending range.
9174,234.83,StoreC,NORMAL,The amount $234.83 is within the normal spending range.
6642,110.22,StoreA,NORMAL,The amount $110.22 is within the normal spending range.
9774,151.23,StoreC,NORMAL,The amount $151.23 is within the normal spending range.
5766,307.43,StoreB,NORMAL,The amount $307.43 is within the normal spending range.
5633,249.64,StoreB,NORMAL,The amount $249.64 is within the normal spending range.
2821,407.51,StoreB,NORMAL,The amount $407.51 is within the normal spending range.
2185,318.01,StoreA,NORMAL,The amount $318.01 is within the normal spending range.
2637,314.43,StoreA,NORMAL,The amount $314.43 is within the normal spending range.
8236,61.21,StoreC,NORMAL,The amount $61.21 is within the normal spending range.
9380,276.39,StoreB,NORMAL,The amount $276.39 is within the normal spending range.
2746,194.69,StoreB,NORMAL,The amount $194.69 is within the normal spending range.
6797,144.9,StoreA,NORMAL,The amount $144.9 is within the normal spending range.
9089,216.8,StoreA,NORMAL,The amount $216.8 is within the normal spending range.
3620,294.52,StoreA,NORMAL,The amount $294.52 is within the normal spending range.
8597,250.08,StoreB,NORMAL,The amount $250.08 is within the normal spending range.
9002,112.15,StoreB,NORMAL,The amount $112.15 is within the normal spending range.
7107,274.25,StoreC,NORMAL,The amount $274.25 is within the normal spending range.
3793,136.24,StoreB,NORMAL,The amount $136.24 is within the normal spending range.
3500,221.67,StoreC,NORMAL,The amount $221.67 is within the normal spending range.
9361,169.66,StoreC,NORMAL,The amount $169.66 is within the normal spending range.
5925,178.11,StoreB,NORMAL,The amount $178.11 is within the normal spending range.
2080,276.62,StoreC,NORMAL,The amount $276.62 is within the normal spending range.
5864,971.74,StoreC,NORMAL,The amount $971.74 is within the normal spending range.
5453,394.52,StoreA,NORMAL,The amount $394.52 is within the normal spending range.
3248,17.89,StoreB,NORMAL,The amount $17.89 is within the normal spending range.
2325,140.23,StoreC,NORMAL,The amount $140.23 is within the normal spending range.
4873,237.02,StoreC,NORMAL,The amount $237.02 is within the normal spending range.
2688,258.43,StoreC,NORMAL,The amount $258.43 is within the normal spending range.
3985,189.95,StoreB,NORMAL,The amount $189.95 is within the normal spending range.
3076,194.26,StoreA,NORMAL,The amount $194.26 is within the normal spending range.
2461,241.06,StoreA,NORMAL,The amount $241.06 is within the normal spending range.
1072,176.89,StoreB,NORMAL,The amount $176.89 is within the normal spending range.
7030,339.32,StoreB,NORMAL,The amount $339.32 is within the normal spending range.
5611,283.93,StoreB,NORMAL,The amount $283.93 is within the normal spending range.
3796,287.28,StoreB,NORMAL,The amount $287.28 is within the normal spending range.
8717,1046.69,StoreA,NORMAL,The amount $1046.69 is within the normal spending range.
5516,192.06,StoreC,NORMAL,The amount $192.06 is within the normal spending range.
3493,169.95,StoreC,NORMAL,The amount $169.95 is within the normal spending range.
5231,99.44,StoreB,NORMAL,The amount $99.44 is within the normal spending range.
4576,236.02,StoreB,NORMAL,The amount $236.02 is within the normal spending range.
9100,146.24,StoreC,NORMAL,The amount $146.24 is within the normal spending range.
6728,265.54,StoreA,NORMAL,The amount $265.54 is within the normal spending range.
1032,92.98,StoreB,NORMAL,The amount $92.98 is within the normal spending range.
5373,371.9,StoreB,NORMAL,The amount $371.9 is within the normal spending range.
4598,110.37,StoreA,NORMAL,The amount $110.37 is within the normal spending range.
3392,221.93,StoreA,NORMAL,The amount $221.93 is within the normal spending range.
7705,279.19,StoreA,NORMAL,The amount $279.19 is within the normal spending range.
7790,142.94,StoreB,NORMAL,The amount $142.94 is within the normal spending range.
3677,285.25,StoreA,NORMAL,The amount $285.25 is within the normal spending range.
2401,77.08,StoreB,NORMAL,The amount $77.08 is within the normal spending range.
1817,345.21,StoreB,NORMAL,The amount $345.21 is within the normal spending range.
7203,201.41,StoreA,NORMAL,The amount $201.41 is within the normal spending range.
5562,140.36,StoreC,NORMAL,The amount $140.36 is within the normal spending range.
5723,170.08,StoreA,NORMAL,The amount $170.08 is within the normal spending range.
3438,280.89,StoreC,NORMAL,The amount $280.89 is within the normal spending range.
7828,141.55,StoreA,NORMAL,The amount $141.55 is within the normal spending range.
2210,125.06,StoreA,NORMAL,The amount $125.06 is within the normal spending range.
7641,177.85,StoreB,NORMAL,The amount $177.85 is within the normal spending range.
1599,82.3,StoreB,NORMAL,The amount $82.3 is within the normal spending range.
6480,382.05,StoreB,NORMAL,The amount $382.05 is within the normal spending range.
2846,143.36,StoreB,NORMAL,The amount $143.36 is within the normal spending range.
7592,283.16,StoreB,NORMAL,The amount $283.16 is within the normal spending range.
8861,220.95,StoreB,NORMAL,The amount $220.95 is within the normal spending range.
2887,101.55,StoreB,NORMAL,The amount $101.55 is within the normal spending range.
1679,199.4,StoreC,NORMAL,The amount $199.4 is within the normal spending range.
4252,278.4,StoreC,NORMAL,The amount $278.4 is within the normal spending range.
2835,181.17,StoreB,NORMAL,The amount $181.17 is within the normal spending range.
3177,319.31,StoreC,NORMAL,The amount $319.31 is within the normal spending range.
9142,302.15,StoreA,NORMAL,The amount $302.15 is within the normal spending range.
1148,291.89,StoreC,NORMAL,The amount $291.89 is within the normal spending range.
2495,154.03,StoreB,NORMAL,The amount $154.03 is within the normal spending range.
2744,92.02,StoreC,NORMAL,The amount $92.02 is within the normal spending range.
2646,138.64,StoreA,NORMAL,The amount $138.64 is within the normal spending range.
3995,219.62,StoreC,NORMAL,The amount $219.62 is within the normal spending range.
7643,254.58,StoreB,NORMAL,The amount $254.58 is within the normal spending range.
8378,17.16,StoreA,NORMAL,The amount $17.16 is within the normal spending range.
9849,199.19,StoreA,NORMAL,The amount $199.19 is within the normal spending range.
4667,215.81,StoreC,NORMAL,The amount $215.81 is within the normal spending range.
1576,172.25,StoreA,NORMAL,The amount $172.25 is within the normal spending range.
5779,329.13,StoreA,NORMAL,The amount $329.13 is within the normal spending range.
9187,242.18,StoreA,NORMAL,The amount $242.18 is within the normal spending range.
3972,331.02,StoreB,NORMAL,The amount $331.02 is within the normal spending range.
8756,178.4,StoreA,NORMAL,The amount $178.4 is within the normal spending range.
4948,293.75,StoreC,NORMAL,The amount $293.75 is within the normal spending range.
7544,363.51,StoreC,NORMAL,The amount $363.51 is within the normal spending range.
3045,331.17,StoreA,NORMAL,The amount $331.17 is within the normal spending range.
2627,90.79,StoreC,NORMAL,The amount $90.79 is within the normal spending range.
2488,174.63,StoreA,NORMAL,The amount $174.63 is within the normal spending range.
4563,165.48,StoreC,NORMAL,The amount $165.48 is within the normal spending range.
2802,248.93,StoreA,NORMAL,The amount $248.93 is within the normal spending range.
4591,268.64,StoreA,NORMAL,The amount $268.64 is within the normal spending range.
4520,116.11,StoreA,NORMAL,The amount $116.11 is within the normal spending range.
6896,206.78,StoreB,NORMAL,The amount $206.78 is within the normal spending range.
8643,1.99,StoreC,NORMAL,The amount $1.99 is within the normal spending range.
8041,344.19,StoreA,NORMAL,The amount $344.19 is within the normal spending range.
4311,148.76,StoreB,NORMAL,The amount $148.76 is within the normal spending range.
3305,205.59,StoreB,NORMAL,The amount $205.59 is within the normal spending range.
8875,169.04,StoreA,NORMAL,The amount $169.04 is within the normal spending range.
2967,314.6,StoreA,NORMAL,The amount $314.6 is within the normal spending range.
9009,83.75,StoreA,NORMAL,The amount $83.75 is within the normal spending range.
6462,198.34,StoreA,NORMAL,The amount $198.34 is within the normal spending range.
7897,189.42,StoreA,NORMAL,The amount $189.42 is within the normal spending range.
4458,154.64,StoreC,NORMAL,The amount $154.64 is within the normal spending range.
9585,372.62,StoreA,NORMAL,The amount $372.62 is within the normal spending range.
5778,111.27,StoreA,NORMAL,The amount $111.27 is within the normal spending range.
4730,277.18,StoreC,NORMAL,The amount $277.18 is within the normal spending range.
5365,235.63,StoreB,NORMAL,The amount $235.63 is within the normal spending range.
8547,326.15,StoreC,NORMAL,The amount $326.15 is within the normal spending range.
1027,133.28,StoreB,NORMAL,The amount $133.28 is within the normal spending range.
4491,126.7,StoreB,NORMAL,The amount $126.7 is within the normal spending range.
7423,309.61,StoreC,NORMAL,The amount $309.61 is within the normal spending range.
6301,242.53,StoreA,NORMAL,The amount $242.53 is within the normal spending range.
7160,45.51,StoreB,NORMAL,The amount $45.51 is within the normal spending range.
2173,146.07,StoreA,NORMAL,The amount $146.07 is within the normal spending range.
1338,238.64,StoreC,NORMAL,The amount $238.64 is within the normal spending range.
1841,283.78,StoreB,NORMAL,The amount $283.78 is within the normal spending range.
1293,132.08,StoreA,NORMAL,The amount $132.08 is within the normal spending range.
7558,91.43,StoreB,NORMAL,The amount $91.43 is within the normal spending range.
2647,252.32,StoreB,NORMAL,The amount $252.32 is within the normal spending range.
5898,77.97,StoreC,NORMAL,The amount $77.97 is within the normal spending range.
5526,1.73,StoreA,NORMAL,The amount $1.73 is within the normal spending range.
6614,83.23,StoreA,NORMAL,The amount $83.23 is within the normal spending range.
4801,281.4,StoreB,NORMAL,The amount $281.4 is within the normal spending range.
9280,212.86,StoreA,NORMAL,The amount $212.86 is within the normal spending range.
8376,177.43,StoreB,NORMAL,The amount $177.43 is within the normal spending range.
1899,338.9,StoreC,NORMAL,The amount $338.9 is within the normal spending range.
4477,263.73,StoreC,NORMAL,The amount $263.73 is within the normal spending range.
2744,361.63,StoreA,NORMAL,The amount $361.63 is within the normal spending range.
7096,60.73,StoreC,NORMAL,The amount $60.73 is within the normal spending range.
3253,196.54,StoreC,NORMAL,The amount $196.54 is within the normal spending range.
2633,38.33,StoreA,NORMAL,The amount $38.33 is within the normal spending range.
8001,177.06,StoreB,NORMAL,The amount $177.06 is within the normal spending range.
8020,175.14,StoreC,NORMAL,The amount $175.14 is within the normal spending range.
9149,262.66,StoreA,NORMAL,The amount $262.66 is within the normal spending range.
5701,204.56,StoreA,NORMAL,The amount $204.56 is within the normal spending range.
7735,262.34,StoreA,NORMAL,The amount $262.34 is within the normal spending range.
2013,270.34,StoreC,NORMAL,The amount $270.34 is within the normal spending range.
4299,415.49,StoreC,NORMAL,The amount $415.49 is within the normal spending range.
2506,168.47,StoreB,NORMAL,The amount $168.47 is within the normal spending range.
5803,105.9,StoreB,NORMAL,The amount $105.9 is within the normal spending range.
1977,224.61,StoreB,NORMAL,The amount $224.61 is within the normal spending range.
2817,119.77,StoreB,NORMAL,The amount $119.77 is within the normal spending range.
5901,348.2,StoreB,NORMAL,The amount $348.2 is within the normal spending range.
7798,171.68,StoreB,NORMAL,The amount $171.68 is within the normal spending range.
1473,143.44,StoreA,NORMAL,The amount $143.44 is within the normal spending range.
1567,152.87,StoreB,NORMAL,The amount $152.87 is within the normal spending range.
8966,271.84,StoreC,NORMAL,The amount $271.84 is within the normal spending range.
3258,184.23,StoreB,NORMAL,The amount $184.23 is within the normal spending range.
9120,135.83,StoreC,NORMAL,The amount $135.83 is within the normal spending range.
5310,3710.91,StoreB,ANOMALY,The amount $3710.91 is 7.45 standard deviations above the mean.
2982,114.38,StoreA,NORMAL,The amount $114.38 is within the normal spending range.
2096,203.56,StoreA,NORMAL,The amount $203.56 is within the normal spending range.
7610,265.23,StoreC,NORMAL,The amount $265.23 is within the normal spending range.
4570,36.87,StoreB,NORMAL,The amount $36.87 is within the normal spending range.
7497,248.03,StoreA,NORMAL,The amount $248.03 is within the normal spending range.
4646,94.49,StoreA,NORMAL,The amount $94.49 is within the normal spending range.
3419,282.28,StoreB,NORMAL,The amount $282.28 is within the normal spending range.
5279,103.73,StoreC,NORMAL,The amount $103.73 is within the normal spending range.
1673,269.28,StoreC,NORMAL,The amount $269.28 is within the normal spending range.
3802,310.58,StoreC,NORMAL,The amount $310.58 is within the normal spending range.
8312,286.14,StoreA,NORMAL,The amount $286.14 is within the normal spending range.
3369,225.13,StoreB,NORMAL,The amount $225.13 is within the normal spending range.
5530,176.87,StoreA,NORMAL,The amount $176.87 is within the normal spending range.
2066,142.36,StoreA,NORMAL,The amount $142.36 is within the normal spending range.
6432,347.1,StoreA,NORMAL,The amount $347.1 is within the normal spending range.
9073,130.05,StoreA,NORMAL,The amount $130.05 is within the normal spending range.
1687,96.29,StoreB,NORMAL,The amount $96.29 is within the normal spending range.
1068,266.54,StoreA,NORMAL,The amount $266.54 is within the normal spending range.
7774,1218.83,StoreA,NORMAL,The amount $1218.83 is within the normal spending range.
1419,104.99,StoreC,NORMAL,The amount $104.99 is within the normal spending range.
7891,55.64,StoreA,NORMAL,The amount $55.64 is within the normal spending range.
6593,151.71,StoreB,NORMAL,The amount $151.71 is within the normal spending range.
7104,191.73,StoreA,NORMAL,The amount $191.73 is within the normal spending range.
4892,224.31,StoreB,NORMAL,The amount $224.31 is within the normal spending range.
1439,2987.99,StoreB,ANOMALY,The amount $2987.99 is 5.87 standard deviations above the mean.
2208,252.69,StoreB,NORMAL,The amount $252.69 is within the normal spending range.
3563,180.91,StoreC,NORMAL,The amount $180.91 is within the normal spending range.
8466,180.18,StoreC,NORMAL,The amount $180.18 is within the normal spending range.
2253,251.02,StoreA,NORMAL,The amount $251.02 is within the normal spending range.
4209,327.26,StoreA,NORMAL,The amount $327.26 is within the normal spending range.
4549,212.63,StoreA,NORMAL,The amount $212.63 is within the normal spending range.
1614,153.09,StoreB,NORMAL,The amount $153.09 is within the normal spending range.
4078,100.71,StoreB,NORMAL,The amount $100.71 is within the normal spending range.
4490,55.48,StoreB,NORMAL,The amount $55.48 is within the normal spending range.
4543,266.63,StoreA,NORMAL,The amount $266.63 is within the normal spending range.
9102,2610.02,StoreA,ANOMALY,The amount $2610.02 is 5.05 standard deviations above the mean.
2900,257.74,StoreA,NORMAL,The amount $257.74 is within the normal spending range.
6680,187.13,StoreA,NORMAL,The amount $187.13 is within the normal spending range.
7751,3449.28,StoreC,ANOMALY,The amount $3449.28 is 6.88 standard deviations above the mean.
6862,151.59,StoreC,NORMAL,The amount $151.59 is within the normal spending range.
2712,295.53,StoreC,NORMAL,The amount $295.53 is within the normal spending range.
3329,196.13,StoreA,NORMAL,The amount $196.13 is within the normal spending range.
2194,139.16,StoreC,NORMAL,The amount $139.16 is within the normal spending range.
7781,259.25,StoreC,NORMAL,The amount $259.25 is within the normal spending range.
9162,240.96,StoreA,NORMAL,The amount $240.96 is within the normal spending range.
5906,235.7,StoreC,NORMAL,The amount $235.7 is within the normal spending range.
2378,208.13,StoreA,NORMAL,The amount $208.13 is within the normal spending range.
1749,196.21,StoreA,NORMAL,The amount $196.21 is within the normal spending range.
6292,438.84,StoreA,NORMAL,The amount $438.84 is within the normal spending range.
1300,318.43,StoreB,NORMAL,The amount $318.43 is within the normal spending range.
5695,272.28,StoreA,NORMAL,The amount $272.28 is within the normal spending range.
5624,2138.05,StoreC,ANOMALY,The amount $2138.05 is 4.02 standard deviations above the mean.
4837,300.72,StoreC,NORMAL,The amount $300.72 is within the normal spending range.
1277,251.8,StoreA,NORMAL,The amount $251.8 is within the normal spending range.
4917,202.62,StoreB,NORMAL,The amount $202.62 is within the normal spending range.
8307,169.64,StoreB,NORMAL,The amount $169.64 is within the normal spending range.
3161,191.91,StoreB,NORMAL,The amount $191.91 is within the normal spending range.
2389,117.04,StoreC,NORMAL,The amount $117.04 is within the normal spending range.
9882,221.06,StoreB,NORMAL,The amount $221.06 is within the normal spending range.
5732,151.15,StoreB,NORMAL,The amount $151.15 is within the normal spending range.
4468,359.27,StoreA,NORMAL,The amount $359.27 is within the normal spending range.
7141,201.93,StoreB,NORMAL,The amount $201.93 is within the normal spending range.
6969,81.1,StoreB,NORMAL,The amount $81.1 is within the normal spending range.
4816,195.01,StoreB,NORMAL,The amount $195.01 is within the normal spending range.
6037,95.39,StoreA,NORMAL,The amount $95.39 is within the normal spending range.
6994,247.34,StoreA,NORMAL,The amount $247.34 is within the normal spending range.
3451,229.09,StoreB,NORMAL,The amount $229.09 is within the normal spending range.
1024,295.78,StoreC,NORMAL,The amount $295.78 is within the normal spending range.
6962,120.91,StoreC,NORMAL,The amount $120.91 is within the normal spending range.
3556,203.4,StoreA,NORMAL,The amount $203.4 is within the normal spending range.
8632,642.87,StoreB,NORMAL,The amount $642.87 is within the normal spending range.
1060,270.15,StoreC,NORMAL,The amount $270.15 is within the normal spending range.
8675,251.89,StoreB,NORMAL,The amount $251.89 is within the normal spending range.
1122,249.58,StoreA,NORMAL,The amount $249.58 is within the normal spending range.
6616,200.16,StoreC,NORMAL,The amount $200.16 is within the normal spending range.
2186,241.48,StoreA,NORMAL,The amount $241.48 is within the normal spending range.
6158,360.43,StoreB,NORMAL,The amount $360.43 is within the normal spending range.
8864,171.49,StoreA,NORMAL,The amount $171.49 is within the normal spending range.
5089,213.86,StoreA,NORMAL,The amount $213.86 is within the normal spending range.
3472,91.39,StoreA,NORMAL,The amount $91.39 is within the normal spending range.
8450,113.17,StoreA,NORMAL,The amount $113.17 is within the normal spending range.
3964,209.78,StoreC,NORMAL,The amount $209.78 is within the normal spending range.
9104,310.39,StoreB,NORMAL,The amount $310.39 is within the normal spending range.
2310,174.37,StoreC,NORMAL,The amount $174.37 is within the normal spending range.
9346,176.41,StoreB,NORMAL,The amount $176.41 is within the normal spending range.
3212,159.31,StoreB,NORMAL,The amount $159.31 is within the normal spending range.
7792,146.52,StoreB,NORMAL,The amount $146.52 is within the normal spending range.
9703,229.5,StoreB,NORMAL,The amount $229.5 is within the normal spending range.
9378,50.27,StoreB,NORMAL,The amount $50.27 is within the normal spending range.
2845,328.09,StoreC,NORMAL,The amount $328.09 is within the normal spending range.
8660,133.46,StoreB,NORMAL,The amount $133.46 is within the normal spending range.
2702,272.19,StoreA,NORMAL,The amount $272.19 is within the normal spending range.
1390,73.0,StoreC,NORMAL,The amount $73.0 is within the normal spending range.
1654,266.88,StoreC,NORMAL,The amount $266.88 is within the normal spending range.
6835,267.19,StoreB,NORMAL,The amount $267.19 is within the normal spending range.
5271,238.42,StoreA,NORMAL,The amount $238.42 is within the normal spending range.
9955,100.56,StoreA,NORMAL,The amount $100.56 is within the normal spending range.
4400,224.95,StoreB,NORMAL,The amount $224.95 is within the normal spending range.
6319,81.69,StoreB,NORMAL,The amount $81.69 is within the normal spending range.
7732,174.72,StoreA,NORMAL,The amount $174.72 is within the normal spending range.
7674,302.94,StoreC,NORMAL,The amount $302.94 is within the normal spending range.
2085,279.67,StoreC,NORMAL,The amount $279.67 is within the normal spending range.
6446,201.52,StoreB,NORMAL,The amount $201.52 is within the normal spending range.
5376,102.52,StoreC,NORMAL,The amount $102.52 is within the normal spending range.
2963,2678.47,StoreC,ANOMALY,The amount $2678.47 is 5.20 standard deviations above the mean.
6177,2044.48,StoreA,ANOMALY,The amount $2044.48 is 3.82 standard deviations above the mean.
5572,32.03,StoreC,NORMAL,The amount $32.03 is within the normal spending range.
8543,278.26,StoreA,NORMAL,The amount $278.26 is within the normal spending range.
9907,197.58,StoreB,NORMAL,The amount $197.58 is within the normal spending range.
1242,320.25,StoreB,NORMAL,The amount $320.25 is within the normal spending range.
7510,90.47,StoreA,NORMAL,The amount $90.47 is within the normal spending range.
4915,117.67,StoreA,NORMAL,The amount $117.67 is within the normal spending range.
1837,227.91,StoreB,NORMAL,The amount $227.91 is within the normal spending range.
4323,229.16,StoreA,NORMAL,The amount $229.16 is within the normal spending range.
3953,30.93,StoreB,NORMAL,The amount $30.93 is within the normal spending range.
2432,102.15,StoreB,NORMAL,The amount $102.15 is within the normal spending range.
7854,475.52,StoreB,NORMAL,The amount $475.52 is within the normal spending range.
8655,169.44,StoreB,NORMAL,The amount $169.44 is within the normal spending range.
9431,273.1,StoreB,NORMAL,The amount $273.1 is within the normal spending range.
9330,134.93,StoreB,NORMAL,The amount $134.93 is within the normal spending range.
9611,91.43,StoreC,NORMAL,The amount $91.43 is within the normal spending range.
1303,182.97,StoreC,NORMAL,The amount $182.97 is within the normal spending range.
3162,173.44,StoreB,NORMAL,The amount $173.44 is within the normal spending range.
7486,160.01,StoreC,NORMAL,The amount $160.01 is within the normal spending range.
5102,188.54,StoreA,NORMAL,The amount $188.54 is within the normal spending range.
7874,226.43,StoreA,NORMAL,The amount $226.43 is within the normal spending range.
2168,1872.87,StoreB,ANOMALY,The amount $1872.87 is 3.44 standard deviations above the mean.
1415,73.6,StoreC,NORMAL,The amount $73.6 is within the normal spending range.
6243,248.62,StoreA,NORMAL,The amount $248.62 is within the normal spending range.
1149,5.06,StoreA,NORMAL,The amount $5.06 is within the normal spending range.
7524,5.04,StoreA,NORMAL,The amount $5.04 is within the normal spending range.
6899,273.92,StoreA,NORMAL,The amount $273.92 is within the normal spending range.
1838,250.7,StoreC,NORMAL,The amount $250.7 is within the normal spending range.
7144,194.26,StoreA,NORMAL,The amount $194.26 is within the normal spending range.
8466,60.46,StoreA,NORMAL,The amount $60.46 is within the normal spending range.
2320,129.21,StoreA,NORMAL,The amount $129.21 is within the normal spending range.
2523,173.73,StoreB,NORMAL,The amount $173.73 is within the normal spending range.
6234,40.41,StoreA,NORMAL,The amount $40.41 is within the normal spending range.
7144,126.1,StoreA,NORMAL,The amount $126.1 is within the normal spending range.
1552,265.23,StoreC,NORMAL,The amount $265.23 is within the normal spending range.
4756,342.73,StoreA,NORMAL,The amount $342.73 is within the normal spending range.
4671,158.06,StoreA,NORMAL,The amount $158.06 is within the normal spending range.
1481,275.65,StoreA,NORMAL,The amount $275.65 is within the normal spending range.
1599,8.59,StoreB,NORMAL,The amount $8.59 is within the normal spending range.
8677,265.95,StoreC,NORMAL,The amount $265.95 is within the normal spending range.
2982,119.61,StoreC,NORMAL,The amount $119.61 is within the normal spending range.
2634,230.73,StoreB,NORMAL,The amount $230.73 is within the normal spending range.
8830,175.22,StoreB,NORMAL,The amount $175.22 is within the normal spending range.
3997,332.04,StoreC,NORMAL,The amount $332.04 is within the normal spending range.
1686,112.56,StoreA,NORMAL,The amount $112.56 is within the normal spending range.
6529,262.76,StoreC,NORMAL,The amount $262.76 is within the normal spending range.
2759,172.05,StoreB,NORMAL,The amount $172.05 is within the normal spending range.
8023,184.17,StoreA,NORMAL,The amount $184.17 is within the normal spending range.
7208,181.61,StoreC,NORMAL,The amount $181.61 is within the normal spending range.
8234,115.43,StoreA,NORMAL,The amount $115.43 is within the normal spending range.
3480,2010.58,StoreA,ANOMALY,The amount $2010.58 is 3.74 standard deviations above the mean.
8476,193.74,StoreB,NORMAL,The amount $193.74 is within the normal spending range.
8770,224.12,StoreC,NORMAL,The amount $224.12 is within the normal spending range.
1114,208.45,StoreB,NORMAL,The amount $208.45 is within the normal spending range.
1568,279.8,StoreC,NORMAL,The amount $279.8 is within the normal spending range.
8951,292.35,StoreC,NORMAL,The amount $292.35 is within the normal spending range.
3689,94.94,StoreA,NORMAL,The amount $94.94 is within the normal spending range.
5590,286.88,StoreA,NORMAL,The amount $286.88 is within the normal spending range.
4340,81.37,StoreA,NORMAL,The amount $81.37 is within the normal spending range.
3988,258.79,StoreB,NORMAL,The amount $258.79 is within the normal spending range.
4151,261.97,StoreA,NORMAL,The amount $261.97 is within the normal spending range.
4015,89.79,StoreB,NORMAL,The amount $89.79 is within the normal spending range.
7345,209.3,StoreA,NORMAL,The amount $209.3 is within the normal spending range.
4574,153.15,StoreB,NORMAL,The amount $153.15 is within the normal spending range.
8838,124.12,StoreC,NORMAL,The amount $124.12 is within the normal spending range.
2608,335.09,StoreB,NORMAL,The amount $335.09 is within the normal spending range.
1559,134.63,StoreB,NORMAL,The amount $134.63 is within the normal spending range.
7621,119.36,StoreB,NORMAL,The amount $119.36 is within the normal spending range.
8126,207.57,StoreC,NORMAL,The amount $207.57 is within the normal spending range.
6565,268.56,StoreB,NORMAL,The amount $268.56 is within the normal spending range.
5435,185.84,StoreC,NORMAL,The amount $185.84 is within the normal spending range.
6650,316.64,StoreA,NORMAL,The amount $316.64 is within the normal spending range.
9803,253.1,StoreA,NORMAL,The amount $253.1 is within the normal spending range.
2881,17.82,StoreC,NORMAL,The amount $17.82 is within the normal spending range.
5169,147.05,StoreB,NORMAL,The amount $147.05 is within the normal spending range.
4863,143.82,StoreA,NORMAL,The amount $143.82 is within the normal spending range.
8436,247.94,StoreB,NORMAL,The amount $247.94 is within the normal spending range.
4708,62.48,StoreB,NORMAL,The amount $62.48 is within the normal spending range.
2709,454.9,StoreC,NORMAL,The amount $454.9 is within the normal spending range.
8860,253.1,StoreA,NORMAL,The amount $253.1 is within the normal spending range.
2692,214.89,StoreC,NORMAL,The amount $214.89 is within the normal spending range.
1125,318.16,StoreC,NORMAL,The amount $318.16 is within the normal spending range.
2199,434.37,StoreC,NORMAL,The amount $434.37 is within the normal spending range.
7092,287.07,StoreC,NORMAL,The amount $287.07 is within the normal spending range.
3711,294.88,StoreB,NORMAL,The amount $294.88 is within the normal spending range.
7228,213.07,StoreA,NORMAL,The amount $213.07 is within the normal spending range.
6995,185.85,StoreA,NORMAL,The amount $185.85 is within the normal spending range.
9182,152.42,StoreA,NORMAL,The amount $152.42 is within the normal spending range.
6502,117.39,StoreB,NORMAL,The amount $117.39 is within the normal spending range.
6760,131.3,StoreB,NORMAL,The amount $131.3 is within the normal spending range.
6582,64.94,StoreC,NORMAL,The amount $64.94 is within the normal spending range.
3498,192.41,StoreC,NORMAL,The amount $192.41 is within the normal spending range.
3565,31.53,StoreC,NORMAL,The amount $31.53 is within the normal spending range.
7989,219.09,StoreC,NORMAL,The amount $219.09 is within the normal spending range.
5790,196.37,StoreA,NORMAL,The amount $196.37 is within the normal spending range.
6024,214.69,StoreC,NORMAL,The amount $214.69 is within the normal spending range.
9307,147.79,StoreB,NORMAL,The amount $147.79 is within the normal spending range.
2031,507.69,StoreB,NORMAL,The amount $507.69 is within the normal spending range.
2241,336.01,StoreB,NORMAL,The amount $336.01 is within the normal spending range.
2742,75.55,StoreC,NORMAL,The amount $75.55 is within the normal spending range.
6709,223.29,StoreA,NORMAL,The amount $223.29 is within the normal spending range.
6999,1409.29,StoreA,NORMAL,The amount $1409.29 is within the normal spending range.
5090,98.55,StoreC,NORMAL,The amount $98.55 is within the normal spending range.
9160,65.99,StoreC,NORMAL,The amount $65.99 is within the normal spending range.
7883,243.22,StoreB,NORMAL,The amount $243.22 is within the normal spending range.
6129,131.86,StoreB,NORMAL,The amount $131.86 is within the normal spending range.
5403,296.78,StoreA,NORMAL,The amount $296.78 is within the normal spending range.
7577,299.38,StoreB,NORMAL,The amount $299.38 is within the normal spending range.
5897,337.39,StoreB,NORMAL,The amount $337.39 is within the normal spending range.
1163,114.76,StoreC,NORMAL,The amount $114.76 is within the normal spending range.
4310,247.54,StoreA,NORMAL,The amount $247.54 is within the normal spending range.
4388,263.25,StoreC,NORMAL,The amount $263.25 is within the normal spending range.
1995,152.58,StoreA,NORMAL,The amount $152.58 is within the normal spending range.
7161,122.82,StoreC,NORMAL,The amount $122.82 is within the normal spending range.
2877,360.95,StoreA,NORMAL,The amount $360.95 is within the normal spending range.
9103,222.75,StoreB,NORMAL,The amount $222.75 is within the normal spending range.
4264,263.6,StoreA,NORMAL,The amount $263.6 is within the normal spending range.
2348,117.79,StoreA,NORMAL,The amount $117.79 is within the normal spending range.
3251,78.07,StoreC,NORMAL,The amount $78.07 is within the normal spending range.
8290,143.06,StoreA,NORMAL,The amount $143.06 is within the normal spending range.
9018,187.6,StoreA,NORMAL,The amount $187.6 is within the normal spending range.
7590,93.58,StoreA,NORMAL,The amount $93.58 is within the normal spending range.
8658,199.02,StoreC,NORMAL,The amount $199.02 is within the normal spending range.
1432,31.15,StoreA,NORMAL,The amount $31.15 is within the normal spending range.
6743,88.0,StoreC,NORMAL,The amount $88.0 is within the normal spending range.
6247,267.09,StoreB,NORMAL,The amount $267.09 is within the normal spending range.
8715,260.38,StoreC,NORMAL,The amount $260.38 is within the normal spending range.
4817,160.81,StoreA,NORMAL,The amount $160.81 is within the normal spending range.
2070,98.22,StoreB,NORMAL,The amount $98.22 is within the normal spending range.
5600,97.26,StoreA,NORMAL,The amount $97.26 is within the normal spending range.
9306,162.67,StoreC,NORMAL,The amount $162.67 is within the normal spending range.
1994,264.45,StoreB,NORMAL,The amount $264.45 is within the normal spending range.
5318,292.82,StoreB,NORMAL,The amount $292.82 is within the normal spending range.
5731,150.35,StoreB,NORMAL,The amount $150.35 is within the normal spending range.
7068,84.65,StoreA,NORMAL,The amount $84.65 is within the normal spending range.
8670,226.78,StoreB,NORMAL,The amount $226.78 is within the normal spending range.
5767,1191.09,StoreB,NORMAL,The amount $1191.09 is within the normal spending range.
1957,148.17,StoreB,NORMAL,The amount $148.17 is within the normal spending range.
9287,332.53,StoreB,NORMAL,The amount $332.53 is within the normal spending range.
3154,282.71,StoreC,NORMAL,The amount $282.71 is within the normal spending range.
1631,215.8,StoreA,NORMAL,The amount $215.8 is within the normal spending range.
7045,72.81,StoreA,NORMAL,The amount $72.81 is within the normal spending range.
1697,221.14,StoreB,NORMAL,The amount $221.14 is within the normal spending range.
1031,306.27,StoreC,NORMAL,The amount $306.27 is within the normal spending range.
7209,162.44,StoreB,NORMAL,The amount $162.44 is within the normal spending range.
5874,335.11,StoreA,NORMAL,The amount $335.11 is within the normal spending range.
6562,329.27,StoreA,NORMAL,The amount $329.27 is within the normal spending range.
9740,366.37,StoreA,NORMAL,The amount $366.37 is within the normal spending range.
3248,230.52,StoreB,NORMAL,The amount $230.52 is within the normal spending range.
7192,258.74,StoreB,NORMAL,The amount $258.74 is within the normal spending range.
7406,341.42,StoreC,NORMAL,The amount $341.42 is within the normal spending range.
2156,244.74,StoreC,NORMAL,The amount $244.74 is within the normal spending range.
9535,149.88,StoreA,NORMAL,The amount $149.88 is within the normal spending range.
6295,155.15,StoreA,NORMAL,The amount $155.15 is within the normal spending range.
7154,223.86,StoreC,NORMAL,The amount $223.86 is within the normal spending range.
3248,70.94,StoreA,NORMAL,The amount $70.94 is within the normal spending range.
4285,1879.82,StoreC,ANOMALY,The amount $1879.82 is 3.46 standard deviations above the mean.
3003,309.65,StoreB,NORMAL,The amount $309.65 is within the normal spending range.
4615,19.13,StoreA,NORMAL,The amount $19.13 is within the normal spending range.
4672,353.45,StoreA,NORMAL,The amount $353.45 is within the normal spending range.
8458,312.24,StoreC,NORMAL,The amount $312.24 is within the normal spending range.
3155,154.02,StoreB,NORMAL,The amount $154.02 is within the normal spending range.
4479,254.34,StoreA,NORMAL,The amount $254.34 is within the normal spending range.
1051,200.31,StoreA,NORMAL,The amount $200.31 is within the normal spending range.
3159,323.0,StoreC,NORMAL,The amount $323.0 is within the normal spending range.
5390,298.27,StoreB,NORMAL,The amount $298.27 is within the normal spending range.
4651,59.99,StoreC,NORMAL,The amount $59.99 is within the normal spending range.
8356,258.73,StoreB,NORMAL,The amount $258.73 is within the normal spending range.
3112,179.44,StoreB,NORMAL,The amount $179.44 is within the normal spending range.
6765,208.28,StoreC,NORMAL,The amount $208.28 is within the normal spending range.
2354,127.18,StoreC,NORMAL,The amount $127.18 is within the normal spending range.
6620,374.81,StoreB,NORMAL,The amount $374.81 is within the normal spending range.
4754,304.01,StoreC,NORMAL,The amount $304.01 is within the normal spending range.
1209,126.02,StoreA,NORMAL,The amount $126.02 is within the normal spending range.
7232,66.54,StoreA,NORMAL,The amount $66.54 is within the normal spending range.
8846,161.43,StoreA,NORMAL,The amount $161.43 is within the normal spending range.
7171,243.45,StoreA,NORMAL,The amount $243.45 is within the normal spending range.
1237,224.02,StoreA,NORMAL,The amount $224.02 is within the normal spending range.
9527,325.31,StoreC,NORMAL,The amount $325.31 is within the normal spending range.
9075,278.99,StoreB,NORMAL,The amount $278.99 is within the normal spending range.
2576,296.96,StoreC,NORMAL,The amount $296.96 is within the normal spending range.
9691,232.69,StoreA,NORMAL,The amount $232.69 is within the normal spending range.
9982,61.07,StoreA,NORMAL,The amount $61.07 is within the normal spending range.
4540,180.43,StoreC,NORMAL,The amount $180.43 is within the normal spending range.
8257,306.01,StoreC,NORMAL,The amount $306.01 is within the normal spending range.
1149,194.85,StoreB,NORMAL,The amount $194.85 is within the normal spending range.
2624,250.31,StoreA,NORMAL,The amount $250.31 is within the normal spending range.
8661,168.13,StoreC,NORMAL,The amount $168.13 is within the normal spending range.
3574,97.02,StoreB,NORMAL,The amount $97.02 is within the normal spending range.
5428,187.67,StoreA,NORMAL,The amount $187.67 is within the normal spending range.
8529,230.9,StoreA,NORMAL,The amount $230.9 is within the normal spending range.
5269,134.43,StoreA,NORMAL,The amount $134.43 is within the normal spending range.
8769,176.43,StoreC,NORMAL,The amount $176.43 is within the normal spending range.
3108,106.05,StoreA,NORMAL,The amount $106.05 is within the normal spending range.
4947,311.92,StoreA,NORMAL,The amount $311.92 is within the normal spending range.
8899,170.55,StoreB,NORMAL,The amount $170.55 is within the normal spending range.
5914,345.28,StoreC,NORMAL,The amount $345.28 is within the normal spending range.
7667,352.87,StoreB,NORMAL,The amount $352.87 is within the normal spending range.
3263,191.9,StoreC,NORMAL,The amount $191.9 is within the normal spending range.
4815,99.16,StoreA,NORMAL,The amount $99.16 is within the normal spending range.
1577,8.59,StoreB,NORMAL,The amount $8.59 is within the normal spending range.
1422,52.8,StoreC,NORMAL,The amount $52.8 is within the normal spending range.
3763,62.62,StoreC,NORMAL,The amount $62.62 is within the normal spending range.
2229,337.85,StoreA,NORMAL,The amount $337.85 is within the normal spending range.
4176,211.58,StoreA,NORMAL,The amount $211.58 is within the normal spending range.
9945,238.96,StoreB,NORMAL,The amount $238.96 is within the normal spending range.
1687,22.04,StoreB,NORMAL,The amount $22.04 is within the normal spending range.
1722,80.2,StoreC,NORMAL,The amount $80.2 is within the normal spending range.
1746,288.71,StoreB,NORMAL,The amount $288.71 is within the normal spending range.
5337,228.68,StoreA,NORMAL,The amount $228.68 is within the normal spending range.
3712,185.28,StoreB,NORMAL,The amount $185.28 is within the normal spending range.
1707,256.48,StoreB,NORMAL,The amount $256.48 is within the normal spending range.
9626,363.58,StoreC,NORMAL,The amount $363.58 is within the normal spending range.
1483,177.9,StoreA,NORMAL,The amount $177.9 is within the normal spending range.
2533,2095.09,StoreC,ANOMALY,The amount $2095.09 is 3.93 standard deviations above the mean.
1169,219.26,StoreA,NORMAL,The amount $219.26 is within the normal spending range.
2020,439.21,StoreA,NORMAL,The amount $439.21 is within the normal spending range.
8093,9.94,StoreC,NORMAL,The amount $9.94 is within the normal spending range.
7466,268.32,StoreB,NORMAL,The amount $268.32 is within the normal spending range.
1847,188.52,StoreC,NORMAL,The amount $188.52 is within the normal spending range.
9887,256.68,StoreB,NORMAL,The amount $256.68 is within the normal spending range.
4346,134.26,StoreC,NORMAL,The amount $134.26 is within the normal spending range.
5013,195.1,StoreC,NORMAL,The amount $195.1 is within the normal spending range.
9078,271.14,StoreB,NORMAL,The amount $271.14 is within the normal spending range.
1031,511.29,StoreB,NORMAL,The amount $511.29 is within the normal spending range.
9368,280.8,StoreB,NORMAL,The amount $280.8 is within the normal spending range.
8877,115.19,StoreC,NORMAL,The amount $115.19 is within the normal spending range.
